rep,year,value
1,2005,8.765321167186144
2,2005,2.026375680158452
3,2005,6.782709625355579
4,2005,13.254001011956746
5,2005,4.462605853772416
6,2005,8.089308352632202
7,2005,3.522486361826182
8,2005,11.543132831385876
9,2005,2.8885753184681846
10,2005,12.030249552472796
11,2005,6.535799943940987
12,2005,4.5843104544909465
13,2005,5.163965776289416
14,2005,2.005466622067729
15,2005,7.629123218623974
16,2005,2.0402999572248746
17,2005,2.256170076908546
18,2005,4.384887240827965
19,2005,1.926630236350647
20,2005,8.462387965772763
21,2005,3.3489412227041413
22,2005,5.208329542642915
23,2005,10.046447447477732
24,2005,6.788321043751452
25,2005,11.852730336217732
26,2005,4.459729287524937
27,2005,3.5936545483695
28,2005,7.017546558581898
29,2005,9.545987996039344
30,2005,8.116960083315064
31,2005,4.862124272285257
32,2005,6.886629973200911
33,2005,3.2458593945102336
34,2005,9.44056402498569
35,2005,3.7326026405982446
36,2005,5.090618720591863
37,2005,7.042297453333134
38,2005,5.880786392175892
39,2005,3.1407302122687497
40,2005,12.060610913257477
41,2005,2.839928678289084
42,2005,9.10698593252991
43,2005,4.683308405318797
44,2005,8.016949011010098
45,2005,2.3180414361627015
46,2005,10.353703130258069
47,2005,-0.5197510483572785
48,2005,11.823723570798279
49,2005,5.283637853102206
50,2005,7.121791977447387
51,2005,-0.7830908384447497
52,2005,7.959793135928038
53,2005,3.3256525769933205
54,2005,6.872102380629229
55,2005,3.6951992095793145
56,2005,5.947748503888334
57,2005,2.262375418148636
58,2005,5.25655155861881
59,2005,6.820151491337725
60,2005,3.1772293445175137
61,2005,8.170406845586811
62,2005,6.078073058105787
63,2005,5.385907769016811
64,2005,9.164063145246487
65,2005,5.528836500381701
66,2005,5.386999129367595
67,2005,11.415296522425862
68,2005,6.934268230322743
69,2005,8.499590423549805
70,2005,3.2382122674779907
71,2005,5.6362798500633176
72,2005,4.990562050009913
73,2005,7.450203340815477
74,2005,9.321188176523748
75,2005,4.999022902989751
76,2005,7.148419215509421
77,2005,6.649373349211714
78,2005,2.2936123654093166
79,2005,5.8546797088736895
80,2005,5.368722232985888
81,2005,5.145481346375689
82,2005,4.135350836413764
83,2005,8.351779878513497
84,2005,12.78520480964741
85,2005,11.850711356896028
86,2005,8.476370298148652
87,2005,5.029342544680702
88,2005,3.4969437295324894
89,2005,4.479326903562608
90,2005,4.67201411062949
91,2005,5.77714937622838
92,2005,7.45414662788167
93,2005,10.915288144204439
94,2005,5.587568603386586
95,2005,6.396065390471435
96,2005,6.853919125130517
97,2005,7.669972946467567
98,2005,9.050170641274974
99,2005,7.987113283376871
100,2005,2.306281211183915
101,2005,5.233807432807161
102,2005,3.4601705748297036
103,2005,3.9962469562906904
104,2005,8.258652872212494
105,2005,6.435035735647659
106,2005,11.974793965077993
107,2005,7.396467920890629
108,2005,11.739255595881232
109,2005,2.6813613026934604
110,2005,1.9239666921048766
111,2005,5.3509691718101635
112,2005,5.337782379529202
113,2005,6.441313811106625
114,2005,4.022754113379534
115,2005,7.863607735053677
116,2005,-0.2791121885064598
117,2005,9.227308525701574
118,2005,7.163974405732077
119,2005,4.66975132045053
120,2005,3.623059236523403
121,2005,9.694372475949407
122,2005,3.598797277189675
123,2005,7.572943869760564
124,2005,1.5450064238815457
125,2005,7.580610412988619
126,2005,2.630552288089646
127,2005,7.986523106288985
128,2005,5.223062644931716
129,2005,7.814488327592841
130,2005,13.179323874941204
131,2005,10.80241096035897
132,2005,4.669852354801478
133,2005,2.2836661770775635
134,2005,5.516251068211361
135,2005,1.844985064868709
136,2005,4.693594114505913
137,2005,9.881181543848243
138,2005,9.183807349085825
139,2005,4.2311429667560105
140,2005,12.51045111367381
141,2005,7.692225917669958
142,2005,2.872087449694561
143,2005,4.869791535177072
144,2005,2.4590679346381563
145,2005,7.1447124246421225
146,2005,4.8826139548437055
147,2005,11.093159072427355
148,2005,5.874465805507256
149,2005,5.226935337471417
150,2005,6.846229659003356
151,2005,7.89926702998801
152,2005,6.756897635020792
153,2005,9.497069877143431
154,2005,5.2947669389575935
155,2005,5.093797134855365
156,2005,10.335542769891703
157,2005,5.202367054794621
158,2005,2.668727464759897
159,2005,7.771064213934778
160,2005,2.6010766171892783
161,2005,1.9863011560908035
162,2005,5.482860173862733
163,2005,8.657271152568072
164,2005,0.9874866379008438
165,2005,0.5242221914003835
166,2005,1.935586272449342
167,2005,10.792981487802479
168,2005,11.180750805797288
169,2005,9.306341799918755
170,2005,9.752554197905752
171,2005,5.424710116696033
172,2005,11.115638021248785
173,2005,4.332146809250716
174,2005,5.927540026141372
175,2005,4.833073914912859
176,2005,8.949113584572501
177,2005,3.6374839958326817
178,2005,9.575432858578395
179,2005,9.575653082524127
180,2005,-3.06550120943038
181,2005,6.328170520342098
182,2005,2.0020258103728423
183,2005,0.2535885221363543
184,2005,4.841460684852905
185,2005,10.526205191008415
186,2005,4.0639478386805905
187,2005,6.312668470038858
188,2005,3.8716220020730248
189,2005,7.159395251449823
190,2005,6.850192579903904
191,2005,4.310653617478977
192,2005,9.259277965958916
193,2005,-1.5112250554660989
194,2005,6.235207431411354
195,2005,6.719699915580037
196,2005,5.483168328116577
197,2005,2.7491992283877096
198,2005,8.084085704902606
199,2005,4.215620926058989
200,2005,0.7298572042766693
201,2005,3.743284105163397
202,2005,5.774398256461907
203,2005,8.450547503345646
204,2005,8.714830462537805
205,2005,4.940630876624169
206,2005,8.255497724086581
207,2005,5.6580894633373475
208,2005,-0.08977706749243453
209,2005,6.8653916222706926
210,2005,5.568919309571413
211,2005,3.4834715633404016
212,2005,0.7366482985668767
213,2005,8.759110107165839
214,2005,-0.06688691707410044
215,2005,2.6726310577386556
216,2005,2.7728091746734123
217,2005,5.341606083516922
218,2005,8.761501102716096
219,2005,5.191870358484408
220,2005,4.02786518646603
221,2005,2.1065771996576075
222,2005,4.843670403897903
223,2005,8.028715851770329
224,2005,3.794353843826258
225,2005,6.5361957548782925
226,2005,8.877013585043471
227,2005,6.321276060798709
228,2005,7.791328273266785
229,2005,3.433362252399732
230,2005,11.542077473301717
231,2005,1.889809362150345
232,2005,6.017636787375295
233,2005,6.09462136674145
234,2005,3.493536735754546
235,2005,6.504477634800367
236,2005,8.897985851334056
237,2005,4.4758047605183435
238,2005,6.665585758644951
239,2005,5.630423108931154
240,2005,5.525504989037302
241,2005,8.325489981628081
242,2005,5.286922155448167
243,2005,5.602878355116502
244,2005,5.7713851153853
245,2005,2.9114759074190317
246,2005,4.403960768712466
247,2005,6.106979680210614
248,2005,6.575125940593352
249,2005,6.613020641893343
250,2005,9.234380851039134
251,2005,4.472940530965744
252,2005,2.6435039409082606
253,2005,10.063466269777734
254,2005,7.802491479251444
255,2005,5.823774410435462
256,2005,7.614650488359246
257,2005,-0.9130598140221053
258,2005,3.247181884172413
259,2005,3.306547743380449
260,2005,0.5985489751420658
261,2005,3.2922506954333244
262,2005,3.8144245058703206
263,2005,7.791528800038506
264,2005,1.0857121872911364
265,2005,11.81551076839763
266,2005,10.980829326790584
267,2005,4.301843774356897
268,2005,6.839875225142649
269,2005,2.688623268003667
270,2005,4.210002828528786
271,2005,5.5278874681778944
272,2005,2.039240821920373
273,2005,4.522911578091538
274,2005,7.781866069598223
275,2005,6.911920343111419
276,2005,7.161890784076306
277,2005,5.700751374337287
278,2005,4.602817888676412
279,2005,-1.287591468128511
280,2005,5.482503578537873
281,2005,6.360443874053459
282,2005,9.4715461340557
283,2005,7.863126938691337
284,2005,4.147927043959413
285,2005,6.113453227374777
286,2005,5.0060301054834895
287,2005,3.036514709598933
288,2005,6.726747737617288
289,2005,10.494601181928829
290,2005,6.927865179410119
291,2005,2.5333463485052334
292,2005,-0.35180902383024204
293,2005,6.405478698433285
294,2005,4.993466766342223
295,2005,4.512262187795002
296,2005,6.71066126246177
297,2005,3.9835407802665372
298,2005,8.833182319640969
299,2005,8.351303075016304
300,2005,3.450139476538709
301,2005,7.669862779612174
302,2005,-0.7065163427356396
303,2005,5.43355578253076
304,2005,4.834543938318191
305,2005,1.8135603396634536
306,2005,1.9444258866069646
307,2005,5.434636947294109
308,2005,6.560209309769334
309,2005,7.801709668599585
310,2005,2.878917775627002
311,2005,3.2277475724566784
312,2005,7.78271445162288
313,2005,9.15603615446365
314,2005,5.4221855036945215
315,2005,3.8909899340873437
316,2005,5.166394448113152
317,2005,-1.8757491346009658
318,2005,3.0172373004581345
319,2005,9.235166486650073
320,2005,11.914731279031116
321,2005,5.283368257601609
322,2005,7.084813274041338
323,2005,4.270605771937738
324,2005,5.008322548448149
325,2005,3.600627599439619
326,2005,6.1250693217471195
327,2005,4.0966254808103315
328,2005,9.515405990920442
329,2005,7.802822683146985
330,2005,5.321561153219292
331,2005,7.686996293054776
332,2005,5.719349805636853
333,2005,10.140048017216742
334,2005,10.77689774979136
335,2005,6.315035400248533
336,2005,2.9564373903399996
337,2005,2.052662552140802
338,2005,8.91163052492783
339,2005,9.499192907656138
340,2005,10.485783075135942
341,2005,1.3478288181517257
342,2005,6.966839709134533
343,2005,10.024082942747128
344,2005,5.535421427652636
345,2005,3.067208697204009
346,2005,2.317849553575982
347,2005,2.429733444950699
348,2005,8.760834675209324
349,2005,7.901915042941255
350,2005,1.9337606492762518
351,2005,11.591306886921473
352,2005,7.499594175899759
353,2005,5.821959631660221
354,2005,7.21115520948176
355,2005,5.180363514158884
356,2005,11.067933965985333
357,2005,11.266137093045629
358,2005,7.661366867132784
359,2005,7.91209018048464
360,2005,10.285032279177628
361,2005,8.58194501290643
362,2005,5.523975466383334
363,2005,5.1031830956981
364,2005,3.2313376032879972
365,2005,4.7193408330808495
366,2005,12.753607778743032
367,2005,4.754304406668794
368,2005,12.463566519811081
369,2005,6.514805034501563
370,2005,6.169170899131913
371,2005,-0.7623364473644472
372,2005,3.3533565816050555
373,2005,3.800831607313853
374,2005,10.167875334794388
375,2005,6.768144673255335
376,2005,4.893819306716921
377,2005,6.416572793513183
378,2005,8.150480860220384
379,2005,8.156145767573989
380,2005,5.1184433772579325
381,2005,8.759090471156298
382,2005,5.370259099853641
383,2005,4.436849042040905
384,2005,2.3931746342757236
385,2005,5.516193846421629
386,2005,7.1222307055376035
387,2005,2.991735421014482
388,2005,8.440229254301741
389,2005,9.400332046286877
390,2005,2.8190022268813664
391,2005,3.24910726878106
392,2005,2.7175179412907653
393,2005,2.304811450437711
394,2005,7.942972030577266
395,2005,2.8578760494079205
396,2005,7.384371931851561
397,2005,3.6861799008470655
398,2005,6.701304502144012
399,2005,4.0885131907540995
400,2005,6.586020769937633
401,2005,13.049146857278089
402,2005,6.106937705981963
403,2005,9.768799719783743
404,2005,9.000960341825873
405,2005,13.914380401152101
406,2005,4.6798003478281345
407,2005,5.950908455517748
408,2005,8.029580590698245
409,2005,8.25562922314353
410,2005,4.005450100691192
411,2005,1.9781180138699597
412,2005,9.656770628126097
413,2005,9.984020620547852
414,2005,3.426598091157345
415,2005,8.737359734837156
416,2005,1.5094291744701707
417,2005,7.636084384995243
418,2005,8.632923514760648
419,2005,8.452785418117799
420,2005,10.374171182133267
421,2005,4.354984617735866
422,2005,7.263082411288067
423,2005,5.42958382152564
424,2005,2.3089764176782808
425,2005,4.102651645159824
426,2005,4.897802341019599
427,2005,3.441901839661398
428,2005,6.903441942252357
429,2005,8.818246427172468
430,2005,4.903204316274611
431,2005,1.8820255481342656
432,2005,5.950057414586411
433,2005,7.994940028648045
434,2005,10.819853029086772
435,2005,6.74827471319756
436,2005,4.348264006632334
437,2005,5.017837702805025
438,2005,8.935790750441484
439,2005,5.804892428363289
440,2005,4.9371934271703
441,2005,4.280956103591251
442,2005,12.8605653484029
443,2005,6.7717385040938325
444,2005,6.515581094092255
445,2005,3.6891275378449535
446,2005,4.25841916045573
447,2005,9.69961308263936
448,2005,5.214302127526281
449,2005,7.0443049658590695
450,2005,5.832977574865211
451,2005,8.031320923335898
452,2005,4.808568745993995
453,2005,10.196188265880323
454,2005,4.836581738221454
455,2005,0.1977106792562182
456,2005,3.595640472817351
457,2005,5.441598082263269
458,2005,5.487132277690463
459,2005,7.008198937055738
460,2005,7.399097819015481
461,2005,0.34946602675078964
462,2005,0.09798005637948393
463,2005,2.263425725161426
464,2005,9.920365654925703
465,2005,5.166842423798286
466,2005,7.161541228230902
467,2005,4.891559285592535
468,2005,6.40004465790183
469,2005,8.090441056761179
470,2005,12.658014259883487
471,2005,3.666022426346231
472,2005,7.031874138384126
473,2005,7.85945631849836
474,2005,9.99849526368547
475,2005,7.636395483065513
476,2005,7.429101533228021
477,2005,7.379846158529517
478,2005,8.721684153204706
479,2005,2.0395811316685126
480,2005,9.265573065658174
481,2005,6.2022058138954606
482,2005,8.675843371669572
483,2005,5.500179676777293
484,2005,7.197678433465455
485,2005,2.6152120538961725
486,2005,7.953585432967188
487,2005,1.005658164394987
488,2005,3.267816254825405
489,2005,12.008856275451222
490,2005,4.871946270230353
491,2005,5.704648622284935
492,2005,6.724443177606503
493,2005,5.530478382484645
494,2005,5.733973403041702
495,2005,3.963030455134117
496,2005,7.854521636013942
497,2005,3.4937648477897767
498,2005,8.471987950652931
499,2005,8.6885574852257
500,2005,8.835471198091867
1,2006,6.899258962487167
2,2006,4.48480649486541
3,2006,4.215590171866282
4,2006,11.750850248276905
5,2006,5.734525179955909
6,2006,7.438436256435068
7,2006,3.32136669537897
8,2006,7.232674516811841
9,2006,3.913261871198486
10,2006,9.698177812162712
11,2006,5.408505622397897
12,2006,2.5458740455926545
13,2006,3.936782850441432
14,2006,2.06546153737537
15,2006,8.802365531091368
16,2006,6.927715521958461
17,2006,3.84001796572565
18,2006,6.06724936631457
19,2006,2.7445245580154705
20,2006,8.698209825432002
21,2006,5.256649031865294
22,2006,3.699066298905464
23,2006,9.033260215305802
24,2006,8.27278350828442
25,2006,9.373277615314677
26,2006,5.033643772529814
27,2006,2.652227080983039
28,2006,7.931359576392509
29,2006,8.271937981513886
30,2006,9.695058694781451
31,2006,6.914397770419157
32,2006,6.063770465028597
33,2006,4.428582961714909
34,2006,10.212510478388026
35,2006,6.797613480040312
36,2006,9.355676631148583
37,2006,7.965904061720835
38,2006,5.2561695709962635
39,2006,5.242967220728758
40,2006,8.522784630572431
41,2006,4.2839122637761875
42,2006,7.22655326065518
43,2006,8.713931565667082
44,2006,8.059866419121008
45,2006,4.4694844684651684
46,2006,6.309287094411644
47,2006,0.899418451648998
48,2006,9.62090190604107
49,2006,5.567191156284039
50,2006,6.351865724956184
51,2006,4.735902600758678
52,2006,5.697204914405944
53,2006,5.49428687482532
54,2006,7.134845914315164
55,2006,5.44285482366881
56,2006,7.264032308294105
57,2006,3.119940996068351
58,2006,5.508828198010093
59,2006,6.831353185956772
60,2006,4.083423931739446
61,2006,9.009638438635761
62,2006,6.606003924033985
63,2006,5.914941217423646
64,2006,8.2302885590154915
65,2006,5.562985039491423
66,2006,7.790626212863913
67,2006,10.45538201344587
68,2006,6.526469051808931
69,2006,6.948400723466406
70,2006,3.738433570555756
71,2006,5.776420400030361
72,2006,2.888584974606573
73,2006,8.957219481267117
74,2006,7.8213619327688235
75,2006,7.118259645273284
76,2006,9.205374028374578
77,2006,7.848788295104015
78,2006,4.08981626969252
79,2006,4.085050192576574
80,2006,5.324196990229055
81,2006,5.7440281372305435
82,2006,6.282192585822898
83,2006,6.938456302759818
84,2006,12.469306884287363
85,2006,10.486161830272096
86,2006,10.104837336049854
87,2006,6.645499053086866
88,2006,4.35570565991398
89,2006,7.248370156070948
90,2006,3.858050249573907
91,2006,5.9994483720051335
92,2006,6.313023744234528
93,2006,9.48092592486553
94,2006,6.834263844114105
95,2006,5.4453191400508985
96,2006,6.393513484780158
97,2006,8.593225067946094
98,2006,11.066860406031864
99,2006,8.839321464954665
100,2006,3.351070716011634
101,2006,2.7077194591583833
102,2006,4.333399005032405
103,2006,7.070956175698797
104,2006,7.317220888862536
105,2006,5.135622643892233
106,2006,7.978997560989825
107,2006,7.507704914140078
108,2006,10.111952165565768
109,2006,5.746912349075345
110,2006,3.558184942776947
111,2006,5.457109372634704
112,2006,6.080217539712024
113,2006,6.280460987514687
114,2006,5.904886566305123
115,2006,9.584414229755708
116,2006,6.696248604170094
117,2006,9.083200900817388
118,2006,8.764683216005182
119,2006,4.3678782543320835
120,2006,9.312542069702786
121,2006,8.975907401797102
122,2006,4.217008636111103
123,2006,7.898119024292868
124,2006,2.2802681532821083
125,2006,6.143404213964374
126,2006,5.258789512457923
127,2006,5.181347477879939
128,2006,6.907800934608559
129,2006,7.239923101448824
130,2006,16.981417029182268
131,2006,8.096474793183035
132,2006,5.363045087028624
133,2006,5.3922834348872755
134,2006,5.635370810918559
135,2006,4.358219189809262
136,2006,5.729608885128371
137,2006,9.078637643641969
138,2006,7.7349623534786645
139,2006,5.734626677380021
140,2006,10.415630337702652
141,2006,6.685897080807621
142,2006,2.5443241739849185
143,2006,4.203903968991128
144,2006,4.865250236536795
145,2006,9.11010767685707
146,2006,3.988013188048157
147,2006,9.371090788275865
148,2006,5.585279795615165
149,2006,5.662262659988244
150,2006,8.152877188067166
151,2006,7.12690073206484
152,2006,6.377990625492245
153,2006,8.965913701993145
154,2006,4.989224815185921
155,2006,6.436116327967923
156,2006,9.817149989989161
157,2006,7.505360531172727
158,2006,4.531079590538923
159,2006,8.540681151963298
160,2006,6.668594950676592
161,2006,4.751571005018462
162,2006,8.008002025851425
163,2006,9.247585373962409
164,2006,3.6297362623092653
165,2006,0.9765803405069988
166,2006,4.782360762765734
167,2006,9.169498666249865
168,2006,8.217384549310822
169,2006,7.5174594137439215
170,2006,8.899139825914062
171,2006,4.132064492198268
172,2006,7.803180262241824
173,2006,4.696072104664609
174,2006,6.3650749919315786
175,2006,4.8366712699806556
176,2006,7.253731545179022
177,2006,5.01467943462481
178,2006,7.6800817194388316
179,2006,8.80186274868251
180,2006,3.1587617151309644
181,2006,7.372168415513286
182,2006,3.645505889820285
183,2006,7.582740205985274
184,2006,4.634422229533783
185,2006,7.323682009086724
186,2006,6.921625525053145
187,2006,5.575262325472181
188,2006,6.853143669426416
189,2006,6.92333991659882
190,2006,7.775312994959933
191,2006,5.786534127150659
192,2006,7.85152719777949
193,2006,5.826901991518724
194,2006,6.956970031555699
195,2006,5.403966845607869
196,2006,6.711049382979255
197,2006,2.8142069785927504
198,2006,10.12670261271208
199,2006,6.276908991759441
200,2006,7.141474602574391
201,2006,5.012272767758816
202,2006,4.5719529154624325
203,2006,9.633069253186235
204,2006,7.822926067087522
205,2006,6.369767434969646
206,2006,8.328166539943936
207,2006,6.813688025302696
208,2006,0.09369978543540469
209,2006,5.193879536259999
210,2006,8.05548875819153
211,2006,6.05585479058999
212,2006,3.0382407562882037
213,2006,9.61060326071896
214,2006,2.7171545792004395
215,2006,4.065779182182965
216,2006,5.38232461478249
217,2006,7.481463623678437
218,2006,7.799264953420121
219,2006,7.634096958541662
220,2006,4.106454356274199
221,2006,4.5782469202006695
222,2006,5.96239939326415
223,2006,9.938083603348488
224,2006,8.095223368038518
225,2006,10.899593108921039
226,2006,9.039243160228978
227,2006,7.027396577972382
228,2006,9.114088178302595
229,2006,7.221778493020153
230,2006,9.622219213559376
231,2006,6.139040358381138
232,2006,7.95915464105164
233,2006,7.0815653285182805
234,2006,5.596169081908215
235,2006,6.849816274317931
236,2006,6.87756994145785
237,2006,5.485950358739501
238,2006,3.9876240047284313
239,2006,6.240331535354528
240,2006,7.090043616804735
241,2006,8.699584056161385
242,2006,4.933820824655896
243,2006,7.961993654738961
244,2006,4.973338371713282
245,2006,7.542002588202308
246,2006,6.414690089109641
247,2006,8.223211347765186
248,2006,8.350032249416586
249,2006,7.354755350869624
250,2006,5.728085254528679
251,2006,5.156710861697775
252,2006,4.445682492690921
253,2006,7.558266275859353
254,2006,8.327925052219996
255,2006,5.92855974381709
256,2006,5.081535632415978
257,2006,3.616968083902364
258,2006,4.754410942555246
259,2006,3.6164471663104365
260,2006,2.9371730293390357
261,2006,4.48366011475585
262,2006,4.785358916176506
263,2006,5.383791900927122
264,2006,2.2522437868048115
265,2006,9.849562402523901
266,2006,9.1491270197766
267,2006,6.80440552727994
268,2006,8.079652645150247
269,2006,3.576590733871342
270,2006,5.261135095034646
271,2006,8.815900457030367
272,2006,6.298695230855259
273,2006,3.4208462076843205
274,2006,11.232784637517753
275,2006,7.297193334759854
276,2006,8.223222783690005
277,2006,4.667917343604117
278,2006,6.11444585306657
279,2006,1.054863684725433
280,2006,8.161373579748897
281,2006,6.813073408787801
282,2006,8.404174239592038
283,2006,6.738026185285236
284,2006,5.452560844451426
285,2006,3.987195027103496
286,2006,11.75599392612392
287,2006,4.150519109930244
288,2006,6.49255184004673
289,2006,7.881826795598187
290,2006,7.154559702050918
291,2006,1.6530941478857102
292,2006,1.901438427654682
293,2006,8.701931035086972
294,2006,5.699578231150042
295,2006,5.017153718799236
296,2006,6.967801234170224
297,2006,4.406240533915323
298,2006,7.553651398267334
299,2006,9.05317495641755
300,2006,5.003449385258321
301,2006,6.662639427164024
302,2006,4.5986781028772725
303,2006,7.145687041726717
304,2006,4.31157610117144
305,2006,5.0091602272786275
306,2006,5.400992683497805
307,2006,4.773455863614984
308,2006,5.318330162565488
309,2006,9.331463194757447
310,2006,5.036671449885546
311,2006,8.07979596599688
312,2006,9.43459603436277
313,2006,10.821023488239447
314,2006,5.96650221196569
315,2006,8.307473941282495
316,2006,8.607594199757415
317,2006,4.75306345149022
318,2006,5.859083528168924
319,2006,7.145901162942451
320,2006,6.793358154558064
321,2006,6.509820040017843
322,2006,7.196119045859064
323,2006,8.918312649884427
324,2006,7.188283418491707
325,2006,4.899483618497229
326,2006,8.29652528024998
327,2006,3.7934490534180156
328,2006,7.915988913386855
329,2006,6.627316668071572
330,2006,5.589419685959243
331,2006,8.785627339723007
332,2006,7.397244745668928
333,2006,9.479011130249972
334,2006,8.568272721855223
335,2006,4.650183308674812
336,2006,3.5819774406344607
337,2006,3.6469248181465446
338,2006,9.570729873345499
339,2006,8.143810158430796
340,2006,12.06008721358549
341,2006,5.14363286783184
342,2006,5.029280120033974
343,2006,9.285100136618084
344,2006,5.91823710732109
345,2006,4.3739232885042725
346,2006,5.987103753879197
347,2006,5.476811040723717
348,2006,9.038203981962752
349,2006,6.237693659549819
350,2006,3.803592435842532
351,2006,12.269895355673071
352,2006,9.09540100550771
353,2006,6.897899202630626
354,2006,6.829284246597055
355,2006,6.003766873782183
356,2006,9.655222408221476
357,2006,9.392580512569992
358,2006,6.456791699190774
359,2006,7.215655063206
360,2006,9.870409596248194
361,2006,8.57463548058169
362,2006,5.61637543018395
363,2006,6.893213645865188
364,2006,1.7495266538468854
365,2006,6.21897947390957
366,2006,9.215436739980817
367,2006,7.240729782436276
368,2006,12.275392777454996
369,2006,7.249102369325428
370,2006,6.319362167368524
371,2006,0.6756331540279064
372,2006,3.5384056248269644
373,2006,4.710491023231455
374,2006,7.705867822874225
375,2006,5.681997836596253
376,2006,4.3298837716012315
377,2006,8.172323397384616
378,2006,4.891645295884899
379,2006,5.53286851584825
380,2006,7.170451484341157
381,2006,7.514746784193093
382,2006,8.55802786789684
383,2006,7.240267161011573
384,2006,2.557923908470414
385,2006,9.544407095625843
386,2006,6.731908208274604
387,2006,3.173192309431883
388,2006,10.955418384344512
389,2006,7.087274209108898
390,2006,7.334141392914532
391,2006,4.743683045296308
392,2006,6.259982648907965
393,2006,4.8411765078451765
394,2006,7.097271360679343
395,2006,4.869078702196802
396,2006,6.640888300314657
397,2006,6.904269840992782
398,2006,9.335569392291347
399,2006,6.535624374639156
400,2006,5.0930235893788165
401,2006,9.172768417834476
402,2006,6.343252630966319
403,2006,7.447042901721119
404,2006,9.015204871725246
405,2006,12.136065756576343
406,2006,5.598833817696132
407,2006,6.9858070258488
408,2006,6.339399433199716
409,2006,6.304188123492509
410,2006,4.218569452372861
411,2006,4.850208185360188
412,2006,9.22100187951473
413,2006,8.826609589333245
414,2006,4.32325855427743
415,2006,6.011653499319706
416,2006,4.088455271230259
417,2006,9.608069256957734
418,2006,7.6716904141873385
419,2006,9.496427533057187
420,2006,9.424967420434399
421,2006,6.795735995138898
422,2006,6.519888437649357
423,2006,5.271436782978242
424,2006,4.355282662566083
425,2006,6.941376945745375
426,2006,3.7084312704996876
427,2006,8.927045358121035
428,2006,9.03191932335173
429,2006,7.17360258007507
430,2006,3.627053781744138
431,2006,3.180607760696361
432,2006,5.672468015845368
433,2006,8.241563873143662
434,2006,9.297512500595374
435,2006,7.621215569880377
436,2006,7.540912665777981
437,2006,6.6071376784841505
438,2006,12.449197864242336
439,2006,5.300360720452588
440,2006,4.270787429056384
441,2006,4.082045017222285
442,2006,13.356997525083926
443,2006,5.90545265065353
444,2006,6.865531142218174
445,2006,6.398841555915226
446,2006,10.298133136441479
447,2006,10.704942229600988
448,2006,6.09082965877387
449,2006,7.093839868468038
450,2006,9.59230590263536
451,2006,6.972388459059914
452,2006,5.228036754996879
453,2006,10.08358205977055
454,2006,3.7578016053890195
455,2006,4.7865877516628785
456,2006,3.8809622323005613
457,2006,5.027913228338306
458,2006,7.922878191057137
459,2006,7.5713507552464705
460,2006,7.767887457295146
461,2006,1.9390536905709865
462,2006,3.3135182910290837
463,2006,6.431121856594885
464,2006,8.056533782651655
465,2006,6.00035730724305
466,2006,8.55794511398247
467,2006,7.932622715815725
468,2006,6.763742671377599
469,2006,7.067396500511066
470,2006,11.845915772834928
471,2006,4.377161548958512
472,2006,7.684146972923713
473,2006,7.358684534709255
474,2006,7.899007356971907
475,2006,7.567664848132964
476,2006,11.31791531061208
477,2006,5.016713164909078
478,2006,7.090532125044447
479,2006,3.2623281690183887
480,2006,6.064300243410372
481,2006,8.545909509982664
482,2006,10.462558423306405
483,2006,7.425119840291387
484,2006,6.382257601854036
485,2006,5.098321698056097
486,2006,9.82473020888844
487,2006,3.0876988508126004
488,2006,2.6572383564178637
489,2006,9.183611990344204
490,2006,4.26481180007562
491,2006,7.126436085074545
492,2006,8.313308530738283
493,2006,6.06128344960409
494,2006,9.979913447735996
495,2006,6.444746042813364
496,2006,8.056269904683973
497,2006,1.8599012057380264
498,2006,8.231142387451143
499,2006,7.020122226597209
500,2006,7.351253510476383
1,2007,7.875749139654118
2,2007,5.241970878767916
3,2007,7.56240881394298
4,2007,10.47082171754289
5,2007,6.089878191415181
6,2007,7.809295703683063
7,2007,4.038022112763386
8,2007,7.645703531150232
9,2007,2.955522209483348
10,2007,9.758820189068388
11,2007,6.8831226892945665
12,2007,4.66147703504457
13,2007,6.656113224248884
14,2007,2.573590471839566
15,2007,6.9769651586186825
16,2007,4.710331790181456
17,2007,5.975575176887617
18,2007,3.3553692654717366
19,2007,6.440715148931687
20,2007,8.196705423789496
21,2007,5.0929360223561275
22,2007,5.052099905517778
23,2007,9.783718279931094
24,2007,4.624819380065986
25,2007,7.936592955596069
26,2007,4.880932061679886
27,2007,7.831422363314232
28,2007,5.002400263821528
29,2007,9.280309697425793
30,2007,8.3090562521369975
31,2007,6.93564011171091
32,2007,6.141521632123528
33,2007,7.262917851690133
34,2007,8.498513287503613
35,2007,4.729745449288728
36,2007,5.289656229307909
37,2007,7.279147598982718
38,2007,6.461092928143884
39,2007,6.431597786432789
40,2007,9.3627971622401
41,2007,6.294908505757064
42,2007,8.353415312921442
43,2007,10.086464552973126
44,2007,10.364245977573063
45,2007,3.4819492798672513
46,2007,6.6446466578128565
47,2007,1.9244608428926995
48,2007,8.737301520954077
49,2007,5.730659198402492
50,2007,5.275669613522567
51,2007,2.1115966288100907
52,2007,7.149447470326805
53,2007,7.201820955195558
54,2007,6.1748474695998965
55,2007,4.686876511614159
56,2007,5.684018670634487
57,2007,1.6665988854347091
58,2007,3.8942651280744656
59,2007,6.1573393392998526
60,2007,4.699360179813695
61,2007,9.491227705095298
62,2007,5.898322383543928
63,2007,8.83911327203704
64,2007,9.409456847844211
65,2007,6.082377914883779
66,2007,6.293283994708261
67,2007,13.35942485416902
68,2007,7.124499603264894
69,2007,10.324553406509906
70,2007,2.8198790184947597
71,2007,6.185873716118351
72,2007,2.56704714201328
73,2007,9.038515854587388
74,2007,5.8754525416427015
75,2007,5.95225501995435
76,2007,6.979832749278103
77,2007,9.77832442892415
78,2007,5.1091036761083615
79,2007,3.9725758857159406
80,2007,3.9691415728913597
81,2007,3.4996273687914226
82,2007,6.712209733113781
83,2007,9.824266602283245
84,2007,8.69833679115959
85,2007,9.564650574833166
86,2007,11.308232876471948
87,2007,6.2386092978768914
88,2007,4.964523715589877
89,2007,8.376116027613179
90,2007,7.029706013583038
91,2007,5.308369471790286
92,2007,7.4765861748547024
93,2007,8.821827340612813
94,2007,5.817905952203461
95,2007,3.4965768915248105
96,2007,7.163641359572438
97,2007,6.544940243012974
98,2007,7.445051059922818
99,2007,7.356106953702707
100,2007,6.749155611629078
101,2007,3.6530241706345876
102,2007,7.355444454094311
103,2007,6.750541889533963
104,2007,8.298048680748323
105,2007,5.643408606659648
106,2007,8.053817703650225
107,2007,8.441695772572828
108,2007,7.78134244057928
109,2007,9.134735158844578
110,2007,1.4521175176238046
111,2007,5.976773289674412
112,2007,6.347593944523126
113,2007,7.706316702469678
114,2007,6.263087320763745
115,2007,7.368653759802783
116,2007,5.871110597281074
117,2007,9.22115232991277
118,2007,11.743568418560244
119,2007,7.785992849610068
120,2007,5.441440808391874
121,2007,9.950626581850955
122,2007,2.165851296459479
123,2007,5.686350090181719
124,2007,9.64370457314243
125,2007,6.300285285383225
126,2007,3.9709057441821045
127,2007,6.757568440170331
128,2007,7.925748382680808
129,2007,7.523015189158286
130,2007,9.617190231784676
131,2007,8.934637107097302
132,2007,5.325239946090036
133,2007,7.489749601450342
134,2007,3.392551993997813
135,2007,3.7605010495895357
136,2007,6.778991142602351
137,2007,6.8748807857704435
138,2007,5.280244502392776
139,2007,7.195182283820458
140,2007,9.315563397791692
141,2007,7.967079420167863
142,2007,3.5861267916966284
143,2007,5.329322555376464
144,2007,2.3071969196401625
145,2007,8.074114499619057
146,2007,6.840722120010966
147,2007,10.75220436095546
148,2007,2.001001777215251
149,2007,4.1458821951322875
150,2007,6.46213194566684
151,2007,5.718427553774617
152,2007,7.784695302358813
153,2007,6.8551072010260015
154,2007,5.577103399687715
155,2007,6.6706002605029795
156,2007,9.89247915284733
157,2007,10.504403964783634
158,2007,5.203185762484239
159,2007,7.137487517518679
160,2007,8.6607537639498
161,2007,3.703363823168786
162,2007,4.507188825511989
163,2007,7.417897376085961
164,2007,1.9185636486141249
165,2007,6.102498573545645
166,2007,5.509897893059588
167,2007,8.891716146991257
168,2007,12.834579485885968
169,2007,8.616184347474046
170,2007,6.870643905756921
171,2007,5.532659688601555
172,2007,8.192405205445397
173,2007,4.604065877178428
174,2007,5.817037858244717
175,2007,4.782172479227981
176,2007,6.526374700921053
177,2007,7.006008148820371
178,2007,9.11300885678034
179,2007,8.5613206185144
180,2007,6.2071152661988265
181,2007,8.11786291261825
182,2007,3.540245629176596
183,2007,5.524484327846977
184,2007,4.299848483230903
185,2007,9.167197291679969
186,2007,3.8445225952038413
187,2007,6.462141635472307
188,2007,5.667982130922496
189,2007,5.839425279553225
190,2007,6.123389098829534
191,2007,7.446134471993389
192,2007,7.080251161894523
193,2007,9.605453244293088
194,2007,4.96361339495806
195,2007,11.543205466662982
196,2007,5.9323326436557835
197,2007,5.668435372959806
198,2007,6.1368012100320755
199,2007,6.552077592437456
200,2007,8.965599909517863
201,2007,5.112457288409701
202,2007,6.884257391932138
203,2007,10.015522519908231
204,2007,7.352834399859859
205,2007,7.937453408622645
206,2007,9.664164310778688
207,2007,8.724289734324543
208,2007,10.677763056246235
209,2007,6.383642443447741
210,2007,4.370932497173158
211,2007,6.896120531182262
212,2007,4.0015747174499126
213,2007,7.475002988679449
214,2007,3.3924648881883286
215,2007,3.776121144642275
216,2007,5.039150455508931
217,2007,6.872226551556864
218,2007,6.9086490637382525
219,2007,7.078031659832789
220,2007,4.6154482316114525
221,2007,3.628179759144487
222,2007,5.221821701497959
223,2007,6.963822957571125
224,2007,6.553584714233267
225,2007,10.310817201570615
226,2007,7.291835596988989
227,2007,13.928367479895229
228,2007,7.625336553897895
229,2007,9.3818954853339
230,2007,8.599983908137247
231,2007,4.225154343930342
232,2007,10.434613424038758
233,2007,4.768226059744393
234,2007,4.34050369680314
235,2007,9.607986197823408
236,2007,9.236067584685472
237,2007,4.683620697429561
238,2007,7.317297526919944
239,2007,5.89646002129092
240,2007,4.519548577741276
241,2007,8.122476024240427
242,2007,4.1369310165240165
243,2007,7.62261439021006
244,2007,9.6860628002012
245,2007,4.264179232311378
246,2007,6.350792812054351
247,2007,5.900616292715384
248,2007,7.57362278225655
249,2007,11.083668053781935
250,2007,15.791119252384775
251,2007,4.926472493021734
252,2007,8.434959528819888
253,2007,7.405324752832115
254,2007,6.87675629021453
255,2007,5.719203966727989
256,2007,7.7856159589567255
257,2007,4.6447715197472945
258,2007,2.711899852528532
259,2007,4.066936768372599
260,2007,3.0475223828301523
261,2007,3.3347401964222882
262,2007,3.6467155897764343
263,2007,10.259825107674814
264,2007,3.691464358367682
265,2007,10.234056914647766
266,2007,12.630135236513098
267,2007,6.702815403890753
268,2007,6.1755418581143005
269,2007,2.6432537841236865
270,2007,10.088625585822555
271,2007,6.104443499531172
272,2007,5.130755948800896
273,2007,3.9456530536153593
274,2007,12.4621366095801
275,2007,4.071651352157517
276,2007,8.248884346555812
277,2007,9.176229473029693
278,2007,7.628969993234136
279,2007,1.0732370149611228
280,2007,6.5215011159121445
281,2007,5.870169615334362
282,2007,8.065733346348566
283,2007,5.115636813185233
284,2007,7.201848542402473
285,2007,6.166493026685345
286,2007,4.8767304363571355
287,2007,3.7226597404405624
288,2007,6.939365524019522
289,2007,5.30936502879122
290,2007,4.604391685724238
291,2007,6.527071434884576
292,2007,6.945049850142453
293,2007,8.885969268966846
294,2007,6.8680274049593635
295,2007,3.3475790524733355
296,2007,6.131926707684073
297,2007,3.5719640585477777
298,2007,8.147950818640709
299,2007,8.885201741879868
300,2007,4.2675869373235855
301,2007,6.878325449946672
302,2007,3.1255450056552974
303,2007,6.40807208414256
304,2007,6.8811576322970325
305,2007,3.005460757447807
306,2007,4.051257334950222
307,2007,6.34100504304979
308,2007,9.966021364624979
309,2007,6.95018329016186
310,2007,7.934134330232837
311,2007,5.735461107668101
312,2007,15.490512064046854
313,2007,11.170021321540105
314,2007,7.125126561756105
315,2007,9.717181674212071
316,2007,9.375361274795381
317,2007,3.863952375716437
318,2007,7.367847347719589
319,2007,7.888336361775302
320,2007,6.869850787158157
321,2007,7.354895788803674
322,2007,8.641873467405048
323,2007,5.958423962260042
324,2007,4.473808245484122
325,2007,5.85688542578167
326,2007,7.543556538834139
327,2007,7.733650006612379
328,2007,8.727534679869507
329,2007,6.207058082083137
330,2007,4.768742272664596
331,2007,7.802392485794755
332,2007,7.815270390200311
333,2007,9.19456837576027
334,2007,10.268059464164637
335,2007,5.049123953131712
336,2007,2.8067247965264954
337,2007,3.792259025979149
338,2007,10.5607501232559
339,2007,7.682130581589902
340,2007,10.508518949988428
341,2007,5.01596594741136
342,2007,7.024412581673985
343,2007,7.778077217318597
344,2007,6.456390542095278
345,2007,4.8136995412088055
346,2007,4.338436819987621
347,2007,5.747765620373471
348,2007,11.236590407353148
349,2007,6.6830336696141615
350,2007,4.629839318211097
351,2007,10.693176233720251
352,2007,8.100648409569317
353,2007,8.34463313009715
354,2007,6.284859584779454
355,2007,5.168499402274037
356,2007,6.835418743423787
357,2007,6.516453033358204
358,2007,7.106510761971663
359,2007,8.720620511990248
360,2007,6.600298888942305
361,2007,13.253206190511321
362,2007,5.5628926758531065
363,2007,6.586984810638967
364,2007,5.948293167758095
365,2007,7.572037976012339
366,2007,8.483253440824313
367,2007,7.530127053756871
368,2007,7.307473639823002
369,2007,8.244465344875465
370,2007,4.168502116033366
371,2007,1.7033571873850946
372,2007,3.3227480797607427
373,2007,5.496779011423769
374,2007,6.625637973785501
375,2007,9.133428268118777
376,2007,7.99652808181537
377,2007,7.533030240751259
378,2007,5.168675815351406
379,2007,4.7790125988667995
380,2007,4.718442332002695
381,2007,6.630098066012437
382,2007,5.320596428702487
383,2007,4.414740167449921
384,2007,5.535770892287317
385,2007,9.133515934117895
386,2007,8.680851677699167
387,2007,6.453388597790607
388,2007,7.048312252747806
389,2007,10.774991104257452
390,2007,7.164514219222298
391,2007,4.520828130044691
392,2007,6.285625982649691
393,2007,6.758419751732319
394,2007,8.436712693077965
395,2007,4.604649886847739
396,2007,4.782658411731418
397,2007,4.7653920480823615
398,2007,7.922490126063252
399,2007,5.620286719703245
400,2007,8.036915847383469
401,2007,8.276853146937526
402,2007,4.56051014491662
403,2007,10.948795850829669
404,2007,12.874625848740749
405,2007,11.867495499444033
406,2007,5.504438086401777
407,2007,5.678567307962652
408,2007,5.181664075340038
409,2007,9.580110046068398
410,2007,4.339903104266568
411,2007,3.991023348426765
412,2007,8.998441727906496
413,2007,8.849150567939205
414,2007,6.0938933306826755
415,2007,5.372920568076935
416,2007,5.618010008183134
417,2007,6.7959649711378205
418,2007,11.252838584594969
419,2007,6.503847487501332
420,2007,7.435359597480229
421,2007,3.484332808946604
422,2007,6.831495355324861
423,2007,4.894013432763984
424,2007,6.2437179900855995
425,2007,6.023603044869716
426,2007,11.081378511189726
427,2007,4.576346615396034
428,2007,8.111511138210687
429,2007,7.265820724138493
430,2007,3.42377638873117
431,2007,4.3416604995921375
432,2007,4.129947968968452
433,2007,7.208660488479552
434,2007,10.751679662842974
435,2007,7.313957770231752
436,2007,6.338185796802051
437,2007,8.170427005425836
438,2007,10.720223638866528
439,2007,5.462450682427729
440,2007,4.386049293209126
441,2007,1.2972319749168406
442,2007,10.210896946268406
443,2007,6.58067881870295
444,2007,5.159476145884611
445,2007,5.972445178220951
446,2007,5.6687794352199035
447,2007,8.7485390327152
448,2007,6.480539927948982
449,2007,6.6039796806255
450,2007,10.031753759682488
451,2007,6.821947276531802
452,2007,7.262672845769686
453,2007,10.238725749129856
454,2007,4.89530609141498
455,2007,3.761268555494965
456,2007,3.37580424221143
457,2007,6.093959222155448
458,2007,5.6186438733641495
459,2007,8.10351563093377
460,2007,6.741526261230902
461,2007,5.631835961354668
462,2007,2.735681728511338
463,2007,9.609888908377599
464,2007,8.698466692083542
465,2007,5.0456490625955865
466,2007,7.928474260712534
467,2007,10.162185320598823
468,2007,6.315479489317497
469,2007,6.680053229034641
470,2007,12.339837878712643
471,2007,5.005046390162832
472,2007,6.339765951600441
473,2007,5.727214118015553
474,2007,6.975166208294439
475,2007,6.42554730101169
476,2007,12.522070220458147
477,2007,8.726270665045632
478,2007,11.373191537723471
479,2007,4.872228542183365
480,2007,9.359299910793482
481,2007,6.338597596135088
482,2007,8.566034360398518
483,2007,4.894816423910811
484,2007,6.858824512145603
485,2007,3.698497487487245
486,2007,10.706208459184964
487,2007,6.3919294262787645
488,2007,4.188857998288611
489,2007,9.811927231365729
490,2007,5.530873533813917
491,2007,6.831979651128449
492,2007,8.04002660294502
493,2007,6.02234231651407
494,2007,9.969797412902935
495,2007,6.145974490691316
496,2007,7.205822511410901
497,2007,2.118778921206925
498,2007,9.076615084248857
499,2007,5.796012420726697
500,2007,9.380466136979095
1,2008,3.4333653379597564
2,2008,4.040546574141956
3,2008,2.0616542584415782
4,2008,5.760484166312352
5,2008,1.56258924337844
6,2008,4.2606822099132415
7,2008,1.8505222242436048
8,2008,5.668863071345967
9,2008,1.193913360473701
10,2008,3.0687643270758116
11,2008,4.16710425511333
12,2008,2.9228553537700606
13,2008,4.87198330617548
14,2008,0.8612204702232589
15,2008,2.5499683163778286
16,2008,4.2898856908830965
17,2008,4.915834852188027
18,2008,2.1741309668868496
19,2008,2.3799921512077162
20,2008,5.404956564695539
21,2008,3.129019425313757
22,2008,3.272482718356585
23,2008,3.3743362255963234
24,2008,4.990563632674494
25,2008,3.450882227632036
26,2008,1.9125375109569234
27,2008,2.6003895090317712
28,2008,2.5305065420380117
29,2008,5.368638322060363
30,2008,2.4613174521790597
31,2008,4.960311326513192
32,2008,3.05938570876728
33,2008,3.4150521072538425
34,2008,4.122296456401358
35,2008,0.8995387108849258
36,2008,3.3896928180968473
37,2008,2.6130066006827803
38,2008,0.5635432709182027
39,2008,2.7461166717273784
40,2008,2.665080275262568
41,2008,2.9281810894928384
42,2008,2.398401187204456
43,2008,4.78481993575592
44,2008,3.5620449794589035
45,2008,5.708568481325955
46,2008,2.8651707139042344
47,2008,1.6936157645806276
48,2008,2.7008506094398967
49,2008,2.1874338136319835
50,2008,1.0535396889298596
51,2008,2.248789431399885
52,2008,3.235026735669379
53,2008,3.6017489663874187
54,2008,2.155075490576195
55,2008,-0.07977794492482815
56,2008,2.081796449134899
57,2008,1.1600174144546713
58,2008,3.4570659856624246
59,2008,4.262091851734198
60,2008,3.6268427748444623
61,2008,6.042014504492229
62,2008,3.5862809972147716
63,2008,4.633793239571773
64,2008,4.924310645061979
65,2008,4.031342979725906
66,2008,4.749450364248048
67,2008,3.8442023705398753
68,2008,4.036392713083615
69,2008,4.097785457348138
70,2008,1.652823896563774
71,2008,3.622739373086233
72,2008,3.315151875121529
73,2008,3.9907176864049774
74,2008,1.1380625412481322
75,2008,3.7168999762166948
76,2008,3.7109326132434433
77,2008,4.464735791065323
78,2008,2.067106866658037
79,2008,2.3034060595595705
80,2008,3.6792186189324667
81,2008,1.4334170792906349
82,2008,3.168782508056779
83,2008,0.7556912722573941
84,2008,5.208253031995241
85,2008,3.0318596170882017
86,2008,3.354375115959172
87,2008,1.9705514057468037
88,2008,1.1824751780402778
89,2008,2.671386005211133
90,2008,3.3903241135634943
91,2008,0.7307998632945214
92,2008,5.362607059880503
93,2008,5.02736236539242
94,2008,3.3473055480114056
95,2008,4.311874155560972
96,2008,5.708510772202089
97,2008,2.3618589805823262
98,2008,4.449738300812285
99,2008,4.333659293886669
100,2008,1.466705450965577
101,2008,1.722594441042915
102,2008,4.880040246038064
103,2008,4.260994436857175
104,2008,4.231757163711009
105,2008,2.1762313092131365
106,2008,2.0234802302918524
107,2008,3.722359056843345
108,2008,1.6754318351229074
109,2008,3.9226316155343426
110,2008,2.7813873030264844
111,2008,3.730638242134205
112,2008,5.052188819140113
113,2008,2.046550462136338
114,2008,4.712967330381531
115,2008,5.082923580124827
116,2008,4.932664877887717
117,2008,3.995106150214866
118,2008,5.785865824279341
119,2008,2.376177527377706
120,2008,3.7436697730950215
121,2008,2.8578681097487078
122,2008,3.517405345102958
123,2008,3.0074867140232016
124,2008,4.622187509759186
125,2008,3.316749962526984
126,2008,4.313770882510369
127,2008,2.2508594146735277
128,2008,4.268571136572604
129,2008,2.7514396368380574
130,2008,5.202415236878551
131,2008,3.0946593739639354
132,2008,2.9939792413474464
133,2008,2.4515927011433547
134,2008,2.8049087136403443
135,2008,3.5135157196889253
136,2008,2.3975607630446802
137,2008,2.9983633110501557
138,2008,2.731092650825474
139,2008,1.4620970892911203
140,2008,3.778638299433254
141,2008,4.24619711917444
142,2008,2.5788584431554824
143,2008,2.202141075780446
144,2008,0.9795831013116896
145,2008,4.036774267335957
146,2008,3.450317918655955
147,2008,-0.20394655672875217
148,2008,3.616111045610353
149,2008,1.4040338696470371
150,2008,3.407947528695516
151,2008,0.5593295399510652
152,2008,3.8555943664360086
153,2008,1.7485860325179061
154,2008,2.433381007367572
155,2008,4.446843697208493
156,2008,4.506678342924431
157,2008,6.093921570568298
158,2008,4.732397240035866
159,2008,4.266738295793289
160,2008,5.042603832579886
161,2008,6.100259377197688
162,2008,4.6345834964814685
163,2008,5.205581020648083
164,2008,3.887076784195173
165,2008,0.03987440105436235
166,2008,2.6561109865716617
167,2008,3.5423868093106137
168,2008,3.5278812736821408
169,2008,2.0116616617285956
170,2008,2.4111842417343183
171,2008,3.4645722960573977
172,2008,3.0434133130197267
173,2008,2.397222762569996
174,2008,2.334472863543823
175,2008,0.706247604531697
176,2008,6.825397058411767
177,2008,3.2734809810659726
178,2008,5.415057080507083
179,2008,3.5045652589583653
180,2008,3.1122875954888514
181,2008,2.5970511210859826
182,2008,3.344025979999529
183,2008,7.1817278487688725
184,2008,3.6528541410817468
185,2008,5.268119105961603
186,2008,2.745519932984365
187,2008,3.335783885434296
188,2008,2.4270587084041466
189,2008,2.563125071903684
190,2008,3.14920945528263
191,2008,2.9165226864318754
192,2008,2.875229655055989
193,2008,5.623573093515773
194,2008,3.4718192013359896
195,2008,3.5960931434865415
196,2008,2.053904796764826
197,2008,1.0611968183984288
198,2008,8.152511905475734
199,2008,0.914666897319492
200,2008,4.082659071338796
201,2008,5.027948745788095
202,2008,0.05178653619088891
203,2008,2.4000758932635193
204,2008,4.456654338671001
205,2008,2.818777299359141
206,2008,4.494035230931843
207,2008,5.052446349043862
208,2008,5.2434436048250035
209,2008,2.2685938494930156
210,2008,4.043114975421986
211,2008,3.3844744868171546
212,2008,5.046213344825617
213,2008,3.916629039274369
214,2008,3.025525577500275
215,2008,2.3867116944194464
216,2008,3.3771115326374286
217,2008,4.382276097293769
218,2008,3.1307993398657743
219,2008,3.563859173449046
220,2008,1.5470301780924274
221,2008,2.3079559769603435
222,2008,5.402407748587507
223,2008,4.1694505081050295
224,2008,5.3252649723764875
225,2008,3.461225277911211
226,2008,2.601342905624051
227,2008,4.402731036182672
228,2008,3.874733649158415
229,2008,4.679581938791046
230,2008,5.849931880532196
231,2008,2.631822693342457
232,2008,2.669301398553145
233,2008,1.853877388404527
234,2008,3.7220078013623663
235,2008,3.011696488280819
236,2008,2.418687938441593
237,2008,3.628053998573563
238,2008,4.541580772057657
239,2008,4.406934718175307
240,2008,3.767249620013743
241,2008,3.0518142665473675
242,2008,1.4925192123676823
243,2008,3.5931467093378444
244,2008,3.403770548058617
245,2008,3.5839163416501236
246,2008,3.333810836330528
247,2008,3.368936620559637
248,2008,3.884782249593215
249,2008,3.3109318064777398
250,2008,5.66407512056368
251,2008,1.9580621669131375
252,2008,3.2364293805905504
253,2008,5.218952571854146
254,2008,2.655932844887559
255,2008,3.514984433872044
256,2008,4.210005453906774
257,2008,3.879587778101609
258,2008,1.5057760631267527
259,2008,1.3324547359317478
260,2008,2.2971979565497236
261,2008,0.5012224912156
262,2008,5.331866894815093
263,2008,3.8353590179155646
264,2008,2.9611664703398617
265,2008,4.462208065414828
266,2008,4.63337045593893
267,2008,2.982369558036453
268,2008,1.7561340701128785
269,2008,4.2082090258867595
270,2008,1.7470629250068441
271,2008,4.50302140246886
272,2008,4.311466480110681
273,2008,-0.7950512689629647
274,2008,2.1268518969100114
275,2008,3.380516742145687
276,2008,4.528493495026083
277,2008,3.998943779646879
278,2008,4.268120721080976
279,2008,0.6098799261705352
280,2008,3.2863576375133334
281,2008,3.4488614686086123
282,2008,2.0563906939710535
283,2008,4.479617484435408
284,2008,4.3275629142397065
285,2008,0.33242650375922267
286,2008,4.108346738706089
287,2008,1.9856453644712388
288,2008,2.2772210282933116
289,2008,4.116957909216126
290,2008,3.374730093787946
291,2008,1.5585864374533571
292,2008,2.9594994275379918
293,2008,5.378343985485856
294,2008,4.670420888410078
295,2008,2.0026982542036933
296,2008,4.903046722687748
297,2008,3.0273869145616317
298,2008,2.6303714061813253
299,2008,4.722780488864544
300,2008,1.258472681265161
301,2008,4.567685182853623
302,2008,3.5842257252726455
303,2008,4.495395947725456
304,2008,0.5582730336890478
305,2008,3.178135403231721
306,2008,2.7763332611999516
307,2008,6.771738971307116
308,2008,2.5014638311904775
309,2008,4.705224165240438
310,2008,2.6267067802148745
311,2008,4.037943463323131
312,2008,6.412735009058437
313,2008,4.407302871723331
314,2008,2.3605171583346873
315,2008,2.940140688917751
316,2008,3.611545328390605
317,2008,2.9333050190422085
318,2008,3.049175511542103
319,2008,2.7348680857060117
320,2008,-0.6906312549184292
321,2008,5.124441125997976
322,2008,2.512873086128039
323,2008,6.064837668233622
324,2008,2.266046535595919
325,2008,2.2474375367833517
326,2008,2.1914110361493186
327,2008,2.8632318735707543
328,2008,3.6997560011569135
329,2008,0.8299555572594528
330,2008,3.5734338364967044
331,2008,3.2458293987877056
332,2008,3.9472037597074063
333,2008,3.805777748425186
334,2008,4.590575512864419
335,2008,3.498024312433486
336,2008,2.4904592348133434
337,2008,1.1406981842028898
338,2008,3.3765512485175577
339,2008,3.5708439388275934
340,2008,6.8084331224930565
341,2008,4.954674678100176
342,2008,1.2558021651009312
343,2008,3.1004896684283665
344,2008,2.5085383291448125
345,2008,3.9683362172863923
346,2008,5.89650590442848
347,2008,2.048722838974399
348,2008,5.213682480210409
349,2008,5.247309372963969
350,2008,1.1153235239727906
351,2008,4.028785485444587
352,2008,3.8982780739309817
353,2008,1.4234663190062093
354,2008,2.590287710238627
355,2008,1.3147323154353785
356,2008,2.2447994863368024
357,2008,3.999406241289819
358,2008,4.213625813581359
359,2008,2.7111819383575977
360,2008,-0.8913245617025609
361,2008,3.365712466216337
362,2008,3.159919739418598
363,2008,0.8055868930712506
364,2008,3.700614980654791
365,2008,5.555516550544709
366,2008,7.8177552880143395
367,2008,2.591202002185156
368,2008,-0.4524046171341922
369,2008,4.82620089183898
370,2008,2.23338168654476
371,2008,1.5115239069385638
372,2008,3.730086838499517
373,2008,1.9286691625508894
374,2008,2.849688821569515
375,2008,1.2004504594016367
376,2008,3.113854555111857
377,2008,4.952842681526533
378,2008,3.0453856417756384
379,2008,2.982958682324721
380,2008,2.312698946085604
381,2008,1.483615605507481
382,2008,0.06408766515808395
383,2008,4.138144415669046
384,2008,1.4460092771478372
385,2008,5.1038804170677565
386,2008,6.2412320920985
387,2008,4.093323699496494
388,2008,4.658237421224342
389,2008,9.354743116200183
390,2008,4.1848374943677555
391,2008,2.5922954601470707
392,2008,7.769825000981044
393,2008,3.0148053157327297
394,2008,3.2600021456324697
395,2008,2.6444730596349615
396,2008,1.5583099613986064
397,2008,4.05109952490028
398,2008,2.28821532085891
399,2008,3.0187631286743795
400,2008,2.009890105266919
401,2008,5.952834034656803
402,2008,2.75247514913751
403,2008,2.1758736870253585
404,2008,7.523689258290858
405,2008,3.8632455585237437
406,2008,3.011353626914371
407,2008,6.23347762717853
408,2008,2.676665046564949
409,2008,4.9181407949465665
410,2008,3.4433066829564467
411,2008,4.58197524741766
412,2008,6.249377706348454
413,2008,1.8243422510713145
414,2008,2.944028596490071
415,2008,4.361015187499504
416,2008,2.9055207365241102
417,2008,5.196326970393372
418,2008,2.9893794750448137
419,2008,3.707322198191889
420,2008,3.7848210710206445
421,2008,3.550771300054862
422,2008,5.2846527816664235
423,2008,2.9848412103457633
424,2008,3.2949306729399552
425,2008,2.234757319926075
426,2008,5.60049862990104
427,2008,4.403139391761414
428,2008,4.439082968267655
429,2008,2.355474623172867
430,2008,0.8464084381928103
431,2008,4.277935318300493
432,2008,2.7065474132906218
433,2008,3.936317836904607
434,2008,4.254223917316693
435,2008,5.450374054189695
436,2008,3.722648238301147
437,2008,5.2432734802623315
438,2008,4.211162427924165
439,2008,2.808699031554994
440,2008,2.419160750998259
441,2008,2.6322870303876016
442,2008,7.053002995697966
443,2008,1.8383338844953272
444,2008,2.3111132214355052
445,2008,2.9328105196600944
446,2008,5.885995668191455
447,2008,3.77006690374121
448,2008,1.2497102692096433
449,2008,1.3751315679129448
450,2008,3.668872761811116
451,2008,3.8042092761804156
452,2008,3.3321448187204936
453,2008,4.880172984353123
454,2008,1.2117904187645792
455,2008,1.9703627222324513
456,2008,4.072079835721738
457,2008,2.389695601955239
458,2008,5.1034461586809385
459,2008,4.197096351856757
460,2008,2.1771434076260903
461,2008,4.109114733508022
462,2008,0.8376926744620761
463,2008,3.38473273653247
464,2008,3.4597914943408057
465,2008,0.9826863286403267
466,2008,4.975969136749512
467,2008,4.502014735934608
468,2008,3.205551784994327
469,2008,3.0081853588066707
470,2008,4.511006696629465
471,2008,1.2362018535479393
472,2008,4.041339155841911
473,2008,4.055246553407585
474,2008,0.9318767530642447
475,2008,6.308582901353347
476,2008,5.703637020587649
477,2008,2.073220598027092
478,2008,3.3474800263640105
479,2008,4.772980354825336
480,2008,4.014290551080762
481,2008,3.134689537163297
482,2008,5.042504759577767
483,2008,4.4346450006433145
484,2008,4.537021260454239
485,2008,2.772011688134043
486,2008,3.1316214997745107
487,2008,3.6686241693794983
488,2008,4.243528551881283
489,2008,3.519738192163942
490,2008,2.405162273015492
491,2008,3.2482690772144736
492,2008,4.677114288158748
493,2008,4.622401347706301
494,2008,3.5341685444212203
495,2008,4.6548035358251525
496,2008,4.5887991108276935
497,2008,1.0961081657619474
498,2008,0.49964792930572344
499,2008,3.022710646140524
500,2008,3.182709536562882
1,2009,1.2585027257542265
2,2009,1.8582232864810209
3,2009,0.9568854262706452
4,2009,3.164104777218725
5,2009,1.4805270793012397
6,2009,1.9862820412936202
7,2009,1.5676310565504679
8,2009,-0.030954725056787424
9,2009,-0.963284763958427
10,2009,1.02121923196259
11,2009,2.3691279554549567
12,2009,0.8990068859297082
13,2009,2.7856536400938694
14,2009,-0.5441524149128725
15,2009,0.5379544726332313
16,2009,-0.9733823757610622
17,2009,1.2311813220193244
18,2009,0.7336705279739846
19,2009,0.7144080524017937
20,2009,0.8932836869480241
21,2009,0.5787229026779528
22,2009,0.6032245845221524
23,2009,1.9440489247690493
24,2009,0.6468571985561624
25,2009,1.0463296387433303
26,2009,0.07101171825584629
27,2009,1.074058528704498
28,2009,-0.32529840612559724
29,2009,-0.579886831404977
30,2009,1.9163135453539866
31,2009,1.9412722073820703
32,2009,0.8912395441446677
33,2009,1.3049561531817346
34,2009,-0.04873943535488934
35,2009,1.1373286310325597
36,2009,0.7642544893610932
37,2009,-0.4582995742315177
38,2009,-0.4933059236302171
39,2009,1.6741885683416768
40,2009,0.34057220561638246
41,2009,0.4671678167583906
42,2009,0.551497336230085
43,2009,2.0813435282051103
44,2009,1.5587947024129676
45,2009,2.737828116678031
46,2009,0.07682704598558132
47,2009,-0.22877355555998236
48,2009,-0.6199772148260934
49,2009,-0.38436938318028524
50,2009,-0.012229342873254723
51,2009,0.12154543186251487
52,2009,-0.02654628478043719
53,2009,0.9888467507015264
54,2009,0.695713123281152
55,2009,-0.33313660489733365
56,2009,0.19823142483237177
57,2009,-0.5042151104943997
58,2009,1.4374438339910256
59,2009,-1.1537325727690018
60,2009,0.18067795139263865
61,2009,1.2230985749290824
62,2009,0.6457262937072699
63,2009,2.5394772842299886
64,2009,0.44220439358352337
65,2009,0.43438789331618466
66,2009,0.8998194873755097
67,2009,2.0822340690468195
68,2009,1.897175425642473
69,2009,1.9326003472922082
70,2009,0.39694072143666403
71,2009,0.07041253177129647
72,2009,0.7736538577899381
73,2009,1.1355369328604183
74,2009,2.335183751802589
75,2009,1.4498340659185232
76,2009,0.0032024080170742764
77,2009,1.3498198676123536
78,2009,-3.186467623154428
79,2009,-1.0094677864300294
80,2009,-0.22667964850518274
81,2009,-0.15426397423507865
82,2009,1.4441117582769891
83,2009,0.7736241550880152
84,2009,0.90267679494027675
85,2009,0.5729421984341059
86,2009,0.8181489485999265
87,2009,-0.4416466744142582
88,2009,-0.008264723029071774
89,2009,0.5517676762102468
90,2009,1.9458358751505642
91,2009,-0.2676922871855538
92,2009,-1.3016370105079602
93,2009,2.279846520627558
94,2009,0.9579722660180323
95,2009,-2.55210969958668
96,2009,-1.3806428794520684
97,2009,0.9276668762682618
98,2009,2.9257346397600656
99,2009,-0.6811620563224636
100,2009,-1.574582213840813
101,2009,-1.002205473480828
102,2009,1.3545633061469715
103,2009,1.3165945402568866
104,2009,0.8180695133746241
105,2009,1.3694336762892902
106,2009,0.45473811384650276
107,2009,1.0121132199281817
108,2009,-0.9985641390380806
109,2009,0.8443510145171587
110,2009,-0.17868493942356167
111,2009,0.7971378392736597
112,2009,-0.2354828425233535
113,2009,0.3036698730996932
114,2009,1.7103342683705733
115,2009,0.9724607402887386
116,2009,2.407272851121391
117,2009,1.375116121507574
118,2009,3.4856858026363113
119,2009,0.7840693459403383
120,2009,1.136374070848774
121,2009,0.8801502142175508
122,2009,0.1217664553254707
123,2009,-0.15190153475302282
124,2009,3.1559175105445405
125,2009,0.8541677994112575
126,2009,-0.24295068244227025
127,2009,1.2456706125747417
128,2009,1.9712665399004692
129,2009,2.570841080418404
130,2009,2.365544327323974
131,2009,-0.06352453035742656
132,2009,0.27792887854609205
133,2009,-1.3677952249054215
134,2009,-1.281531657736025
135,2009,0.09263719950841676
136,2009,0.30371535251634896
137,2009,0.55578003315361
138,2009,-0.14903034027949502
139,2009,0.1339393428704625
140,2009,1.7532102928924758
141,2009,0.11371543055454936
142,2009,-0.23079258235890165
143,2009,-0.2130044870878578
144,2009,-0.6122034541789816
145,2009,0.8741338400973007
146,2009,-0.2125746246209559
147,2009,-0.9536304021680451
148,2009,2.0408391999209954
149,2009,-0.45488696176450105
150,2009,1.28942088064818
151,2009,-1.2922167522031032
152,2009,0.3548798610267454
153,2009,-0.5333353467083555
154,2009,0.0010988800310229863
155,2009,0.834330238547679
156,2009,2.0609833816043874
157,2009,3.6227417922244882
158,2009,1.0101778973904345
159,2009,0.6798377975639767
160,2009,2.145761052844321
161,2009,1.5529177585581522
162,2009,0.22078100273175494
163,2009,2.1888920323256684
164,2009,-0.8665630421243975
165,2009,1.7461536877461867
166,2009,0.7396739079704133
167,2009,1.05481841002711
168,2009,3.17504743893997
169,2009,0.6887444989198741
170,2009,1.9799933891840737
171,2009,-0.24725589073129584
172,2009,1.3336601742830254
173,2009,-0.21606810082209904
174,2009,0.17858910406691564
175,2009,-0.39692297332662463
176,2009,1.4243158210274487
177,2009,1.9138737409647746
178,2009,2.1373551378358826
179,2009,1.4482133234581909
180,2009,1.2283729971979653
181,2009,-0.14403425390231916
182,2009,1.3560359303952936
183,2009,1.0247918360464325
184,2009,0.5838986552039387
185,2009,1.0596925098674603
186,2009,0.29420758184555496
187,2009,0.6508876834719217
188,2009,0.6683050962108155
189,2009,0.449925877504441
190,2009,0.1309432700541322
191,2009,1.3203425290020618
192,2009,1.3432249558146623
193,2009,2.8229159536044506
194,2009,-0.7584455456327817
195,2009,1.681303144597024
196,2009,-1.7600546844868319
197,2009,1.1533704649238814
198,2009,-0.4948801402394736
199,2009,0.5377852818027264
200,2009,2.5939982311537335
201,2009,0.5891408708738197
202,2009,2.337744812483564
203,2009,0.7031463416065407
204,2009,1.1594548068487995
205,2009,1.8602717895171565
206,2009,1.5266826478774647
207,2009,0.816707548493838
208,2009,4.803454921463157
209,2009,0.7722452611326389
210,2009,-0.5308972285137372
211,2009,2.2093434294371974
212,2009,-0.5567715512862037
213,2009,2.2437969775436954
214,2009,0.538769756534947
215,2009,-1.318933506581459
216,2009,1.795676024674961
217,2009,1.753539877298735
218,2009,0.3894043746608986
219,2009,1.344727297029607
220,2009,-0.08899912840580271
221,2009,-1.3958670940632771
222,2009,0.7148363424199573
223,2009,-0.540386648865578
224,2009,0.07974144327212684
225,2009,1.906436481326807
226,2009,0.5351396147292746
227,2009,4.508701405979082
228,2009,1.1490452028894964
229,2009,1.4593050624926605
230,2009,0.14053750630561979
231,2009,0.4730827067692758
232,2009,0.7698449952877553
233,2009,-0.5582342867155319
234,2009,0.17391731692329415
235,2009,0.2610695685688995
236,2009,0.46953978325669254
237,2009,0.5909929573082167
238,2009,1.439011816752199
239,2009,0.48031232422295034
240,2009,-0.4450982793317877
241,2009,1.664907746956672
242,2009,0.14790036863901435
243,2009,1.5996927730567734
244,2009,1.761886156298516
245,2009,0.10869247683949368
246,2009,1.2534483385582575
247,2009,0.8928618321693023
248,2009,0.8950945751833217
249,2009,0.8328451775293786
250,2009,-0.1715769856031244
251,2009,-0.4039235145804412
252,2009,1.083763609463034
253,2009,0.9702695662641929
254,2009,-1.0822896744591048
255,2009,0.6240775058791144
256,2009,1.8677245638882596
257,2009,-0.5173532124573654
258,2009,0.8231837176380665
259,2009,-0.15432195280696703
260,2009,0.7776506585651504
261,2009,-0.6381692139277106
262,2009,-0.878953212398855
263,2009,0.22783608045223502
264,2009,-1.6009982751837981
265,2009,2.796374095253242
266,2009,1.4088392508759426
267,2009,0.802177324827511
268,2009,0.7795153178191612
269,2009,-0.9882560748086746
270,2009,1.3739749986781646
271,2009,0.3732576301843693
272,2009,1.5664988544436653
273,2009,-1.4034339941679264
274,2009,1.0581826642163605
275,2009,0.5391825071340008
276,2009,1.0166187781478015
277,2009,0.728480736345233
278,2009,1.9407431234072021
279,2009,-0.18426935221964413
280,2009,-0.21718861753258523
281,2009,-0.09722142637377829
282,2009,-0.09023893427223584
283,2009,-0.8711149963164075
284,2009,1.0458731234187155
285,2009,0.495838166203896
286,2009,-0.3525782297423632
287,2009,-0.26788651536215013
288,2009,1.1730753635630293
289,2009,-0.7888786260014342
290,2009,0.8789353980913148
291,2009,2.2812370237466126
292,2009,2.1178096501867003
293,2009,0.7905563476824398
294,2009,1.9973080912283194
295,2009,0.0931632873414685
296,2009,1.3596827365180957
297,2009,0.35511880997788126
298,2009,0.4252378476554668
299,2009,1.3325540181319298
300,2009,-0.15100175734902166
301,2009,0.9115134169893935
302,2009,0.4538953283285707
303,2009,1.3515543317470815
304,2009,-0.13227314012465285
305,2009,1.0279927596781846
306,2009,0.8972688331014922
307,2009,0.04928840500532772
308,2009,1.71683990377025
309,2009,2.5435878339789184
310,2009,0.844078509680287
311,2009,1.4863823016297317
312,2009,3.613166151283295
313,2009,1.1737135159237653
314,2009,1.0378954951293338
315,2009,0.9387176427841268
316,2009,1.578466219570572
317,2009,1.3984269087658276
318,2009,1.0456607049573563
319,2009,0.30284754311877293
320,2009,-1.2596569772981638
321,2009,1.6155522395534092
322,2009,-0.3357944673964539
323,2009,2.71125541728955
324,2009,0.9598168389855743
325,2009,0.20273333625833345
326,2009,0.7782389909497027
327,2009,-0.14862280254854454
328,2009,1.4425426155313232
329,2009,-0.9429066787010072
330,2009,-0.3452725582557292
331,2009,0.5138352585466208
332,2009,-2.110699514492296
333,2009,0.5460098535712632
334,2009,2.373080270550574
335,2009,0.2294801497980501
336,2009,1.0360569049819048
337,2009,0.9730470082456009
338,2009,1.526768869209178
339,2009,0.982760681889701
340,2009,1.8961419003761932
341,2009,-0.45791602792539265
342,2009,2.010534863853593
343,2009,-0.5385420599036479
344,2009,0.6998241449801981
345,2009,0.11488204102201394
346,2009,0.867944928877165
347,2009,0.8658552875941012
348,2009,2.460132432860007
349,2009,-0.8594480360296473
350,2009,0.3544363033292086
351,2009,2.4260374668391194
352,2009,0.16290918130100351
353,2009,-0.10486342371206092
354,2009,-0.2883293272538623
355,2009,-0.3333179635721564
356,2009,0.7615921963909358
357,2009,1.5140526570686745
358,2009,-0.46508620601264283
359,2009,-0.8166052742829635
360,2009,-0.15222386147351585
361,2009,3.333550843059129
362,2009,1.2386097414339758
363,2009,0.7907847175798679
364,2009,0.19987251433198594
365,2009,1.0321407252249202
366,2009,0.9511392098656586
367,2009,-0.6292410017388761
368,2009,-2.987893837727924
369,2009,0.7696475328437202
370,2009,-0.09898980107563204
371,2009,0.4246783374667018
372,2009,1.1376697651804193
373,2009,0.6264648224598659
374,2009,-1.7294032450217145
375,2009,-0.6873723833572285
376,2009,0.11129507237245662
377,2009,1.6793434506095934
378,2009,0.2291438452315333
379,2009,-0.2189855636850382
380,2009,0.4331217088179926
381,2009,-1.0968241483722636
382,2009,-0.5336917078334693
383,2009,-1.2984120037881297
384,2009,-0.5027344491916921
385,2009,0.81135428914817
386,2009,2.3586161928725886
387,2009,2.259889192353853
388,2009,2.9724825243953745
389,2009,-0.9642430078685038
390,2009,0.974040302689815
391,2009,1.5392062842004464
392,2009,0.15844101033943048
393,2009,-0.3200741387854862
394,2009,3.767303296331022
395,2009,1.5409603962674225
396,2009,-0.82428009774533
397,2009,0.9322305140523497
398,2009,1.1431618282312996
399,2009,0.6055962361791671
400,2009,1.1427497956956074
401,2009,1.0323139047342522
402,2009,0.8331246996562385
403,2009,1.5687224059119274
404,2009,3.4712052370541926
405,2009,1.887095464050276
406,2009,0.8162735378661949
407,2009,2.1437709693535965
408,2009,0.42468096849783876
409,2009,2.677231396207091
410,2009,-0.17037593260526762
411,2009,-0.8249153207584783
412,2009,2.5277646684482136
413,2009,0.9298093974961006
414,2009,1.1121414170509496
415,2009,1.2616723441837792
416,2009,1.0246963222546839
417,2009,2.034794265932092
418,2009,2.5068514041916785
419,2009,2.0499797765949666
420,2009,1.1947613242076898
421,2009,1.5469943329310496
422,2009,-1.0043728121527238
423,2009,-0.23289743863509216
424,2009,2.065581068925866
425,2009,-0.3226260630479345
426,2009,4.821551341810647
427,2009,0.14525463840232078
428,2009,1.219277037978486
429,2009,1.4794924210229254
430,2009,-0.8168435980257982
431,2009,0.4609121609885136
432,2009,0.7147296144849804
433,2009,0.05274880497961476
434,2009,1.3463629135677024
435,2009,2.1767748461370786
436,2009,1.6281037561453644
437,2009,1.0549199401952762
438,2009,0.9486013912069353
439,2009,1.0480173232029415
440,2009,0.42713226623769174
441,2009,0.09771121042599873
442,2009,-0.36008139442810716
443,2009,0.22274049129927675
444,2009,-0.04284880716321027
445,2009,-0.2847601624169016
446,2009,1.1640172993477904
447,2009,1.2248836817745996
448,2009,-1.3677419961188946
449,2009,-0.16342048034870515
450,2009,0.6685204325931693
451,2009,1.7042637434713015
452,2009,-0.7191486349866523
453,2009,0.7514072316873239
454,2009,1.3661846920841896
455,2009,0.19955800392611422
456,2009,-0.9759872416780127
457,2009,0.5300945968198931
458,2009,1.0681365240605345
459,2009,1.2766249131035465
460,2009,-0.411358697717219
461,2009,2.349031328990918
462,2009,1.1344162422665818
463,2009,4.4300166428340475
464,2009,0.8679525973974194
465,2009,-0.22232241837117783
466,2009,1.8056759136948415
467,2009,1.7492248948641702
468,2009,0.21327670033281265
469,2009,0.21962515461548549
470,2009,2.1800615566032775
471,2009,0.44438280746398107
472,2009,1.291401484612436
473,2009,-0.9524879972392171
474,2009,1.413957058392043
475,2009,1.9256038756114435
476,2009,2.90810514676258
477,2009,2.824088838251356
478,2009,-0.4882494126132002
479,2009,0.7588038878182033
480,2009,2.00211313926701
481,2009,0.12397118512677707
482,2009,1.2038410720255115
483,2009,1.5450492508788471
484,2009,0.10746372570935137
485,2009,-1.2644817575870348
486,2009,2.717684395184932
487,2009,1.1246880520300238
488,2009,0.7217256986786396
489,2009,1.0754376941995076
490,2009,0.5423662056658145
491,2009,0.6150381400496201
492,2009,0.16413517909461461
493,2009,1.8956993811530083
494,2009,0.725331986584834
495,2009,1.465539215161698
496,2009,-0.1297893131679757
497,2009,-1.2390015654796258
498,2009,-0.47372183964023407
499,2009,0.6960349251027367
500,2009,2.181070173329161
1,2010,1.1640120706218227
2,2010,-1.3123318671600828
3,2010,1.6456819866958625
4,2010,-2.7290804528994954
5,2010,-0.5612388839897164
6,2010,1.3061718178145867
7,2010,-0.14721167454509043
8,2010,-1.0367420868360853
9,2010,-0.017731353397749672
10,2010,-0.22206503114338716
11,2010,-0.9463167109095281
12,2010,1.546121734498925
13,2010,-1.0111835790209511
14,2010,0.10519843113914362
15,2010,0.2758760017727582
16,2010,-0.3999733425035714
17,2010,0.05073157741097134
18,2010,-1.155919556781086
19,2010,3.095782780385491
20,2010,0.9026352936267585
21,2010,0.3642669654789472
22,2010,-0.2511952236206838
23,2010,-0.2449019262214449
24,2010,1.4357042870468035
25,2010,-0.8668180509954482
26,2010,-0.7479450989702343
27,2010,0.25902865614125403
28,2010,-0.5494961184856777
29,2010,0.2383347981534456
30,2010,-1.5810399254111758
31,2010,0.19642933831207188
32,2010,-1.603441707010262
33,2010,-1.880338955787579
34,2010,-0.2998021437125544
35,2010,-2.242494648644893
36,2010,-0.772370670286648
37,2010,-0.8800304674975621
38,2010,-0.4519619369831389
39,2010,-3.373572061568325
40,2010,-0.40415372757934165
41,2010,1.3086268036949065
42,2010,-0.24234963131351606
43,2010,2.6491562378777616
44,2010,-0.20247852306363257
45,2010,0.04888200929505615
46,2010,-1.1160828879344677
47,2010,0.48761202687691707
48,2010,-0.8793751650689785
49,2010,-0.8978104265658544
50,2010,-0.09440225557435156
51,2010,-2.037835756489997
52,2010,-0.4539316437613081
53,2010,-0.2547574875071916
54,2010,0.6530495623950827
55,2010,0.9722968366026805
56,2010,0.9061303715548945
57,2010,0.00298523940827522
58,2010,-1.7359175497098391
59,2010,0.8488864639594738
60,2010,1.0140014170072789
61,2010,1.387371481211801
62,2010,1.0114448924198882
63,2010,2.387706037423129
64,2010,1.8235149442230636
65,2010,0.7925583449284801
66,2010,1.5605522132902223
67,2010,3.316130772694052
68,2010,1.0849825507275739
69,2010,1.885745683341753
70,2010,0.11330714811225562
71,2010,0.2150782026468505
72,2010,0.16771524912984148
73,2010,-0.4111351340906424
74,2010,-3.057509706098415
75,2010,-0.10338591260450869
76,2010,-1.3189946556386758
77,2010,0.6113490797857253
78,2010,-1.385021912207904
79,2010,-0.624036561850744
80,2010,1.2644147258952358
81,2010,-0.8419823016066488
82,2010,0.8355968196136416
83,2010,2.042166695777297
84,2010,0.6764562143376622
85,2010,1.1949014016037438
86,2010,-3.668205080063345
87,2010,-1.061453352231709
88,2010,0.6292118480625106
89,2010,-0.6497735614961471
90,2010,1.0961564563461792
91,2010,-1.3642980152033317
92,2010,-1.2016225426103233
93,2010,-0.21292384230690686
94,2010,0.15737717926327832
95,2010,-0.027582834040970283
96,2010,1.683349721039093
97,2010,0.23702376341654485
98,2010,-0.47209940878377665
99,2010,-1.1199190805743484
100,2010,-0.7336414464240306
101,2010,1.7593466527579409
102,2010,3.111189191929242
103,2010,-0.687109542793138
104,2010,-0.3484074363317262
105,2010,-0.30473493451862055
106,2010,-0.9569200422015456
107,2010,0.7560480873548272
108,2010,0.8815261191765984
109,2010,0.42728463372074543
110,2010,0.5039879414284485
111,2010,1.0378015308951376
112,2010,0.496094350643844
113,2010,-0.014149246412671346
114,2010,1.092945088339249
115,2010,-0.4138616518864069
116,2010,-0.4383760825115246
117,2010,-0.07484523581595681
118,2010,2.3765035733435127
119,2010,-0.4596875980779487
120,2010,-1.0355370700101076
121,2010,0.2046334520039892
122,2010,0.28947128659802956
123,2010,-0.08385190084808869
124,2010,2.1235745905108985
125,2010,-0.48806445964524414
126,2010,-0.2794402710839421
127,2010,-0.6319716330953895
128,2010,2.0478200612156314
129,2010,-2.7201188543261026
130,2010,-1.230495640200914
131,2010,1.3568106065437462
132,2010,0.13326108471459008
133,2010,-1.2300531191018536
134,2010,1.0043891943571595
135,2010,0.5977722115711259
136,2010,0.866990801433289
137,2010,-1.9616679355899862
138,2010,-0.2523318413190907
139,2010,1.177764999257164
140,2010,-0.8166803474212827
141,2010,0.38761300465429827
142,2010,0.7581151424612642
143,2010,0.426634123400504
144,2010,-0.311158107675098
145,2010,-0.7365299693229588
146,2010,1.1552281216335842
147,2010,-2.0042505933699886
148,2010,-0.39562503779531255
149,2010,-1.123510113035465
150,2010,0.6355281430696493
151,2010,0.8904640689618475
152,2010,-0.24731270243285053
153,2010,0.23634496605387767
154,2010,-1.3696292376665014
155,2010,0.2632312886669439
156,2010,0.5020588342947292
157,2010,1.9863688153602084
158,2010,0.6014288286905014
159,2010,0.7065942041869846
160,2010,0.9379075483859936
161,2010,-0.0778975733196603
162,2010,-0.9446519078259712
163,2010,-0.4998863830909954
164,2010,0.514935872277789
165,2010,-1.3753289660857462
166,2010,-1.0762599855445956
167,2010,2.039092453820217
168,2010,0.43199762086311466
169,2010,-2.1186047266405126
170,2010,-0.6077506495232399
171,2010,1.1733930987919194
172,2010,-0.24853651372207253
173,2010,0.7757275327339386
174,2010,0.07101948015223059
175,2010,0.40226674673395735
176,2010,-0.8821909042261211
177,2010,0.4476645123270657
178,2010,2.1673875649913867
179,2010,-0.13492529899664873
180,2010,0.3584031492282378
181,2010,0.08646399871595634
182,2010,1.2161450615604537
183,2010,1.5494281830906687
184,2010,-0.4918948155484202
185,2010,-1.4644122499929608
186,2010,0.8084245910055756
187,2010,-1.1308517942965466
188,2010,1.2788908341990606
189,2010,-0.024811288130365483
190,2010,-0.5577744872549459
191,2010,-0.3879013611476978
192,2010,0.09925415576975638
193,2010,1.5401845066335795
194,2010,-0.6407052178390131
195,2010,1.048318870965872
196,2010,0.10919505076030589
197,2010,0.383866059658061
198,2010,1.18284855190862
199,2010,-2.552223212196239
200,2010,0.282557889397566
201,2010,-0.806275595576281
202,2010,2.4560510874868413
203,2010,-2.1092456830835005
204,2010,-0.03611425354358744
205,2010,1.508594827932967
206,2010,0.363458492342545
207,2010,0.2323123270818428
208,2010,1.7229946831067906
209,2010,0.7254592141500211
210,2010,-1.814655007942548
211,2010,0.29145331478645176
212,2010,0.9746677478892707
213,2010,-0.3835465217542833
214,2010,-0.8864123034779254
215,2010,0.44058538594391905
216,2010,0.02305934365540452
217,2010,-3.3261035761444475
218,2010,-0.05065607264518235
219,2010,-0.14059069965077242
220,2010,0.23286038030822453
221,2010,-0.1853046729286234
222,2010,0.7550637158839066
223,2010,1.3818198026172013e-4
224,2010,-0.08355367692024629
225,2010,2.365432133355995
226,2010,0.11982551769008865
227,2010,-0.6471798480569362
228,2010,2.168274905149346
229,2010,0.682472585930995
230,2010,0.7958866850070478
231,2010,0.147991481092987
232,2010,-0.07238984758902234
233,2010,0.5178377417525155
234,2010,-0.3986915770435502
235,2010,-0.3415187433099902
236,2010,-1.0016369434397348
237,2010,0.9105628440753577
238,2010,-0.15687334718636237
239,2010,0.35342584311868563
240,2010,-0.32931181480650196
241,2010,-0.5347413216614285
242,2010,0.8831661708063194
243,2010,-0.7963458951836344
244,2010,3.3059516687575297
245,2010,-1.1746968463252472
246,2010,-0.3872711677285565
247,2010,0.05298436507789006
248,2010,0.21834351277477992
249,2010,-0.6763350946119289
250,2010,3.4797610615814847
251,2010,0.7581089105637062
252,2010,-0.9418242026029588
253,2010,0.9756047460838033
254,2010,-1.462598438578766
255,2010,-0.6044565659376246
256,2010,1.1538253949747173
257,2010,-0.6491827612935879
258,2010,-0.4363499568247704
259,2010,-0.09143998396881159
260,2010,1.9995847890383942
261,2010,-0.18104671103614578
262,2010,0.9016673973783611
263,2010,2.666941118607795
264,2010,0.1414291986596652
265,2010,-0.21496723255435768
266,2010,1.3861494787120847
267,2010,-0.7962289510343368
268,2010,-0.869316114266951
269,2010,-0.3469259143335819
270,2010,-1.311839797500511
271,2010,0.7685535973220823
272,2010,-1.1005775959962136
273,2010,-0.06996928408908332
274,2010,-1.9005861628554044
275,2010,-0.14108840815509893
276,2010,2.2895490604046955
277,2010,0.04865070324285625
278,2010,0.48510467405378677
279,2010,-0.6827609086215034
280,2010,-0.5023034554737222
281,2010,-0.5448492241598615
282,2010,-2.6224291539236333
283,2010,-0.14735539160540156
284,2010,3.146677363194783
285,2010,-1.4819509900688388
286,2010,-2.590958029366192
287,2010,0.5690215558322791
288,2010,1.45690320540983
289,2010,1.2177450353181598
290,2010,0.11636419410545784
291,2010,-0.7745957290600529
292,2010,0.6267732433855571
293,2010,-0.7704465459607377
294,2010,1.6203753189940073
295,2010,-0.48198458372763753
296,2010,0.6275147376773873
297,2010,0.2302737667535837
298,2010,1.0310928833252433
299,2010,0.43017602509404185
300,2010,-1.4698840479974962
301,2010,0.5343413240075847
302,2010,-0.23156567656423022
303,2010,0.8697520547081865
304,2010,1.8527707875483088
305,2010,-0.8131619500782108
306,2010,0.6981735571984586
307,2010,-0.5785567535593401
308,2010,2.0538831980914267
309,2010,1.2896827719209938
310,2010,-1.067046335790451
311,2010,1.4769359743975201
312,2010,5.0284473319949115
313,2010,-2.659062841293391
314,2010,0.8645134303295094
315,2010,-1.7134064899049122
316,2010,-0.9150603575630214
317,2010,-1.0516404363627885
318,2010,1.832716055230378
319,2010,0.5904870639716506
320,2010,-1.2411952928982544
321,2010,0.5367797913629317
322,2010,-1.6138494792903657
323,2010,0.9596874246611549
324,2010,-0.780160831133557
325,2010,0.04765180350527487
326,2010,0.5639738512743122
327,2010,3.101428204573949
328,2010,-1.2723489495778608
329,2010,-0.5044619712837175
330,2010,-0.22329345458710748
331,2010,-0.4081810810256883
332,2010,-0.814674931776608
333,2010,2.38902275451224
334,2010,1.3728338897410737
335,2010,-0.2728073111712064
336,2010,-1.5383309913684684
337,2010,0.06642650274864081
338,2010,-0.7782930620277568
339,2010,1.0024108115796082
340,2010,-0.9095010001420576
341,2010,-3.1776434007850582
342,2010,-2.3768587277667024
343,2010,1.0842751939593427
344,2010,-0.5852137803330493
345,2010,0.23777764718126093
346,2010,-0.5744998002342925
347,2010,-0.6632227479958601
348,2010,2.0548371041920177
349,2010,-0.4572565258172574
350,2010,-0.7872629747876942
351,2010,-0.43150099141408305
352,2010,-3.3695224196777076
353,2010,-0.10457179890261159
354,2010,-0.07291655978066558
355,2010,-1.7674770626270657
356,2010,0.16260231180785922
357,2010,0.6535324908397229
358,2010,-1.8686834236749803
359,2010,-1.1743105409497758
360,2010,-2.557579514017391
361,2010,-0.07839431435255051
362,2010,-0.3260277196011714
363,2010,-1.421168269532103
364,2010,0.7106594234903412
365,2010,2.099314992930047
366,2010,1.4620283571887853
367,2010,-0.8834335310186816
368,2010,-0.6604839477503219
369,2010,1.3239875414934232
370,2010,-1.527135881584016
371,2010,0.5287069166751763
372,2010,-0.37738003957659316
373,2010,0.455462093390139
374,2010,0.241837663617261
375,2010,-2.3004453475348328
376,2010,1.788546988272401
377,2010,1.1132964610740999
378,2010,-2.3458092056679334
379,2010,0.11974764327769094
380,2010,-1.3160559902640472
381,2010,-0.5937276308940369
382,2010,-1.8309591379113073
383,2010,0.8830170875394998
384,2010,0.6262155037975816
385,2010,-1.2735549707269058
386,2010,0.3278416742568595
387,2010,1.5087857484394647
388,2010,0.23595531190056818
389,2010,1.0182997244297667
390,2010,-0.45855797813393906
391,2010,-0.2023236940127333
392,2010,0.5420234411111693
393,2010,-0.37989056968338275
394,2010,1.2212832362490076
395,2010,-0.6602016888035962
396,2010,-1.6344313498703116
397,2010,-0.4288832682328234
398,2010,-0.13835302263920823
399,2010,0.18787133245399446
400,2010,-0.023028368528315468
401,2010,0.5669065036292977
402,2010,0.5549989207751622
403,2010,1.0495400366606589
404,2010,2.868769403772319
405,2010,-0.14104051468331136
406,2010,-0.6485039680308518
407,2010,0.06008588862934516
408,2010,-0.8957823634589772
409,2010,1.308777872897295
410,2010,0.2775590236547316
411,2010,-0.6218922894120453
412,2010,2.561077721017682
413,2010,1.3786613416058628
414,2010,0.07627803304914949
415,2010,-0.12209021791819907
416,2010,0.5602843967683953
417,2010,1.0305794028839443
418,2010,-2.4852892873053065
419,2010,-0.06339178460572725
420,2010,0.023441709510365172
421,2010,1.1722384519887328
422,2010,1.7338752122081758
423,2010,-0.6279195024025199
424,2010,-0.8058885674441569
425,2010,1.1138619606702207
426,2010,2.0145269630088762
427,2010,-0.5353706729118812
428,2010,-0.46250460059275156
429,2010,1.1182508543572425
430,2010,-1.775249965545754
431,2010,1.3287660927000786
432,2010,-0.3277156770371903
433,2010,-0.0882860921125257
434,2010,1.5076412433264466
435,2010,1.0154714649880532
436,2010,-0.40347014996892483
437,2010,-0.67273155583419
438,2010,1.6826729786864405
439,2010,0.5860052769356372
440,2010,-1.200453246065777
441,2010,-3.0602854122490726
442,2010,1.3306668881556334
443,2010,0.15374116592320775
444,2010,-1.434538629022569
445,2010,-1.4673281572582226
446,2010,-0.8217890351395596
447,2010,0.12972401993877725
448,2010,-2.2505484533468945
449,2010,-0.2355760851677502
450,2010,1.6442777706646865
451,2010,-0.6236723897571324
452,2010,-3.1252407257582746
453,2010,0.6327694214429016
454,2010,-0.9934858993517395
455,2010,0.2868912474774703
456,2010,-0.8094996090667053
457,2010,1.028539511144075
458,2010,0.07814408384280114
459,2010,-0.09666949453961138
460,2010,0.13330752964800752
461,2010,-0.26681664533666094
462,2010,-0.31709230953478595
463,2010,1.8337426511631776
464,2010,0.20671998292178273
465,2010,-0.6442697129764525
466,2010,0.14150252886653902
467,2010,-1.5129401402885065
468,2010,0.2915637057634797
469,2010,-0.11364462189958147
470,2010,-0.11576239111977316
471,2010,-2.9755609509613095
472,2010,1.3245722869102678
473,2010,-0.3702623168238688
474,2010,-0.4916237316118952
475,2010,0.4896926701719053
476,2010,-0.50085597793381
477,2010,-2.4833150738036807
478,2010,-0.9857852150500719
479,2010,-0.5233831049149273
480,2010,0.5911332423313809
481,2010,-1.251698474856397
482,2010,1.439143333641283
483,2010,-0.22057071193158606
484,2010,2.2002151407084227
485,2010,-1.021494546885549
486,2010,1.7153513932410647
487,2010,2.1640580099341378
488,2010,0.703047759723276
489,2010,3.101659621066048
490,2010,-0.7389453144456866
491,2010,0.3257144267347769
492,2010,0.4648305530950836
493,2010,0.9729801496190049
494,2010,0.34099817685685707
495,2010,-0.3336181310069435
496,2010,-0.5330261096639219
497,2010,0.3748816088543805
498,2010,0.8679820317317422
499,2010,-1.358159776312533
500,2010,-1.485307084344285
1,2011,-1.8491845431556015
2,2011,-2.375045439572787
3,2011,-1.2661957534557189
4,2011,-1.1756369217566203
5,2011,-1.2404341680248478
6,2011,-3.4591971360836027
7,2011,-1.8784985356743817
8,2011,-1.5554656897409416
9,2011,0.4442181996875263
10,2011,-2.230658696454185
11,2011,-3.9445362558912365
12,2011,-1.1887220179761187
13,2011,-1.693526149404505
14,2011,-0.02596686643829571
15,2011,-1.9910927798043758
16,2011,-1.5679711620533965
17,2011,-0.8626851494864525
18,2011,-0.06496018382212299
19,2011,-0.8503225219045163
20,2011,-2.4219632450225674
21,2011,-0.5767465635429403
22,2011,-1.3359178739212183
23,2011,-1.479180934578551
24,2011,-0.8870055965453929
25,2011,-0.4469412219148694
26,2011,-1.1143944040835834
27,2011,-2.472282868825957
28,2011,-2.2864842678049513
29,2011,-2.5509338856431896
30,2011,-1.5785914081513681
31,2011,-1.0913373432207436
32,2011,-2.179084440068948
33,2011,-2.203947505269298
34,2011,-1.9872952410136122
35,2011,0.3140345753517835
36,2011,0.035771376662012244
37,2011,-1.8211110293471506
38,2011,-0.7250609592229296
39,2011,0.9839415370688442
40,2011,-0.6667068211300773
41,2011,-0.3242364697361637
42,2011,-2.9674582636107516
43,2011,-0.9573791447419779
44,2011,-3.03215579837331
45,2011,-1.295339128896245
46,2011,-3.9346733898005652
47,2011,-0.07555607637800676
48,2011,-2.541555407727401
49,2011,-1.9311281860604765
50,2011,0.30726534364401914
51,2011,0.8877563849354857
52,2011,-2.7870621929495485
53,2011,-2.4170660303988996
54,2011,-0.8069838821436122
55,2011,-0.1180176508816686
56,2011,-0.927143936374307
57,2011,-0.5897044003636864
58,2011,-2.038867781274675
59,2011,-1.4201161236265136
60,2011,-1.662375460081293
61,2011,-1.6401600015967972
62,2011,-1.946770834206177
63,2011,-2.4788171967392287
64,2011,-1.3947856242129433
65,2011,-0.19435657358590674
66,2011,-1.0279057015332569
67,2011,-1.8510395632959842
68,2011,-2.130613301181029
69,2011,-1.8807647230133568
70,2011,-0.6891421691508555
71,2011,-1.866297773197573
72,2011,-3.6156397930954256
73,2011,-1.142614226464957
74,2011,-1.5677652597577492
75,2011,-0.9367631387003144
76,2011,-2.68109230890191
77,2011,-1.6516091316001393
78,2011,0.2751735903055845
79,2011,-3.11686884848978
80,2011,-0.7514471322101883
81,2011,0.07800364462853793
82,2011,-1.604736011467466
83,2011,-2.7573889137215417
84,2011,-1.3549170874003096
85,2011,-2.0006103947646636
86,2011,-1.4392968739969945
87,2011,-1.24204241956339
88,2011,-1.176067697999997
89,2011,-3.714360568361414
90,2011,-2.504598461317599
91,2011,-1.479564007207756
92,2011,-2.9945543407764887
93,2011,-1.6127397545259896
94,2011,-1.5768207267824152
95,2011,0.24505664083720546
96,2011,-1.6916951438000183
97,2011,-2.4729885954920405
98,2011,-0.9334070913681956
99,2011,-0.2630054315807371
100,2011,-0.9655579681538597
101,2011,-0.018273195472559678
102,2011,-0.36591538584633554
103,2011,-1.3564249371674748
104,2011,-0.7247675636292144
105,2011,-1.314504691095891
106,2011,-1.0361710724510544
107,2011,-1.96221145768682
108,2011,-1.3987699951235584
109,2011,-2.8719602348913895
110,2011,-0.17397763723022308
111,2011,-1.493348733918566
112,2011,-1.4597387197445784
113,2011,-0.718260895046626
114,2011,-0.8908593533802218
115,2011,-1.0002192506205176
116,2011,-2.109364816270457
117,2011,-1.8069660214875682
118,2011,-1.8625347657311124
119,2011,-0.7823110641887752
120,2011,0.17458140341963713
121,2011,-1.7289174650098147
122,2011,-0.8398526240328579
123,2011,-1.3308052473887244
124,2011,-3.3038587618795248
125,2011,-0.8617534169386545
126,2011,0.09041914625395009
127,2011,-2.4425536026283794
128,2011,-2.1812197927534385
129,2011,-2.4755710043311296
130,2011,-1.3725788821017773
131,2011,-1.4012960316914302
132,2011,-1.1330024656362099
133,2011,-0.8529818499395958
134,2011,-0.13300255903992309
135,2011,-0.5802473891249065
136,2011,0.0886764268581004
137,2011,-0.48756788472050516
138,2011,-2.590168065511591
139,2011,-1.5527611580122027
140,2011,-2.185502242757053
141,2011,-0.368353992901433
142,2011,-1.1260337686837971
143,2011,-4.405550433368148
144,2011,-0.03172592666952312
145,2011,-1.0915117581787968
146,2011,0.3226077898418822
147,2011,-3.182075491748975
148,2011,-0.8048198907788731
149,2011,-3.1242022637300835
150,2011,-1.7693984660621709
151,2011,-1.3045888463158093
152,2011,-4.431649735685795
153,2011,-0.87484413439023
154,2011,-0.924106033013885
155,2011,-2.2172291082153066
156,2011,-3.1506721053882814
157,2011,-2.707241082587771
158,2011,-1.4634977764993096
159,2011,-1.9094012337009758
160,2011,-2.8576765000764226
161,2011,-0.2695994805005455
162,2011,-1.6425541688918344
163,2011,-0.7753427012495706
164,2011,0.25717871894465816
165,2011,-0.16125277112379877
166,2011,-2.5098919235392003
167,2011,-2.344715825780355
168,2011,-1.375189408137885
169,2011,-3.6328859801637634
170,2011,-0.29581651731572833
171,2011,-0.2219491499067061
172,2011,-1.5413563921398747
173,2011,-0.6713089435130257
174,2011,-2.7891747659525663
175,2011,-1.2684919844589757
176,2011,-2.1258042830594093
177,2011,-1.7971175127051708
178,2011,-1.610561583883353
179,2011,-0.9719704043067736
180,2011,-1.062434746809771
181,2011,-4.685748946723848
182,2011,-3.657540736725437
183,2011,-2.349286971588768
184,2011,-0.22833234363832844
185,2011,-2.0840431366234213
186,2011,-4.29487962910963
187,2011,-2.6708487310773137
188,2011,-3.5615781224382204
189,2011,-2.341010550924338
190,2011,-0.5566008370868474
191,2011,-2.3651398324979027
192,2011,-0.9157620038000687
193,2011,-1.58038376175341
194,2011,-0.031764393385330436
195,2011,-2.392765192767186
196,2011,-1.8674503490254182
197,2011,-1.5327607839331279
198,2011,-2.305421531326715
199,2011,-1.9048060068026302
200,2011,-2.5916275199178784
201,2011,-2.5465072315230657
202,2011,-2.206423641923365
203,2011,-2.315527430487194
204,2011,-1.6871589938116074
205,2011,-2.815180223899887
206,2011,-1.7774746703881306
207,2011,-3.1251016650046495
208,2011,-4.152758105650321
209,2011,-1.6616690046370195
210,2011,0.1833220506033797
211,2011,-1.8388801478303378
212,2011,-0.4309814658305129
213,2011,-2.91096727380895
214,2011,0.24474542555637413
215,2011,-0.06317697370765529
216,2011,-1.1608511109510147
217,2011,-1.636335443411241
218,2011,-2.4204041375536747
219,2011,-0.5859328921333997
220,2011,-1.1173885983717184
221,2011,-0.33349268476797533
222,2011,-2.0324364018503616
223,2011,-0.9397237186016127
224,2011,-2.5888772357681376
225,2011,-2.3883267049913854
226,2011,-2.023286894081707
227,2011,-2.297123909562032
228,2011,-1.6029763678187834
229,2011,-2.6154906709521555
230,2011,-2.2570185972243877
231,2011,0.17070810090012856
232,2011,-2.4114768873695596
233,2011,-2.084885567477869
234,2011,-0.29627111922526694
235,2011,-1.5371036836339158
236,2011,-2.146230463907898
237,2011,-2.2941031664167326
238,2011,-2.6564174846805173
239,2011,-1.7840095549515809
240,2011,-1.6628305178150953
241,2011,-0.72203780295375
242,2011,-0.9016216917826227
243,2011,-0.9686519122892321
244,2011,-2.0118902142074546
245,2011,-0.6343449012285163
246,2011,-1.7224645291063894
247,2011,-1.0833929297080545
248,2011,-0.7701321020514627
249,2011,-2.666030754783563
250,2011,0.030253107950102276
251,2011,-0.049836886651661416
252,2011,-1.9812259884578935
253,2011,-2.243051946778735
254,2011,-3.384990834392738
255,2011,-1.3005622634775449
256,2011,-3.176506885302814
257,2011,-1.352447912203118
258,2011,-0.38804145705123716
259,2011,-0.47962176526436906
260,2011,-1.8902351666963426
261,2011,-1.1132622631632643
262,2011,-1.6196814335889087
263,2011,-1.9312283949695654
264,2011,0.07720455521757685
265,2011,-2.0895667454364144
266,2011,-1.7261777228773951
267,2011,-1.882350232419725
268,2011,-1.976193689233412
269,2011,-2.1242111343927377
270,2011,-3.78043189406813
271,2011,-0.5056307156499855
272,2011,0.24240768278073688
273,2011,-1.6720670573380119
274,2011,-1.7961768065034676
275,2011,-2.813220122122246
276,2011,-3.2692353429276437
277,2011,-5.56737515521516
278,2011,-2.6776889738879674
279,2011,0.5512986605159966
280,2011,-0.7535304657967856
281,2011,-2.5373880060590466
282,2011,-0.5075029643114135
283,2011,-0.8091928787699487
284,2011,-1.5373344695429125
285,2011,-3.6408378878451515
286,2011,1.8169283951398256
287,2011,0.25185997800029725
288,2011,-0.5546270058132166
289,2011,-1.5119502463843588
290,2011,-1.972606231663292
291,2011,-0.9745461995372295
292,2011,-3.4796847268023896
293,2011,-1.9235097901705558
294,2011,-1.7338143937560915
295,2011,-0.7319686327980293
296,2011,-1.2940682193891178
297,2011,-1.717085499874912
298,2011,-1.188709321641511
299,2011,-1.2697487756399966
300,2011,0.5820152378434358
301,2011,-3.1738592119647535
302,2011,-0.04432694225485534
303,2011,-1.5045913122339982
304,2011,-0.1500751089165817
305,2011,-0.7935110135932462
306,2011,-1.2403636814815968
307,2011,0.054524341718376945
308,2011,-1.6093603877931173
309,2011,-1.6421471329370405
310,2011,-2.002079029925028
311,2011,-1.6200854115720915
312,2011,-1.8914603162322834
313,2011,-0.7930945265946292
314,2011,-2.0133232633604905
315,2011,-2.1081076972005803
316,2011,-1.342121186292701
317,2011,-0.3916209383218927
318,2011,-1.9505975712132795
319,2011,-1.1114154753111336
320,2011,-4.638864802521994
321,2011,-2.766427828955756
322,2011,-2.8163150896811544
323,2011,-2.370783981187259
324,2011,0.28502807554366427
325,2011,-1.2639774061152167
326,2011,-2.286389851692107
327,2011,-1.2874464445887952
328,2011,-1.8755357729342563
329,2011,-2.736663935983813
330,2011,-1.8837197425956873
331,2011,-2.1828164234642315
332,2011,-0.21864770855691518
333,2011,-1.7204775701661106
334,2011,-1.5504658449198843
335,2011,-4.236182390872372
336,2011,-1.0679938220306582
337,2011,-1.4586394031622376
338,2011,-2.527153311622186
339,2011,-2.1985954220243684
340,2011,-1.6564987836643752
341,2011,1.2455229156009437
342,2011,-3.6652160792488786
343,2011,-0.48431442315518325
344,2011,-0.35032961913816507
345,2011,-1.813549799595748
346,2011,-1.0747858462975728
347,2011,-0.5379779425622786
348,2011,-2.7679953040841525
349,2011,-2.2035852569984513
350,2011,0.05593960782506713
351,2011,-0.8908380546582322
352,2011,-1.0798565045395634
353,2011,-2.69582657630923
354,2011,-2.5331440995005465
355,2011,-1.5392240138132678
356,2011,-0.05258303941620568
357,2011,-1.9102918541310316
358,2011,-1.4346761629014964
359,2011,-1.482292343850773
360,2011,-0.9184988866653612
361,2011,-2.399198512034957
362,2011,-1.0025402952826
363,2011,-1.9424443791019712
364,2011,-0.38859575402996427
365,2011,-2.3683180568089597
366,2011,-5.54658182784587
367,2011,-1.4284596254625512
368,2011,0.8818433814830229
369,2011,-1.7317607504133008
370,2011,0.9032163656744387
371,2011,-0.5295504467959944
372,2011,-1.2759846614936237
373,2011,-1.1502577026797525
374,2011,-0.5080288366981733
375,2011,-2.4158049913876454
376,2011,-1.2536780135096706
377,2011,-1.0728133406935854
378,2011,-5.182296716788699
379,2011,-2.4936250905193873
380,2011,0.023955369674268923
381,2011,-3.3426141100207474
382,2011,-0.061217572316735414
383,2011,0.10241234961578982
384,2011,0.41651694904240344
385,2011,-1.811223013131979
386,2011,-4.07041466468101
387,2011,-4.166951105807726
388,2011,-1.6884382073759667
389,2011,-7.031386270906012
390,2011,-0.9546404455817594
391,2011,-0.53769183084529
392,2011,0.7179545080432064
393,2011,-0.06575632838992362
394,2011,-3.724118693923316
395,2011,-0.8863524732106924
396,2011,-0.8795586240868261
397,2011,0.23092042292660153
398,2011,-1.678043777052281
399,2011,0.3014710429209231
400,2011,-1.6981639590234607
401,2011,-1.5571416222614403
402,2011,-1.0546920436200509
403,2011,-2.362032011258094
404,2011,-2.862520101062188
405,2011,-2.6759198014301546
406,2011,-0.37675974418434066
407,2011,-2.2493226952357475
408,2011,-2.490929135597554
409,2011,-3.002998730879412
410,2011,-1.5322714552975043
411,2011,0.7265655407054368
412,2011,-1.5767570300278209
413,2011,-1.0381755250879507
414,2011,-1.4080161884825344
415,2011,-1.6650908786387504
416,2011,-1.2379170305155327
417,2011,-0.25813563955745167
418,2011,-1.613570872350948
419,2011,-0.8800448578738553
420,2011,-1.4382802041567402
421,2011,0.33436385274086433
422,2011,-0.3583502214852672
423,2011,-0.45853552065743486
424,2011,-1.7046224568745458
425,2011,-3.5459121114892014
426,2011,-2.840275915571283
427,2011,0.4687350928544163
428,2011,-2.602152223465822
429,2011,-1.7267620449870975
430,2011,-1.166912373807719
431,2011,-0.7797873744209909
432,2011,-2.648458463414414
433,2011,-1.7613944690608605
434,2011,-1.8703023930486609
435,2011,-1.4409557423570618
436,2011,-1.668124271918245
437,2011,-1.693545190964528
438,2011,-2.6314787016803365
439,2011,-2.7291751878512827
440,2011,-0.9718068729897311
441,2011,0.4567809663997764
442,2011,-3.494592748565452
443,2011,-0.5465131207253364
444,2011,0.07518278689440194
445,2011,-0.28857010464928123
446,2011,-1.2712460126529663
447,2011,-1.3834133661969332
448,2011,-0.4921589449544683
449,2011,-2.111847244361485
450,2011,-6.181539670707849
451,2011,-2.739886608618633
452,2011,-1.6850623387050376
453,2011,-3.477407246918972
454,2011,-0.46392019902684467
455,2011,-0.052223995604649076
456,2011,-0.2471103310377174
457,2011,-1.1207155984726427
458,2011,0.7789094934434075
459,2011,-1.6246513909788263
460,2011,-1.7580653678001852
461,2011,-0.058364347360651436
462,2011,-0.6308120251815978
463,2011,-3.3413876562115234
464,2011,-4.233965120485777
465,2011,-0.02649881215337757
466,2011,-2.151919593053293
467,2011,-1.5401302734255324
468,2011,-0.5133262929172133
469,2011,-1.5990680016159189
470,2011,-1.8451767220822148
471,2011,0.48344874268816795
472,2011,-0.7311049687893387
473,2011,-2.61288980322351
474,2011,-1.4399450284003024
475,2011,-1.4187179443662217
476,2011,-2.1992271283966716
477,2011,-0.5810145394756319
478,2011,-2.9688792736458964
479,2011,0.10947998812994797
480,2011,-2.1590329172271936
481,2011,-1.9002390346987852
482,2011,-1.2707412564832055
483,2011,-0.5690643448145352
484,2011,-3.643337712611782
485,2011,-3.171848458301966
486,2011,-4.896625291863415
487,2011,-0.512263052888315
488,2011,-0.5979487670572183
489,2011,-2.229831483173541
490,2011,0.07488148003892547
491,2011,-2.06020324890315
492,2011,-0.6622836013291362
493,2011,-2.23347032574938
494,2011,-3.1048171233021407
495,2011,-1.5912155326558661
496,2011,-1.9584091095153724
497,2011,0.1692918771969829
498,2011,-2.9170990551870375
499,2011,-1.1452539590444104
500,2011,-2.572384078863209
1,2012,-2.3442652574308056
2,2012,-0.3887566085175962
3,2012,-0.707218964617681
4,2012,-1.187212501022941
5,2012,-0.7688738543028677
6,2012,-1.9965972093614397
7,2012,-0.4963284745429064
8,2012,-2.051646861014504
9,2012,-0.8727423577631868
10,2012,-3.4378671972932295
11,2012,-2.0462966088905006
12,2012,-1.3529769604713948
13,2012,-1.3296313793907188
14,2012,0.9187880628755636
15,2012,-2.5194186773649108
16,2012,-1.1510423043542914
17,2012,-1.9555661636491095
18,2012,-1.4997670806386196
19,2012,1.8276195116223874
20,2012,-2.4148307843180703
21,2012,-0.6259811391166181
22,2012,-0.8327795632975921
23,2012,-2.2680308298174054
24,2012,-3.6839550365382934
25,2012,-3.031706922245121
26,2012,-1.3774600838642357
27,2012,-2.2223968863357157
28,2012,-2.708392496049015
29,2012,-0.6125363161379624
30,2012,-1.9054319982545564
31,2012,-2.115588683744619
32,2012,-2.7211457415719167
33,2012,-1.9382930614952727
34,2012,-2.9852376720500047
35,2012,0.813495243254593
36,2012,-1.1874694615714958
37,2012,-0.9648353584280756
38,2012,-0.6945675643725195
39,2012,-2.46665257903814
40,2012,-3.811088868639075
41,2012,-1.0066114278060638
42,2012,-2.5147804347041642
43,2012,-0.9169966129318539
44,2012,-3.2014047842224045
45,2012,-1.3703479952823727
46,2012,-2.2925407640323954
47,2012,0.0807969910861317
48,2012,-2.6573038887935354
49,2012,-2.7061682450421785
50,2012,-1.0232004168787938
51,2012,0.3922549698443305
52,2012,-2.531721210634572
53,2012,-3.242699540971927
54,2012,-1.476792636721271
55,2012,-1.6398224203923917
56,2012,-1.733158147735324
57,2012,-0.0266396624995906
58,2012,-1.7266061976891791
59,2012,-3.431983824336328
60,2012,-1.6774474313203598
61,2012,-2.5119782410940417
62,2012,-1.947050069215095
63,2012,-0.928352664866253
64,2012,-1.7208149584877503
65,2012,0.44986816010131747
66,2012,-2.7117792915304904
67,2012,-0.5954852946240976
68,2012,-2.2386728162188376
69,2012,0.31761719166300395
70,2012,-1.449597769953229
71,2012,-2.603549774576834
72,2012,-2.5481536642674456
73,2012,-3.045356191151768
74,2012,-1.0709064420343282
75,2012,-2.255444152699866
76,2012,-2.499824154725559
77,2012,-2.652497217179956
78,2012,-0.30575172274684803
79,2012,-2.8349551663086956
80,2012,-1.733232186738391
81,2012,-1.2802986594265207
82,2012,-0.9181197862063755
83,2012,-1.2277202054176257
84,2012,-3.0520807213665933
85,2012,-3.0229086145076565
86,2012,-2.128567321107056
87,2012,-2.079174577249205
88,2012,-0.6412591785279744
89,2012,-1.9593434085390413
90,2012,-1.1550252015989741
91,2012,-2.3838306349344123
92,2012,-2.965627684392558
93,2012,-1.7120226306909103
94,2012,-1.6565203326202038
95,2012,-1.9568235255732418
96,2012,-2.7628928977770215
97,2012,-3.1510111314741494
98,2012,-1.1144669807728462
99,2012,-1.7627770533323286
100,2012,-0.5861811075030232
101,2012,-1.4181957007040182
102,2012,-0.11735797256646663
103,2012,-2.8586212173032948
104,2012,-3.3240983952851337
105,2012,-2.152712589388571
106,2012,-2.266120147713508
107,2012,-1.0420554092571734
108,2012,-3.0997691760885004
109,2012,-1.9810955951413973
110,2012,-0.16718823699817165
111,2012,-0.5420288155040964
112,2012,-3.0192935886605454
113,2012,-1.2087892396474444
114,2012,-1.7596235082086764
115,2012,-2.1662661799435625
116,2012,-2.061763711696827
117,2012,-2.766463795086338
118,2012,0.1622139922773158
119,2012,-1.7970662726432352
120,2012,-1.2827703502061354
121,2012,-2.561613448990542
122,2012,-1.092946167041731
123,2012,-3.3060050414116233
124,2012,1.877489841636006
125,2012,-1.9743332905025426
126,2012,-3.0257624238303293
127,2012,0.3600889724481817
128,2012,-2.5048463712805216
129,2012,-3.0977525971563864
130,2012,-1.2546293152119574
131,2012,0.013686412901449785
132,2012,-1.9381512592733685
133,2012,-0.21114854873168554
134,2012,-2.261740477007635
135,2012,-1.0015724972882083
136,2012,-2.2381846129426464
137,2012,-1.2136167956211636
138,2012,-2.166654098114634
139,2012,-0.7210015462788135
140,2012,-2.710106188607199
141,2012,-2.8648932479251528
142,2012,-0.9071561024673969
143,2012,-3.695552070611271
144,2012,-0.3854127161126115
145,2012,-1.7640455715371957
146,2012,-2.188614366751878
147,2012,-3.013355875089786
148,2012,-2.1815050959405085
149,2012,-2.9201579151871044
150,2012,-1.7908334130901409
151,2012,-2.7448351960309907
152,2012,-3.3345905258192943
153,2012,-2.186921272693212
154,2012,-2.4584907212306746
155,2012,-1.5772830489720064
156,2012,-3.735593146759726
157,2012,-1.8706476958170413
158,2012,-2.5511762840772008
159,2012,-1.7990199119679176
160,2012,-2.922241348249784
161,2012,-1.994241403537245
162,2012,-2.773852222613357
163,2012,-3.028617315880382
164,2012,-1.2773682317660189
165,2012,0.44500413074244705
166,2012,-2.5667001810228385
167,2012,-2.5137152952199244
168,2012,-1.5296039027449524
169,2012,-2.7980246040878
170,2012,-1.1491872973611805
171,2012,-1.614589665749051
172,2012,-3.745904884143087
173,2012,-1.5775830131526902
174,2012,-3.038618170759335
175,2012,-1.4203669673574097
176,2012,-4.634916712201061
177,2012,-2.1167896414037273
178,2012,-0.9081530915808145
179,2012,-2.055138105095267
180,2012,0.45847516149528644
181,2012,-2.1101758895901526
182,2012,-2.088773077917594
183,2012,-2.639487217059525
184,2012,-1.9886575438522982
185,2012,-3.850919382140546
186,2012,-2.7725681886642377
187,2012,-3.510677162027406
188,2012,-2.2038128712516
189,2012,-3.2251273318539546
190,2012,-1.5547602992048297
191,2012,-2.4801810684872265
192,2012,-2.044623042702085
193,2012,-0.15364407777666145
194,2012,-2.4992960364685075
195,2012,-1.3246378473663754
196,2012,-1.4818851690084927
197,2012,1.5420596485043632
198,2012,-2.8151532092317666
199,2012,-0.9013836415614946
200,2012,-0.8850894454689495
201,2012,-1.3307821328928355
202,2012,-1.440139843818102
203,2012,-2.580451503061809
204,2012,-2.8570563084062996
205,2012,-0.9931787553120159
206,2012,-2.5402286351439898
207,2012,-1.8003926637451855
208,2012,2.0587961528652414
209,2012,-2.357513796571709
210,2012,-3.408580322284365
211,2012,-1.2989388856324382
212,2012,0.6703421283708622
213,2012,-2.0912132881523178
214,2012,-0.2574898758524
215,2012,-1.1758800364362827
216,2012,-0.42070441779793555
217,2012,-2.1087321394993808
218,2012,-2.762296731319367
219,2012,-2.3256623688599234
220,2012,-1.1392547697250706
221,2012,-1.2764166002376953
222,2012,-3.225506578987961
223,2012,-2.2795178294068563
224,2012,-2.0091029294761995
225,2012,-0.17215937348274224
226,2012,-2.438154725322363
227,2012,-0.8406044897184017
228,2012,-2.2537409769164043
229,2012,-1.585208690203089
230,2012,-3.7543779113320426
231,2012,-0.44986907679353294
232,2012,-3.354425261047936
233,2012,-2.9712778231267407
234,2012,-1.6450110326053107
235,2012,-1.2343380449147219
236,2012,-3.448852587340042
237,2012,-1.45718415670855
238,2012,-3.0885435877063827
239,2012,-3.7973389140936717
240,2012,-3.1249828307555276
241,2012,-2.9078957030375534
242,2012,-0.8922291035965628
243,2012,-2.7184122958123282
244,2012,-0.15668345953683627
245,2012,-1.257730914449823
246,2012,-1.8044363272081796
247,2012,-1.4481068695787087
248,2012,-2.2297946055632707
249,2012,-3.5521207294470827
250,2012,0.4274346438440517
251,2012,-1.0790184558297682
252,2012,-0.3081255609270528
253,2012,-1.4527849496184047
254,2012,-3.22134319922111
255,2012,-2.1591196554139316
256,2012,0.5437018152754547
257,2012,-1.1691816551986136
258,2012,-0.5467903670145802
259,2012,-1.2200910962282165
260,2012,-0.10675669447059022
261,2012,-0.41403826149813483
262,2012,-1.3521801480302287
263,2012,-1.2533203116600475
264,2012,-0.3096788309109968
265,2012,-2.9299557795101236
266,2012,-3.8631366163741347
267,2012,-2.7669064140448683
268,2012,-1.9002253161001903
269,2012,-3.581022157481499
270,2012,-2.2820326717967134
271,2012,-2.015085040954247
272,2012,-2.5426457760589187
273,2012,0.9996633185622841
274,2012,-0.9782996227583567
275,2012,-2.6189734278894576
276,2012,-1.8196060532101086
277,2012,-2.5522086730093747
278,2012,-1.6710222487261603
279,2012,1.194162843396711
280,2012,-2.336541019004599
281,2012,-2.960647365162828
282,2012,0.5643151293530764
283,2012,-2.4696017502641325
284,2012,-1.868656845004267
285,2012,-2.0333340950713534
286,2012,1.5628971969272527
287,2012,-0.5798210959976018
288,2012,-0.5349052142664874
289,2012,-3.6707854154102364
290,2012,-2.274703345183994
291,2012,0.574090214483391
292,2012,-0.7320635110709475
293,2012,-3.3940705492947245
294,2012,-0.43715040417284
295,2012,-1.7902051293847734
296,2012,-1.6259305900050833
297,2012,-2.288776474740189
298,2012,-1.9911828423911402
299,2012,-2.480396548451438
300,2012,-0.2853153129744612
301,2012,-4.077342805048332
302,2012,-1.2685621143130845
303,2012,-2.889099362929727
304,2012,1.0744823142995301
305,2012,-1.0775975910970175
306,2012,-0.7984365636997666
307,2012,-1.8911003153216228
308,2012,-1.0936974100035002
309,2012,-1.6479655206554753
310,2012,-1.416104332944542
311,2012,-2.2725423054030216
312,2012,-0.7531081954615075
313,2012,-2.267203750016904
314,2012,-2.5222002255588336
315,2012,-0.8296062455057438
316,2012,-2.1519574188213255
317,2012,-1.507662543080997
318,2012,-0.6391967456207226
319,2012,-2.697901267903873
320,2012,-3.7952575806389746
321,2012,-1.3880993823916299
322,2012,-2.069592417265895
323,2012,-2.9411844435891226
324,2012,-1.2332099536222927
325,2012,-2.019463585368513
326,2012,-2.696615363008931
327,2012,0.7018584440860707
328,2012,-2.433517268166952
329,2012,-1.9681976524626066
330,2012,-2.504222555685871
331,2012,-1.9437786296665251
332,2012,0.30928743137602055
333,2012,-2.788996827660327
334,2012,-1.5667770843131024
335,2012,-3.1442273399802474
336,2012,-0.2761328949277271
337,2012,-0.40364390337656175
338,2012,-2.040762638642576
339,2012,-2.223946211425158
340,2012,-2.568884093831713
341,2012,-3.7460074410668085
342,2012,-1.431091827559328
343,2012,-2.768442296992248
344,2012,-1.2205332525333574
345,2012,-2.0660306145591534
346,2012,-1.063449991450824
347,2012,-1.3854120584461214
348,2012,-1.5497353731625623
349,2012,-3.6874920931389283
350,2012,0.47782462051296193
351,2012,-2.8656391911931394
352,2012,-2.056651909317935
353,2012,-1.3019816084868978
354,2012,-3.2989238435759063
355,2012,-0.7684125545849128
356,2012,-2.691532256238304
357,2012,-3.9030424018159806
358,2012,-1.7507680859590948
359,2012,-0.7103461748517219
360,2012,-2.7416000391438047
361,2012,-2.5502048265684607
362,2012,-1.6785560434748419
363,2012,-1.761888252219805
364,2012,0.15196578637697655
365,2012,-2.44487312553413
366,2012,-5.687368059212531
367,2012,-1.8760130596524789
368,2012,-1.1623927241286225
369,2012,-2.3147234777899826
370,2012,-2.818441190147766
371,2012,-0.35746899340225013
372,2012,-1.0345585503582981
373,2012,-1.6066781070737477
374,2012,-2.458651816206242
375,2012,-2.0917818063529126
376,2012,-0.3001884121905505
377,2012,-1.2965867128187938
378,2012,-3.659830178859039
379,2012,-1.918109252724605
380,2012,-2.161072523731093
381,2012,-3.1323786699997243
382,2012,-0.5745176935931084
383,2012,-2.514858996238729
384,2012,-1.8205085397021321
385,2012,-3.338093192132334
386,2012,-3.8494196656404824
387,2012,-1.23882995644081
388,2012,-2.6513915142106868
389,2012,-3.6058649597162002
390,2012,-1.5624955450208518
391,2012,-0.8078348485430382
392,2012,-1.569876917355728
393,2012,-1.0363883486219834
394,2012,-1.1531389818752302
395,2012,-3.322420111113672
396,2012,-1.8284835965503419
397,2012,-2.4494336691886645
398,2012,-2.8165895652579565
399,2012,-0.41097495155997876
400,2012,-1.9300860958827997
401,2012,-1.1351938569016227
402,2012,-0.8668852147146282
403,2012,-1.4566927010610868
404,2012,-1.4145711256747404
405,2012,-3.3824803301548627
406,2012,-1.259198071361169
407,2012,-2.924948170364047
408,2012,-3.3270156496274694
409,2012,-1.515265000961719
410,2012,-1.7363914097517608
411,2012,-0.2654644694365089
412,2012,-0.7462984806329729
413,2012,-1.0140385789052289
414,2012,-2.080216588523996
415,2012,-1.8501221483022334
416,2012,-0.5017924213795766
417,2012,-0.5179401623699249
418,2012,-0.6698480389644885
419,2012,-3.0974682129633493
420,2012,-2.056551426483793
421,2012,-1.7544775108079307
422,2012,-2.3707658475043445
423,2012,-1.176341433578557
424,2012,-1.369193271220297
425,2012,-1.1649910791537934
426,2012,0.7082725967140675
427,2012,-1.4438354309407657
428,2012,-1.8543795109474956
429,2012,-2.2332346701524983
430,2012,-1.8992402053901287
431,2012,-0.8928515689178766
432,2012,-2.4181878346352335
433,2012,-2.274228000593723
434,2012,-2.8554336815325883
435,2012,-1.7410977830183754
436,2012,-1.5310283598315806
437,2012,-3.6833890310012123
438,2012,-3.219460131702803
439,2012,-1.5051958098634515
440,2012,-0.40824760264671056
441,2012,0.26880071553119933
442,2012,-4.240459419231172
443,2012,-2.6832384464428287
444,2012,-2.5661291180829267
445,2012,-0.570621840777136
446,2012,-2.367712742158446
447,2012,-3.892070611928105
448,2012,-1.8363753640402933
449,2012,-3.566906596677782
450,2012,-3.490897210929802
451,2012,-3.026107108390164
452,2012,-2.1436787802304593
453,2012,-3.707496446640505
454,2012,0.34586863344368624
455,2012,-0.47927566392773713
456,2012,-2.345627446058529
457,2012,-1.9138152193514628
458,2012,-0.6128232237536793
459,2012,-1.9852676065345491
460,2012,-1.4263116432922658
461,2012,-1.6005348898810325
462,2012,0.7852146176392125
463,2012,-0.1290472421420361
464,2012,-3.02467758940179
465,2012,-1.848487437058239
466,2012,-2.014006399159058
467,2012,-2.4933839471704715
468,2012,-1.5428629691696756
469,2012,-0.7723417394520169
470,2012,-1.7671305341172001
471,2012,-2.4392277953599404
472,2012,-2.1011491781009113
473,2012,-1.9058165676009935
474,2012,-4.2448650985881216
475,2012,-3.0969567742913853
476,2012,-3.505578023501272
477,2012,-0.5070869631316555
478,2012,-1.6970667704459999
479,2012,-0.576034670768081
480,2012,-1.9429222747755546
481,2012,-2.1024999980458574
482,2012,-1.5323638241800381
483,2012,-1.737026051753645
484,2012,-1.6449171430561051
485,2012,-2.485414490637453
486,2012,-2.9505968147605586
487,2012,-1.297997647537514
488,2012,-1.0810385483957674
489,2012,-3.195463715186847
490,2012,-0.7532687293421532
491,2012,-2.0919649625271006
492,2012,-2.565780695743527
493,2012,-2.495658919477279
494,2012,-2.3165175135191305
495,2012,-1.2134374272367552
496,2012,-3.0487751081144836
497,2012,-0.03733673169446661
498,2012,-0.5237913968154828
499,2012,-2.796654758562994
500,2012,-1.7738872768576641
1,2013,-6.946093343525561
2,2013,-4.5805821616609705
3,2013,-5.841112586144277
4,2013,-10.421580047470059
5,2013,-4.340986592817799
6,2013,-6.579637156814556
7,2013,-5.013111310911299
8,2013,-9.070584175119436
9,2013,-3.872974010075282
10,2013,-7.669481094006414
11,2013,-8.134782262391994
12,2013,-5.10033893161706
13,2013,-6.776946570076092
14,2013,-3.7634456933345177
15,2013,-5.775687120802189
16,2013,-3.9348126812503637
17,2013,-3.992173013423951
18,2013,-5.117902502258843
19,2013,-4.270211922351322
20,2013,-6.298130555873598
21,2013,-4.996213451680916
22,2013,-5.104494947467899
23,2013,-5.296607820831639
24,2013,-6.574710132960007
25,2013,-5.940235746824499
26,2013,-3.62535663912152
27,2013,-4.651451447606391
28,2013,-5.531740495750199
29,2013,-9.176498300854675
30,2013,-5.94553438573999
31,2013,-4.375377626961665
32,2013,-7.853160122326102
33,2013,-7.004996534122768
34,2013,-7.045066012055685
35,2013,-4.934356173587403
36,2013,-4.432849672630439
37,2013,-7.730607689451233
38,2013,-6.243794682012023
39,2013,-7.307412633617503
40,2013,-9.465880626560335
41,2013,-5.544242216103299
42,2013,-8.001527625695246
43,2013,-7.902740408897941
44,2013,-7.2237094955501675
45,2013,-3.831878553902783
46,2013,-10.078785891394048
47,2013,-2.4579751867353963
48,2013,-9.18450388723494
49,2013,-6.280093727141278
50,2013,-6.533191592153614
51,2013,-3.0482200690629924
52,2013,-6.980500618658965
53,2013,-8.104296986971463
54,2013,-6.267317616524295
55,2013,-4.168984923751665
56,2013,-5.259740036476373
57,2013,-1.8686350415390507
58,2013,-6.237119800795227
59,2013,-5.158286469179075
60,2013,-4.599500408787236
61,2013,-5.291151263484451
62,2013,-5.610064348882332
63,2013,-4.175718182340759
64,2013,-6.849345957364164
65,2013,-6.098354167837158
66,2013,-4.172809057091371
67,2013,-7.742272532127117
68,2013,-5.406256011372847
69,2013,-6.124587704550905
70,2013,-3.5920834511924937
71,2013,-6.38387099332715
72,2013,-5.9520961879032654
73,2013,-5.111428022120748
74,2013,-6.175227604723517
75,2013,-3.056797684894576
76,2013,-6.876368220793154
77,2013,-5.8197469310168515
78,2013,-3.4539540223803726
79,2013,-7.398355151406271
80,2013,-5.37220645113571
81,2013,-4.515103268709879
82,2013,-6.105900237866862
83,2013,-6.132930941579531
84,2013,-7.438127420697953
85,2013,-6.93994320185007
86,2013,-5.555660153588036
87,2013,-5.2783777669033185
88,2013,-4.9996304724388665
89,2013,-7.594246878065505
90,2013,-5.65170596929876
91,2013,-6.603304516053214
92,2013,-8.78085677722035
93,2013,-9.231622614596972
94,2013,-6.334261997057297
95,2013,-7.621040642498613
96,2013,-6.754506889574202
97,2013,-6.092719649966398
98,2013,-5.524386726321012
99,2013,-6.341582505619826
100,2013,-3.3855754596906706
101,2013,-5.267850328489388
102,2013,-4.365995864590545
103,2013,-5.576863180509321
104,2013,-5.317148072459801
105,2013,-6.8815339148085855
106,2013,-7.828238642535467
107,2013,-5.2386628931394625
108,2013,-5.869222587135226
109,2013,-5.492360405790237
110,2013,-4.200424026255064
111,2013,-4.9994648781591025
112,2013,-6.453713142622789
113,2013,-6.363873479752385
114,2013,-5.2454476110416834
115,2013,-6.108776885739559
116,2013,-4.4220289264391965
117,2013,-6.9229125743027
118,2013,-6.920279147148165
119,2013,-4.700715973850208
120,2013,-5.471301868209366
121,2013,-7.7013090291605835
122,2013,-3.7797344921370097
123,2013,-6.302888323633368
124,2013,-5.955770566445722
125,2013,-5.559660765604477
126,2013,-3.9745808009798935
127,2013,-5.53280577355963
128,2013,-5.963735602512912
129,2013,-7.57208612958712
130,2013,-8.02306085493315
131,2013,-8.560628588421565
132,2013,-4.39492056504055
133,2013,-5.108400009631964
134,2013,-5.982636294885822
135,2013,-4.158332859112235
136,2013,-5.558384931931499
137,2013,-7.601762666100768
138,2013,-7.586035639032474
139,2013,-5.24612676507661
140,2013,-10.154334240231606
141,2013,-6.37975604574271
142,2013,-4.0061358427702345
143,2013,-7.919117327017318
144,2013,-2.699668326647597
145,2013,-5.987094696742872
146,2013,-4.259756127067206
147,2013,-9.192866153084296
148,2013,-3.5316169423968518
149,2013,-6.713293394479919
150,2013,-5.563385224110718
151,2013,-6.752124352877445
152,2013,-7.954921911384375
153,2013,-6.888354070566777
154,2013,-5.557620797877277
155,2013,-5.154751320475768
156,2013,-7.002523750430413
157,2013,-5.537193526029085
158,2013,-4.676920929308579
159,2013,-5.806919045909467
160,2013,-6.294911657520757
161,2013,-5.820479270113822
162,2013,-6.432319396461992
163,2013,-6.114609552377146
164,2013,-3.109700198462292
165,2013,-4.31147961699503
166,2013,-5.643599680735647
167,2013,-7.014325151959156
168,2013,-7.590387177646733
169,2013,-8.977002973178685
170,2013,-9.43583862334279
171,2013,-5.081687921259558
172,2013,-6.496649228087563
173,2013,-5.515783677011754
174,2013,-5.912123684780653
175,2013,-4.561095582393719
176,2013,-6.96640275193613
177,2013,-4.458554921605014
178,2013,-8.167271851506527
179,2013,-6.891810634757434
180,2013,-3.423740049546936
181,2013,-6.413871835430882
182,2013,-4.640033183023675
183,2013,-5.211036940803908
184,2013,-5.393708756464662
185,2013,-10.08931073855041
186,2013,-6.701926224202239
187,2013,-7.824448508775873
188,2013,-6.303208555866817
189,2013,-6.773065575416908
190,2013,-5.982373377332323
191,2013,-7.471657166216289
192,2013,-5.853246617327102
193,2013,-4.124858103587613
194,2013,-5.9316017693027305
195,2013,-7.046841646222006
196,2013,-5.747269354796501
197,2013,-4.034423197452014
198,2013,-7.839434640420194
199,2013,-4.375331418967406
200,2013,-3.2278708695735503
201,2013,-4.628885310500721
202,2013,-5.476066650565272
203,2013,-6.401512143357834
204,2013,-7.430955393482435
205,2013,-6.784077364103865
206,2013,-7.80607021821038
207,2013,-6.914554395748411
208,2013,-5.971778516497466
209,2013,-5.5759198795761336
210,2013,-5.373982831974644
211,2013,-5.581930042881908
212,2013,-6.070574233279359
213,2013,-7.286952024230146
214,2013,-4.89565148911322
215,2013,-4.592428016656328
216,2013,-4.942940918989748
217,2013,-6.471628033285441
218,2013,-7.622621719172713
219,2013,-5.043387311058439
220,2013,-4.131277053769267
221,2013,-3.5460235298046427
222,2013,-5.812041345806193
223,2013,-6.936611041171375
224,2013,-6.4442315185094685
225,2013,-7.352755246467979
226,2013,-7.931325992147777
227,2013,-7.362942374110503
228,2013,-5.028695310330605
229,2013,-7.437036150547925
230,2013,-8.257388992929393
231,2013,-5.846349608558597
232,2013,-7.793755204961457
233,2013,-5.998991499045957
234,2013,-4.4365661608546105
235,2013,-6.875976573031124
236,2013,-8.13586362749649
237,2013,-6.7140344937451175
238,2013,-7.239088649773279
239,2013,-6.69144550416388
240,2013,-6.530094710780361
241,2013,-7.004012971936632
242,2013,-3.720539070949954
243,2013,-5.074467110149811
244,2013,-5.6339673590373
245,2013,-4.271013209768327
246,2013,-6.303772481328977
247,2013,-5.667642944846762
248,2013,-4.304656505449557
249,2013,-9.404215311441789
250,2013,-10.349365022039507
251,2013,-4.203889611088968
252,2013,-4.0501575297540455
253,2013,-10.732434340975715
254,2013,-9.232271805146496
255,2013,-4.998548049958572
256,2013,-7.735760557092021
257,2013,-3.243917438170712
258,2013,-2.730388474947368
259,2013,-4.277567575083069
260,2013,-3.1452456770952324
261,2013,-3.6821097249013235
262,2013,-5.042716827072454
263,2013,-6.541776492841009
264,2013,-3.524164999630301
265,2013,-8.828404463330884
266,2013,-7.8526593661719915
267,2013,-5.367473111445136
268,2013,-6.385836649749152
269,2013,-5.288999479834558
270,2013,-6.203674188044289
271,2013,-5.130789658740056
272,2013,-5.438320967567421
273,2013,-4.798282447390832
274,2013,-6.57823845631404
275,2013,-6.516448314670598
276,2013,-5.746666781061251
277,2013,-7.204848178522511
278,2013,-5.4960586236223605
279,2013,-2.397937252684784
280,2013,-4.789270657196809
281,2013,-6.5918175458367045
282,2013,-8.656982957871236
283,2013,-9.04653402518855
284,2013,-4.584880604593053
285,2013,-7.643029993390712
286,2013,-6.7670038951713565
287,2013,-4.35378791438994
288,2013,-5.303033923254816
289,2013,-7.55407336640063
290,2013,-4.898812305476511
291,2013,-5.82602613240266
292,2013,-7.563459409475101
293,2013,-6.584116986351091
294,2013,-4.772511877397349
295,2013,-4.588318786002134
296,2013,-5.784915059729116
297,2013,-5.627772356645636
298,2013,-6.245258849417553
299,2013,-6.183413296449643
300,2013,-5.606922955910804
301,2013,-7.5023447931828
302,2013,-2.7790512983006153
303,2013,-5.151662191023519
304,2013,-5.52464074605453
305,2013,-3.7039795026033744
306,2013,-4.77630274071646
307,2013,-5.024924004724852
308,2013,-5.6427548789417585
309,2013,-6.331462005795842
310,2013,-5.520956123978806
311,2013,-3.590659077981968
312,2013,-6.4058020768425905
313,2013,-5.816733195842119
314,2013,-5.258475850617117
315,2013,-4.546852567744253
316,2013,-5.305288437427777
317,2013,-1.3078416782222035
318,2013,-4.5427505274894315
319,2013,-7.0307408552273785
320,2013,-10.112423574952686
321,2013,-5.196336050461213
322,2013,-8.556761109086125
323,2013,-6.06049942942488
324,2013,-3.942871072536576
325,2013,-5.099150355728014
326,2013,-6.2492555445763145
327,2013,-6.996896577756786
328,2013,-8.263124246962747
329,2013,-7.457069834424871
330,2013,-7.132731704851878
331,2013,-6.332889042585691
332,2013,-9.01012112194826
333,2013,-7.132959096231161
334,2013,-6.431838140811962
335,2013,-6.0227119033233265
336,2013,-3.6717324861015896
337,2013,-4.097049180419006
338,2013,-8.910526337946209
339,2013,-6.833967307986683
340,2013,-7.483383199502697
341,2013,-4.64265046081826
342,2013,-7.343311188425602
343,2013,-7.988748636226632
344,2013,-5.3823052255032735
345,2013,-4.728605767704295
346,2013,-4.795829442638265
347,2013,-4.425747064118596
348,2013,-6.774476978991586
349,2013,-8.249254478207689
350,2013,-3.90218500158187
351,2013,-8.338124383231715
352,2013,-4.868296405224669
353,2013,-6.160348814004379
354,2013,-8.17511056777316
355,2013,-5.4420567212929
356,2013,-5.606259128143819
357,2013,-7.749949331749889
358,2013,-7.749817025819567
359,2013,-9.114801570228096
360,2013,-5.487970199130331
361,2013,-6.711881360468055
362,2013,-5.571814303367205
363,2013,-6.3838187985201955
364,2013,-4.023997977830746
365,2013,-5.689124368402531
366,2013,-10.16269408950393
367,2013,-5.018524516261692
368,2013,-6.703434819737552
369,2013,-5.560720002216144
370,2013,-5.131891215903465
371,2013,-1.4614379432164668
372,2013,-4.045657767144377
373,2013,-4.909375838546822
374,2013,-8.605715975702964
375,2013,-8.740119614390395
376,2013,-6.073221859960881
377,2013,-6.164833568974757
378,2013,-9.45449805875677
379,2013,-5.76770294919524
380,2013,-5.538634530078724
381,2013,-9.128860872614013
382,2013,-3.6085676209636404
383,2013,-5.134648257925335
384,2013,-3.931722624330277
385,2013,-6.6925149780102515
386,2013,-8.768786422147514
387,2013,-5.674450322899645
388,2013,-6.114633318995317
389,2013,-11.166788423410281
390,2013,-4.211333018210183
391,2013,-5.083576833025845
392,2013,-6.501272658313027
393,2013,-4.091631846249271
394,2013,-8.594492713992054
395,2013,-5.85585201614235
396,2013,-7.6208165967565975
397,2013,-4.755101158256622
398,2013,-5.4521073975243155
399,2013,-6.658644837424049
400,2013,-5.942075621294322
401,2013,-9.608978560934958
402,2013,-5.1651050659010735
403,2013,-7.737921151377833
404,2013,-6.7171418800996605
405,2013,-8.297904174157281
406,2013,-6.515582708183942
407,2013,-4.56048774194025
408,2013,-6.010548480425371
409,2013,-6.047397650048268
410,2013,-5.002548767216311
411,2013,-5.068694734747353
412,2013,-7.84686282941108
413,2013,-6.3254593217566395
414,2013,-3.65537069923235
415,2013,-6.757946015456525
416,2013,-3.4879937835613646
417,2013,-7.496966412877725
418,2013,-9.585924461991596
419,2013,-5.674623654808926
420,2013,-7.067360034300691
421,2013,-5.231464555577801
422,2013,-7.493813320667641
423,2013,-6.087943117803732
424,2013,-5.900195545041441
425,2013,-5.210688224405374
426,2013,-6.2826094791689115
427,2013,-5.21006516137237
428,2013,-8.191717317520784
429,2013,-6.1870725341058375
430,2013,-4.0304904501757335
431,2013,-4.134520165650599
432,2013,-6.375987921778403
433,2013,-5.567504630318581
434,2013,-6.729071053935456
435,2013,-5.285374009569779
436,2013,-5.581931456955871
437,2013,-6.86536090517788
438,2013,-5.348025766822715
439,2013,-6.042812105137557
440,2013,-5.346905098248513
441,2013,-4.34032204633165
442,2013,-8.736773078224985
443,2013,-5.787108209866034
444,2013,-5.393895125752778
445,2013,-5.1417745060876
446,2013,-5.2471093309552685
447,2013,-7.863068678384494
448,2013,-3.768631737819007
449,2013,-7.494079221873847
450,2013,-8.513703126019678
451,2013,-7.197320968502879
452,2013,-4.7926651149922606
453,2013,-8.600329814809356
454,2013,-4.885115017455391
455,2013,-3.3160813202496655
456,2013,-4.930750385435189
457,2013,-5.051199731444157
458,2013,-7.239009313207305
459,2013,-6.302517039330411
460,2013,-5.6869592870483245
461,2013,-2.1596315286182772
462,2013,-4.7004363193277925
463,2013,-6.99317539027183
464,2013,-8.438609125060623
465,2013,-3.381472081296536
466,2013,-6.281747137441954
467,2013,-7.064244043251463
468,2013,-5.74746237418924
469,2013,-5.811846181007738
470,2013,-8.420506668249686
471,2013,-3.6613279356537447
472,2013,-7.484474131375862
473,2013,-8.689734539127272
474,2013,-8.679472555376663
475,2013,-6.707719394473685
476,2013,-6.814487900205336
477,2013,-6.9495173822330685
478,2013,-8.389483491106802
479,2013,-4.4746960931155115
480,2013,-8.530319440835939
481,2013,-7.3363746928634725
482,2013,-6.882800442423331
483,2013,-5.6635288705746945
484,2013,-7.786137007401507
485,2013,-5.4381579795726935
486,2013,-8.89289646089469
487,2013,-4.465003078163619
488,2013,-4.389400019198476
489,2013,-6.699446972530083
490,2013,-5.054902570103138
491,2013,-6.308416164830533
492,2013,-6.657433866754332
493,2013,-4.504170727192957
494,2013,-6.867668124464416
495,2013,-5.270087775964868
496,2013,-8.698712179284769
497,2013,-3.970410913532419
498,2013,-5.941952394103481
499,2013,-6.211029701361241
500,2013,-8.603302057176393
1,2014,-24.967727300225107
2,2014,-18.428511147184025
3,2014,-24.62082110256847
4,2014,-21.428813789047297
5,2014,-17.68939982646559
6,2014,-23.274018499076377
7,2014,-17.531331467726204
8,2014,-21.489192986879758
9,2014,-19.05712142834045
10,2014,-29.355515210081393
11,2014,-19.430841979790287
12,2014,-18.093538889689214
13,2014,-16.467636922465715
14,2014,-10.87542298800986
15,2014,-21.599662960119957
16,2014,-15.955347512443808
17,2014,-18.518701267653427
18,2014,-17.476610535906175
19,2014,-14.610367540437807
20,2014,-24.40999548082445
21,2014,-19.363591356195286
22,2014,-18.784094899344822
23,2014,-22.65915881955266
24,2014,-17.44207751989228
25,2014,-16.91700124716816
26,2014,-18.8763668493244
27,2014,-22.138042524202348
28,2014,-24.455294486273885
29,2014,-26.136666663363457
30,2014,-22.825690711085173
31,2014,-19.903323223014837
32,2014,-25.88237242459482
33,2014,-24.208940861408507
34,2014,-27.519317301754086
35,2014,-14.657598021870015
36,2014,-16.22911737266209
37,2014,-20.350521847750684
38,2014,-20.166134635780352
39,2014,-13.910113496972258
40,2014,-29.47225024672548
41,2014,-21.448780749063857
42,2014,-30.20240328920727
43,2014,-18.421836796294528
44,2014,-30.589956671639897
45,2014,-17.106142522755817
46,2014,-27.153548419310525
47,2014,-12.26308568524405
48,2014,-27.46685445957678
49,2014,-22.817227051174015
50,2014,-17.973569756575017
51,2014,-11.753302431008464
52,2014,-26.958574425673334
53,2014,-21.498574963811365
54,2014,-22.40258855232213
55,2014,-17.22444780510574
56,2014,-20.92279140568681
57,2014,-12.742898957785073
58,2014,-14.787776564910217
59,2014,-22.35638655019588
60,2014,-16.68751782486295
61,2014,-21.497735184718792
62,2014,-22.168086137426513
63,2014,-19.38554639783699
64,2014,-27.175693260653503
65,2014,-19.042758106198363
66,2014,-17.18874494793505
67,2014,-24.897476948969967
68,2014,-23.051027404967073
69,2014,-25.315689031105975
70,2014,-17.439186365017463
71,2014,-22.592462115139142
72,2014,-16.393889743376207
73,2014,-21.872406788151153
74,2014,-21.68428240327654
75,2014,-16.177552732478105
76,2014,-20.887282859820147
77,2014,-24.148984851200083
78,2014,-18.245819378114476
79,2014,-17.578610827456906
80,2014,-17.451736800443314
81,2014,-17.319952408448472
82,2014,-18.97479504160799
83,2014,-27.92766754832749
84,2014,-18.20153300386636
85,2014,-29.98957526915777
86,2014,-28.34183760620141
87,2014,-22.21249246553141
88,2014,-18.240820623989606
89,2014,-25.92530707007718
90,2014,-23.153710444700224
91,2014,-23.960387536451748
92,2014,-26.531206569810678
93,2014,-21.522568631426537
94,2014,-24.027159913765956
95,2014,-15.707696614628063
96,2014,-22.424073079171478
97,2014,-21.307373609443516
98,2014,-21.45048760218762
99,2014,-20.92271394626856
100,2014,-20.647590561985993
101,2014,-15.738430358236371
102,2014,-14.517898123072143
103,2014,-23.32758667838715
104,2014,-23.760049423252738
105,2014,-18.261416822049043
106,2014,-25.20690016876415
107,2014,-24.924495803168014
108,2014,-22.966087533262026
109,2014,-23.972637999690562
110,2014,-13.22583320584289
111,2014,-21.54119230878544
112,2014,-21.74546701447143
113,2014,-23.71920133013947
114,2014,-18.32813741002643
115,2014,-23.573057480548528
116,2014,-17.105989211958416
117,2014,-27.67179511551123
118,2014,-22.9299616683314
119,2014,-21.931150382608166
120,2014,-16.725907093958057
121,2014,-26.590824647329256
122,2014,-12.483941441444188
123,2014,-23.09744112164529
124,2014,-25.954237505835266
125,2014,-22.134312596582447
126,2014,-16.339764716586515
127,2014,-21.71145811337351
128,2014,-24.287340114181134
129,2014,-23.014410754357357
130,2014,-21.251743461871456
131,2014,-28.200802987596575
132,2014,-21.286229137139188
133,2014,-19.172612718644643
134,2014,-15.411748216208906
135,2014,-16.922890564331738
136,2014,-14.122655994578423
137,2014,-24.701940626870766
138,2014,-17.651156231189873
139,2014,-21.662881683630133
140,2014,-22.87481854001743
141,2014,-23.548406287264072
142,2014,-17.022316779250787
143,2014,-24.510023657079472
144,2014,-12.420534302667463
145,2014,-24.50613762590467
146,2014,-17.276751073204608
147,2014,-29.484960903207437
148,2014,-12.921629559885162
149,2014,-18.96603282566167
150,2014,-21.22041289583565
151,2014,-22.825288738320808
152,2014,-26.25390565076644
153,2014,-25.833595584788696
154,2014,-19.100166994933474
155,2014,-21.162014616880356
156,2014,-27.98835049878369
157,2014,-19.873929368194666
158,2014,-21.016327893164686
159,2014,-21.935052802749766
160,2014,-21.798414585748787
161,2014,-16.718228179870067
162,2014,-20.619958421071516
163,2014,-23.74526101695426
164,2014,-11.317853221111989
165,2014,-19.086677675682523
166,2014,-19.21113151787135
167,2014,-29.215476821621564
168,2014,-29.242234351418404
169,2014,-28.744375231220175
170,2014,-20.359901073130317
171,2014,-20.257278124946353
172,2014,-26.817147794566736
173,2014,-15.804792774390734
174,2014,-21.975167472899244
175,2014,-16.826624614255195
176,2014,-25.73275376577257
177,2014,-20.21054190536651
178,2014,-23.528248734991664
179,2014,-26.91217238953584
180,2014,-18.616793240109274
181,2014,-21.687470000400623
182,2014,-15.44546631617952
183,2014,-13.607576290765152
184,2014,-21.298585085477868
185,2014,-27.792062626091024
186,2014,-17.57228385521374
187,2014,-20.202841552898633
188,2014,-19.515810568368096
189,2014,-23.253587949814914
190,2014,-24.812854005647253
191,2014,-18.052607088220654
192,2014,-25.491365071841813
193,2014,-16.857207589843284
194,2014,-20.358213615345207
195,2014,-26.541151580192277
196,2014,-20.287184754088045
197,2014,-20.286707073253154
198,2014,-18.309640173266757
199,2014,-16.617870410348132
200,2014,-20.289498496170708
201,2014,-16.183518591790488
202,2014,-19.010415893093878
203,2014,-29.154191793025333
204,2014,-26.06452686361962
205,2014,-20.978775142584965
206,2014,-30.43399427438834
207,2014,-25.562445018707763
208,2014,-19.788302709878266
209,2014,-20.548034671835694
210,2014,-19.334160451686728
211,2014,-19.3550739739876
212,2014,-17.793802409321984
213,2014,-20.91611127480718
214,2014,-12.245788161979362
215,2014,-16.30263861273646
216,2014,-16.08335149558218
217,2014,-22.214863962806447
218,2014,-23.474397780420844
219,2014,-16.957763997041184
220,2014,-19.569609809512954
221,2014,-18.05753309240356
222,2014,-22.023074323088366
223,2014,-20.53629962421013
224,2014,-17.170065025508023
225,2014,-23.95366674553017
226,2014,-22.123034753323253
227,2014,-22.99353664008754
228,2014,-24.46594378727265
229,2014,-21.814909075686614
230,2014,-24.039526837209777
231,2014,-20.13957897715082
232,2014,-25.622762246603315
233,2014,-19.723976791243643
234,2014,-19.147397698989167
235,2014,-25.165805505148086
236,2014,-26.304277200357205
237,2014,-18.669920642858486
238,2014,-19.67873233102536
239,2014,-23.676351609297427
240,2014,-19.166836906438604
241,2014,-23.29202903560055
242,2014,-18.81335438530168
243,2014,-23.332144367302675
244,2014,-24.0657559154737
245,2014,-14.85611222371061
246,2014,-22.50171942180006
247,2014,-18.00428065707277
248,2014,-22.02990119426609
249,2014,-26.116979688128822
250,2014,-19.703115200894658
251,2014,-18.04445237824433
252,2014,-23.91340924859739
253,2014,-20.587416560307446
254,2014,-21.563242729002724
255,2014,-21.868370294574206
256,2014,-21.102615982478852
257,2014,-15.5111394085489
258,2014,-13.018148367776725
259,2014,-18.212757189593205
260,2014,-13.573548906823206
261,2014,-16.439911599385027
262,2014,-17.737103642746945
263,2014,-24.221087421343157
264,2014,-16.374376120890417
265,2014,-27.4310404966281
266,2014,-26.43933291804376
267,2014,-17.84612016292867
268,2014,-23.70167991405573
269,2014,-18.676093173915632
270,2014,-26.72642583850366
271,2014,-18.492929853296957
272,2014,-16.613000617346728
273,2014,-14.513413021232978
274,2014,-26.132944602504125
275,2014,-21.83175411706013
276,2014,-24.545546653059787
277,2014,-26.729468251438234
278,2014,-21.201425010354512
279,2014,-13.034979288020025
280,2014,-19.274583770776886
281,2014,-25.808483425431348
282,2014,-20.97296222442634
283,2014,-13.75078007786567
284,2014,-18.55392309570479
285,2014,-27.061365473079604
286,2014,-16.782101365390034
287,2014,-16.64720613566905
288,2014,-20.601514169530432
289,2014,-18.614711921915415
290,2014,-18.388395249314243
291,2014,-15.63942955417727
292,2014,-21.393694601946763
293,2014,-24.0264088460724
294,2014,-17.137426782007765
295,2014,-17.054900588674627
296,2014,-23.99330272467037
297,2014,-21.597256499123915
298,2014,-27.88699818490886
299,2014,-23.1691743086121
300,2014,-16.689001705384868
301,2014,-22.885842500902186
302,2014,-13.801410713991487
303,2014,-20.449740811050503
304,2014,-16.725161496506374
305,2014,-15.617754158403983
306,2014,-18.46970512055023
307,2014,-17.351333462704247
308,2014,-26.780674845437403
309,2014,-24.581800611583077
310,2014,-24.941309396630345
311,2014,-18.454397932342005
312,2014,-27.598309974658164
313,2014,-17.07892966773504
314,2014,-23.240401561489193
315,2014,-21.403808104189096
316,2014,-20.29646590895686
317,2014,-14.40633194067928
318,2014,-20.164809920650015
319,2014,-24.509549270193688
320,2014,-27.921073616955596
321,2014,-26.70504737219224
322,2014,-21.65808385330257
323,2014,-17.80494049562887
324,2014,-16.43234905204133
325,2014,-22.91380578943496
326,2014,-25.101365084510192
327,2014,-18.9336996575515
328,2014,-26.41017948148786
329,2014,-20.631212578337056
330,2014,-19.16574880379774
331,2014,-25.77335567783217
332,2014,-25.324677008730873
333,2014,-27.292313142997244
334,2014,-24.2253783425801
335,2014,-18.69380550426949
336,2014,-14.401144926248406
337,2014,-15.61634933937377
338,2014,-27.47675200001987
339,2014,-26.51660203246638
340,2014,-26.66141222690723
341,2014,-15.637176458033338
342,2014,-24.674171868616483
343,2014,-24.361292153341253
344,2014,-23.371308327353972
345,2014,-17.437550190660616
346,2014,-15.859401661309164
347,2014,-18.553148885607968
348,2014,-28.193818965214874
349,2014,-24.280912408908307
350,2014,-18.23202675488126
351,2014,-24.456915004362997
352,2014,-18.809012666594057
353,2014,-27.71762221970532
354,2014,-19.416702110115367
355,2014,-20.98222049525583
356,2014,-20.67054403623972
357,2014,-24.006594188792405
358,2014,-23.79946480894813
359,2014,-28.605115479907127
360,2014,-19.180474193746306
361,2014,-29.4581184519069
362,2014,-18.310149901243562
363,2014,-24.10172121402529
364,2014,-18.60623262434278
365,2014,-21.050560562481593
366,2014,-23.393832932177872
367,2014,-26.886973706918724
368,2014,-17.882854576816584
369,2014,-23.89370232876236
370,2014,-17.228099903172904
371,2014,-7.505400777544992
372,2014,-17.8395549042838
373,2014,-20.670237255912113
374,2014,-25.92484045777738
375,2014,-27.30521461633687
376,2014,-22.494941120112514
377,2014,-23.04195655113054
378,2014,-25.799079840925287
379,2014,-22.3987246424565
380,2014,-14.641920035379187
381,2014,-24.007194439530693
382,2014,-14.228286860384017
383,2014,-17.945704454439877
384,2014,-17.346205531978626
385,2014,-23.81957688398319
386,2014,-24.58697761391781
387,2014,-21.722675287490944
388,2014,-24.507884427319652
389,2014,-29.622532629277373
390,2014,-18.979385105119434
391,2014,-15.965420011504705
392,2014,-17.358585650363523
393,2014,-18.300793237430042
394,2014,-18.995376588136565
395,2014,-16.352877410399373
396,2014,-19.614369194905564
397,2014,-17.743609484656815
398,2014,-19.927957582512505
399,2014,-19.71182938171512
400,2014,-27.139665042373494
401,2014,-32.062640721652826
402,2014,-19.421247652081504
403,2014,-26.030920092558944
404,2014,-28.739952517980868
405,2014,-26.702412415772983
406,2014,-20.675452590440486
407,2014,-18.684142782152975
408,2014,-22.416999412963662
409,2014,-26.252925297177597
410,2014,-18.936627894945275
411,2014,-18.403567187819633
412,2014,-20.45791856014573
413,2014,-23.367381027422923
414,2014,-19.455275791916748
415,2014,-19.687035576326522
416,2014,-17.490426369645263
417,2014,-16.828179645991952
418,2014,-27.11345859544221
419,2014,-22.053447416662607
420,2014,-25.665990031909047
421,2014,-14.3636417732327
422,2014,-25.92993076344615
423,2014,-19.996616376380075
424,2014,-19.58707173859051
425,2014,-17.35690058655456
426,2014,-23.724459149977577
427,2014,-17.271831094603442
428,2014,-27.73206476881117
429,2014,-25.926600688953997
430,2014,-15.418739688449023
431,2014,-15.460462469480191
432,2014,-25.723912837249685
433,2014,-24.950267691064596
434,2014,-27.826692347488603
435,2014,-19.12165704763109
436,2014,-18.210718103018237
437,2014,-21.733862284176467
438,2014,-24.516725206126196
439,2014,-21.05895847957369
440,2014,-20.893326212134852
441,2014,-17.17978305359165
442,2014,-23.637802532893204
443,2014,-22.042544009209053
444,2014,-18.963055354034793
445,2014,-15.432827744646431
446,2014,-18.690897797941304
447,2014,-22.125363226449466
448,2014,-21.72534566767591
449,2014,-24.953051557524162
450,2014,-23.914968096332615
451,2014,-28.164889962874355
452,2014,-21.28824491173212
453,2014,-29.99085457106412
454,2014,-15.150219806465813
455,2014,-15.048331721866973
456,2014,-15.943793222946027
457,2014,-26.464807348536922
458,2014,-15.226862520123191
459,2014,-26.090909744733324
460,2014,-21.01908195056322
461,2014,-15.77416163336585
462,2014,-12.023430093150182
463,2014,-17.441008504993704
464,2014,-28.022587182360127
465,2014,-14.5268119161682
466,2014,-21.368271236529978
467,2014,-23.88141902327017
468,2014,-24.709051564367
469,2014,-25.97180302917768
470,2014,-28.286015602654686
471,2014,-18.611488124497654
472,2014,-21.011181984929806
473,2014,-21.479905331813313
474,2014,-22.750080731926943
475,2014,-17.480921791808726
476,2014,-23.906491773867685
477,2014,-24.46480389745369
478,2014,-24.783626232003343
479,2014,-17.544101936770602
480,2014,-22.48401781056279
481,2014,-22.110311601155075
482,2014,-22.608798044721425
483,2014,-19.795583984500354
484,2014,-20.556970304238078
485,2014,-18.51626342071519
486,2014,-26.470723838509684
487,2014,-17.580417694744042
488,2014,-14.882172157967759
489,2014,-23.955238216482357
490,2014,-19.969667640444982
491,2014,-25.65041264017961
492,2014,-22.073879832846146
493,2014,-22.380516741966872
494,2014,-25.694508321374585
495,2014,-17.685148524447897
496,2014,-22.73483689061652
497,2014,-17.07430556966338
498,2014,-29.740343489884282
499,2014,-14.34681835329583
500,2014,-27.050256250117656
1,2015,-16.189611207228808
2,2015,-20.039149077113834
3,2015,-19.109189282889503
4,2015,-21.94589320226524
5,2015,-18.147751784216254
6,2015,-18.408287273160212
7,2015,-19.93522277468857
8,2015,-20.14949712883329
9,2015,-18.82817767753633
10,2015,-22.6715868367356
11,2015,-25.623919228034325
12,2015,-13.38371184871788
13,2015,-21.72028045037885
14,2015,-3.6271578984976713
15,2015,-25.307307285256456
16,2015,-19.478414085486065
17,2015,-21.749671471354475
18,2015,-20.181990843721422
19,2015,-9.537323576591191
20,2015,-23.653973160194596
21,2015,-25.381204944588887
22,2015,-11.138017914127474
23,2015,-24.015304089370915
24,2015,-20.04497065509409
25,2015,-21.670168433131167
26,2015,-15.726948335912397
27,2015,-22.014755120361286
28,2015,-26.12206358235551
29,2015,-21.494008422844303
30,2015,-25.227611954767227
31,2015,-20.87789385299169
32,2015,-25.711981628791705
33,2015,-25.622176634827895
34,2015,-27.06469500574974
35,2015,-13.221207123352556
36,2015,-15.851118896682209
37,2015,-23.36221763975763
38,2015,-18.039896836625005
39,2015,-18.720016474072082
40,2015,-26.798634002643183
41,2015,-16.804292064382324
42,2015,-28.991860239545588
43,2015,-24.63480590492371
44,2015,-26.88770861250623
45,2015,-17.941521982091132
46,2015,-22.201696176142903
47,2015,-14.826036814203803
48,2015,-25.291806938985815
49,2015,-26.375854878944224
50,2015,-15.891818886364689
51,2015,-13.94720453512484
52,2015,-25.034913860149146
53,2015,-24.188845946331213
54,2015,-13.782744502962686
55,2015,-15.457455214278212
56,2015,-15.879909995636282
57,2015,-12.082188743701437
58,2015,-18.974351524115278
59,2015,-23.699333258759935
60,2015,-15.688731136763423
61,2015,-15.719378554868072
62,2015,-20.584778771406732
63,2015,-16.970438633107804
64,2015,-24.340608976441786
65,2015,-8.680893535447183
66,2015,-20.7444631631557
67,2015,-20.339592542081817
68,2015,-24.63486865743019
69,2015,-13.981483272092376
70,2015,-12.640339187684788
71,2015,-23.61699504036875
72,2015,-21.79149179937555
73,2015,-24.35607235935774
74,2015,-23.272301955079172
75,2015,-18.893800414083287
76,2015,-24.023624000755518
77,2015,-27.52402046348314
78,2015,-21.33254993568346
79,2015,-16.287898810666597
80,2015,-12.792309865191584
81,2015,-18.079824581967316
82,2015,-17.195628535138184
83,2015,-23.13655510301598
84,2015,-20.270289030426
85,2015,-25.696474438567776
86,2015,-36.56530314477996
87,2015,-22.285004033031186
88,2015,-24.159590114352454
89,2015,-26.198249132183008
90,2015,-19.832558783926245
91,2015,-23.99900814311937
92,2015,-23.893099646912475
93,2015,-15.145210562188282
94,2015,-19.840497478208277
95,2015,-17.46316499112477
96,2015,-21.32163376058861
97,2015,-27.589435639104636
98,2015,-24.023859656956546
99,2015,-19.58323644659832
100,2015,-24.904954341115115
101,2015,-3.453768726754987
102,2015,-10.14730395768261
103,2015,-22.733908191582543
104,2015,-21.733817982464657
105,2015,-15.825076313115247
106,2015,-22.296804415661654
107,2015,-18.17269133290759
108,2015,-22.313878940454316
109,2015,-27.98067775243223
110,2015,-11.01788874845694
111,2015,-19.902991019149965
112,2015,-22.249554178801716
113,2015,-14.726501211045274
114,2015,-13.141564035757924
115,2015,-26.58183688087246
116,2015,-21.920274682325527
117,2015,-26.346427279053643
118,2015,-23.463176188872836
119,2015,-16.537338584247152
120,2015,-19.955021013641527
121,2015,-20.621847153720395
122,2015,-15.463775731776934
123,2015,-25.456650966552644
124,2015,-24.56580272636657
125,2015,-13.026202854052613
126,2015,-17.836308471354513
127,2015,-18.70693910686603
128,2015,-25.189794715478925
129,2015,-23.25274342511014
130,2015,-26.853215164517792
131,2015,-19.86608417601539
132,2015,-16.329634299780892
133,2015,-19.36160583630121
134,2015,-13.730736537952126
135,2015,-17.023350181222213
136,2015,-13.896419006026406
137,2015,-27.70705928754586
138,2015,-21.170446941539353
139,2015,-26.79393531390508
140,2015,-27.297829424837317
141,2015,-18.91709124876141
142,2015,-12.495636498282252
143,2015,-29.877942558759173
144,2015,-14.721304433252257
145,2015,-31.248854228866577
146,2015,-7.960291212033482
147,2015,-30.326761879734406
148,2015,-18.87871747417873
149,2015,-19.476086410837013
150,2015,-16.032355546806528
151,2015,-22.051171491041202
152,2015,-26.744228874356494
153,2015,-18.433733160307753
154,2015,-17.06230044551775
155,2015,-21.6643186052205
156,2015,-31.261738153583224
157,2015,-21.197566285124296
158,2015,-22.317447962047083
159,2015,-19.34420891813471
160,2015,-27.94833558239253
161,2015,-20.336147786955905
162,2015,-24.793610400632843
163,2015,-23.263826707952745
164,2015,-4.848968753420991
165,2015,-23.971312955803413
166,2015,-21.951030001691365
167,2015,-30.366961978322024
168,2015,-25.45355351462169
169,2015,-28.96044229779207
170,2015,-17.745807496071166
171,2015,-13.296612875210869
172,2015,-19.485246592082248
173,2015,-10.541240281378236
174,2015,-25.180584235536287
175,2015,-18.703049210627455
176,2015,-30.210185341530206
177,2015,-23.721285148346993
178,2015,-17.463349454744034
179,2015,-25.524435225996456
180,2015,-20.704518147184658
181,2015,-24.807840569892107
182,2015,-21.537315660549027
183,2015,-17.78717381046728
184,2015,-20.154559276469115
185,2015,-24.304335787746
186,2015,-19.641306406061886
187,2015,-15.545903327480545
188,2015,-24.347473101761324
189,2015,-17.66087156569516
190,2015,-15.942051718215708
191,2015,-23.27606000296184
192,2015,-18.09213700323869
193,2015,-21.30186223620504
194,2015,-16.67682845494305
195,2015,-28.859034864792008
196,2015,-17.055490234282942
197,2015,-16.44775614530002
198,2015,-20.53111026286092
199,2015,-19.920992382103492
200,2015,-27.204236174435493
201,2015,-21.374512707256997
202,2015,-27.465291232226647
203,2015,-29.386093539786614
204,2015,-22.252348052353085
205,2015,-20.804367307613944
206,2015,-25.037603001169146
207,2015,-26.805934615499638
208,2015,-25.153022055435557
209,2015,-15.357824907901033
210,2015,-25.67296189188059
211,2015,-18.014223701399104
212,2015,-18.22987895475879
213,2015,-22.13052873448396
214,2015,-12.718355663409454
215,2015,-13.749189941809078
216,2015,-15.375263171060809
217,2015,-23.42435148370282
218,2015,-22.267119923338697
219,2015,-10.23951151700389
220,2015,-13.863817189747124
221,2015,-22.689146899448673
222,2015,-22.643413312997268
223,2015,-16.767694416370148
224,2015,-18.728069315403985
225,2015,-29.376729801815713
226,2015,-21.981079752306385
227,2015,-26.799807383688346
228,2015,-19.00912174448247
229,2015,-24.9734231874277
230,2015,-18.437132001567633
231,2015,-23.446258802243165
232,2015,-31.797944747427806
233,2015,-24.886725145539458
234,2015,-16.197727510622357
235,2015,-30.16963809607202
236,2015,-23.00820599607323
237,2015,-21.184966157137993
238,2015,-17.10968853906398
239,2015,-25.107680655370814
240,2015,-16.625661292625736
241,2015,-22.340837859240295
242,2015,-9.09083949481797
243,2015,-26.38037220456809
244,2015,-19.35342026467775
245,2015,-18.752641344314767
246,2015,-22.40663884405359
247,2015,-16.675115890830625
248,2015,-18.521415490326135
249,2015,-20.38645867481854
250,2015,-18.24846663062361
251,2015,-18.447290620744553
252,2015,-26.100032521220385
253,2015,-25.69285171347451
254,2015,-25.443807419985063
255,2015,-20.873803048923335
256,2015,-11.578406803741672
257,2015,-17.071010995339066
258,2015,-7.542268304696442
259,2015,-17.860494795663797
260,2015,-14.725688233931933
261,2015,-19.680987451013394
262,2015,-16.177597186189132
263,2015,-18.709666560086788
264,2015,-11.744817803894307
265,2015,-21.658124220958854
266,2015,-19.88349623657578
267,2015,-22.181839061657882
268,2015,-23.289384104500797
269,2015,-22.974274420705797
270,2015,-33.54639053322062
271,2015,-20.527629596937444
272,2015,-21.12694017003969
273,2015,-16.79443253974486
274,2015,-32.78731382130002
275,2015,-22.57130628072325
276,2015,-21.871621989384366
277,2015,-29.373395753865438
278,2015,-21.74614611819956
279,2015,-15.07328869125881
280,2015,-26.76947284609004
281,2015,-29.679175593922366
282,2015,-20.720151317489865
283,2015,-21.540355943062877
284,2015,-24.791626986405134
285,2015,-28.824757368408456
286,2015,-16.08812442574917
287,2015,-10.666269304393978
288,2015,-18.623160412957034
289,2015,-17.40482910647171
290,2015,-19.072584640494043
291,2015,-16.366555960508165
292,2015,-24.17249106791543
293,2015,-28.727669739816974
294,2015,-23.012511502805978
295,2015,-15.90202402442273
296,2015,-17.535973584326825
297,2015,-20.87896427690059
298,2015,-20.62861102922392
299,2015,-19.39810041946498
300,2015,-13.997489687966578
301,2015,-21.427995251160354
302,2015,-15.11804975342298
303,2015,-21.668756412524147
304,2015,-13.22421600426911
305,2015,-17.74434465673636
306,2015,-16.850052414880764
307,2015,-22.20565549944868
308,2015,-26.561330808027833
309,2015,-15.766943384824287
310,2015,-27.634684481694393
311,2015,-22.970058687366134
312,2015,-23.061813318729392
313,2015,-25.171890963973823
314,2015,-26.58831331413151
315,2015,-27.264486017425213
316,2015,-27.467350606520796
317,2015,-15.892037972553254
318,2015,-25.754317314879586
319,2015,-16.81455596082371
320,2015,-31.939100940915807
321,2015,-24.323109998102012
322,2015,-23.957646932211915
323,2015,-23.1353444390177
324,2015,-20.364345059003227
325,2015,-24.515664954496927
326,2015,-25.47894926473154
327,2015,-14.887028159961318
328,2015,-24.745261982898825
329,2015,-21.28785669446674
330,2015,-14.724148558994145
331,2015,-25.141046789220724
332,2015,-25.72396181881723
333,2015,-22.284294149364598
334,2015,-18.517722130882973
335,2015,-26.365107429701382
336,2015,-15.7430079578278
337,2015,-14.391842545885083
338,2015,-24.669046964276987
339,2015,-22.560609470744197
340,2015,-24.09976379739365
341,2015,-20.65058949733927
342,2015,-27.174113710669744
343,2015,-18.81318144553049
344,2015,-20.908745483433165
345,2015,-23.304062954960088
346,2015,-13.775044354675032
347,2015,-17.25319588890413
348,2015,-24.280465448956576
349,2015,-21.891629286425143
350,2015,-13.160405811635258
351,2015,-21.326479361514828
352,2015,-23.008266901966223
353,2015,-31.109879502602965
354,2015,-20.831110443023974
355,2015,-19.03306152532987
356,2015,-17.497698923805046
357,2015,-19.194892553200106
358,2015,-27.653465624786094
359,2015,-24.82389592553504
360,2015,-26.82361332878392
361,2015,-30.244185540167337
362,2015,-18.541718735980368
363,2015,-26.835975979903495
364,2015,-12.023195642367
365,2015,-18.469540951642756
366,2015,-25.9571226286634
367,2015,-32.322524890285735
368,2015,-22.15004039501585
369,2015,-21.031278271271233
370,2015,-16.85779390778586
371,2015,-11.103962778104503
372,2015,-20.75057794681564
373,2015,-18.97576629269541
374,2015,-16.1524501125175
375,2015,-29.787632347154755
376,2015,-21.71922846001206
377,2015,-18.489596509428964
378,2015,-27.402847653866615
379,2015,-16.17800207506319
380,2015,-20.477171736079484
381,2015,-26.660369421164134
382,2015,-19.709338387160614
383,2015,-23.457611063073088
384,2015,-16.56898968927912
385,2015,-29.036518168152952
386,2015,-28.398538571680035
387,2015,-22.77634815272458
388,2015,-26.421184978432564
389,2015,-29.5323567230964
390,2015,-22.97521307073859
391,2015,-17.063843033445494
392,2015,-18.94761178051789
393,2015,-19.926159892858735
394,2015,-21.941116397238034
395,2015,-19.957801127631768
396,2015,-13.098701863928753
397,2015,-22.448155243856775
398,2015,-19.869865872354964
399,2015,-12.526794650570139
400,2015,-21.695933510478085
401,2015,-21.611261996027338
402,2015,-9.325473974435184
403,2015,-28.576973505963707
404,2015,-29.53278121907576
405,2015,-24.712784154370752
406,2015,-23.185019733542575
407,2015,-20.743171740584984
408,2015,-21.879646139723718
409,2015,-23.323277377852804
410,2015,-16.064401301193215
411,2015,-21.137405123817345
412,2015,-15.93813261236592
413,2015,-13.356289898234337
414,2015,-20.831540735575288
415,2015,-16.487868929101566
416,2015,-18.603869722204735
417,2015,-13.32273073865234
418,2015,-28.480588940251806
419,2015,-23.03279691794438
420,2015,-17.83642031121005
421,2015,-10.824753596824493
422,2015,-21.855518953702074
423,2015,-13.423391190835872
424,2015,-23.063750421366308
425,2015,-21.051493048550157
426,2015,-23.176257327274982
427,2015,-22.83928251276521
428,2015,-30.625782081195354
429,2015,-16.52495349979897
430,2015,-18.26677872109613
431,2015,-13.646098500726922
432,2015,-24.6213311985411
433,2015,-18.069259409461267
434,2015,-23.53725682666763
435,2015,-20.361726183759657
436,2015,-13.710146476658124
437,2015,-25.091482054689862
438,2015,-30.39934157551623
439,2015,-16.022186213067144
440,2015,-14.081678098313986
441,2015,-19.363887733824555
442,2015,-28.62169397892967
443,2015,-16.382944939912704
444,2015,-17.494845515837397
445,2015,-16.816311592706654
446,2015,-22.209851685830003
447,2015,-19.921131232535956
448,2015,-25.47330985986993
449,2015,-29.81969137678587
450,2015,-29.37807575874004
451,2015,-23.991262086523363
452,2015,-25.190680722627576
453,2015,-31.912690045812383
454,2015,-7.853688522053389
455,2015,-13.183385950707489
456,2015,-15.084243995587698
457,2015,-16.178029513831135
458,2015,-8.988236541249648
459,2015,-28.060983973050554
460,2015,-20.946368082206774
461,2015,-16.53864321842569
462,2015,-11.310159527653965
463,2015,-21.42930447317103
464,2015,-28.46531097342941
465,2015,-18.47789174632898
466,2015,-23.543260817451454
467,2015,-24.90460443486488
468,2015,-22.660009329470626
469,2015,-17.81838485977555
470,2015,-22.000554664822374
471,2015,-21.204921932984618
472,2015,-23.363849797501075
473,2015,-23.761778676130433
474,2015,-30.80006357360017
475,2015,-18.503131768632244
476,2015,-31.033822361603683
477,2015,-26.475573629124312
478,2015,-24.564487114502327
479,2015,-13.827181108251608
480,2015,-23.378613301467908
481,2015,-24.3185648787738
482,2015,-24.57779793336701
483,2015,-16.90989439926932
484,2015,-22.961622433891847
485,2015,-20.690701507459778
486,2015,-33.12466399498115
487,2015,-20.3760987407032
488,2015,-11.275483788695439
489,2015,-17.2043961921638
490,2015,-16.00395630583762
491,2015,-21.180768432265637
492,2015,-22.21071061731834
493,2015,-19.69229815999155
494,2015,-27.540981192934098
495,2015,-21.546670498544103
496,2015,-21.728257373428875
497,2015,-9.454273202487897
498,2015,-31.599047584557383
499,2015,-14.062024172578475
500,2015,-24.044951486904125
1,2016,-13.88030247411288
2,2016,-24.038282622851725
3,2016,-10.923949231440048
4,2016,-20.5358027832998
5,2016,-16.344298104455248
6,2016,-15.739580855785206
7,2016,-19.853242645568415
8,2016,-11.439400238229396
9,2016,-8.406420639950511
10,2016,-15.817369226789339
11,2016,-25.024132241153367
12,2016,-11.991215843683435
13,2016,-17.871340337870265
14,2016,3.210625164909402
15,2016,-14.58402761360307
16,2016,-17.040694159923277
17,2016,-32.57249515802971
18,2016,-12.11513694171849
19,2016,-0.4393922486105879
20,2016,-21.480390736700343
21,2016,-19.888353329872928
22,2016,-9.557978764458355
23,2016,-16.427944604142596
24,2016,-21.115629560171897
25,2016,-12.813666343452795
26,2016,-7.837222001049639
27,2016,-18.014868262700404
28,2016,-20.7000341210597
29,2016,-17.178462657753727
30,2016,-18.93381482649488
31,2016,-16.324316431525688
32,2016,-26.309983038741024
33,2016,-29.96677859505101
34,2016,-22.999848425841208
35,2016,-0.2921723587877665
36,2016,-12.17726799675718
37,2016,-15.694755370773407
38,2016,-12.259356365868783
39,2016,-15.037308915368612
40,2016,-22.199521837599747
41,2016,-16.885795415121194
42,2016,-25.187552769485393
43,2016,-21.601895981196705
44,2016,-25.97361908022353
45,2016,-20.76924186024584
46,2016,-23.122252366461723
47,2016,-8.994783464477479
48,2016,-19.172983717069116
49,2016,-19.5653346133591
50,2016,-7.017813955822419
51,2016,-6.172156924195079
52,2016,-18.007450980035657
53,2016,-28.97449707211419
54,2016,-14.520516651587911
55,2016,-8.907479036390185
56,2016,-10.665255458434274
57,2016,1.8242256551333185
58,2016,-15.43757731101384
59,2016,-18.791950873345797
60,2016,-15.812793111568467
61,2016,-12.132759002451849
62,2016,-18.19883367156507
63,2016,-12.319415138616122
64,2016,-23.498322815200993
65,2016,-8.119597267196937
66,2016,-24.441970073660116
67,2016,-13.686715927152619
68,2016,-24.11609767493536
69,2016,-4.973646944675821
70,2016,-13.271115243270984
71,2016,-26.87028119503617
72,2016,-13.6535788758234
73,2016,-19.389446625775122
74,2016,-17.820401776233012
75,2016,-14.188791616764846
76,2016,-24.462013094811766
77,2016,-25.190717436404555
78,2016,-4.037137459987136
79,2016,-15.502954352097227
80,2016,-8.694127091110389
81,2016,-10.729849981220667
82,2016,-18.731601136148498
83,2016,-8.131616330615856
84,2016,-18.728385980906296
85,2016,-20.11661677529972
86,2016,-21.045052051924273
87,2016,-5.9140427496382415
88,2016,-21.06099837774545
89,2016,-17.898521019944184
90,2016,-19.90414703012125
91,2016,-15.707781918354272
92,2016,-26.103279045191726
93,2016,-21.97091018009334
94,2016,-22.940624027374895
95,2016,-16.06038459571768
96,2016,-23.609428100718077
97,2016,-17.011315926741332
98,2016,-24.560905669834597
99,2016,-17.26333534316528
100,2016,-9.468202062292903
101,2016,0.9835105038778238
102,2016,-12.584165759203813
103,2016,-26.721775006015548
104,2016,-19.410993994087207
105,2016,-14.097830972547627
106,2016,-12.793194621659268
107,2016,-17.36560500631299
108,2016,-5.582355535451768
109,2016,-27.985518935570525
110,2016,-7.743375895442512
111,2016,-17.14532154905379
112,2016,-21.25490446656748
113,2016,-11.08010382571399
114,2016,-16.48446774884239
115,2016,-22.444008669343987
116,2016,-23.58306200184137
117,2016,-28.908562863555375
118,2016,-26.266324693965117
119,2016,-8.089252705463764
120,2016,-16.371151251454023
121,2016,-15.367894861810711
122,2016,-7.287499105096316
123,2016,-24.27915765966614
124,2016,-21.782197869410453
125,2016,-13.106395384455325
126,2016,-21.651957444932478
127,2016,-13.939176942334456
128,2016,-24.791322619299322
129,2016,-17.154308075009737
130,2016,-20.577820318411852
131,2016,-16.22469247762885
132,2016,-14.580977310370727
133,2016,-9.440702802342159
134,2016,-11.191006191658971
135,2016,-22.98665279814975
136,2016,-14.101855506001442
137,2016,-19.751867089249316
138,2016,-14.85800854172146
139,2016,-14.892611849511638
140,2016,-25.48455605985916
141,2016,-18.577591127162606
142,2016,-7.662556100470553
143,2016,-21.676033808839506
144,2016,-7.512677100271716
145,2016,-19.930531746549093
146,2016,-7.206502065269703
147,2016,-13.051885167637792
148,2016,-11.03043727864214
149,2016,-12.120032033520857
150,2016,-18.035552586103265
151,2016,-10.979050143097083
152,2016,-24.101073064888155
153,2016,-16.517502619134092
154,2016,-15.025667677778273
155,2016,-23.795633818242123
156,2016,-24.37681065899227
157,2016,-26.74506254687134
158,2016,-25.946536560013612
159,2016,-16.025385672616267
160,2016,-30.45438678629182
161,2016,-25.74811587845096
162,2016,-25.711345338227318
163,2016,-24.61327083530432
164,2016,-5.5303160903991255
165,2016,-13.493746982847995
166,2016,-19.877746073678466
167,2016,-21.102934756045414
168,2016,-27.132745215251447
169,2016,-27.571647914751082
170,2016,-14.111222398902356
171,2016,-14.107810844610682
172,2016,-20.237206594361894
173,2016,-7.812202036175037
174,2016,-16.692096396367276
175,2016,-6.619542673412113
176,2016,-33.01450092093759
177,2016,-21.538003325134383
178,2016,-17.219416269823014
179,2016,-23.056668463871063
180,2016,-22.913295396389216
181,2016,-15.38523606081398
182,2016,-9.828274925936157
183,2016,-22.920394524729474
184,2016,-22.282732507588122
185,2016,-27.96688552611289
186,2016,-17.275301002266502
187,2016,-18.088461254724308
188,2016,-18.156610668506403
189,2016,-14.078523484732486
190,2016,-14.126637472769403
191,2016,-23.059595204845223
192,2016,-15.632351434200132
193,2016,-20.223059255384115
194,2016,-17.473954892149052
195,2016,-18.01263379907725
196,2016,-8.854960790291031
197,2016,-5.542840476814405
198,2016,-24.038609421739125
199,2016,-3.6131020789298276
200,2016,-18.731311333699168
201,2016,-20.048122607793886
202,2016,-15.828934734506149
203,2016,-22.066739012555004
204,2016,-24.093511603500787
205,2016,-19.653530700236473
206,2016,-30.415865997243316
207,2016,-25.073512923282237
208,2016,-21.49087037614875
209,2016,-8.006136870410046
210,2016,-26.18202190031687
211,2016,-12.464648152122322
212,2016,-20.16111739257758
213,2016,-20.149619509992363
214,2016,-12.588242518207636
215,2016,-10.11664876551498
216,2016,-8.848716185168513
217,2016,-15.837443029206213
218,2016,-18.647043001409116
219,2016,-9.957039537798025
220,2016,-3.407372727946381
221,2016,-20.18554738239871
222,2016,-27.170176644427784
223,2016,-18.50045069988525
224,2016,-24.579782761239727
225,2016,-26.40677505505252
226,2016,-17.932939324281733
227,2016,-27.191633444359894
228,2016,-17.800375388593366
229,2016,-25.6320326007812
230,2016,-20.002509265424848
231,2016,-21.499600856246133
232,2016,-21.452081667145194
233,2016,-18.54251415774212
234,2016,-15.065254103366343
235,2016,-24.324358820977864
236,2016,-19.221581599080366
237,2016,-15.218278068196199
238,2016,-18.838402253454902
239,2016,-25.71642906188808
240,2016,-14.753738005240322
241,2016,-21.375215687213583
242,2016,-3.0074148515828227
243,2016,-20.118738215342518
244,2016,-15.967171353754168
245,2016,-20.126718123049173
246,2016,-25.937017597237116
247,2016,-19.34109816955001
248,2016,-17.123408599781882
249,2016,-21.554914010758225
250,2016,-11.694018368737062
251,2016,-15.790094514287233
252,2016,-16.05734239604439
253,2016,-20.867947973183334
254,2016,-25.050161282141715
255,2016,-17.41662140441879
256,2016,-4.282527664297788
257,2016,-15.257311395084344
258,2016,0.21779916018274292
259,2016,-13.367941094011215
260,2016,-6.423386393545428
261,2016,-3.501829823591848
262,2016,-17.56407270778871
263,2016,-14.939259811374782
264,2016,-0.5953324429097648
265,2016,-22.217197962393755
266,2016,-20.995992384753066
267,2016,-17.53922524650534
268,2016,-15.55400950016218
269,2016,-28.817803161958665
270,2016,-21.25561779629888
271,2016,-16.83230615767995
272,2016,-22.771431238772806
273,2016,-6.885958528634347
274,2016,-22.42020411219309
275,2016,-14.520638850192924
276,2016,-22.64000931470231
277,2016,-19.151053541024964
278,2016,-28.21180483783337
279,2016,-6.128126882929095
280,2016,-20.955618154662588
281,2016,-22.81754310126854
282,2016,-20.569975198315888
283,2016,-21.736645014255117
284,2016,-22.220995161922758
285,2016,-21.893371614645872
286,2016,-18.37534493490655
287,2016,-9.554662834904605
288,2016,-13.030056644587518
289,2016,-20.674140371126867
290,2016,-13.348223965056775
291,2016,-9.984940542905207
292,2016,-24.51601008335082
293,2016,-31.754757973875485
294,2016,-15.671165994534405
295,2016,-7.369628462151155
296,2016,-18.120900593924063
297,2016,-20.84360077140289
298,2016,-20.381273710369044
299,2016,-14.63284614568606
300,2016,-5.19739840303977
301,2016,-19.598911941622788
302,2016,-12.627359362644441
303,2016,-24.27841318722301
304,2016,-5.840027622197937
305,2016,-18.716769243511777
306,2016,-18.832025241632707
307,2016,-20.515629576610536
308,2016,-17.77648988189455
309,2016,-22.656298074512932
310,2016,-26.61335997770402
311,2016,-22.035591232289192
312,2016,-22.689853852050746
313,2016,-13.05584399358085
314,2016,-23.292492058655625
315,2016,-19.575584353459732
316,2016,-21.254418113623643
317,2016,-7.7428296533335015
318,2016,-25.743129562584016
319,2016,-15.255735145229124
320,2016,-19.520172668315553
321,2016,-22.799912393112635
322,2016,-15.563649315853908
323,2016,-25.81027327557544
324,2016,-11.443814680751771
325,2016,-20.584778433855504
326,2016,-20.542941928590423
327,2016,-9.713464426973758
328,2016,-22.98965464339966
329,2016,-6.326946362106952
330,2016,-16.16041943180771
331,2016,-17.302858985229747
332,2016,-19.696807690041936
333,2016,-20.31596440918605
334,2016,-22.087368177072065
335,2016,-9.361639987790042
336,2016,-9.624093466582707
337,2016,-8.926149848880627
338,2016,-28.581997888353754
339,2016,-22.054919523055872
340,2016,-25.4315545218341
341,2016,-23.101571071009886
342,2016,-17.032219737817073
343,2016,-14.395142436510241
344,2016,-13.82815111383377
345,2016,-23.251600030530554
346,2016,-22.048696985599236
347,2016,-14.236668292650506
348,2016,-24.54249693652538
349,2016,-20.045910838643294
350,2016,-7.561985698710174
351,2016,-20.60476505721121
352,2016,-19.91304461150672
353,2016,-16.340804180351554
354,2016,-16.415254280638763
355,2016,-6.2367349964241185
356,2016,-5.458883098707986
357,2016,-21.519376955693104
358,2016,-25.388812118201145
359,2016,-18.816432573217995
360,2016,-11.545943606887619
361,2016,-27.420561404802697
362,2016,-15.721209405376499
363,2016,-18.773304285149536
364,2016,-4.602777405606929
365,2016,-24.24684289996307
366,2016,-24.112336791156082
367,2016,-19.910590204994747
368,2016,3.5150806633650262
369,2016,-27.600099600509296
370,2016,-15.35157028453095
371,2016,-9.09748271803683
372,2016,-20.078781756300373
373,2016,-16.876437445264415
374,2016,-9.305609760200156
375,2016,-19.21497874901057
376,2016,-16.289250692142787
377,2016,-25.735737910653995
378,2016,-25.500187445158105
379,2016,-8.189712273842105
380,2016,-13.750431257180182
381,2016,-17.3435366542857
382,2016,-1.146336013368824
383,2016,-17.71022331930118
384,2016,-9.648008589839165
385,2016,-27.9748032279399
386,2016,-24.70273402720173
387,2016,-22.009257272198738
388,2016,-21.782051561709352
389,2016,-30.64678608530818
390,2016,-22.23792664449536
391,2016,-15.040483713934307
392,2016,-23.264788482655973
393,2016,-15.923494568681534
394,2016,-20.379576258502794
395,2016,-21.800371156547982
396,2016,-9.220311369853064
397,2016,-21.124819430734703
398,2016,-17.902818167585394
399,2016,-13.664260518922504
400,2016,-16.494016001214604
401,2016,-27.78295345253173
402,2016,-7.172930200756653
403,2016,-22.63736460791992
404,2016,-23.1952558193353
405,2016,-16.361405444126376
406,2016,-21.800677143523856
407,2016,-18.716859172024016
408,2016,-13.196487565940288
409,2016,-22.824290923825885
410,2016,-14.12012859081139
411,2016,-15.539651800326325
412,2016,-16.875892246479438
413,2016,-6.5635077043317125
414,2016,-12.684305163699804
415,2016,-16.548456320138982
416,2016,-13.739314932087595
417,2016,-13.560379245932097
418,2016,-27.91961210437205
419,2016,-22.76189455591623
420,2016,-17.32295461750411
421,2016,-11.898406712935383
422,2016,-25.545170244372372
423,2016,-6.407324579342088
424,2016,-24.467353181944674
425,2016,-14.035705852308027
426,2016,-27.894078480053025
427,2016,-22.901379120592964
428,2016,-29.30611019106334
429,2016,-14.891554202387013
430,2016,-6.813923289192388
431,2016,-16.673896800405274
432,2016,-23.071802898804435
433,2016,-11.95282906005292
434,2016,-25.600734635609285
435,2016,-24.39817269757171
436,2016,-10.17896100997261
437,2016,-30.928466823273425
438,2016,-23.982228964626515
439,2016,-14.079535996383967
440,2016,-10.603488567313079
441,2016,-1.4109479995038612
442,2016,-17.43759389153408
443,2016,-15.75471188937064
444,2016,-10.240801565396993
445,2016,-14.669308536857457
446,2016,-27.46622362678245
447,2016,-17.2105973479528
448,2016,-5.049757314399528
449,2016,-19.230792959034034
450,2016,-28.39235647279702
451,2016,-27.82653425256339
452,2016,-9.802796174105126
453,2016,-27.339643884876807
454,2016,-6.254968856237198
455,2016,-8.927866140505529
456,2016,-13.859039326883831
457,2016,-17.860356876244893
458,2016,-13.962725461713305
459,2016,-24.66410732277282
460,2016,-14.396084077663332
461,2016,-19.219929027867877
462,2016,-4.241174766018631
463,2016,-20.158803372433297
464,2016,-27.71045520862492
465,2016,-6.7826246360648526
466,2016,-22.523548565616096
467,2016,-22.32522766014766
468,2016,-18.733993480602862
469,2016,-12.432254539041352
470,2016,-21.685680028676558
471,2016,-15.064396197560185
472,2016,-23.012848927905736
473,2016,-21.098773809226827
474,2016,-18.519062627339082
475,2016,-18.614069849949885
476,2016,-26.332866402602548
477,2016,-27.196033013784444
478,2016,-10.70932841995986
479,2016,-19.315579119336377
480,2016,-17.658111688283157
481,2016,-20.90135423046158
482,2016,-18.136757079503894
483,2016,-17.644583504796373
484,2016,-17.694417133237422
485,2016,-17.390502158600597
486,2016,-22.15756519211888
487,2016,-18.384075998084228
488,2016,-12.553042015727172
489,2016,-13.789320248311512
490,2016,-11.808253543928686
491,2016,-19.70430613500909
492,2016,-16.03473746730954
493,2016,-21.451781554693028
494,2016,-23.580267189791883
495,2016,-17.91487453839295
496,2016,-25.452414796460914
497,2016,-6.172738819170149
498,2016,-8.785084071204835
499,2016,-13.113185128228338
500,2016,-22.293680216659624
1,2017,-22.331169126002692
2,2017,-35.62572462367926
3,2017,-16.612773292108443
4,2017,-26.972810842206172
5,2017,-24.737249615449755
6,2017,-25.64987427853167
7,2017,-28.433881359784607
8,2017,-23.65414565068805
9,2017,-19.196183150272816
10,2017,-30.9179735825185
11,2017,-39.07040322053432
12,2017,-19.396914985329403
13,2017,-27.135443719376468
14,2017,0.9856328460770101
15,2017,-29.244781071908136
16,2017,-28.096291671048505
17,2017,-38.972424840672915
18,2017,-17.786356034621164
19,2017,-4.186447175586238
20,2017,-32.90487638273507
21,2017,-31.745801698225108
22,2017,-16.426061316701507
23,2017,-28.257836107625337
24,2017,-34.181737490060016
25,2017,-25.21516208744788
26,2017,-16.765565881471645
27,2017,-29.70283307996914
28,2017,-32.80879452152453
29,2017,-26.90975446282667
30,2017,-31.71251162418541
31,2017,-23.59048372960612
32,2017,-36.54550520622965
33,2017,-37.41212659334525
34,2017,-41.01402933182504
35,2017,-9.15886622432241
36,2017,-23.203529710858106
37,2017,-30.765496717513145
38,2017,-24.155314751367982
39,2017,-22.268995113855453
40,2017,-32.619704536869875
41,2017,-23.166334393598717
42,2017,-39.55069399752034
43,2017,-29.118881699508066
44,2017,-37.96958241454848
45,2017,-24.899194688259
46,2017,-37.92263810944074
47,2017,-15.891787110414583
48,2017,-33.1102895174447
49,2017,-32.890585787087545
50,2017,-15.08835540262183
51,2017,-16.590225155059883
52,2017,-36.402625605960196
53,2017,-35.789988795206
54,2017,-23.95104492699049
55,2017,-18.053624540393827
56,2017,-21.23973281857785
57,2017,-6.256639891733798
58,2017,-28.005358089604968
59,2017,-28.842232426933492
60,2017,-25.206594278235926
61,2017,-19.82378380306173
62,2017,-29.779163718001385
63,2017,-18.631591325533847
64,2017,-30.035199449607234
65,2017,-13.338520889188487
66,2017,-32.2327003615527
67,2017,-20.62198028531438
68,2017,-35.641047591089915
69,2017,-9.273451997290906
70,2017,-22.145717936567422
71,2017,-40.08721170708611
72,2017,-32.03424504599357
73,2017,-31.048948715990406
74,2017,-30.39682775547081
75,2017,-22.32052110092603
76,2017,-40.330424530229124
77,2017,-36.517709208831036
78,2017,-15.13145959668526
79,2017,-26.11880772097097
80,2017,-19.51177674810718
81,2017,-20.762932171273647
82,2017,-27.718561531595114
83,2017,-22.261232345957495
84,2017,-31.71115004212581
85,2017,-35.30333136139788
86,2017,-36.46877187265446
87,2017,-22.066154295507758
88,2017,-32.42736316185193
89,2017,-30.80696652932886
90,2017,-28.1465914574231
91,2017,-28.303116789531003
92,2017,-38.00240400641471
93,2017,-31.20351956561754
94,2017,-32.894500891475275
95,2017,-24.568092309327724
96,2017,-34.54651410781099
97,2017,-34.85158598494641
98,2017,-34.43306255713617
99,2017,-28.755250494861386
100,2017,-25.373611188404197
101,2017,-4.692235546690156
102,2017,-16.21054806896521
103,2017,-36.39754038620492
104,2017,-26.50885434412986
105,2017,-19.031691987634247
106,2017,-18.575022334276497
107,2017,-28.389096835820652
108,2017,-19.439513649930944
109,2017,-40.507535345936304
110,2017,-20.794795209438192
111,2017,-27.32995646215423
112,2017,-32.82175273798093
113,2017,-14.148929524096673
114,2017,-17.719690553633555
115,2017,-35.284610087600726
116,2017,-35.94743797135607
117,2017,-42.07806924393526
118,2017,-32.846513752555126
119,2017,-13.268171446571046
120,2017,-25.676651074476894
121,2017,-21.66656734801238
122,2017,-15.910541203051267
123,2017,-39.68966918386653
124,2017,-29.464991601140753
125,2017,-18.105077882521357
126,2017,-27.64791647715346
127,2017,-26.02075248692836
128,2017,-34.488568100271706
129,2017,-24.059670341947168
130,2017,-35.021210211927155
131,2017,-22.979530387316657
132,2017,-20.781854935341258
133,2017,-18.04395541028252
134,2017,-18.476446135347757
135,2017,-32.590816621768965
136,2017,-20.42056473725779
137,2017,-34.03662640370652
138,2017,-33.200323808676814
139,2017,-28.843602669945113
140,2017,-36.037384920423364
141,2017,-24.887376354792394
142,2017,-16.38618939933893
143,2017,-40.98747470779816
144,2017,-14.329682153598057
145,2017,-36.444471049047195
146,2017,-9.28470518993366
147,2017,-31.05879260848822
148,2017,-28.70992785270404
149,2017,-24.59187035712924
150,2017,-28.306872289267275
151,2017,-27.49393059637987
152,2017,-38.586651964249725
153,2017,-24.957833763715826
154,2017,-21.466522718382222
155,2017,-32.4756586532871
156,2017,-39.40553774717475
157,2017,-35.67531987573966
158,2017,-33.47142815494419
159,2017,-25.72850470221553
160,2017,-40.445242356755244
161,2017,-34.54705582180537
162,2017,-42.1929463684485
163,2017,-35.624063173833946
164,2017,-8.61454980009998
165,2017,-30.3175878683313
166,2017,-32.49183735070339
167,2017,-32.68849946916649
168,2017,-35.3429947945051
169,2017,-37.96203833750738
170,2017,-21.144160016789982
171,2017,-16.926206834849083
172,2017,-28.090820610294017
173,2017,-12.682662463612175
174,2017,-35.52239174505522
175,2017,-23.02987143386423
176,2017,-44.05505028504493
177,2017,-30.523139382915332
178,2017,-21.48924669196738
179,2017,-32.93140702167267
180,2017,-26.615223571689967
181,2017,-35.22962396385326
182,2017,-27.803106425432517
183,2017,-31.820943675481587
184,2017,-28.215317047628417
185,2017,-37.25387625775468
186,2017,-34.21022201575998
187,2017,-29.39570343908875
188,2017,-32.41570318016778
189,2017,-28.784470501401756
190,2017,-24.05273927213038
191,2017,-33.91182910768872
192,2017,-18.747428227917226
193,2017,-26.725768469278094
194,2017,-27.3937380406784
195,2017,-28.732159008561993
196,2017,-26.27988944639462
197,2017,-14.115360473419884
198,2017,-30.350582899965957
199,2017,-19.37417636613924
200,2017,-32.255724944094126
201,2017,-28.948009546091214
202,2017,-28.575550339670045
203,2017,-39.052154871575866
204,2017,-33.10635344855967
205,2017,-32.031398896209765
206,2017,-36.95026452633647
207,2017,-36.296084686347996
208,2017,-32.778167532744234
209,2017,-16.870140824857685
210,2017,-38.96756249276311
211,2017,-20.717542241851987
212,2017,-29.264202999580363
213,2017,-30.214145343606333
214,2017,-15.371069639680854
215,2017,-14.742743125722797
216,2017,-15.473331894426465
217,2017,-29.504932516464436
218,2017,-34.364645354262194
219,2017,-13.066947659555623
220,2017,-13.682188224749964
221,2017,-34.16353427309187
222,2017,-40.61714718286015
223,2017,-28.9359682261003
224,2017,-36.230118035513385
225,2017,-37.53758525272238
226,2017,-29.025138076190927
227,2017,-35.08721345468297
228,2017,-23.09268264255367
229,2017,-36.284899555422726
230,2017,-30.36066611740874
231,2017,-26.85367682079115
232,2017,-33.52911348903078
233,2017,-36.84088057421175
234,2017,-22.478910603968515
235,2017,-34.621398831095945
236,2017,-29.622596637874693
237,2017,-20.893445954767188
238,2017,-30.83863719832148
239,2017,-39.56481596923294
240,2017,-25.719636655357505
241,2017,-29.994795403275262
242,2017,-8.302283153507375
243,2017,-33.76182789923567
244,2017,-25.46494391087542
245,2017,-25.687386214681098
246,2017,-31.930213018229296
247,2017,-27.073497530462816
248,2017,-24.004907133447873
249,2017,-27.474394917419573
250,2017,-15.458663265452913
251,2017,-24.531349695674493
252,2017,-24.90037085896546
253,2017,-34.65963765237578
254,2017,-43.17680471043914
255,2017,-26.63873989488566
256,2017,-5.946480785348058
257,2017,-25.573965360542786
258,2017,-7.446963034129503
259,2017,-21.672589006166575
260,2017,-18.01752929860747
261,2017,-19.671107930552793
262,2017,-22.636681463025383
263,2017,-23.571770149767715
264,2017,-7.083055082840872
265,2017,-26.800365256499987
266,2017,-25.776577412146082
267,2017,-29.909777597840844
268,2017,-26.540681533006463
269,2017,-46.247353704053495
270,2017,-38.333471517794194
271,2017,-27.046980198191406
272,2017,-31.49940290371606
273,2017,-21.788103659257928
274,2017,-37.88341656099499
275,2017,-31.303652850998944
276,2017,-32.84446019266396
277,2017,-36.24863251536348
278,2017,-39.48763237467776
279,2017,-19.10585121579024
280,2017,-33.057894239047286
281,2017,-38.31809877684799
282,2017,-27.802023388478176
283,2017,-37.1934548315115
284,2017,-28.602430327250687
285,2017,-40.68307878353741
286,2017,-24.25618049609737
287,2017,-12.345815706347366
288,2017,-20.24570619274668
289,2017,-28.747401876399834
290,2017,-27.71743205188666
291,2017,-11.638397140736117
292,2017,-35.159051356311736
293,2017,-42.14587351112516
294,2017,-26.133218224067434
295,2017,-13.936712722721325
296,2017,-20.389517912078105
297,2017,-34.57476604997143
298,2017,-30.743809846443185
299,2017,-21.992015928590547
300,2017,-14.629063797863765
301,2017,-34.918587951515605
302,2017,-15.452377027847831
303,2017,-31.405054167969382
304,2017,-15.479168709598184
305,2017,-25.721481498847254
306,2017,-29.047580602826827
307,2017,-26.906696950550725
308,2017,-32.84944149742424
309,2017,-30.924304749461413
310,2017,-39.2796982676862
311,2017,-30.48239675704491
312,2017,-30.486690916308547
313,2017,-28.24217205272295
314,2017,-32.24946820704611
315,2017,-34.18520509411408
316,2017,-36.61455196300096
317,2017,-12.697261232379333
318,2017,-37.870387276173716
319,2017,-21.07661589922732
320,2017,-41.616127972102674
321,2017,-29.829624842403433
322,2017,-28.055920264137768
323,2017,-29.16913664870529
324,2017,-24.377926143313275
325,2017,-35.57660488030406
326,2017,-30.40113160927288
327,2017,-19.734951182965602
328,2017,-34.198230700856385
329,2017,-22.932713698105687
330,2017,-23.765950436379384
331,2017,-28.514545926785416
332,2017,-30.47505065876757
333,2017,-33.599188878386485
334,2017,-27.346413391402493
335,2017,-32.72936721458025
336,2017,-18.7612829783089
337,2017,-15.51330420651469
338,2017,-37.97178986028311
339,2017,-32.22451664294135
340,2017,-34.22443450166739
341,2017,-31.59987922958382
342,2017,-31.281786075809393
343,2017,-24.178315573362084
344,2017,-22.658597810634603
345,2017,-34.78391007530426
346,2017,-27.53940335259719
347,2017,-18.852929724407645
348,2017,-36.43830711855013
349,2017,-26.246407992404784
350,2017,-7.463224978557548
351,2017,-28.16586702625753
352,2017,-30.022408510550903
353,2017,-35.74513880627045
354,2017,-30.362048268811222
355,2017,-18.677053372864947
356,2017,-14.827391208370202
357,2017,-31.262520614944606
358,2017,-41.22047796272244
359,2017,-31.12655033816118
360,2017,-27.631971692324413
361,2017,-37.19426736304257
362,2017,-23.255018285215186
363,2017,-32.92107113750187
364,2017,-4.599783697347192
365,2017,-34.26932105165065
366,2017,-39.90851984494748
367,2017,-37.899637340273955
368,2017,-12.037999945331592
369,2017,-35.59714181788998
370,2017,-22.12364760135665
371,2017,-17.72964589245153
372,2017,-29.63338131344983
373,2017,-29.137419238210683
374,2017,-17.068155607902668
375,2017,-32.8747663285165
376,2017,-26.84186896299724
377,2017,-30.58174359371634
378,2017,-46.16268023592028
379,2017,-20.246009868469287
380,2017,-26.14170332995114
381,2017,-36.58563547201503
382,2017,-16.27877849644412
383,2017,-32.396395792524956
384,2017,-20.192298390383982
385,2017,-41.08082841956514
386,2017,-34.43498043392049
387,2017,-36.5459762079858
388,2017,-33.27388275552943
389,2017,-44.22012722203456
390,2017,-32.66193769547428
391,2017,-27.929977238462342
392,2017,-26.92160377636577
393,2017,-25.55925335506987
394,2017,-32.24019970254207
395,2017,-30.561316562501645
396,2017,-14.726245852987773
397,2017,-32.706160041830856
398,2017,-27.954087226338586
399,2017,-16.443289038294893
400,2017,-26.088826067221163
401,2017,-33.11050194696895
402,2017,-11.80276851859368
403,2017,-34.631105003767374
404,2017,-30.615614950806872
405,2017,-28.40241203961446
406,2017,-29.258787426294916
407,2017,-31.28640214908674
408,2017,-29.31715275929959
409,2017,-32.286165975208945
410,2017,-19.021604896569613
411,2017,-24.14212302384395
412,2017,-19.963331065800915
413,2017,-12.671012379780464
414,2017,-21.320383150890066
415,2017,-23.101128218682376
416,2017,-22.974606966249652
417,2017,-17.859909887689128
418,2017,-36.91122808697614
419,2017,-33.15550837298568
420,2017,-21.633932738149696
421,2017,-17.34499527964178
422,2017,-31.716230052095057
423,2017,-12.752396406503877
424,2017,-32.897177158280044
425,2017,-28.750328014220642
426,2017,-34.676483905678
427,2017,-31.987962743232742
428,2017,-41.35335821752639
429,2017,-20.93056084890604
430,2017,-20.222922067521807
431,2017,-20.4225294522862
432,2017,-36.02368292819108
433,2017,-22.339181558252335
434,2017,-38.22194023406766
435,2017,-30.769314184280518
436,2017,-16.797000237854476
437,2017,-35.92809854143641
438,2017,-37.07227437445168
439,2017,-26.501573472094847
440,2017,-19.55027017520719
441,2017,-13.218084710068766
442,2017,-31.987619438206963
443,2017,-26.926770746714652
444,2017,-21.741681247363857
445,2017,-23.09515316248742
446,2017,-40.91742086512035
447,2017,-24.976082524096356
448,2017,-21.89669888835914
449,2017,-30.925839712685132
450,2017,-45.43951775608588
451,2017,-41.064575427385705
452,2017,-23.98056593838477
453,2017,-44.298012388076245
454,2017,-11.261561206226403
455,2017,-14.0891460767008
456,2017,-24.71211898429216
457,2017,-26.330955958957006
458,2017,-16.580623657650534
459,2017,-35.4655648854077
460,2017,-31.061874586593817
461,2017,-22.71472200769604
462,2017,-15.298178696062237
463,2017,-23.02938039812416
464,2017,-45.88116508045755
465,2017,-20.244606201038735
466,2017,-34.39016609441049
467,2017,-28.838658287984245
468,2017,-30.326368177165364
469,2017,-21.668666921185363
470,2017,-26.53301037826185
471,2017,-20.715753797457907
472,2017,-32.08494193452742
473,2017,-38.22880104657264
474,2017,-28.686130541285706
475,2017,-27.4835892306549
476,2017,-38.9695529728549
477,2017,-35.453796873098526
478,2017,-22.495010871638982
479,2017,-21.724138842985354
480,2017,-26.960310496278225
481,2017,-34.31640846675751
482,2017,-25.301139176252008
483,2017,-26.524817024195926
484,2017,-26.335731966490584
485,2017,-36.95853690909476
486,2017,-36.046506890995005
487,2017,-24.639778290599523
488,2017,-18.64675122406227
489,2017,-16.940326956054136
490,2017,-17.79170797447216
491,2017,-31.199912293068365
492,2017,-24.45170901194321
493,2017,-27.19256487906351
494,2017,-33.843207638200724
495,2017,-26.23727569717971
496,2017,-40.059214565794264
497,2017,-12.588425024836738
498,2017,-27.33420409166328
499,2017,-29.166285143958845
500,2017,-29.36615148247236
