omega,weighting
5.399568451387904e-4,Equally weighted
6.10266229978207e-4,Equally weighted
5.195431638138839e-4,Equally weighted
5.376113015951648e-4,Equally weighted
6.215529734163037e-4,Equally weighted
5.048662974253106e-4,Equally weighted
5.499219829152472e-4,Equally weighted
5.696414595783335e-4,Equally weighted
6.529664669543101e-4,Equally weighted
5.850377904409514e-4,Equally weighted
6.379565744971896e-4,Equally weighted
5.290773823756233e-4,Equally weighted
6.136268508814866e-4,Equally weighted
5.547934850520804e-4,Equally weighted
5.947264567457161e-4,Equally weighted
6.119451734955633e-4,Equally weighted
5.936056954558096e-4,Equally weighted
6.621603955923236e-4,Equally weighted
5.908636633661016e-4,Equally weighted
5.515935002675389e-4,Equally weighted
6.394127270341431e-4,Equally weighted
6.112686594665636e-4,Equally weighted
6.543699833565197e-4,Equally weighted
6.037519534853888e-4,Equally weighted
6.113591816662692e-4,Equally weighted
6.175649038730665e-4,Equally weighted
6.059719523537349e-4,Equally weighted
6.316381669974678e-4,Equally weighted
6.210991645275915e-4,Equally weighted
6.605383364052189e-4,Equally weighted
5.90781268199316e-4,Equally weighted
6.646858137586085e-4,Equally weighted
5.385618247200722e-4,Equally weighted
6.534698199491106e-4,Equally weighted
5.648887709360326e-4,Equally weighted
6.875942005652565e-4,Equally weighted
6.197031358293422e-4,Equally weighted
7.158704177546826e-4,Equally weighted
6.261890497680875e-4,Equally weighted
6.065980622493634e-4,Equally weighted
5.774111930045491e-4,Equally weighted
6.128087341396732e-4,Equally weighted
5.561131449045737e-4,Equally weighted
5.048662974253106e-4,Equally weighted
6.018414803294204e-4,Equally weighted
5.411996805228755e-4,Equally weighted
6.971543976532898e-4,Equally weighted
6.631742716675615e-4,Equally weighted
5.819826016903408e-4,Equally weighted
6.689513735707997e-4,Equally weighted
5.657113190134508e-4,Equally weighted
6.156414856526405e-4,Equally weighted
5.815361612596013e-4,Equally weighted
6.494460161957979e-4,Equally weighted
5.048662974253106e-4,Equally weighted
6.956084830840953e-4,Equally weighted
6.399560813980935e-4,Equally weighted
6.061468146989036e-4,Equally weighted
6.176774606998113e-4,Equally weighted
5.947466160889218e-4,Equally weighted
6.050845870052887e-4,Equally weighted
5.048662974253106e-4,Equally weighted
6.099008762634393e-4,Equally weighted
6.759472315147897e-4,Equally weighted
5.6937025997166e-4,Equally weighted
5.048662974253106e-4,Equally weighted
6.683784466145565e-4,Equally weighted
5.923829114041841e-4,Equally weighted
6.257754171335336e-4,Equally weighted
5.894312675323045e-4,Equally weighted
6.084587863839039e-4,Equally weighted
6.145364921434785e-4,Equally weighted
5.846473709491823e-4,Equally weighted
6.268496783223461e-4,Equally weighted
6.114533514756615e-4,Equally weighted
6.555150150526232e-4,Equally weighted
5.964239827208933e-4,Equally weighted
6.210579032223481e-4,Equally weighted
6.013571743100477e-4,Equally weighted
6.088953168981693e-4,Equally weighted
5.178054206197331e-4,Equally weighted
6.008261184516455e-4,Equally weighted
5.993376088098657e-4,Equally weighted
6.102085664809444e-4,Equally weighted
5.399724640696546e-4,Equally weighted
5.82356026689167e-4,Equally weighted
6.838897618857864e-4,Equally weighted
5.048662974253106e-4,Equally weighted
7.065713158257869e-4,Equally weighted
6.32631412933225e-4,Equally weighted
6.136140845800827e-4,Equally weighted
5.484260126205997e-4,Equally weighted
6.452939931087964e-4,Equally weighted
5.552164291879793e-4,Equally weighted
5.992824300116277e-4,Equally weighted
6.011134683943618e-4,Equally weighted
5.770382134321451e-4,Equally weighted
6.042160379720741e-4,Equally weighted
6.675234523477753e-4,Equally weighted
6.604771798602485e-4,Equally weighted
6.03531693098766e-4,Equally weighted
5.717082964462096e-4,Equally weighted
5.92247902939228e-4,Equally weighted
5.762097391203059e-4,Equally weighted
5.544218438313177e-4,Equally weighted
5.65542262130801e-4,Equally weighted
6.132086874529599e-4,Equally weighted
5.825222506662836e-4,Equally weighted
5.776328463515484e-4,Equally weighted
5.785096275994472e-4,Equally weighted
6.129734129372099e-4,Equally weighted
5.712928399959756e-4,Equally weighted
6.109968922116473e-4,Equally weighted
5.647445583619069e-4,Equally weighted
5.848387207700316e-4,Equally weighted
5.999126019474202e-4,Equally weighted
5.985321793835931e-4,Equally weighted
6.131407906275441e-4,Equally weighted
6.198990241728195e-4,Equally weighted
5.806261471396708e-4,Equally weighted
5.834580102670135e-4,Equally weighted
6.093592285567976e-4,Equally weighted
6.029029619061515e-4,Equally weighted
5.984900001714693e-4,Equally weighted
6.172385580353499e-4,Equally weighted
6.090686357054505e-4,Equally weighted
5.659981773429106e-4,Equally weighted
6.429931411825589e-4,Equally weighted
6.219254774680872e-4,Equally weighted
5.048662974253106e-4,Equally weighted
6.055058138236785e-4,Equally weighted
5.479042798836395e-4,Equally weighted
6.045383313408833e-4,Equally weighted
6.414554405567542e-4,Equally weighted
5.178736166808826e-4,Equally weighted
6.327543102759768e-4,Equally weighted
5.048662974253106e-4,Equally weighted
6.05871645888071e-4,Equally weighted
6.186092220011678e-4,Equally weighted
6.18287511157362e-4,Equally weighted
6.00478927352563e-4,Equally weighted
6.109959169989941e-4,Equally weighted
5.48909710077922e-4,Equally weighted
6.498573385042209e-4,Equally weighted
5.683607852101637e-4,Equally weighted
6.102013155288243e-4,Equally weighted
5.180715392781583e-4,Equally weighted
5.645397165452351e-4,Equally weighted
5.699452482406764e-4,Equally weighted
5.699778348769278e-4,Equally weighted
5.709842433379253e-4,Equally weighted
6.339357750332164e-4,Equally weighted
5.048662974253106e-4,Equally weighted
5.786213462223734e-4,Equally weighted
7.013242703103765e-4,Equally weighted
5.687206197038168e-4,Equally weighted
5.786350991509893e-4,Equally weighted
5.785415678199362e-4,Equally weighted
5.475927417107501e-4,Equally weighted
6.335732740650236e-4,Equally weighted
6.192395574433426e-4,Equally weighted
5.687112357221981e-4,Equally weighted
6.219119918440994e-4,Equally weighted
9.891211308371444e-4,Equally weighted
5.820034930453994e-4,Equally weighted
5.990599797162638e-4,Equally weighted
5.963373673772924e-4,Equally weighted
6.081633246798752e-4,Equally weighted
5.70003797635333e-4,Equally weighted
6.03899659373135e-4,Equally weighted
6.345141254593792e-4,Equally weighted
5.563322352337397e-4,Equally weighted
7.195871677680869e-4,Equally weighted
6.177134341687106e-4,Equally weighted
6.13885480097247e-4,Equally weighted
5.713263700881868e-4,Equally weighted
6.697059867726116e-4,Equally weighted
5.992473958637258e-4,Equally weighted
7.389723169271349e-4,Equally weighted
5.720217418555756e-4,Equally weighted
5.986004659591828e-4,Equally weighted
5.937439662878866e-4,Equally weighted
6.593119483235374e-4,Equally weighted
6.266037435077194e-4,Equally weighted
6.15629373101295e-4,Equally weighted
6.228396795998878e-4,Equally weighted
5.922643930021254e-4,Equally weighted
6.422528342331523e-4,Equally weighted
5.048662974253106e-4,Equally weighted
5.747468966909785e-4,Equally weighted
6.010397668666199e-4,Equally weighted
6.137473750984269e-4,Equally weighted
6.461499912173093e-4,Equally weighted
5.71724304908411e-4,Equally weighted
5.048662974253106e-4,Equally weighted
6.641188808718409e-4,Equally weighted
5.281498754538692e-4,Equally weighted
5.988420787870426e-4,Equally weighted
5.110128823674063e-4,Equally weighted
6.022172496929544e-4,Equally weighted
6.023464753328557e-4,Equally weighted
6.15677972099149e-4,Equally weighted
6.159231721691128e-4,Equally weighted
5.36803190397848e-4,Equally weighted
6.692552970475907e-4,Equally weighted
5.742630471456147e-4,Equally weighted
6.22193781590425e-4,Equally weighted
0.00061060596039481615,Equally weighted
6.203595041320983e-4,Equally weighted
5.717297783016625e-4,Equally weighted
5.048662974253106e-4,Equally weighted
5.773293126563815e-4,Equally weighted
6.399732434923142e-4,Equally weighted
5.743001921123779e-4,Equally weighted
5.734994946264089e-4,Equally weighted
6.670844346471615e-4,Equally weighted
5.739436739060017e-4,Equally weighted
6.285877676379403e-4,Equally weighted
6.328694269887303e-4,Equally weighted
5.504606623587673e-4,Equally weighted
6.300260617366269e-4,Equally weighted
5.553763593616152e-4,Equally weighted
6.279573449836012e-4,Equally weighted
6.577667568883871e-4,Equally weighted
6.019717822576217e-4,Equally weighted
5.903726414153846e-4,Equally weighted
6.348213575111008e-4,Equally weighted
6.223143395753597e-4,Equally weighted
6.307351693456689e-4,Equally weighted
5.709058216069991e-4,Equally weighted
6.307401072773412e-4,Equally weighted
6.346390781571407e-4,Equally weighted
5.959543124784546e-4,Equally weighted
5.048662974253106e-4,Equally weighted
6.141010071895658e-4,Equally weighted
5.284392949206929e-4,Equally weighted
6.62634463898198e-4,Equally weighted
6.299403639612662e-4,Equally weighted
6.171473207221219e-4,Equally weighted
5.923956179197246e-4,Equally weighted
5.956300947696545e-4,Equally weighted
5.549222413107248e-4,Equally weighted
6.372777035087753e-4,Equally weighted
5.944843739088783e-4,Equally weighted
6.541559668475031e-4,Equally weighted
6.057099271866791e-4,Equally weighted
5.762540343118429e-4,Equally weighted
5.355596930658545e-4,Equally weighted
6.035674197377674e-4,Equally weighted
5.048662974253106e-4,Equally weighted
6.936451617580335e-4,Equally weighted
5.048662974253106e-4,Equally weighted
0.00064560942998987585,Equally weighted
5.497944149717227e-4,Equally weighted
6.134560693320864e-4,Equally weighted
5.962801542291206e-4,Equally weighted
5.192598943234521e-4,Equally weighted
6.850620430635298e-4,Equally weighted
5.703004660484327e-4,Equally weighted
6.236116923455157e-4,Equally weighted
7.477300743808747e-4,Equally weighted
5.048662974253106e-4,Equally weighted
6.077712505592268e-4,Equally weighted
5.770695451351966e-4,Equally weighted
5.048662974253106e-4,Equally weighted
5.574564899146274e-4,Equally weighted
5.881817174269965e-4,Equally weighted
5.891631190958903e-4,Equally weighted
6.325843731267815e-4,Equally weighted
6.190291665557456e-4,Equally weighted
5.259938866489156e-4,Equally weighted
6.19951087270494e-4,Equally weighted
5.281460002282141e-4,Equally weighted
6.243687036993803e-4,Equally weighted
6.217522278431535e-4,Equally weighted
5.048662974253106e-4,Equally weighted
6.14819441921165e-4,Equally weighted
5.973535266422344e-4,Equally weighted
6.490460937414275e-4,Equally weighted
5.512453149811849e-4,Equally weighted
6.514847990392369e-4,Equally weighted
6.055125999008057e-4,Equally weighted
7.159292227392217e-4,Equally weighted
5.547458548793112e-4,Equally weighted
5.946182505508206e-4,Equally weighted
6.611121100364645e-4,Equally weighted
5.671094784916312e-4,Equally weighted
5.906451238687811e-4,Equally weighted
6.31849434150496e-4,Equally weighted
6.270049862030231e-4,Equally weighted
8.025667717628076e-4,Equally weighted
6.434907995669798e-4,Equally weighted
5.674533583739279e-4,Equally weighted
5.983365136970393e-4,Equally weighted
5.688917222982744e-4,Equally weighted
6.229153103159059e-4,Equally weighted
6.051419925243695e-4,Equally weighted
6.464188179537493e-4,Equally weighted
5.909005894338608e-4,Equally weighted
6.017950148145123e-4,Equally weighted
5.659799503845789e-4,Equally weighted
5.575751431924342e-4,Equally weighted
5.801643524205681e-4,Equally weighted
5.515278053845062e-4,Equally weighted
5.545675134899803e-4,Equally weighted
5.356450697500517e-4,Equally weighted
5.962240967124755e-4,Equally weighted
8.254104164192467e-4,Equally weighted
5.920252760764343e-4,Equally weighted
6.535271668593826e-4,Equally weighted
6.277200496329774e-4,Equally weighted
5.191328930797187e-4,Equally weighted
6.321247327941865e-4,Equally weighted
5.718318631854865e-4,Equally weighted
5.178027752072911e-4,Equally weighted
6.304675112352596e-4,Equally weighted
5.387493417253823e-4,Equally weighted
5.685776827535385e-4,Equally weighted
5.777163375488126e-4,Equally weighted
5.410801711088612e-4,Equally weighted
6.302930854850362e-4,Equally weighted
6.209013784798412e-4,Equally weighted
6.808574454788761e-4,Equally weighted
5.048662974253106e-4,Equally weighted
5.114638187183478e-4,Equally weighted
5.979684079730299e-4,Equally weighted
5.784605228238859e-4,Equally weighted
6.785238148333554e-4,Equally weighted
5.77839721298612e-4,Equally weighted
5.50535916246784e-4,Equally weighted
6.226838066331154e-4,Equally weighted
5.116590035066195e-4,Equally weighted
6.694689485327906e-4,Equally weighted
5.37415432833243e-4,Equally weighted
5.997325052463094e-4,Equally weighted
5.851706243395498e-4,Equally weighted
7.164021189158547e-4,Equally weighted
5.681287459464008e-4,Equally weighted
5.285947091855606e-4,Equally weighted
6.435271407990102e-4,Equally weighted
6.09363786089966e-4,Equally weighted
6.906735272496499e-4,Equally weighted
5.39634420826323e-4,Equally weighted
7.214698740235508e-4,Equally weighted
5.946647896650075e-4,Equally weighted
5.048662974253106e-4,Equally weighted
6.147131703310528e-4,Equally weighted
6.551373019988959e-4,Equally weighted
6.162901171616767e-4,Equally weighted
6.163686495006407e-4,Equally weighted
6.109312797033938e-4,Equally weighted
6.522339470625895e-4,Equally weighted
5.25661960635957e-4,Equally weighted
6.162525314685995e-4,Equally weighted
5.92505997055457e-4,Equally weighted
6.146616080256816e-4,Equally weighted
8.084624078645965e-4,Equally weighted
6.152439039590491e-4,Equally weighted
5.480106476664836e-4,Equally weighted
6.041026591517881e-4,Equally weighted
6.455303882754123e-4,Equally weighted
5.048662974253106e-4,Equally weighted
6.223871839141755e-4,Equally weighted
6.297962712451706e-4,Equally weighted
6.497474942349736e-4,Equally weighted
5.768451731021693e-4,Equally weighted
6.644203841438663e-4,Equally weighted
5.820001621674072e-4,Equally weighted
6.573313309390611e-4,Equally weighted
6.16260492034004e-4,Equally weighted
6.31261616270671e-4,Equally weighted
5.670218294586921e-4,Equally weighted
6.162619106363071e-4,Equally weighted
6.115234394200563e-4,Equally weighted
6.321100496462811e-4,Equally weighted
6.287491933182848e-4,Equally weighted
6.119271587800742e-4,Equally weighted
5.967326206692468e-4,Equally weighted
5.048662974253106e-4,Equally weighted
6.061586416016294e-4,Equally weighted
6.737633446581384e-4,Equally weighted
5.191665992145268e-4,Equally weighted
6.016065674734549e-4,Equally weighted
8.59970515852452e-4,Equally weighted
7.772316248774325e-4,Equally weighted
6.163101074572967e-4,Equally weighted
6.125499131497341e-4,Equally weighted
6.163700753246876e-4,Equally weighted
6.51873560678828e-4,Equally weighted
6.084889633060988e-4,Equally weighted
6.194397064584661e-4,Equally weighted
6.902410990491189e-4,Equally weighted
5.501624642566873e-4,Equally weighted
6.323110821757373e-4,Equally weighted
6.473851083280989e-4,Equally weighted
6.023205829935425e-4,Equally weighted
6.220686510782782e-4,Equally weighted
6.242736218482486e-4,Equally weighted
5.772405755015569e-4,Equally weighted
6.209709550536192e-4,Equally weighted
6.674883773056917e-4,Equally weighted
5.902726150534776e-4,Equally weighted
6.772520826378086e-4,Equally weighted
6.806948311444931e-4,Equally weighted
6.163714982901652e-4,Equally weighted
6.538818044379303e-4,Equally weighted
5.922262144896664e-4,Equally weighted
5.49648954056502e-4,Equally weighted
5.048662974253106e-4,Equally weighted
5.371022979833554e-4,Equally weighted
6.074382552825459e-4,Equally weighted
5.880263887278074e-4,Equally weighted
6.715481250610831e-4,Equally weighted
6.162856302220895e-4,Equally weighted
6.453520047526098e-4,Equally weighted
5.190188693428791e-4,Equally weighted
5.773316781665482e-4,Equally weighted
6.05425954733555e-4,Equally weighted
7.518674604394627e-4,Equally weighted
9.309838469931371e-4,Equally weighted
6.553178396783421e-4,Equally weighted
6.455721834341461e-4,Equally weighted
6.818995496031232e-4,Equally weighted
5.977988506621238e-4,Equally weighted
5.981076507760131e-4,Equally weighted
6.527695174535714e-4,Equally weighted
6.163729212108222e-4,Equally weighted
5.048662974253106e-4,Equally weighted
5.048662974253106e-4,Equally weighted
6.126881139243958e-4,Equally weighted
6.163959340439504e-4,Equally weighted
5.5502757708047e-4,Equally weighted
6.391432967743863e-4,Equally weighted
5.048662974253106e-4,Equally weighted
7.029694771718888e-4,Equally weighted
7.546521384789502e-4,Equally weighted
5.048662974253106e-4,Equally weighted
5.807844094770647e-4,Equally weighted
6.16397358218039e-4,Equally weighted
5.711909156182665e-4,Equally weighted
5.668865783157436e-4,Equally weighted
5.939739480207591e-4,Equally weighted
6.094106087501459e-4,Equally weighted
6.289777001653757e-4,Equally weighted
5.930348953322138e-4,Equally weighted
6.335113444081396e-4,Equally weighted
5.896760344159229e-4,Equally weighted
6.063919333425744e-4,Equally weighted
6.371206730120473e-4,Equally weighted
6.329578609087377e-4,Equally weighted
5.494837483916125e-4,Equally weighted
6.218854689808821e-4,Equally weighted
6.805738016566641e-4,Equally weighted
5.652001367583024e-4,Equally weighted
6.198942819869792e-4,Equally weighted
5.580161444547951e-4,Equally weighted
5.686225363862735e-4,Equally weighted
6.040636297383118e-4,Equally weighted
6.360545147705638e-4,Equally weighted
6.071917336569155e-4,Equally weighted
6.71769043524702e-4,Equally weighted
6.820716929203056e-4,Equally weighted
6.181893967820943e-4,Equally weighted
6.335389744219372e-4,Equally weighted
6.343825444569157e-4,Equally weighted
5.978009101856199e-4,Equally weighted
5.900911480538523e-4,Equally weighted
5.048662974253106e-4,Equally weighted
5.048662974253106e-4,Equally weighted
6.64677494481593e-4,Equally weighted
6.193572215482637e-4,Equally weighted
6.830028614970798e-4,Equally weighted
6.185105569123888e-4,Equally weighted
6.227863932232265e-4,Equally weighted
6.141065299481355e-4,Equally weighted
5.562058847202334e-4,Equally weighted
6.900559961120769e-4,Equally weighted
5.194843961007421e-4,Equally weighted
5.518913025410583e-4,Equally weighted
5.771450976574921e-4,Equally weighted
5.403245713033142e-4,Equally weighted
5.730536561931417e-4,Equally weighted
5.829263562543538e-4,Equally weighted
6.507735660278934e-4,Equally weighted
5.048662974253106e-4,Equally weighted
6.376706356464589e-4,Equally weighted
5.54552910999901e-4,Equally weighted
5.740942234295286e-4,Equally weighted
6.856694763314241e-4,Equally weighted
6.907136172971812e-4,Equally weighted
5.048662974253106e-4,Equally weighted
5.992372368026567e-4,Equally weighted
6.357287020456938e-4,Equally weighted
5.506040705123647e-4,Equally weighted
5.809784934811882e-4,Equally weighted
5.566029820873247e-4,Equally weighted
5.109175391150397e-4,Equally weighted
5.504827930717713e-4,Equally weighted
6.051852674008554e-4,Equally weighted
6.120778784198218e-4,Equally weighted
6.126770006629396e-4,Equally weighted
5.407290247103743e-4,Equally weighted
5.754457336257788e-4,Equally weighted
6.21387227556202e-4,Equally weighted
5.657839120552931e-4,Equally weighted
6.141904299083678e-4,Equally weighted
6.048794792979823e-4,Equally weighted
5.290368954682389e-4,Equally weighted
5.889559382999447e-4,Equally weighted
5.901193880798298e-4,Equally weighted
6.153085179292649e-4,Equally weighted
5.552073488936636e-4,Equally weighted
6.10811337539864e-4,Equally weighted
5.788612859565621e-4,Equally weighted
6.313352010512571e-4,Equally weighted
6.363645737112114e-4,Equally weighted
6.21442674356577e-4,Equally weighted
5.965781781109017e-4,Equally weighted
6.409232733110552e-4,Equally weighted
5.984124649357009e-4,Equally weighted
5.408531963002731e-4,Equally weighted
5.925347739402389e-4,Equally weighted
5.048662974253106e-4,Equally weighted
5.645682069333601e-4,Equally weighted
5.753082857831923e-4,Equally weighted
6.4144483256696e-4,Equally weighted
6.171474662915611e-4,Equally weighted
5.660420319057481e-4,Equally weighted
5.975605376523781e-4,Equally weighted
6.524779567330159e-4,Equally weighted
5.96148015365587e-4,Equally weighted
5.193980918854172e-4,Equally weighted
6.132983338574637e-4,Equally weighted
6.104174529726802e-4,Equally weighted
7.03521660582344e-4,Equally weighted
6.489291135457636e-4,Equally weighted
6.818152564043181e-4,Equally weighted
6.111952963590525e-4,Equally weighted
6.345787841912577e-4,Equally weighted
5.481673165543053e-4,Equally weighted
5.359159631939937e-4,Equally weighted
5.266082595161175e-4,Equally weighted
8.722972964584753e-4,Equally weighted
5.540001326031678e-4,Equally weighted
6.538124633029455e-4,Equally weighted
5.475223732751085e-4,Equally weighted
7.561773515509451e-4,Equally weighted
6.891807246841097e-4,Equally weighted
7.152279945206743e-4,Equally weighted
5.934359323081782e-4,Equally weighted
6.004148814021456e-4,Equally weighted
5.901644755123639e-4,Equally weighted
7.432572279048459e-4,Equally weighted
6.122413844126664e-4,Equally weighted
6.16674108200346e-4,Equally weighted
6.107499874743299e-4,Equally weighted
6.186252020344293e-4,Equally weighted
6.61562103370478e-4,Equally weighted
6.116608869277908e-4,Equally weighted
5.813584241558455e-4,Equally weighted
6.015931625502098e-4,Equally weighted
6.109622634987847e-4,Equally weighted
5.256806051369134e-4,Equally weighted
6.165916411948679e-4,Equally weighted
6.534649672877256e-4,Equally weighted
5.743272632453957e-4,Equally weighted
6.526868402599433e-4,Equally weighted
5.674177394334149e-4,Equally weighted
5.397923294577354e-4,Equally weighted
5.785782821391695e-4,Equally weighted
6.093107649989661e-4,Equally weighted
6.033676610476154e-4,Equally weighted
5.911493071720043e-4,Equally weighted
6.702775831061377e-4,Equally weighted
6.860659376665826e-4,Equally weighted
6.47996560251306e-4,Equally weighted
6.386892268739546e-4,Equally weighted
6.546164473014395e-4,Equally weighted
6.167035211771633e-4,Equally weighted
6.50143701150654e-4,Equally weighted
5.95580348106412e-4,Equally weighted
6.873838170148447e-4,Equally weighted
7.021804075698522e-4,Equally weighted
5.764484513244459e-4,Equally weighted
5.410807904906308e-4,Equally weighted
6.055131235766084e-4,Equally weighted
5.555344431480337e-4,Equally weighted
6.111337382540335e-4,Equally weighted
6.102552617121694e-4,Equally weighted
6.506462625559751e-4,Equally weighted
6.223048056498482e-4,Equally weighted
5.048662974253106e-4,Equally weighted
6.403601294667013e-4,Equally weighted
5.548307617639894e-4,Equally weighted
5.502509339267081e-4,Equally weighted
5.400041253990452e-4,Equally weighted
6.64294100163739e-4,Equally weighted
6.615521577620497e-4,Equally weighted
6.152976144984459e-4,Equally weighted
5.991813728503335e-4,Equally weighted
6.396881807302243e-4,Equally weighted
5.048662974253106e-4,Equally weighted
5.802571684283463e-4,Equally weighted
5.265409695984579e-4,Equally weighted
5.872797248441895e-4,Equally weighted
5.951388976490833e-4,Equally weighted
6.882283974942047e-4,Equally weighted
5.719699295852311e-4,Equally weighted
5.048662974253106e-4,Equally weighted
5.476742135333522e-4,Equally weighted
6.315590514575349e-4,Equally weighted
6.982597333072243e-4,Equally weighted
6.049840839056108e-4,Equally weighted
6.207451096099673e-4,Equally weighted
5.048662974253106e-4,Equally weighted
6.723252002687008e-4,Equally weighted
6.442723785934529e-4,Equally weighted
6.607785028851063e-4,Equally weighted
6.278771536026423e-4,Equally weighted
6.288922631444799e-4,Equally weighted
6.529323193586709e-4,Equally weighted
6.004486896558335e-4,Equally weighted
6.227952515664318e-4,Equally weighted
5.109719643875209e-4,Equally weighted
5.916614117443197e-4,Equally weighted
7.119290931676978e-4,Equally weighted
6.160091144037542e-4,Equally weighted
5.538641861740332e-4,Equally weighted
6.262213493676928e-4,Equally weighted
5.048662974253106e-4,Equally weighted
5.758659678029689e-4,Equally weighted
5.965257665233069e-4,Equally weighted
6.57458627134574e-4,Equally weighted
7.098135630818108e-4,Equally weighted
6.524872162608011e-4,Equally weighted
6.079882635686751e-4,Equally weighted
5.541253277571797e-4,Equally weighted
6.579018778393417e-4,Equally weighted
6.137579202383956e-4,Equally weighted
6.534575508517323e-4,Equally weighted
5.695342876184108e-4,Equally weighted
7.348813823790071e-4,Equally weighted
6.721505590226248e-4,Equally weighted
5.048662974253106e-4,Equally weighted
5.11487448036405e-4,Equally weighted
5.78093721318157e-4,Equally weighted
5.838193334891113e-4,Equally weighted
5.996205428168463e-4,Equally weighted
6.16185323202833e-4,Equally weighted
5.048662974253106e-4,Equally weighted
5.048662974253106e-4,Equally weighted
6.158592990586872e-4,Equally weighted
6.141576269334681e-4,Equally weighted
6.340945379455545e-4,Equally weighted
5.751378984976552e-4,Equally weighted
5.750502519661314e-4,Equally weighted
7.71470004405202e-4,Equally weighted
5.048662974253106e-4,Equally weighted
5.048662974253106e-4,Equally weighted
5.594265977138096e-4,Equally weighted
5.048662974253106e-4,Equally weighted
6.633153138937568e-4,Equally weighted
6.151475501548272e-4,Equally weighted
7.41950129257317e-4,Equally weighted
6.160713829508269e-4,Equally weighted
5.94725903831236e-4,Equally weighted
6.411329867759349e-4,Equally weighted
6.391182751007028e-4,Equally weighted
6.151436357033333e-4,Equally weighted
7.717146001492596e-4,Equally weighted
6.340578578510812e-4,Equally weighted
6.131084802191426e-4,Equally weighted
5.808444132610654e-4,Equally weighted
6.071101963391948e-4,Equally weighted
5.048662974253106e-4,Equally weighted
5.048662974253106e-4,Equally weighted
5.048662974253106e-4,Equally weighted
6.504180889116736e-4,Equally weighted
6.502497162394963e-4,Equally weighted
6.151939018425958e-4,Equally weighted
7.163833709120941e-4,Equally weighted
6.401149248456861e-4,Equally weighted
6.159890686186899e-4,Equally weighted
6.152142634855574e-4,Equally weighted
5.671145834282611e-4,Equally weighted
8.185420518558934e-4,Equally weighted
6.152002374627556e-4,Equally weighted
5.959462093612612e-4,Equally weighted
6.814899394415235e-4,Equally weighted
6.733405467896403e-4,Equally weighted
6.152143675849421e-4,Equally weighted
6.425210586729512e-4,Equally weighted
8.486659884621074e-4,Equally weighted
6.152218976548437e-4,Equally weighted
6.007959983119295e-4,Equally weighted
5.184792677412082e-4,Equally weighted
7.547846419357842e-4,Equally weighted
5.767936045428827e-4,Equally weighted
5.048662974253106e-4,Equally weighted
6.155965522428591e-4,Equally weighted
5.992792406774095e-4,Equally weighted
6.328900992556457e-4,Equally weighted
6.416371195900057e-4,Equally weighted
5.678319175381461e-4,Equally weighted
5.267917597483626e-4,Equally weighted
6.03652935586929e-4,Equally weighted
6.639944017461861e-4,Equally weighted
0.0010352086208273359,Equally weighted
0.00070062311826922085,Equally weighted
6.114065501179449e-4,Equally weighted
6.008556584077761e-4,Equally weighted
6.152576771066615e-4,Equally weighted
6.255904376233723e-4,Equally weighted
5.954582773317433e-4,Equally weighted
5.839059426563177e-4,Equally weighted
5.481385305203923e-4,Equally weighted
5.715306754035838e-4,Equally weighted
7.265346187396301e-4,Equally weighted
5.048662974253106e-4,Equally weighted
6.461093981754722e-4,Equally weighted
5.564670174928491e-4,Equally weighted
6.558983927001441e-4,Equally weighted
6.152423138376451e-4,Equally weighted
6.346842682229964e-4,Equally weighted
6.002900770570583e-4,Equally weighted
5.780012155342669e-4,Equally weighted
6.081725270790383e-4,Equally weighted
5.849665738427237e-4,Equally weighted
5.993147867088444e-4,Equally weighted
5.841177985537406e-4,Equally weighted
6.170887884386901e-4,Equally weighted
6.245774235243363e-4,Equally weighted
7.080433064070883e-4,Equally weighted
5.933276823197736e-4,Equally weighted
5.795684785342362e-4,Equally weighted
6.958856967454978e-4,Equally weighted
6.908619960319695e-4,Equally weighted
5.048662974253106e-4,Equally weighted
5.186077183149447e-4,Equally weighted
7.154461035772759e-4,Equally weighted
6.075287095899276e-4,Equally weighted
5.048662974253106e-4,Equally weighted
6.617296529537076e-4,Equally weighted
5.989534348661813e-4,Equally weighted
6.237315998997456e-4,Equally weighted
7.588095322895493e-4,Equally weighted
5.048662974253106e-4,Equally weighted
6.566207121446755e-4,Equally weighted
5.995980581426151e-4,Equally weighted
6.315017704309787e-4,Equally weighted
5.115188056977821e-4,Equally weighted
6.00060286567279e-4,Equally weighted
5.778837540234766e-4,Equally weighted
5.708198282208569e-4,Equally weighted
6.104061939674107e-4,Equally weighted
5.533436166380541e-4,Equally weighted
6.314845556978705e-4,Equally weighted
5.944503905257101e-4,Equally weighted
5.950795737133907e-4,Equally weighted
6.268546123839393e-4,Equally weighted
5.740742390013285e-4,Equally weighted
6.113945468086588e-4,Equally weighted
5.482645543970847e-4,Equally weighted
5.672661272717862e-4,Equally weighted
6.390174274061197e-4,Equally weighted
6.429408355549942e-4,Equally weighted
5.734375663826317e-4,Equally weighted
5.498896552428808e-4,Equally weighted
5.665585756202719e-4,Equally weighted
5.510219412212982e-4,Equally weighted
6.530103033590397e-4,Equally weighted
5.534714752349999e-4,Equally weighted
5.77287293051448e-4,Equally weighted
6.131415982413349e-4,Equally weighted
6.387604404377806e-4,Equally weighted
5.995522861641982e-4,Equally weighted
5.990211184490922e-4,Equally weighted
6.04024550929331e-4,Equally weighted
5.738617930847314e-4,Equally weighted
5.836652255038244e-4,Equally weighted
6.094765535234416e-4,Equally weighted
6.018256616189813e-4,Equally weighted
5.779055433489292e-4,Equally weighted
6.170068981003758e-4,Equally weighted
6.381211020810061e-4,Equally weighted
7.866464558161597e-4,Equally weighted
5.574709182992279e-4,Equally weighted
5.550286975757958e-4,Equally weighted
5.961580624231951e-4,Equally weighted
6.10793291424875e-4,Equally weighted
6.027887831084334e-4,Equally weighted
5.815410561304339e-4,Equally weighted
5.558986323096831e-4,Equally weighted
6.09383086546541e-4,Equally weighted
6.191528991805562e-4,Equally weighted
6.362619734051819e-4,Equally weighted
6.033627858923984e-4,Equally weighted
5.488960406054438e-4,Equally weighted
6.235940500520753e-4,Equally weighted
5.997300531905664e-4,Equally weighted
5.817597732850139e-4,Equally weighted
6.068311253891435e-4,Equally weighted
6.152277207758732e-4,Equally weighted
6.453381995426712e-4,Equally weighted
6.236423922250233e-4,Equally weighted
5.861066047364756e-4,Equally weighted
6.110874134851803e-4,Equally weighted
5.947538552841183e-4,Equally weighted
7.018735245170184e-4,Equally weighted
5.117141928747205e-4,Equally weighted
5.808152876793449e-4,Equally weighted
5.730466269109689e-4,Equally weighted
6.215101667291341e-4,Equally weighted
5.894279280048973e-4,Equally weighted
6.040960312007256e-4,Equally weighted
5.748868788192174e-4,Equally weighted
5.734066843280985e-4,Equally weighted
6.186772571029074e-4,Equally weighted
6.38428161559832e-4,Equally weighted
5.941454468230065e-4,Equally weighted
5.735570800291413e-4,Equally weighted
6.074257805889401e-4,Equally weighted
5.674611691571889e-4,Equally weighted
6.335077386240362e-4,Equally weighted
5.743800829051296e-4,Equally weighted
6.118864835766477e-4,Equally weighted
6.379883117245017e-4,Equally weighted
6.284113080854856e-4,Equally weighted
5.670956364946175e-4,Equally weighted
6.064610657358425e-4,Equally weighted
6.0682944084057e-4,Equally weighted
5.561130186772157e-4,Equally weighted
6.272046493539423e-4,Equally weighted
6.286837063306986e-4,Equally weighted
6.813686973991919e-4,Equally weighted
5.923106170480022e-4,Equally weighted
7.088011532099814e-4,Equally weighted
6.05423691804825e-4,Equally weighted
5.678691903545406e-4,Equally weighted
5.93270555571615e-4,Equally weighted
5.712138015848301e-4,Equally weighted
5.700282805720818e-4,Equally weighted
6.000933670742906e-4,Equally weighted
6.246382945372584e-4,Equally weighted
5.770789400312265e-4,Equally weighted
5.557384978153514e-4,Equally weighted
5.765421788141548e-4,Equally weighted
6.40289602098712e-4,Equally weighted
5.116507023320756e-4,Equally weighted
6.682619455169922e-4,Equally weighted
6.629569670644233e-4,Equally weighted
7.13610948155259e-4,Equally weighted
5.414922529336047e-4,Equally weighted
5.114252764284153e-4,Equally weighted
7.0137130022114e-4,Equally weighted
5.499320093281109e-4,Equally weighted
6.312828456058406e-4,Equally weighted
6.078666955420163e-4,Equally weighted
5.286192153724319e-4,Equally weighted
6.42224096416097e-4,Equally weighted
5.048662974253106e-4,Equally weighted
6.061683888804631e-4,Equally weighted
6.852647598524881e-4,Equally weighted
6.019486205534732e-4,Equally weighted
7.119422899626349e-4,Equally weighted
6.477449397768952e-4,Equally weighted
6.539709370547717e-4,Equally weighted
6.108583286770561e-4,Equally weighted
6.153764839759116e-4,Equally weighted
6.653943591377682e-4,Equally weighted
7.460937163243042e-4,Equally weighted
6.15626159813058e-4,Equally weighted
6.48494192896205e-4,Equally weighted
6.483599535186604e-4,Equally weighted
5.048662974253106e-4,Equally weighted
6.20826031734335e-4,Equally weighted
6.325137832857172e-4,Equally weighted
5.048662974253106e-4,Equally weighted
6.457926839467171e-4,Equally weighted
6.682878721674655e-4,Equally weighted
5.990307411327398e-4,Equally weighted
7.453045387173704e-4,Equally weighted
6.35584110414233e-4,Equally weighted
5.507326286728248e-4,Equally weighted
6.008318401921655e-4,Equally weighted
6.504121470509664e-4,Equally weighted
5.645682868853256e-4,Equally weighted
6.200751804730596e-4,Equally weighted
5.720761676132427e-4,Equally weighted
6.199222256117802e-4,Equally weighted
7.180689065868446e-4,Equally weighted
6.33239092559873e-4,Equally weighted
6.298631048885266e-4,Equally weighted
6.100931719749312e-4,Equally weighted
7.03020391461587e-4,Equally weighted
6.702974563313679e-4,Equally weighted
6.564159415161448e-4,Equally weighted
5.790005389995134e-4,Equally weighted
6.886688830919541e-4,Equally weighted
6.109764349715507e-4,Equally weighted
6.780022375524074e-4,Equally weighted
6.102433138948266e-4,Equally weighted
5.945059430209864e-4,Equally weighted
5.958318741349547e-4,Equally weighted
5.937649746928105e-4,Equally weighted
5.975249008722254e-4,Equally weighted
6.69969420225609e-4,Equally weighted
6.117367190153142e-4,Equally weighted
6.051196895542091e-4,Equally weighted
6.168769048957721e-4,Equally weighted
6.223472673172909e-4,Equally weighted
6.209821198202791e-4,Equally weighted
6.977894448819362e-4,Equally weighted
5.699563640780975e-4,Equally weighted
6.101305320958476e-4,Equally weighted
5.726642832175658e-4,Equally weighted
6.866535694645509e-4,Equally weighted
6.630107244971894e-4,Equally weighted
7.059767447368196e-4,Equally weighted
5.85576862576361e-4,Equally weighted
6.230702523445545e-4,Equally weighted
6.270129417458475e-4,Equally weighted
6.465948532550062e-4,Equally weighted
6.93566438040499e-4,Equally weighted
7.054734136832877e-4,Equally weighted
6.478365071931304e-4,Equally weighted
5.967768709810326e-4,Equally weighted
6.581652153608742e-4,Equally weighted
5.945439228847278e-4,Equally weighted
5.722547843009845e-4,Equally weighted
5.945208878755557e-4,Equally weighted
6.083531081820183e-4,Equally weighted
5.747935981235584e-4,Equally weighted
5.048662974253106e-4,Equally weighted
6.109747864859783e-4,Equally weighted
6.204851188160632e-4,Equally weighted
5.264259984650829e-4,Equally weighted
6.342144763411699e-4,Equally weighted
5.35386200406969e-4,Equally weighted
5.360290642934042e-4,Equally weighted
5.955387342982671e-4,Equally weighted
6.57517722136268e-4,Equally weighted
5.83701504068209e-4,Equally weighted
6.301108795670614e-4,Equally weighted
6.069047240856411e-4,Equally weighted
5.785880796921191e-4,Equally weighted
6.572351598127201e-4,Equally weighted
6.031136631578549e-4,Equally weighted
5.723286496762884e-4,Equally weighted
6.179356841367275e-4,Equally weighted
5.904405945199327e-4,Equally weighted
5.363342690855492e-4,Equally weighted
6.23189631094205e-4,Equally weighted
6.324043871364371e-4,Equally weighted
6.200827931016652e-4,Equally weighted
6.868642041466471e-4,Equally weighted
6.093827874404456e-4,Equally weighted
6.494952815768635e-4,Equally weighted
6.188476731884803e-4,Equally weighted
5.11720939210981e-4,Equally weighted
6.390800998821742e-4,Equally weighted
6.29788529883769e-4,Equally weighted
6.218934188537907e-4,Equally weighted
6.142920326108073e-4,Equally weighted
5.752762330483124e-4,Equally weighted
6.098671169996886e-4,Equally weighted
5.78273174536285e-4,Equally weighted
6.219290095443329e-4,Equally weighted
6.930426422029566e-4,Equally weighted
5.977206091988234e-4,Equally weighted
5.680477334320617e-4,Equally weighted
5.811921336612224e-4,Equally weighted
5.672885463245405e-4,Equally weighted
7.334453988690533e-4,Equally weighted
5.737670341153496e-4,Equally weighted
6.239682834303937e-4,Equally weighted
5.707305672399662e-4,Equally weighted
6.909666984483712e-4,Equally weighted
5.512111073968781e-4,Equally weighted
6.046023223877001e-4,Equally weighted
5.812556462948537e-4,Equally weighted
5.048662974253106e-4,Equally weighted
5.812395601224925e-4,Equally weighted
6.041793100512122e-4,Equally weighted
6.016653446349796e-4,Equally weighted
5.733831993831261e-4,Equally weighted
5.944862013870048e-4,Equally weighted
6.486588537598631e-4,Equally weighted
6.213869836363458e-4,Equally weighted
6.00877501842864e-4,Equally weighted
5.87276955899668e-4,Equally weighted
5.811906684297489e-4,Equally weighted
5.81163147254373e-4,Equally weighted
5.048662974253106e-4,Equally weighted
5.81103063649607e-4,Equally weighted
5.482586424944786e-4,Equally weighted
5.048662974253106e-4,Equally weighted
5.911143286233649e-4,Equally weighted
5.048662974253106e-4,Equally weighted
5.811080477677058e-4,Equally weighted
5.811070156992671e-4,Equally weighted
5.911280217714928e-4,Equally weighted
5.717376751708675e-4,Equally weighted
6.149578574834938e-4,Equally weighted
5.811020319866809e-4,Equally weighted
7.455776543077529e-4,Equally weighted
5.811503165502728e-4,Equally weighted
5.635146164338172e-4,Equally weighted
5.885025022216203e-4,Equally weighted
5.531923531809572e-4,Equally weighted
6.360625717276468e-4,Equally weighted
5.575250477328914e-4,Equally weighted
6.993708702371303e-4,Equally weighted
6.518245062637722e-4,Equally weighted
5.698015109529054e-4,Equally weighted
7.059972700269741e-4,Equally weighted
5.048662974253106e-4,Equally weighted
5.048662974253106e-4,Equally weighted
5.176424200001012e-4,Equally weighted
6.204874877720698e-4,Equally weighted
6.620125532128152e-4,Equally weighted
6.525755442955144e-4,Equally weighted
5.810387729829306e-4,Equally weighted
5.732664134066612e-4,Equally weighted
5.529918655158125e-4,Equally weighted
5.048662974253106e-4,Equally weighted
5.663183873940536e-4,Equally weighted
6.130781371704328e-4,Equally weighted
6.14169541646367e-4,Equally weighted
5.812207560177583e-4,Equally weighted
6.060548823520715e-4,Equally weighted
6.457420842535036e-4,Equally weighted
5.785532758450722e-4,Equally weighted
6.536632235575189e-4,Equally weighted
5.283148336903164e-4,Equally weighted
5.479718724711542e-4,Equally weighted
5.811896323124941e-4,Equally weighted
5.712840334676824e-4,Equally weighted
6.346459087272856e-4,Equally weighted
6.669294914377066e-4,Equally weighted
7.135727188641005e-4,Equally weighted
6.058449484134936e-4,Equally weighted
6.025608760724367e-4,Equally weighted
6.41678226835465e-4,Equally weighted
6.934856275202749e-4,Equally weighted
6.400078060220818e-4,Equally weighted
5.674337727643552e-4,Equally weighted
6.495114038164542e-4,Equally weighted
6.640921877180929e-4,Equally weighted
6.508545281275918e-4,Equally weighted
9.193088671267316e-4,Equally weighted
6.584334166347238e-4,Equally weighted
6.436086228132558e-4,Equally weighted
5.891720541734418e-4,Equally weighted
7.197285811713527e-4,Equally weighted
5.83166315327351e-4,Equally weighted
6.294299269675766e-4,Equally weighted
5.681786857823178e-4,Equally weighted
5.92542041305647e-4,Equally weighted
5.69258074384056e-4,Equally weighted
5.116438093169452e-4,Equally weighted
5.488881778063679e-4,Equally weighted
5.909526138521841e-4,Equally weighted
6.91771488755256e-4,Equally weighted
6.235312121981583e-4,Equally weighted
5.932976949559439e-4,Equally weighted
6.992784854322247e-4,Equally weighted
6.037615921276161e-4,Equally weighted
6.174968763057054e-4,Equally weighted
5.841805654395845e-4,Equally weighted
6.841652701288299e-4,Equally weighted
6.019998394957369e-4,Equally weighted
5.82083477652528e-4,Equally weighted
6.184095349949081e-4,Equally weighted
5.698273032213146e-4,Equally weighted
6.31691407375709e-4,Equally weighted
6.898729151396791e-4,Equally weighted
6.990092474414504e-4,Equally weighted
5.048662974253106e-4,Equally weighted
5.723318018880754e-4,Equally weighted
5.695820689889749e-4,Equally weighted
6.814155174494709e-4,Equally weighted
5.1090230189587e-4,Equally weighted
6.311425253593469e-4,Equally weighted
6.199604814088516e-4,Equally weighted
5.881930297136063e-4,Equally weighted
6.460129157469862e-4,Equally weighted
5.284993261408579e-4,Equally weighted
6.798847184463717e-4,Equally weighted
5.573135850713151e-4,Equally weighted
6.611730957799143e-4,Equally weighted
6.548550269576586e-4,Equally weighted
6.236249165304408e-4,Equally weighted
6.213768070236715e-4,Equally weighted
5.653942301238849e-4,Equally weighted
6.613468337407571e-4,Equally weighted
6.011564672893494e-4,Equally weighted
7.728436124655294e-4,Equally weighted
6.538018630241255e-4,Equally weighted
6.043645848102548e-4,Equally weighted
6.60457357316176e-4,Equally weighted
6.100831952307419e-4,Equally weighted
6.017906421657043e-4,Equally weighted
6.124151197569043e-4,Equally weighted
5.048662974253106e-4,Equally weighted
6.10339007395649e-4,Equally weighted
6.194353009967993e-4,Equally weighted
6.330649392594669e-4,Equally weighted
5.690788709755909e-4,Equally weighted
6.444028842489388e-4,Equally weighted
6.263927522767384e-4,Equally weighted
6.100620814624505e-4,Equally weighted
6.831534339278941e-4,Equally weighted
6.970448956445496e-4,Equally weighted
5.945589152696847e-4,Equally weighted
5.700080687560125e-4,Equally weighted
6.02703324475734e-4,Equally weighted
6.96170980607649e-4,Equally weighted
6.123688883087823e-4,Equally weighted
6.406435896568948e-4,Equally weighted
5.487034698462279e-4,Equally weighted
6.954833124725091e-4,Equally weighted
6.056875438162976e-4,Equally weighted
7.076089263845696e-4,Equally weighted
6.593602356926464e-4,Equally weighted
5.792127990463873e-4,Equally weighted
6.065896458142128e-4,Equally weighted
5.582511933105242e-4,Equally weighted
6.408805187895217e-4,Equally weighted
6.919689966192736e-4,Equally weighted
5.826632063845914e-4,Equally weighted
5.974925257037725e-4,Equally weighted
6.096295449349378e-4,Equally weighted
6.527716122354445e-4,Equally weighted
6.630817689023823e-4,Equally weighted
6.600221295319542e-4,Equally weighted
5.921885796252492e-4,Equally weighted
5.943587150085698e-4,Equally weighted
6.19652388817984e-4,Equally weighted
5.574418723255912e-4,Equally weighted
6.659080380034621e-4,Equally weighted
6.320656944914323e-4,Equally weighted
6.047414961834738e-4,Equally weighted
7.303896752676824e-4,Equally weighted
5.729993331094975e-4,Equally weighted
6.166071777145949e-4,Equally weighted
6.094224488999111e-4,Equally weighted
6.67567735187251e-4,Equally weighted
6.263122615468805e-4,Equally weighted
6.11784049322853e-4,Equally weighted
5.725311899959821e-4,Equally weighted
5.729430313184382e-4,Equally weighted
5.944247159993772e-4,Equally weighted
6.608687563747331e-4,Equally weighted
5.944004186835656e-4,Equally weighted
6.296949377528599e-4,Equally weighted
5.83085805944268e-4,Equally weighted
6.235276407209669e-4,Equally weighted
5.832074707280084e-4,Equally weighted
5.660075994178691e-4,Equally weighted
5.746912797811323e-4,Equally weighted
7.233303561562426e-4,Equally weighted
6.16323062102235e-4,Equally weighted
7.000005179627504e-4,Equally weighted
6.007294086465339e-4,Equally weighted
6.004844548957933e-4,Equally weighted
5.355536832958128e-4,Equally weighted
5.57590493405327e-4,Equally weighted
6.68827332718142e-4,Equally weighted
7.468396424546874e-4,Equally weighted
7.878839550314191e-4,Equally weighted
5.659912548645254e-4,Equally weighted
5.957464327088402e-4,Equally weighted
7.125207033680991e-4,Equally weighted
5.975136705049888e-4,Equally weighted
5.944790085643492e-4,Equally weighted
5.992438849178551e-4,Equally weighted
6.403402355426221e-4,Equally weighted
6.637268335695866e-4,Equally weighted
6.12665533745341e-4,Equally weighted
5.976576913126612e-4,Equally weighted
6.062033545428837e-4,Equally weighted
5.944918625758363e-4,Equally weighted
5.048662974253106e-4,Equally weighted
7.149902789244785e-4,Equally weighted
5.048662974253106e-4,Equally weighted
5.190130230332261e-4,Equally weighted
6.892094235587378e-4,Equally weighted
5.967277325318412e-4,Equally weighted
5.048662974253106e-4,Equally weighted
5.917494645575271e-4,Equally weighted
6.929467722847541e-4,Equally weighted
6.125666183114968e-4,Equally weighted
6.42145414985888e-4,Equally weighted
5.945271462075288e-4,Equally weighted
6.139084876546584e-4,Equally weighted
5.965727574569689e-4,Equally weighted
6.299868246512499e-4,Equally weighted
6.516639525532717e-4,Equally weighted
6.290460709489939e-4,Equally weighted
5.945454708481887e-4,Equally weighted
6.239317545399845e-4,Equally weighted
6.0425249577162e-4,Equally weighted
5.781947799903175e-4,Equally weighted
5.353836008141962e-4,Equally weighted
5.779584344699473e-4,Equally weighted
5.391926640140365e-4,Equally weighted
6.788497902661455e-4,Equally weighted
6.053435275094393e-4,Equally weighted
5.943721424597469e-4,Equally weighted
5.991061435356755e-4,Equally weighted
6.904941197444577e-4,Equally weighted
6.594418883946756e-4,Equally weighted
5.895712872179396e-4,Equally weighted
5.513485051012935e-4,Equally weighted
5.659113323073481e-4,Equally weighted
5.048662974253106e-4,Equally weighted
5.658464819052482e-4,Equally weighted
5.945509129753724e-4,Equally weighted
5.997285855721663e-4,Equally weighted
5.705276420356916e-4,Equally weighted
6.066518756957837e-4,Equally weighted
6.036278011797038e-4,Equally weighted
5.777186263582189e-4,Equally weighted
6.46008144342175e-4,Equally weighted
6.167974564260436e-4,Equally weighted
6.043775025960246e-4,Equally weighted
9.987691616103883e-4,Equally weighted
6.065794214037299e-4,Equally weighted
5.748882709598785e-4,Equally weighted
5.762272395646085e-4,Equally weighted
5.648268001812139e-4,Equally weighted
5.926081625442011e-4,Equally weighted
6.480647646767093e-4,Equally weighted
5.93486446769721e-4,Equally weighted
7.84469371093815e-4,Equally weighted
6.092836794341044e-4,Equally weighted
7.007146339221323e-4,Equally weighted
6.679749626137741e-4,Equally weighted
5.962137141538774e-4,Equally weighted
6.266414618833284e-4,Equally weighted
6.544760040992157e-4,Equally weighted
5.876926769423526e-4,Equally weighted
6.458081232852055e-4,Equally weighted
5.690556823508619e-4,Equally weighted
6.930111972818663e-4,Equally weighted
5.945574529046298e-4,Equally weighted
5.744304706681439e-4,Equally weighted
6.358263929910218e-4,Equally weighted
5.945711577917045e-4,Equally weighted
5.645717950388053e-4,Equally weighted
6.042287591571085e-4,Equally weighted
6.705751421793145e-4,Equally weighted
5.945891337702978e-4,Equally weighted
5.9684982674004e-4,Equally weighted
6.21996461586236e-4,Equally weighted
6.508675981205703e-4,Equally weighted
5.90633925122255e-4,Equally weighted
5.752192042217504e-4,Equally weighted
6.566652821074135e-4,Equally weighted
6.065445074006113e-4,Equally weighted
5.786271779972791e-4,Equally weighted
5.048662974253106e-4,Equally weighted
5.640985285925074e-4,Equally weighted
6.556027500237219e-4,Equally weighted
5.986859812560613e-4,Equally weighted
6.216879051220654e-4,Equally weighted
5.048662974253106e-4,Equally weighted
6.164392091243887e-4,Equally weighted
5.392398815976317e-4,Equally weighted
5.671059645607325e-4,Equally weighted
5.516706205421697e-4,Equally weighted
5.956632651429883e-4,Equally weighted
6.49327717925796e-4,Equally weighted
6.582969609477918e-4,Equally weighted
6.150288048650446e-4,Equally weighted
5.512472440462744e-4,Equally weighted
6.22933866069636e-4,Equally weighted
6.251294609200994e-4,Equally weighted
5.94611172437956e-4,Equally weighted
6.595368367267853e-4,Equally weighted
7.749077187040954e-4,Equally weighted
0.0010466685835316834,Equally weighted
6.268925191491204e-4,Equally weighted
6.745008118103444e-4,Equally weighted
6.58412872150409e-4,Equally weighted
5.978708109959792e-4,Equally weighted
5.757725733120285e-4,Equally weighted
5.179515745515533e-4,Equally weighted
5.113231047245938e-4,Equally weighted
8.627885133360265e-4,Equally weighted
6.280441528355007e-4,Equally weighted
5.759539559711057e-4,Equally weighted
5.782242176793e-4,Equally weighted
6.018671178718293e-4,Equally weighted
7.38848845077921e-4,Equally weighted
6.304983189535627e-4,Equally weighted
6.06113663062394e-4,Equally weighted
5.699063531519478e-4,Equally weighted
6.767507932212562e-4,Equally weighted
6.14003249903373e-4,Equally weighted
5.977180885453226e-4,Equally weighted
6.209513280294051e-4,Equally weighted
6.176123722946023e-4,Equally weighted
5.946128245472247e-4,Equally weighted
6.293805110958982e-4,Equally weighted
5.415786284946404e-4,Equally weighted
5.745088278688231e-4,Equally weighted
6.075830185238358e-4,Equally weighted
6.273353584392389e-4,Equally weighted
6.040103789492456e-4,Equally weighted
5.946422719283447e-4,Equally weighted
6.072356747841219e-4,Equally weighted
5.984310453417448e-4,Equally weighted
6.125721488648186e-4,Equally weighted
6.03680831254936e-4,Equally weighted
6.958267530420126e-4,Equally weighted
6.789020853445173e-4,Equally weighted
6.20139136133658e-4,Equally weighted
6.094215946024984e-4,Equally weighted
5.713821806693289e-4,Equally weighted
6.89674784939284e-4,Equally weighted
6.116910354300709e-4,Equally weighted
5.94659058570608e-4,Equally weighted
7.501128652062327e-4,Equally weighted
7.10763025167987e-4,Equally weighted
5.686976819566566e-4,Equally weighted
5.995179787590302e-4,Equally weighted
5.946688960411301e-4,Equally weighted
6.294235115320934e-4,Equally weighted
5.81854549808024e-4,Equally weighted
6.200029849479779e-4,Equally weighted
6.529792796535744e-4,Equally weighted
5.048662974253106e-4,Equally weighted
7.39020285133977e-4,Equally weighted
6.277611035535697e-4,Equally weighted
6.307477184132642e-4,Equally weighted
7.841097716485063e-4,Equally weighted
5.048662974253106e-4,Equally weighted
6.349937441860766e-4,Equally weighted
5.048662974253106e-4,Equally weighted
5.287698667952432e-4,Equally weighted
5.946705511309638e-4,Equally weighted
6.342899008354861e-4,Equally weighted
5.048662974253106e-4,Equally weighted
6.114924469550975e-4,Equally weighted
7.503520495085281e-4,Equally weighted
5.946975140013131e-4,Equally weighted
5.944292247062906e-4,Equally weighted
5.947177250005311e-4,Equally weighted
6.008756945804094e-4,Equally weighted
6.0400506641821e-4,Equally weighted
6.406358492301843e-4,Equally weighted
6.276257777711126e-4,Equally weighted
5.698102021239008e-4,Equally weighted
5.947301503441577e-4,Equally weighted
6.475936373351429e-4,Equally weighted
6.124129106538336e-4,Equally weighted
6.089068766003817e-4,Equally weighted
6.706442222109017e-4,Equally weighted
6.421407732137051e-4,Equally weighted
6.243229056249171e-4,Equally weighted
5.838631108355721e-4,Equally weighted
6.279343005122555e-4,Equally weighted
6.024997733250543e-4,Equally weighted
6.084122391813001e-4,Equally weighted
5.91880299750503e-4,Equally weighted
6.708158490548287e-4,Equally weighted
5.291469734937336e-4,Equally weighted
6.11341442955983e-4,Equally weighted
5.286419669966184e-4,Equally weighted
6.150803492894982e-4,Equally weighted
6.16320088381162e-4,Equally weighted
6.72787637773659e-4,Equally weighted
5.294114154883993e-4,Equally weighted
6.5452394275951e-4,Equally weighted
6.32592446188534e-4,Equally weighted
6.12001385860096e-4,Equally weighted
5.803017298309282e-4,Equally weighted
6.718095392366089e-4,Equally weighted
6.195478725495436e-4,Equally weighted
6.877994374066771e-4,Equally weighted
6.122376151053558e-4,Equally weighted
6.824883160618266e-4,Equally weighted
5.048662974253106e-4,Equally weighted
6.10516836006315e-4,Equally weighted
5.947571100746917e-4,Equally weighted
6.094847397781906e-4,Equally weighted
6.095882446303055e-4,Equally weighted
6.142039728147254e-4,Equally weighted
5.361235887674202e-4,Equally weighted
6.077179317972141e-4,Equally weighted
5.667444948328675e-4,Equally weighted
5.108553430587643e-4,Equally weighted
6.150412509661435e-4,Equally weighted
8.001026441920743e-4,Equally weighted
6.252148547044824e-4,Equally weighted
6.327517055746071e-4,Equally weighted
6.721796329272699e-4,Equally weighted
6.201662372137496e-4,Equally weighted
6.107010070291445e-4,Equally weighted
5.897649720654253e-4,Equally weighted
6.222319731214522e-4,Equally weighted
6.069984802371521e-4,Equally weighted
6.178910194269259e-4,Equally weighted
6.055798272303394e-4,Equally weighted
6.805861622634035e-4,Equally weighted
6.082955324212318e-4,Equally weighted
5.939054964111619e-4,Equally weighted
6.104855799645935e-4,Equally weighted
5.975101276953194e-4,Equally weighted
6.331093196114647e-4,Equally weighted
5.93862504719038e-4,Equally weighted
8.088541763506392e-4,Equally weighted
6.158181691800874e-4,Equally weighted
6.711151939081276e-4,Equally weighted
5.565396292925282e-4,Equally weighted
6.834926768939342e-4,Equally weighted
6.93617619096632e-4,Equally weighted
6.796951678486814e-4,Equally weighted
5.71186550028476e-4,Equally weighted
5.780900313195921e-4,Equally weighted
6.082287205602514e-4,Equally weighted
6.370228794291795e-4,Equally weighted
6.295382391289463e-4,Equally weighted
6.239499943919126e-4,Equally weighted
5.378881364846334e-4,Equally weighted
6.047172807333315e-4,Equally weighted
6.594828706357441e-4,Equally weighted
6.058479912406109e-4,Equally weighted
6.397414242741227e-4,Equally weighted
5.192450921102733e-4,Equally weighted
5.700965896554364e-4,Equally weighted
6.366982762488677e-4,Equally weighted
5.361240790719954e-4,Equally weighted
6.031262859111137e-4,Equally weighted
6.072672682246115e-4,Equally weighted
5.527651479881305e-4,Equally weighted
6.105708095542906e-4,Equally weighted
5.533299651011528e-4,Equally weighted
5.487110892442925e-4,Equally weighted
5.048662974253106e-4,Equally weighted
6.885943922361339e-4,Equally weighted
6.017139067929408e-4,Equally weighted
5.507509837063416e-4,Equally weighted
6.074941465422523e-4,Equally weighted
6.115535639624104e-4,Equally weighted
6.053667436573585e-4,Equally weighted
5.981355024784397e-4,Equally weighted
6.346422806858478e-4,Equally weighted
5.907887255147212e-4,Equally weighted
5.374714120846658e-4,Equally weighted
6.073465152547429e-4,Equally weighted
6.413791118697671e-4,Equally weighted
6.577894229478745e-4,Equally weighted
5.720116609236178e-4,Equally weighted
5.944315102849174e-4,Equally weighted
5.992046683821471e-4,Equally weighted
6.588404239144172e-4,Equally weighted
6.576431756688221e-4,Equally weighted
6.04718713369743e-4,Equally weighted
6.085496223520226e-4,Equally weighted
5.701175548791545e-4,Equally weighted
5.377250371779625e-4,Equally weighted
5.774864381428247e-4,Equally weighted
5.559628431236583e-4,Equally weighted
5.048662974253106e-4,Equally weighted
5.964406515935904e-4,Equally weighted
6.225441287645621e-4,Equally weighted
5.847479587346144e-4,Equally weighted
6.532887760599555e-4,Equally weighted
5.048662974253106e-4,Equally weighted
5.552312066807283e-4,Equally weighted
5.048662974253106e-4,Equally weighted
5.992255016324996e-4,Equally weighted
5.048662974253106e-4,Equally weighted
5.975879774004035e-4,Equally weighted
6.182806156977758e-4,Equally weighted
5.573454992026753e-4,Equally weighted
6.35056630101822e-4,Equally weighted
5.807079487118121e-4,Equally weighted
6.625513266979166e-4,Equally weighted
6.001194099809527e-4,Equally weighted
6.529024399028981e-4,Equally weighted
6.033769964217336e-4,Equally weighted
5.177649632367687e-4,Equally weighted
6.405089287448705e-4,Equally weighted
5.841531935176288e-4,Equally weighted
6.362894790353048e-4,Equally weighted
5.649368158240802e-4,Equally weighted
5.115203571227938e-4,Equally weighted
6.057396267322621e-4,Equally weighted
6.44661728905356e-4,Equally weighted
5.982888375724075e-4,Equally weighted
6.066875661558432e-4,Equally weighted
7.156996397607489e-4,Equally weighted
5.773788892361508e-4,Equally weighted
5.716474565337763e-4,Equally weighted
5.412726307040553e-4,Equally weighted
6.225520374506403e-4,Equally weighted
5.82289378952749e-4,Equally weighted
6.23867637284386e-4,Equally weighted
6.260975792177592e-4,Equally weighted
6.885268278364025e-4,Equally weighted
6.680525299188103e-4,Equally weighted
5.918493149248585e-4,Equally weighted
5.379272020835695e-4,Equally weighted
6.298569507984446e-4,Equally weighted
5.506862290837294e-4,Equally weighted
5.85860152575554e-4,Equally weighted
5.840853923654314e-4,Equally weighted
5.85935458846287e-4,Equally weighted
5.565904717064987e-4,Equally weighted
6.025357153375885e-4,Equally weighted
6.114861006025174e-4,Equally weighted
6.279225810656951e-4,Equally weighted
6.372052920310835e-4,Equally weighted
5.758901999795733e-4,Equally weighted
5.109485769672457e-4,Equally weighted
6.173567582760059e-4,Equally weighted
5.048662974253106e-4,Equally weighted
5.502319161464589e-4,Equally weighted
5.486972122880675e-4,Equally weighted
7.201330230724559e-4,Equally weighted
6.054707021873626e-4,Equally weighted
5.749580620426798e-4,Equally weighted
6.015102240571902e-4,Equally weighted
6.432018041264382e-4,Equally weighted
5.930648182963365e-4,Equally weighted
6.335062975339567e-4,Equally weighted
5.948285313827095e-4,Equally weighted
6.51453199695603e-4,Equally weighted
6.062387102793869e-4,Equally weighted
5.741980485350287e-4,Equally weighted
7.887550608904112e-4,Equally weighted
5.524830050522948e-4,Equally weighted
5.761012935040714e-4,Equally weighted
5.747159137984172e-4,Equally weighted
6.240593478101678e-4,Equally weighted
5.577148090162965e-4,Equally weighted
5.789702093511422e-4,Equally weighted
6.354826121462225e-4,Equally weighted
6.333880894486932e-4,Equally weighted
6.070237802307896e-4,Equally weighted
5.977271886306515e-4,Equally weighted
6.814035698795341e-4,Equally weighted
5.116852817937944e-4,Equally weighted
6.738560485646968e-4,Equally weighted
5.757923206099544e-4,Equally weighted
5.782759861200839e-4,Equally weighted
6.042814537792956e-4,Equally weighted
6.06191929490116e-4,Equally weighted
6.184444102297578e-4,Equally weighted
6.278682933417293e-4,Equally weighted
5.787732738816578e-4,Equally weighted
6.173027984746574e-4,Equally weighted
5.490068725188612e-4,Equally weighted
6.002608799786773e-4,Equally weighted
6.030514021806433e-4,Equally weighted
6.53288238447617e-4,Equally weighted
5.948099037734729e-4,Equally weighted
6.086451393192208e-4,Equally weighted
6.603258103799998e-4,Equally weighted
6.087234023452621e-4,Equally weighted
6.16050576897301e-4,Equally weighted
5.942364251998272e-4,Equally weighted
5.048662974253106e-4,Equally weighted
6.017125091242676e-4,Equally weighted
7.158113902816333e-4,Equally weighted
5.846374036692183e-4,Equally weighted
5.396152813146527e-4,Equally weighted
6.262542673173533e-4,Equally weighted
6.479615968506116e-4,Equally weighted
6.136561580638863e-4,Equally weighted
5.731427743159161e-4,Equally weighted
6.180382232211961e-4,Equally weighted
5.687214459785231e-4,Equally weighted
6.089900590580106e-4,Equally weighted
6.040043088842251e-4,Equally weighted
6.114101452433397e-4,Equally weighted
5.286101709084086e-4,Equally weighted
5.698073128171265e-4,Equally weighted
6.160569972682164e-4,Equally weighted
6.233566701767283e-4,Equally weighted
6.042492624632295e-4,Equally weighted
6.131830809358418e-4,Equally weighted
5.048662974253106e-4,Equally weighted
5.048662974253106e-4,Equally weighted
5.970684883245645e-4,Equally weighted
6.035402411822987e-4,Equally weighted
5.816483488500517e-4,Equally weighted
6.136057669706994e-4,Equally weighted
6.028945314269353e-4,Equally weighted
6.18433038267128e-4,Equally weighted
0.00055277933956471455,Equally weighted
6.198417056470685e-4,Equally weighted
6.165963074774488e-4,Equally weighted
6.06690086101402e-4,Equally weighted
6.10260098548693e-4,Equally weighted
6.201849145757825e-4,Equally weighted
5.675043395525131e-4,Equally weighted
6.214858448239035e-4,Equally weighted
7.02537145114087e-4,Equally weighted
5.972198787857167e-4,Equally weighted
6.216914809904767e-4,Equally weighted
6.231378622286673e-4,Equally weighted
6.312131702530233e-4,Equally weighted
5.785553145585853e-4,Equally weighted
5.675482616373674e-4,Equally weighted
5.783149356204684e-4,Equally weighted
6.038973354040173e-4,Equally weighted
5.9177634643082e-4,Equally weighted
5.796743545833894e-4,Equally weighted
6.321859003487069e-4,Equally weighted
5.961997720876812e-4,Equally weighted
6.061732985818008e-4,Equally weighted
6.744092494298028e-4,Equally weighted
6.447622208032622e-4,Equally weighted
6.322380275576246e-4,Equally weighted
6.24487647947734e-4,Equally weighted
5.95396802202415e-4,Equally weighted
6.23719271582095e-4,Equally weighted
6.053133049029708e-4,Equally weighted
5.918206953098334e-4,Equally weighted
6.935852263889353e-4,Equally weighted
6.114997969941762e-4,Equally weighted
6.20125180545896e-4,Equally weighted
6.733270603375455e-4,Equally weighted
5.048662974253106e-4,Equally weighted
6.028154470181261e-4,Equally weighted
6.217361452565608e-4,Equally weighted
6.285425672956412e-4,Equally weighted
5.705809898432627e-4,Equally weighted
6.096455249967653e-4,Equally weighted
6.254192431593851e-4,Equally weighted
6.258420246929705e-4,Equally weighted
6.112835171396146e-4,Equally weighted
5.955709778582089e-4,Equally weighted
5.96999918016874e-4,Equally weighted
5.736684022867321e-4,Equally weighted
6.05297254620856e-4,Equally weighted
5.676834436474892e-4,Equally weighted
5.765859502623335e-4,Equally weighted
5.949888256545957e-4,Population weighted
6.574634930361806e-4,Population weighted
6.144796919592039e-4,Population weighted
5.944989510157865e-4,Population weighted
5.837089378370625e-4,Population weighted
0.001051617193163291,Population weighted
7.132551377851666e-4,Population weighted
6.591445305045038e-4,Population weighted
4.916026743811955e-4,Population weighted
3.896772562883221e-4,Population weighted
5.660673584340495e-4,Population weighted
6.016293536119093e-4,Population weighted
4.22573487216392e-4,Population weighted
6.317964016863005e-4,Population weighted
3.321563617658014e-4,Population weighted
7.802315447280172e-4,Population weighted
5.657433861301733e-4,Population weighted
4.607108914562888e-4,Population weighted
6.592945578430094e-4,Population weighted
7.285921043872772e-4,Population weighted
6.14961259539584e-4,Population weighted
5.916254552967627e-4,Population weighted
5.969587908499382e-4,Population weighted
8.880403552261064e-4,Population weighted
5.516348003783329e-4,Population weighted
6.513527480458678e-4,Population weighted
5.60537617230188e-4,Population weighted
6.135821359691098e-4,Population weighted
5.690080587768865e-4,Population weighted
5.202353848147489e-4,Population weighted
5.009043641128888e-4,Population weighted
4.808092434638593e-4,Population weighted
7.444660380168712e-4,Population weighted
7.71224513252666e-4,Population weighted
5.868041192091651e-4,Population weighted
5.09029449919527e-4,Population weighted
6.455542224093913e-4,Population weighted
4.84708142818015e-4,Population weighted
5.202744735786991e-4,Population weighted
4.8510882791799354e-4,Population weighted
5.989243235611667e-4,Population weighted
7.217025904523338e-4,Population weighted
6.624029559634153e-4,Population weighted
9.026645020800337e-4,Population weighted
6.201554972877787e-4,Population weighted
6.768336642060524e-4,Population weighted
4.842185254115809e-4,Population weighted
4.977727858490421e-4,Population weighted
6.520763154258159e-4,Population weighted
4.00029319607817e-4,Population weighted
6.57510455221762e-4,Population weighted
5.058421718396386e-4,Population weighted
7.497627970279285e-4,Population weighted
5.607968439496857e-4,Population weighted
6.837680353617751e-4,Population weighted
4.6489904522960837e-4,Population weighted
8.62523137169607e-4,Population weighted
5.097364440588649e-4,Population weighted
6.433629878712486e-4,Population weighted
4.6756461314959404e-4,Population weighted
4.5545713172141664e-4,Population weighted
3.86220721076858e-4,Population weighted
6.553272977310469e-4,Population weighted
5.98902958626488e-4,Population weighted
5.548966069445522e-4,Population weighted
7.675771506220398e-4,Population weighted
4.7706929095652607e-4,Population weighted
6.419963630564648e-4,Population weighted
7.747776640507639e-4,Population weighted
5.52416849240675e-4,Population weighted
4.3543573078564036e-4,Population weighted
5.531787986579112e-4,Population weighted
7.389530689737142e-4,Population weighted
7.832649222433049e-4,Population weighted
5.842873625669737e-4,Population weighted
4.7447770225666705e-4,Population weighted
6.694950146599838e-4,Population weighted
6.678859336683864e-4,Population weighted
6.706636545464537e-4,Population weighted
7.856217414526334e-4,Population weighted
6.52588512900812e-4,Population weighted
6.548435601739522e-4,Population weighted
5.933232404276035e-4,Population weighted
5.415652203596741e-4,Population weighted
5.09143681641299e-4,Population weighted
6.447247690607238e-4,Population weighted
5.34687769610085e-4,Population weighted
7.8371109504274e-4,Population weighted
4.834954572578953e-4,Population weighted
5.069956106501182e-4,Population weighted
6.552295842181632e-4,Population weighted
8.066574342563936e-4,Population weighted
5.593502685260581e-4,Population weighted
5.974951169042408e-4,Population weighted
6.931160182339926e-4,Population weighted
7.0745951615603e-4,Population weighted
6.102537635959511e-4,Population weighted
7.337210478970847e-4,Population weighted
5.599078547919507e-4,Population weighted
6.644104259798126e-4,Population weighted
6.437310251969144e-4,Population weighted
7.308360364381776e-4,Population weighted
6.178836897343222e-4,Population weighted
5.75925886429167e-4,Population weighted
6.154571615575756e-4,Population weighted
8.548681692456428e-4,Population weighted
6.197785219280454e-4,Population weighted
6.112503021184977e-4,Population weighted
6.860848938622066e-4,Population weighted
7.617822137776922e-4,Population weighted
7.494316579635772e-4,Population weighted
6.743792812787419e-4,Population weighted
6.497499292507417e-4,Population weighted
5.960782035096909e-4,Population weighted
7.261216800865421e-4,Population weighted
6.646581491158144e-4,Population weighted
7.034391354213865e-4,Population weighted
6.478012662560316e-4,Population weighted
6.059988338688912e-4,Population weighted
6.727176456206297e-4,Population weighted
6.979063214335642e-4,Population weighted
7.237834898424436e-4,Population weighted
6.498001494629991e-4,Population weighted
6.43420981482534e-4,Population weighted
6.444415500888627e-4,Population weighted
6.457451528871411e-4,Population weighted
6.178973694987674e-4,Population weighted
6.887336581073819e-4,Population weighted
6.073936394310329e-4,Population weighted
6.463162318449705e-4,Population weighted
5.590607754493986e-4,Population weighted
7.441299254742e-4,Population weighted
6.636506186863705e-4,Population weighted
8.330178776808735e-4,Population weighted
6.514144252857618e-4,Population weighted
4.8268015819742926e-4,Population weighted
7.753599832439794e-4,Population weighted
7.577845320475959e-4,Population weighted
6.539619159420021e-4,Population weighted
7.894936519691928e-4,Population weighted
6.798232967454647e-4,Population weighted
6.432653199969078e-4,Population weighted
5.170337848414176e-4,Population weighted
6.455735006613251e-4,Population weighted
4.967764139458327e-4,Population weighted
5.365973619175223e-4,Population weighted
6.388245786031882e-4,Population weighted
5.229425441611457e-4,Population weighted
5.995569210914043e-4,Population weighted
6.057955630077037e-4,Population weighted
6.947944488141468e-4,Population weighted
4.891997980004612e-4,Population weighted
0.0013056555002309586,Population weighted
6.596391917438324e-4,Population weighted
5.448645915286486e-4,Population weighted
5.819559422560478e-4,Population weighted
6.075980963568442e-4,Population weighted
5.553820472569102e-4,Population weighted
7.073186468566464e-4,Population weighted
5.412460638303522e-4,Population weighted
6.742526313859343e-4,Population weighted
6.422896510445426e-4,Population weighted
5.939016431440431e-4,Population weighted
5.112139225654395e-4,Population weighted
6.475736682896317e-4,Population weighted
6.029401687577676e-4,Population weighted
6.190032966065973e-4,Population weighted
7.687197178148062e-4,Population weighted
6.143580188678013e-4,Population weighted
6.996823188758577e-4,Population weighted
5.262841105500677e-4,Population weighted
7.316132409028349e-4,Population weighted
7.331240919211339e-4,Population weighted
5.688425371738167e-4,Population weighted
5.131410323477525e-4,Population weighted
4.4937383385661e-4,Population weighted
4.917523348877665e-4,Population weighted
6.760529243289166e-4,Population weighted
7.525753036330563e-4,Population weighted
8.683789101882193e-4,Population weighted
5.920840331092062e-4,Population weighted
6.855024185314051e-4,Population weighted
5.318025458490337e-4,Population weighted
4.965747371289389e-4,Population weighted
5.387393699008775e-4,Population weighted
5.342710415347576e-4,Population weighted
0.00056749220103606275,Population weighted
7.927975173390323e-4,Population weighted
6.798778916839684e-4,Population weighted
5.618677509441549e-4,Population weighted
5.80524937323043e-4,Population weighted
6.929095631468589e-4,Population weighted
3.6549014077934825e-4,Population weighted
7.802710312965585e-4,Population weighted
7.722775228694608e-4,Population weighted
6.508820397911758e-4,Population weighted
7.322131959375074e-4,Population weighted
6.077098765323412e-4,Population weighted
6.449127009767066e-4,Population weighted
4.462682936757582e-4,Population weighted
6.506829698051023e-4,Population weighted
5.87309109181265e-4,Population weighted
6.094676733862913e-4,Population weighted
8.304731715660222e-4,Population weighted
6.608132660024347e-4,Population weighted
6.95401572893594e-4,Population weighted
7.924954292500291e-4,Population weighted
7.82158639662999e-4,Population weighted
5.775498018638163e-4,Population weighted
6.537668268887539e-4,Population weighted
6.511792252724139e-4,Population weighted
6.428099253098699e-4,Population weighted
5.216577181858587e-4,Population weighted
7.673000211063231e-4,Population weighted
6.380690109074661e-4,Population weighted
7.895568737111558e-4,Population weighted
9.022648034106271e-4,Population weighted
7.088166948902399e-4,Population weighted
5.507242013742882e-4,Population weighted
6.571795384171297e-4,Population weighted
5.39904499942642e-4,Population weighted
6.428080933420595e-4,Population weighted
5.616425507487124e-4,Population weighted
4.8082077812440017e-4,Population weighted
7.222486815523969e-4,Population weighted
6.009907332585798e-4,Population weighted
6.847708271174205e-4,Population weighted
7.412881570782311e-4,Population weighted
5.661955874160712e-4,Population weighted
7.990189826357685e-4,Population weighted
5.335649204605441e-4,Population weighted
8.427118521500205e-4,Population weighted
5.986738698128775e-4,Population weighted
5.291143494969221e-4,Population weighted
7.447794091855667e-4,Population weighted
5.885201271618992e-4,Population weighted
6.693339740418261e-4,Population weighted
4.956944742616846e-4,Population weighted
4.216073845918672e-4,Population weighted
7.397379485048461e-4,Population weighted
5.796114862294106e-4,Population weighted
7.859804596470254e-4,Population weighted
6.68071058641079e-4,Population weighted
6.847508445052942e-4,Population weighted
3.913840110790943e-4,Population weighted
5.68833804968799e-4,Population weighted
5.731134784523428e-4,Population weighted
6.564225945129528e-4,Population weighted
4.998623972311007e-4,Population weighted
7.265379390550987e-4,Population weighted
4.245601653549372e-4,Population weighted
0.001609939734281636,Population weighted
3.4017194263235743e-4,Population weighted
8.712959064995649e-4,Population weighted
6.799706612992187e-4,Population weighted
6.633454685832112e-4,Population weighted
6.686696357871845e-4,Population weighted
7.326954419790879e-4,Population weighted
3.776482981081292e-4,Population weighted
4.917922749966789e-4,Population weighted
4.1665146435608004e-4,Population weighted
5.652683732081296e-4,Population weighted
5.83096739015631e-4,Population weighted
5.70781435586461e-4,Population weighted
6.565332028497249e-4,Population weighted
7.378914421815005e-4,Population weighted
5.111818016888105e-4,Population weighted
5.129398083632484e-4,Population weighted
9.145875643150757e-4,Population weighted
7.492352867665787e-4,Population weighted
6.489547201891801e-4,Population weighted
5.911571205134583e-4,Population weighted
5.072683603788439e-4,Population weighted
5.68299929298181e-4,Population weighted
6.640828263628185e-4,Population weighted
4.426339066878613e-4,Population weighted
5.941485593290992e-4,Population weighted
5.550163490453381e-4,Population weighted
4.503225922995102e-4,Population weighted
5.527897853246121e-4,Population weighted
3.9351921105890207e-4,Population weighted
9.614887326265865e-4,Population weighted
4.8294238464609155e-4,Population weighted
8.731598884562746e-4,Population weighted
6.678845412447233e-4,Population weighted
4.3648797108209597e-4,Population weighted
5.058966644243642e-4,Population weighted
6.593816253521922e-4,Population weighted
5.993763457504632e-4,Population weighted
4.940372372346279e-4,Population weighted
6.091990191440264e-4,Population weighted
4.705647761222551e-4,Population weighted
7.489600894386072e-4,Population weighted
5.982320463410669e-4,Population weighted
8.938720541827059e-4,Population weighted
5.166404844635229e-4,Population weighted
6.464383131729127e-4,Population weighted
4.66623077427483e-4,Population weighted
5.451356738170043e-4,Population weighted
6.09922097462668e-4,Population weighted
5.801371662764993e-4,Population weighted
5.34541930807209e-4,Population weighted
5.441219094987274e-4,Population weighted
7.166097115505642e-4,Population weighted
6.122990463868976e-4,Population weighted
5.641987897194362e-4,Population weighted
5.667459659722623e-4,Population weighted
3.044192935097558e-4,Population weighted
6.563836765928962e-4,Population weighted
5.040201396178973e-4,Population weighted
5.577244237770811e-4,Population weighted
4.59028387387919e-4,Population weighted
6.952452804372775e-4,Population weighted
4.073210553028297e-4,Population weighted
6.105240907740245e-4,Population weighted
6.487963301326686e-4,Population weighted
7.367409855052047e-4,Population weighted
5.860980380619376e-4,Population weighted
5.950483723060611e-4,Population weighted
6.534246217908214e-4,Population weighted
5.445506080984427e-4,Population weighted
5.553471270278988e-4,Population weighted
4.7496489591487313e-4,Population weighted
9.488228446470207e-4,Population weighted
5.731401602377848e-4,Population weighted
7.600317259837524e-4,Population weighted
6.015543259716772e-4,Population weighted
4.922998913087427e-4,Population weighted
5.917977587533991e-4,Population weighted
2.988691069901649e-4,Population weighted
6.496563816179424e-4,Population weighted
4.969384243985641e-4,Population weighted
3.9062746899426123e-4,Population weighted
6.50899828349595e-4,Population weighted
6.178931310819991e-4,Population weighted
5.686767299887514e-4,Population weighted
7.864673574541119e-4,Population weighted
4.013437881344833e-4,Population weighted
4.571235766172519e-4,Population weighted
6.77999981564459e-4,Population weighted
5.625568231362094e-4,Population weighted
4.0470224586598545e-4,Population weighted
6.482804760538584e-4,Population weighted
6.6116186436369e-4,Population weighted
5.897822353356759e-4,Population weighted
5.294438229336174e-4,Population weighted
5.922414040120247e-4,Population weighted
5.944408354247962e-4,Population weighted
6.545423177738328e-4,Population weighted
6.553950390621176e-4,Population weighted
6.482931597310804e-4,Population weighted
6.624336144815806e-4,Population weighted
2.541924672783838e-4,Population weighted
6.545094746315765e-4,Population weighted
5.268258845169238e-4,Population weighted
6.833956455974579e-4,Population weighted
4.451132548392464e-4,Population weighted
4.808801453740822e-4,Population weighted
5.43589830667196e-4,Population weighted
6.450962205931514e-4,Population weighted
6.069504859522206e-4,Population weighted
0.0012487853975602103,Population weighted
5.890100735218892e-4,Population weighted
5.734456755098572e-4,Population weighted
6.1171888126433e-4,Population weighted
5.543261387065767e-4,Population weighted
5.772305450866921e-4,Population weighted
7.586557460195425e-4,Population weighted
5.940137301118615e-4,Population weighted
6.552543045685093e-4,Population weighted
5.609000313920394e-4,Population weighted
8.75105711694991e-4,Population weighted
6.545023043616698e-4,Population weighted
5.628343657218102e-4,Population weighted
5.702576981054783e-4,Population weighted
9.237576310137423e-4,Population weighted
6.498004845260248e-4,Population weighted
7.821679102938331e-4,Population weighted
8.012626379238619e-4,Population weighted
6.815828461382865e-4,Population weighted
6.956825533702423e-4,Population weighted
2.4911618034770776e-4,Population weighted
6.442828254530487e-4,Population weighted
4.5678198059922667e-4,Population weighted
4.884747255775675e-4,Population weighted
6.548010454086886e-4,Population weighted
4.433780305675897e-4,Population weighted
6.547298034088339e-4,Population weighted
5.696041078832209e-4,Population weighted
9.820722190270231e-4,Population weighted
4.6136044383319086e-4,Population weighted
5.0489920346036e-4,Population weighted
5.021743664536135e-4,Population weighted
5.813398264577363e-4,Population weighted
4.827349418941352e-4,Population weighted
7.654496675813244e-4,Population weighted
8.523743542290225e-4,Population weighted
6.564671501673058e-4,Population weighted
4.0453263560638814e-4,Population weighted
6.704566693060977e-4,Population weighted
6.010334571594669e-4,Population weighted
5.53407146855772e-4,Population weighted
6.644139077358096e-4,Population weighted
6.540089660587855e-4,Population weighted
6.547226437043674e-4,Population weighted
6.916837077765317e-4,Population weighted
5.645750090382075e-4,Population weighted
6.022578779524055e-4,Population weighted
6.042702812174853e-4,Population weighted
4.7046458582844123e-4,Population weighted
6.011856356536926e-4,Population weighted
6.115530094182131e-4,Population weighted
2.4332904501759452e-4,Population weighted
6.543660268239482e-4,Population weighted
6.111060235255477e-4,Population weighted
5.406426114294931e-4,Population weighted
4.768299898703553e-4,Population weighted
6.190903285866549e-4,Population weighted
5.349983942707989e-4,Population weighted
4.705824965561492e-4,Population weighted
8.885770776285855e-4,Population weighted
5.930182290081862e-4,Population weighted
5.723088356425975e-4,Population weighted
6.210845872251287e-4,Population weighted
6.131091669142759e-4,Population weighted
5.953735984337631e-4,Population weighted
6.552221673010885e-4,Population weighted
5.012360127168569e-4,Population weighted
4.5469048569278677e-4,Population weighted
8.36447641099846e-4,Population weighted
6.546216925371088e-4,Population weighted
7.681050173598223e-4,Population weighted
4.73978329780665e-4,Population weighted
8.930878363129854e-4,Population weighted
4.571816278982237e-4,Population weighted
7.44991922844663e-4,Population weighted
8.012009088714763e-4,Population weighted
7.645683963983171e-4,Population weighted
6.552970213447314e-4,Population weighted
4.805250587086485e-4,Population weighted
6.832052822484809e-4,Population weighted
6.487248519793984e-4,Population weighted
6.517288666952338e-4,Population weighted
5.22968445766138e-4,Population weighted
6.607895301433624e-4,Population weighted
5.80098971548342e-4,Population weighted
5.60739401188668e-4,Population weighted
5.717143530450665e-4,Population weighted
7.036875843473867e-4,Population weighted
5.569267326009115e-4,Population weighted
6.933678888671569e-4,Population weighted
6.073790765389573e-4,Population weighted
6.742526574229798e-4,Population weighted
6.905718261143131e-4,Population weighted
5.918888983504623e-4,Population weighted
6.17943626115767e-4,Population weighted
5.649830345384421e-4,Population weighted
6.13294220038246e-4,Population weighted
6.568029408266999e-4,Population weighted
4.927849318027126e-4,Population weighted
6.059012683484495e-4,Population weighted
7.676192604011163e-4,Population weighted
7.068736470129485e-4,Population weighted
5.573255890426824e-4,Population weighted
6.147498519165886e-4,Population weighted
7.640160368558023e-4,Population weighted
6.123940923978685e-4,Population weighted
9.056961603515418e-4,Population weighted
7.710841862550294e-4,Population weighted
5.736567592971722e-4,Population weighted
4.168533094484427e-4,Population weighted
5.216401536081622e-4,Population weighted
5.391628447207771e-4,Population weighted
2.9651498376638715e-4,Population weighted
5.865083559617496e-4,Population weighted
6.081931643101077e-4,Population weighted
5.341133003101815e-4,Population weighted
5.96275848511987e-4,Population weighted
5.693234892376393e-4,Population weighted
2.8685110188054195e-4,Population weighted
7.468521528991287e-4,Population weighted
6.923842924107009e-4,Population weighted
6.552725990635101e-4,Population weighted
7.783065715502465e-4,Population weighted
7.924601368740472e-4,Population weighted
6.546266582355897e-4,Population weighted
5.974977161534241e-4,Population weighted
6.851495806717568e-4,Population weighted
6.457040670072052e-4,Population weighted
5.996999402753671e-4,Population weighted
5.022317171097694e-4,Population weighted
6.666925870445517e-4,Population weighted
5.947856672963016e-4,Population weighted
5.812590178088518e-4,Population weighted
6.964251870835281e-4,Population weighted
6.95192678616869e-4,Population weighted
5.439904413066699e-4,Population weighted
6.227556296032449e-4,Population weighted
6.820262510927276e-4,Population weighted
5.200522943353085e-4,Population weighted
5.932925190043605e-4,Population weighted
5.890911420000237e-4,Population weighted
8.922664795911311e-4,Population weighted
4.479571906212704e-4,Population weighted
4.827764523689793e-4,Population weighted
5.743075457666838e-4,Population weighted
3.080290619062414e-4,Population weighted
4.894617809102261e-4,Population weighted
0.00058438557111646465,Population weighted
4.0499734453007524e-4,Population weighted
6.799907138600678e-4,Population weighted
6.007685603243548e-4,Population weighted
6.929064223383065e-4,Population weighted
4.822328371385309e-4,Population weighted
4.995364885551918e-4,Population weighted
0.00049579627994548005,Population weighted
6.011723869265875e-4,Population weighted
0.0010732877605416238,Population weighted
6.028950161544021e-4,Population weighted
5.322298318226111e-4,Population weighted
4.05434405171706e-4,Population weighted
6.000684753996718e-4,Population weighted
0.0010701575522802395,Population weighted
6.045023287318277e-4,Population weighted
6.910858708981619e-4,Population weighted
4.6660889709654806e-4,Population weighted
5.597226203661996e-4,Population weighted
4.2945346579170127e-4,Population weighted
3.9986923350193856e-4,Population weighted
6.019359925991311e-4,Population weighted
6.719652872441092e-4,Population weighted
3.739169833872474e-4,Population weighted
5.604664702696575e-4,Population weighted
5.767025977445693e-4,Population weighted
4.7624265138802613e-4,Population weighted
4.8258795920746544e-4,Population weighted
6.837759606052032e-4,Population weighted
6.518523558854635e-4,Population weighted
5.324031858613624e-4,Population weighted
6.05307530175841e-4,Population weighted
7.471226022362859e-4,Population weighted
6.75418259373179e-4,Population weighted
4.580391279360287e-4,Population weighted
5.264557428663423e-4,Population weighted
5.657588101738791e-4,Population weighted
6.777906044669749e-4,Population weighted
5.283943796914762e-4,Population weighted
4.2232430044129203e-4,Population weighted
5.721437440436048e-4,Population weighted
6.161712157544845e-4,Population weighted
5.977804247948762e-4,Population weighted
5.758782430030089e-4,Population weighted
6.760208969215257e-4,Population weighted
5.130145771898511e-4,Population weighted
5.930664986432393e-4,Population weighted
6.151759651719717e-4,Population weighted
6.186103147951105e-4,Population weighted
8.42640079972352e-4,Population weighted
6.005612560032807e-4,Population weighted
7.63067805341009e-4,Population weighted
6.977514349500859e-4,Population weighted
6.224081699679469e-4,Population weighted
5.690961540262686e-4,Population weighted
6.665996605017123e-4,Population weighted
4.732206926375994e-4,Population weighted
6.039655190445754e-4,Population weighted
4.316598536645605e-4,Population weighted
5.93087512298497e-4,Population weighted
4.942465656769685e-4,Population weighted
5.899090362556411e-4,Population weighted
3.6219567241762397e-4,Population weighted
4.143727516603356e-4,Population weighted
6.721265452462772e-4,Population weighted
5.40767205246923e-4,Population weighted
3.908677194660535e-4,Population weighted
5.538496462831284e-4,Population weighted
3.4217373420008374e-4,Population weighted
5.642107974618179e-4,Population weighted
5.793211520772689e-4,Population weighted
5.936507403592272e-4,Population weighted
4.37387321171756e-4,Population weighted
5.787185506311214e-4,Population weighted
7.840720320799023e-4,Population weighted
5.674769481810074e-4,Population weighted
7.977463913324118e-4,Population weighted
5.734502924855211e-4,Population weighted
6.551424498215405e-4,Population weighted
6.026349722828522e-4,Population weighted
5.517884703245745e-4,Population weighted
5.378598342757934e-4,Population weighted
5.672140706971978e-4,Population weighted
5.638150039207126e-4,Population weighted
6.635250164713877e-4,Population weighted
7.362183584806857e-4,Population weighted
5.277995475470954e-4,Population weighted
6.759769956643616e-4,Population weighted
5.55714891341165e-4,Population weighted
6.196516850168925e-4,Population weighted
8.815602372398008e-4,Population weighted
4.8477245116792107e-4,Population weighted
6.574057438037688e-4,Population weighted
4.5607169010716787e-4,Population weighted
6.816387578732409e-4,Population weighted
5.467791505653989e-4,Population weighted
4.543820526484535e-4,Population weighted
5.510376416870646e-4,Population weighted
5.648810672775458e-4,Population weighted
6.213318592802909e-4,Population weighted
9.775781862077103e-4,Population weighted
7.494391554015715e-4,Population weighted
5.507712753485816e-4,Population weighted
3.552003876889585e-4,Population weighted
4.93812283763418e-4,Population weighted
6.148877315977228e-4,Population weighted
4.5704749781446167e-4,Population weighted
6.206734168978637e-4,Population weighted
4.966238697316171e-4,Population weighted
5.95683595365659e-4,Population weighted
6.492256801139432e-4,Population weighted
6.13672299598736e-4,Population weighted
4.91775193145856e-4,Population weighted
5.526789818228992e-4,Population weighted
6.733692706685625e-4,Population weighted
5.723856529468983e-4,Population weighted
6.624407718187706e-4,Population weighted
4.602006740827737e-4,Population weighted
5.344923632590341e-4,Population weighted
5.656536436050309e-4,Population weighted
4.305696171166631e-4,Population weighted
6.824930652042501e-4,Population weighted
6.523661467597116e-4,Population weighted
6.498881619974809e-4,Population weighted
5.638984096042167e-4,Population weighted
5.275632985344527e-4,Population weighted
5.653983718709084e-4,Population weighted
5.82194125362741e-4,Population weighted
7.306377459250397e-4,Population weighted
5.883969482246052e-4,Population weighted
2.936409095517607e-4,Population weighted
4.2451525958247697e-4,Population weighted
5.020672966238106e-4,Population weighted
6.670295822864889e-4,Population weighted
5.115334212501908e-4,Population weighted
7.530125275702829e-4,Population weighted
5.379782252594768e-4,Population weighted
6.148206813398441e-4,Population weighted
6.631689937954468e-4,Population weighted
6.692261975743607e-4,Population weighted
5.21844720304579e-4,Population weighted
5.895688160180179e-4,Population weighted
6.656858279996852e-4,Population weighted
6.647303087940194e-4,Population weighted
5.51703645791554e-4,Population weighted
5.979582061599515e-4,Population weighted
7.660100588246025e-4,Population weighted
6.772923707105186e-4,Population weighted
5.32284223407862e-4,Population weighted
5.780827847529402e-4,Population weighted
7.512736742270151e-4,Population weighted
4.502370281571084e-4,Population weighted
4.963950450542952e-4,Population weighted
4.632457008536512e-4,Population weighted
6.450895316103728e-4,Population weighted
4.711198018742159e-4,Population weighted
6.445271879392826e-4,Population weighted
6.586438064094687e-4,Population weighted
6.499340255302599e-4,Population weighted
6.512141858223533e-4,Population weighted
6.918059072982651e-4,Population weighted
5.657966702113726e-4,Population weighted
5.819991930454161e-4,Population weighted
7.700225906735037e-4,Population weighted
5.996820058642803e-4,Population weighted
6.627070787272965e-4,Population weighted
7.854710242384186e-4,Population weighted
7.440052978001746e-4,Population weighted
7.541317422283196e-4,Population weighted
5.275157123802791e-4,Population weighted
6.43374848456367e-4,Population weighted
6.450519179145581e-4,Population weighted
5.277920994010804e-4,Population weighted
6.128121849584928e-4,Population weighted
6.514965720838812e-4,Population weighted
6.448992022093234e-4,Population weighted
7.943103736841842e-4,Population weighted
4.57338203795077e-4,Population weighted
6.448490037620385e-4,Population weighted
4.58650730592496e-4,Population weighted
5.177940874485092e-4,Population weighted
5.541629417111747e-4,Population weighted
6.450879637929123e-4,Population weighted
4.601505192833362e-4,Population weighted
4.563668627387887e-4,Population weighted
6.447654500724088e-4,Population weighted
5.968571319357794e-4,Population weighted
5.939730578665974e-4,Population weighted
4.984181088946832e-4,Population weighted
0.0010568518212350183,Population weighted
7.060130963049304e-4,Population weighted
4.888155916663536e-4,Population weighted
4.6167848548251474e-4,Population weighted
7.284632039900627e-4,Population weighted
2.834171335733209e-4,Population weighted
3.471418529025991e-4,Population weighted
4.6084256710592634e-4,Population weighted
3.9485889890834505e-4,Population weighted
6.586160982874618e-4,Population weighted
7.658688095112742e-4,Population weighted
7.900366904038541e-4,Population weighted
6.133598888165828e-4,Population weighted
5.898195180485975e-4,Population weighted
6.447000320850801e-4,Population weighted
8.639991584240914e-4,Population weighted
8.854093276929862e-4,Population weighted
6.534613776739132e-4,Population weighted
4.676866790350347e-4,Population weighted
5.944999809796272e-4,Population weighted
8.157346202422917e-4,Population weighted
7.104004147032036e-4,Population weighted
7.103377803122768e-4,Population weighted
5.596869322969243e-4,Population weighted
7.41898096459458e-4,Population weighted
6.447015977654255e-4,Population weighted
6.611709080532063e-4,Population weighted
7.789532676217783e-4,Population weighted
5.659106418759832e-4,Population weighted
5.08462954248913e-4,Population weighted
9.023250448427105e-4,Population weighted
7.967166346278933e-4,Population weighted
3.1000021914265525e-4,Population weighted
6.620549231934617e-4,Population weighted
6.108001771390081e-4,Population weighted
5.484179429096696e-4,Population weighted
5.113079121698478e-4,Population weighted
6.028072440129843e-4,Population weighted
7.318193087201481e-4,Population weighted
4.657469844446215e-4,Population weighted
6.522948228796465e-4,Population weighted
6.475517504063999e-4,Population weighted
3.2544156323202297e-4,Population weighted
6.041128887829804e-4,Population weighted
7.161100114941202e-4,Population weighted
6.417513801986115e-4,Population weighted
4.0343607556854206e-4,Population weighted
6.676459985231995e-4,Population weighted
7.674916063550526e-4,Population weighted
7.518169395904154e-4,Population weighted
3.574939279478581e-4,Population weighted
5.544449456978425e-4,Population weighted
6.126195688211958e-4,Population weighted
4.276868880343187e-4,Population weighted
6.987769924486989e-4,Population weighted
5.503931439713077e-4,Population weighted
8.31359826280523e-4,Population weighted
5.721852670701323e-4,Population weighted
8.72149487076289e-4,Population weighted
6.816668193578918e-4,Population weighted
6.479650461506962e-4,Population weighted
6.516962698457974e-4,Population weighted
5.511116048560669e-4,Population weighted
6.691648158966551e-4,Population weighted
5.167504406437855e-4,Population weighted
9.076263052725284e-4,Population weighted
5.884003600944539e-4,Population weighted
4.0022279830837366e-4,Population weighted
5.494014048426104e-4,Population weighted
6.630202078368634e-4,Population weighted
3.5192806205975853e-4,Population weighted
5.100793516999255e-4,Population weighted
6.162519802787568e-4,Population weighted
5.93356212289071e-4,Population weighted
4.3517231455405224e-4,Population weighted
6.58486332008593e-4,Population weighted
5.960423369180633e-4,Population weighted
6.556006169412758e-4,Population weighted
5.471356126996609e-4,Population weighted
5.092505804848239e-4,Population weighted
6.605189373303526e-4,Population weighted
7.626388876103464e-4,Population weighted
6.934679261495189e-4,Population weighted
7.388986466657019e-4,Population weighted
6.135038526489402e-4,Population weighted
6.092508619784662e-4,Population weighted
6.111593260050318e-4,Population weighted
8.313125278576001e-4,Population weighted
7.586032609517453e-4,Population weighted
9.245085529172881e-4,Population weighted
7.206983306055274e-4,Population weighted
6.885261091351796e-4,Population weighted
6.425704006170791e-4,Population weighted
6.742192101683638e-4,Population weighted
6.492894586019979e-4,Population weighted
6.679439608749498e-4,Population weighted
7.579603928631294e-4,Population weighted
6.48510404778179e-4,Population weighted
9.99171646051245e-4,Population weighted
6.058724575068076e-4,Population weighted
6.512400977928512e-4,Population weighted
6.04709896600042e-4,Population weighted
6.859202792829214e-4,Population weighted
6.812292368751856e-4,Population weighted
5.937652750542009e-4,Population weighted
6.881872205155896e-4,Population weighted
6.53725918229317e-4,Population weighted
5.643882498972007e-4,Population weighted
8.181143062106e-4,Population weighted
7.338904613990503e-4,Population weighted
6.966525290898152e-4,Population weighted
6.613567937779677e-4,Population weighted
5.942308029111078e-4,Population weighted
6.720623589674989e-4,Population weighted
6.568952926981357e-4,Population weighted
6.142186202972837e-4,Population weighted
7.773104981276521e-4,Population weighted
6.836800956904223e-4,Population weighted
7.03011042572046e-4,Population weighted
8.339753287836333e-4,Population weighted
6.820717629463591e-4,Population weighted
7.018489693232816e-4,Population weighted
6.431806943281501e-4,Population weighted
7.903664908760869e-4,Population weighted
7.382456497706986e-4,Population weighted
5.670551843514113e-4,Population weighted
6.475886022122546e-4,Population weighted
7.058103027249492e-4,Population weighted
6.982687966792937e-4,Population weighted
5.550085796208811e-4,Population weighted
4.3036534914179007e-4,Population weighted
5.593438183903714e-4,Population weighted
6.993822429568249e-4,Population weighted
7.385925567335994e-4,Population weighted
6.135855037309774e-4,Population weighted
6.39096841201148e-4,Population weighted
6.719274670730711e-4,Population weighted
6.800395449868519e-4,Population weighted
6.124557781772e-4,Population weighted
6.269581389368449e-4,Population weighted
6.50582101326586e-4,Population weighted
5.727385178707985e-4,Population weighted
6.747662453465834e-4,Population weighted
7.282418393043665e-4,Population weighted
8.401831023734166e-4,Population weighted
5.960470745111268e-4,Population weighted
6.618180535675127e-4,Population weighted
5.35976708109309e-4,Population weighted
6.552055326474234e-4,Population weighted
5.368947074137172e-4,Population weighted
5.988693154043153e-4,Population weighted
6.801524511026549e-4,Population weighted
4.936688665385159e-4,Population weighted
4.466572895623203e-4,Population weighted
4.914292502440035e-4,Population weighted
8.829377479244885e-4,Population weighted
4.574578455460934e-4,Population weighted
6.431193991297451e-4,Population weighted
5.365913388153651e-4,Population weighted
5.577337964835983e-4,Population weighted
4.852072001483015e-4,Population weighted
6.590736253778138e-4,Population weighted
5.560261335694308e-4,Population weighted
8.227215880406797e-4,Population weighted
6.194590787691527e-4,Population weighted
6.12789909948876e-4,Population weighted
6.429782756289534e-4,Population weighted
4.6030981394752743e-4,Population weighted
5.076470639848561e-4,Population weighted
6.046937268704722e-4,Population weighted
6.440789667701236e-4,Population weighted
6.832306110997496e-4,Population weighted
8.848256082265453e-4,Population weighted
4.5931091682679134e-4,Population weighted
4.6622330681949693e-4,Population weighted
3.9403168425737367e-4,Population weighted
5.129805898812993e-4,Population weighted
8.026147600373475e-4,Population weighted
7.007079044496101e-4,Population weighted
6.628897237791433e-4,Population weighted
6.090862372655589e-4,Population weighted
5.903861473063627e-4,Population weighted
3.1375389937349403e-4,Population weighted
6.020563420307887e-4,Population weighted
4.837769006419206e-4,Population weighted
4.546632858017675e-4,Population weighted
5.840569634092106e-4,Population weighted
6.535979042932781e-4,Population weighted
6.075152754421311e-4,Population weighted
7.907041762954484e-4,Population weighted
6.488356810899882e-4,Population weighted
4.971693216149584e-4,Population weighted
6.846551014232891e-4,Population weighted
5.281615051453196e-4,Population weighted
5.905901961566018e-4,Population weighted
6.894534382872909e-4,Population weighted
3.0920633977208874e-4,Population weighted
4.8129268657465235e-4,Population weighted
2.9326860343206133e-4,Population weighted
5.66915938490046e-4,Population weighted
4.960853440764566e-4,Population weighted
3.3357518214902597e-4,Population weighted
3.976942100852714e-4,Population weighted
4.846374499599481e-4,Population weighted
4.798941876250496e-4,Population weighted
5.788627517010335e-4,Population weighted
6.455542588617893e-4,Population weighted
6.952829029786896e-4,Population weighted
6.897049055802382e-4,Population weighted
3.8392427982559553e-4,Population weighted
5.828252297058348e-4,Population weighted
6.71913407035639e-4,Population weighted
7.611746041020469e-4,Population weighted
4.7209233701045233e-4,Population weighted
3.1553882722024963e-4,Population weighted
6.183590018389594e-4,Population weighted
6.996679921015845e-4,Population weighted
5.943348470002304e-4,Population weighted
3.809828772467843e-4,Population weighted
5.122068617993344e-4,Population weighted
5.954031970610598e-4,Population weighted
8.574095322714815e-4,Population weighted
6.496914053426014e-4,Population weighted
5.788619677554857e-4,Population weighted
5.560759776425653e-4,Population weighted
7.708175693855597e-4,Population weighted
6.534286266944002e-4,Population weighted
5.724351568713598e-4,Population weighted
4.1672575182359443e-4,Population weighted
6.495134908552251e-4,Population weighted
6.695567602996058e-4,Population weighted
6.116493495505956e-4,Population weighted
7.798110051566074e-4,Population weighted
4.088780763403587e-4,Population weighted
6.15004478239809e-4,Population weighted
7.007293815243231e-4,Population weighted
7.952037167129764e-4,Population weighted
7.370777260182104e-4,Population weighted
6.542966773305733e-4,Population weighted
5.369097779532671e-4,Population weighted
6.429594180786755e-4,Population weighted
6.584239301375952e-4,Population weighted
6.164219183206544e-4,Population weighted
5.370770445502408e-4,Population weighted
5.450838326098859e-4,Population weighted
7.354079574320088e-4,Population weighted
7.725878589822559e-4,Population weighted
6.043475505277786e-4,Population weighted
6.68443763746207e-4,Population weighted
5.730492179358542e-4,Population weighted
6.880330678703603e-4,Population weighted
6.464814566831512e-4,Population weighted
5.741668362862803e-4,Population weighted
5.877453340501365e-4,Population weighted
7.350623816860382e-4,Population weighted
5.982661612769819e-4,Population weighted
5.528608317739953e-4,Population weighted
5.469084465643795e-4,Population weighted
7.346104638353823e-4,Population weighted
6.584798622962454e-4,Population weighted
8.553062359421997e-4,Population weighted
5.027568067845079e-4,Population weighted
5.773003612153805e-4,Population weighted
5.941535743654376e-4,Population weighted
5.740013968620831e-4,Population weighted
6.013987014385959e-4,Population weighted
5.735759438328068e-4,Population weighted
7.360138770490912e-4,Population weighted
5.642081625903241e-4,Population weighted
6.786539076700157e-4,Population weighted
6.833490758276971e-4,Population weighted
3.8427229702074373e-4,Population weighted
6.451947327473947e-4,Population weighted
6.448580019923892e-4,Population weighted
6.446556729267391e-4,Population weighted
5.759765495240183e-4,Population weighted
0.0010775696949575015,Population weighted
6.19922990123504e-4,Population weighted
7.384787978372193e-4,Population weighted
4.940126669157569e-4,Population weighted
5.348171806940427e-4,Population weighted
0.0012786936552468494,Population weighted
6.575783356277639e-4,Population weighted
6.446889406631937e-4,Population weighted
6.772582661927094e-4,Population weighted
6.444159552477246e-4,Population weighted
6.638181099527861e-4,Population weighted
7.372741034835941e-4,Population weighted
1.3786588674271323e-4,Population weighted
5.715086970777974e-4,Population weighted
5.836122628951581e-4,Population weighted
7.446701365320228e-4,Population weighted
7.832788389176866e-4,Population weighted
6.650259607221506e-4,Population weighted
6.445318701382585e-4,Population weighted
6.448810037441749e-4,Population weighted
8.026102432041754e-4,Population weighted
6.443715345264362e-4,Population weighted
6.192854527748962e-4,Population weighted
5.867490231479876e-4,Population weighted
4.5238675333248064e-4,Population weighted
6.476982077302971e-4,Population weighted
6.443333107875958e-4,Population weighted
6.449756237411584e-4,Population weighted
4.5249543169609594e-4,Population weighted
6.148544199715841e-4,Population weighted
6.644355584891964e-4,Population weighted
6.443705681684065e-4,Population weighted
4.5499124500589683e-4,Population weighted
6.44234797684247e-4,Population weighted
6.64277692105102e-4,Population weighted
6.903597052572092e-4,Population weighted
5.860017363774071e-4,Population weighted
6.11997041497266e-4,Population weighted
7.82291308441371e-4,Population weighted
6.2976719005414e-4,Population weighted
3.4323335919664343e-4,Population weighted
6.897820472753712e-4,Population weighted
4.7089594607064016e-4,Population weighted
7.828125684973155e-4,Population weighted
4.204403956825103e-4,Population weighted
7.761017122707201e-4,Population weighted
6.091990284927443e-4,Population weighted
5.954846797774284e-4,Population weighted
5.371603747000251e-4,Population weighted
6.442734942765545e-4,Population weighted
5.062455750888858e-4,Population weighted
5.127554682605833e-4,Population weighted
0.001012066096228255,Population weighted
5.289068059766015e-4,Population weighted
4.5978053627854774e-4,Population weighted
7.06429452404782e-4,Population weighted
6.450918175417774e-4,Population weighted
3.492664413885258e-4,Population weighted
5.702689927497422e-4,Population weighted
5.793313287540628e-4,Population weighted
7.295446173882825e-4,Population weighted
9.778456966300553e-4,Population weighted
6.849801327758762e-4,Population weighted
6.443342776858627e-4,Population weighted
5.949214892661379e-4,Population weighted
5.264148786668628e-4,Population weighted
5.958978134167695e-4,Population weighted
2.579865322325474e-4,Population weighted
5.484036444791719e-4,Population weighted
6.415636666985904e-4,Population weighted
3.571737889873907e-4,Population weighted
3.660352530713516e-4,Population weighted
9.210118694063057e-4,Population weighted
5.880513292910457e-4,Population weighted
4.730358855855437e-4,Population weighted
6.759902336032127e-4,Population weighted
4.999612160139261e-4,Population weighted
4.8068273812705646e-4,Population weighted
3.8514145247145996e-4,Population weighted
4.8508469746591173e-4,Population weighted
4.304573484920708e-4,Population weighted
3.467830447649175e-4,Population weighted
6.966106625123219e-4,Population weighted
8.37088176614923e-4,Population weighted
5.932885922036613e-4,Population weighted
5.517783098753851e-4,Population weighted
5.313447051989512e-4,Population weighted
7.744407267273205e-4,Population weighted
5.628949109605694e-4,Population weighted
5.428642643631454e-4,Population weighted
6.028768037127799e-4,Population weighted
3.2606394361651086e-4,Population weighted
3.9386029665554296e-4,Population weighted
5.129777731502022e-4,Population weighted
2.789660193817483e-4,Population weighted
5.534455133253827e-4,Population weighted
6.655292747656869e-4,Population weighted
4.827644180743236e-4,Population weighted
6.38179377712282e-4,Population weighted
4.944513590413516e-4,Population weighted
5.55313387561144e-4,Population weighted
6.859225376852156e-4,Population weighted
6.056691411779336e-4,Population weighted
5.504270579815909e-4,Population weighted
4.4716316719810214e-4,Population weighted
4.8073551676877614e-4,Population weighted
3.909749131947053e-4,Population weighted
5.276020958685381e-4,Population weighted
5.993947549015793e-4,Population weighted
7.644324167235245e-4,Population weighted
6.056975503176789e-4,Population weighted
4.760112466447907e-4,Population weighted
4.8081780843037145e-4,Population weighted
5.281353537962195e-4,Population weighted
6.8942077575919e-4,Population weighted
6.742578966330146e-4,Population weighted
5.727078204392028e-4,Population weighted
4.893198819927016e-4,Population weighted
5.702363147070172e-4,Population weighted
3.6264315963936006e-4,Population weighted
6.452574603130448e-4,Population weighted
5.963761773579006e-4,Population weighted
5.052502414471401e-4,Population weighted
6.124430137302764e-4,Population weighted
4.906976404493705e-4,Population weighted
5.452087457958463e-4,Population weighted
6.729630341154506e-4,Population weighted
5.109118478224203e-4,Population weighted
6.435052345653183e-4,Population weighted
5.292230682824504e-4,Population weighted
2.3256837906165321e-4,Population weighted
6.775722092931615e-4,Population weighted
6.820988974196358e-4,Population weighted
3.780138890311693e-4,Population weighted
5.35711556573e-4,Population weighted
7.775852208159954e-4,Population weighted
3.6488267449350827e-4,Population weighted
6.695233095717954e-4,Population weighted
6.597390502828738e-4,Population weighted
2.1077946208230834e-4,Population weighted
4.831664820603153e-4,Population weighted
5.750146199071322e-4,Population weighted
6.569217790832741e-4,Population weighted
5.026845363909932e-4,Population weighted
5.947569292153043e-4,Population weighted
5.873131334562535e-4,Population weighted
5.820982069462584e-4,Population weighted
6.947425786611762e-4,Population weighted
8.355388336306862e-4,Population weighted
5.596232707544931e-4,Population weighted
4.578342000566381e-4,Population weighted
6.734373422748764e-4,Population weighted
5.338050959718803e-4,Population weighted
6.086086681044621e-4,Population weighted
6.576856933888783e-4,Population weighted
5.360865624433901e-4,Population weighted
3.4042092378644553e-4,Population weighted
6.884219352406603e-4,Population weighted
6.143404214632611e-4,Population weighted
5.251163864477357e-4,Population weighted
5.611838572956647e-4,Population weighted
5.236249221544698e-4,Population weighted
4.838207919378296e-4,Population weighted
4.8096235291802123e-4,Population weighted
5.69945937162093e-4,Population weighted
5.212079830142221e-4,Population weighted
6.583536664538639e-4,Population weighted
4.2079519080324187e-4,Population weighted
7.928143108248229e-4,Population weighted
6.174929361318752e-4,Population weighted
5.424587692446829e-4,Population weighted
6.062010174775706e-4,Population weighted
6.458301850557429e-4,Population weighted
6.44480827958239e-4,Population weighted
4.7828814209169415e-4,Population weighted
4.5605012422298796e-4,Population weighted
6.442782887592279e-4,Population weighted
5.233283891186374e-4,Population weighted
6.697322699424872e-4,Population weighted
6.629003734647273e-4,Population weighted
4.5858325504002386e-4,Population weighted
5.703508982356352e-4,Population weighted
4.5694532654766494e-4,Population weighted
6.9892617152601e-4,Population weighted
4.684204986325492e-4,Population weighted
5.834322755404397e-4,Population weighted
6.792863380882169e-4,Population weighted
5.915777369136082e-4,Population weighted
3.806778634874131e-4,Population weighted
5.88993355360559e-4,Population weighted
6.152022879376438e-4,Population weighted
8.298335739929384e-4,Population weighted
5.001737594230487e-4,Population weighted
6.986516544664531e-4,Population weighted
6.569476904480494e-4,Population weighted
5.495855486644202e-4,Population weighted
5.992889767767957e-4,Population weighted
3.790788493108969e-4,Population weighted
6.045967035961049e-4,Population weighted
5.53813711679232e-4,Population weighted
9.109143622959081e-4,Population weighted
6.424394932944355e-4,Population weighted
5.69857230529104e-4,Population weighted
6.539379176060755e-4,Population weighted
5.727845007910006e-4,Population weighted
6.124510489133477e-4,Population weighted
5.408770018464834e-4,Population weighted
5.7722652092678e-4,Population weighted
5.914361860268369e-4,Population weighted
5.520076758587153e-4,Population weighted
7.877325096015276e-4,Population weighted
3.5954983847236676e-4,Population weighted
9.09869154887007e-4,Population weighted
7.039955889331898e-4,Population weighted
7.707758141471498e-4,Population weighted
6.729329769672152e-4,Population weighted
4.6602380609305215e-4,Population weighted
5.252087717478521e-4,Population weighted
5.268273090032946e-4,Population weighted
6.122482258327108e-4,Population weighted
6.099939419439124e-4,Population weighted
5.6791512157242e-4,Population weighted
3.8102107652741396e-4,Population weighted
5.148424629215625e-4,Population weighted
2.2020991062362603e-4,Population weighted
5.532769485709605e-4,Population weighted
6.080553391443328e-4,Population weighted
5.513462124108942e-4,Population weighted
5.937708373358103e-4,Population weighted
6.465405436877985e-4,Population weighted
6.854413631442692e-4,Population weighted
7.35850009411394e-4,Population weighted
6.431189774477491e-4,Population weighted
7.298079025944015e-4,Population weighted
6.397507456918691e-4,Population weighted
6.670246212428481e-4,Population weighted
5.517290212739348e-4,Population weighted
6.661297867870581e-4,Population weighted
6.732694374567158e-4,Population weighted
6.573640872572789e-4,Population weighted
6.535740382608491e-4,Population weighted
6.58807230875206e-4,Population weighted
7.408022737449873e-4,Population weighted
6.029775399646199e-4,Population weighted
4.743879202235508e-4,Population weighted
5.508801579201935e-4,Population weighted
7.080146912086558e-4,Population weighted
6.994276897159598e-4,Population weighted
7.612347994601978e-4,Population weighted
5.6044165718519e-4,Population weighted
6.788540442874074e-4,Population weighted
4.2977417169336727e-4,Population weighted
6.001734456244393e-4,Population weighted
6.171631854385962e-4,Population weighted
8.619157035302679e-4,Population weighted
3.963589695684124e-4,Population weighted
7.115448111613743e-4,Population weighted
4.0920526151163315e-4,Population weighted
6.47808884715591e-4,Population weighted
6.882089911537009e-4,Population weighted
7.385442248505218e-4,Population weighted
6.566020369894651e-4,Population weighted
4.6062057048161796e-4,Population weighted
6.5050580641172e-4,Population weighted
3.986517506944093e-4,Population weighted
5.13057903768848e-4,Population weighted
6.062352705431288e-4,Population weighted
6.711450214863675e-4,Population weighted
5.165078285386609e-4,Population weighted
6.443158458124467e-4,Population weighted
5.35834566744098e-4,Population weighted
6.52576915994833e-4,Population weighted
4.2734680187814033e-4,Population weighted
5.512328191449868e-4,Population weighted
6.666525655475061e-4,Population weighted
5.348832062624716e-4,Population weighted
5.703177375455887e-4,Population weighted
3.5881325363557357e-4,Population weighted
5.628404978639897e-4,Population weighted
5.202104622914169e-4,Population weighted
5.689519924548254e-4,Population weighted
7.59631048381891e-4,Population weighted
7.565292912236859e-4,Population weighted
4.0749004657133033e-4,Population weighted
5.633752861769107e-4,Population weighted
5.589416501814297e-4,Population weighted
2.8826750690577726e-4,Population weighted
6.807567649346397e-4,Population weighted
8.234869585369936e-4,Population weighted
4.526703267760661e-4,Population weighted
6.041417213539849e-4,Population weighted
5.857405421677612e-4,Population weighted
5.643019432758613e-4,Population weighted
7.448809236476706e-4,Population weighted
2.9241239465838614e-4,Population weighted
5.587285828972284e-4,Population weighted
4.5533267832349966e-4,Population weighted
5.956687252119849e-4,Population weighted
6.655475874755597e-4,Population weighted
6.549986701772767e-4,Population weighted
4.632039702967151e-4,Population weighted
5.842750932539313e-4,Population weighted
6.413933282405968e-4,Population weighted
3.543436254055997e-4,Population weighted
7.95893747561024e-4,Population weighted
5.448698658380465e-4,Population weighted
5.695901010910725e-4,Population weighted
4.741796262054499e-4,Population weighted
5.271766706490636e-4,Population weighted
6.028731806886238e-4,Population weighted
5.860990284853069e-4,Population weighted
7.234288281593719e-4,Population weighted
5.059236668781506e-4,Population weighted
6.17067124030046e-4,Population weighted
6.362171377194482e-4,Population weighted
7.859128356321685e-4,Population weighted
0.00065189143992440315,Population weighted
5.933512092326243e-4,Population weighted
5.977714528352147e-4,Population weighted
5.644260178989016e-4,Population weighted
6.405955886334917e-4,Population weighted
6.062651910356392e-4,Population weighted
5.022364328773086e-4,Population weighted
6.06958047740952e-4,Population weighted
6.011882550423537e-4,Population weighted
6.716414868622459e-4,Population weighted
4.0846860346626225e-4,Population weighted
4.615257722233456e-4,Population weighted
6.706346905358954e-4,Population weighted
6.570211523751582e-4,Population weighted
4.094032443872924e-4,Population weighted
5.69426372371443e-4,Population weighted
5.901219001537842e-4,Population weighted
7.225929289993794e-4,Population weighted
7.705057406165995e-4,Population weighted
5.079734182635527e-4,Population weighted
5.625049761630567e-4,Population weighted
3.48055577532246e-4,Population weighted
5.692064477196867e-4,Population weighted
7.894694376715313e-4,Population weighted
5.943807610245898e-4,Population weighted
5.9490186001816e-4,Population weighted
6.50060263072815e-4,Population weighted
6.565691309354239e-4,Population weighted
7.477966012261085e-4,Population weighted
6.560679410282376e-4,Population weighted
6.199387087018142e-4,Population weighted
6.800271450868443e-4,Population weighted
6.058219211150621e-4,Population weighted
6.628007971711636e-4,Population weighted
5.686059009435993e-4,Population weighted
4.437627026976706e-4,Population weighted
5.982881411315872e-4,Population weighted
6.994040301511886e-4,Population weighted
5.298492922705052e-4,Population weighted
5.515709823510432e-4,Population weighted
8.17101253173627e-4,Population weighted
6.097737645695712e-4,Population weighted
6.064249178967678e-4,Population weighted
6.80318092356e-4,Population weighted
4.550329405271028e-4,Population weighted
6.60261489818155e-4,Population weighted
8.074520770895949e-4,Population weighted
5.637451205286569e-4,Population weighted
6.993129802485906e-4,Population weighted
5.302772315730814e-4,Population weighted
4.6460819166954366e-4,Population weighted
7.581085088330301e-4,Population weighted
6.535073120430639e-4,Population weighted
5.674857566601523e-4,Population weighted
5.876835348299933e-4,Population weighted
5.346115036022884e-4,Population weighted
6.177872332199632e-4,Population weighted
6.752453881709023e-4,Population weighted
5.680390713365325e-4,Population weighted
5.67657131833087e-4,Population weighted
5.510289032427895e-4,Population weighted
4.644028027869851e-4,Population weighted
6.550223710180169e-4,Population weighted
6.002689325582724e-4,Population weighted
3.3162735693484504e-4,Population weighted
5.054674538223996e-4,Population weighted
5.685174744963826e-4,Population weighted
6.412458100299323e-4,Population weighted
5.820795824405116e-4,Population weighted
6.670839604318216e-4,Population weighted
7.2016058964152e-4,Population weighted
4.734685290404402e-4,Population weighted
5.53451818429506e-4,Population weighted
7.633869091901126e-4,Population weighted
4.703823055345243e-4,Population weighted
6.206518960138878e-4,Population weighted
5.582332746262509e-4,Population weighted
6.550891238591776e-4,Population weighted
5.437843540870972e-4,Population weighted
7.493226854214486e-4,Population weighted
8.750185966910329e-4,Population weighted
6.039885342102172e-4,Population weighted
5.991284976309593e-4,Population weighted
5.952924788532942e-4,Population weighted
2.930814840918043e-4,Population weighted
6.629248184002678e-4,Population weighted
5.31383175355525e-4,Population weighted
4.782325780425382e-4,Population weighted
6.03752245360813e-4,Population weighted
6.937689181765094e-4,Population weighted
6.090183655798723e-4,Population weighted
6.205728933184173e-4,Population weighted
4.230002052822256e-4,Population weighted
5.930385365399229e-4,Population weighted
5.351287115636512e-4,Population weighted
6.005725197926581e-4,Population weighted
7.388046065683245e-4,Population weighted
8.179069374261489e-4,Population weighted
6.472532919428362e-4,Population weighted
6.540568933902146e-4,Population weighted
3.408751573864173e-4,Population weighted
4.998160218811075e-4,Population weighted
6.578543947377568e-4,Population weighted
7.885935870693382e-4,Population weighted
3.376422622002927e-4,Population weighted
5.179384620806076e-4,Population weighted
6.51888533452947e-4,Population weighted
6.783380519006862e-4,Population weighted
6.768542114100729e-4,Population weighted
6.498103799456006e-4,Population weighted
4.7085966101938264e-4,Population weighted
6.581361819995755e-4,Population weighted
3.5765193821509536e-4,Population weighted
4.7348972253971475e-4,Population weighted
6.216216428662432e-4,Population weighted
7.42459014059543e-4,Population weighted
6.010473065037905e-4,Population weighted
7.510101813634771e-4,Population weighted
6.032803217033394e-4,Population weighted
6.008372165274682e-4,Population weighted
7.363736454952313e-4,Population weighted
6.733610910743412e-4,Population weighted
6.635967790054374e-4,Population weighted
5.741740236442696e-4,Population weighted
5.683416939015373e-4,Population weighted
5.997916476868599e-4,Population weighted
5.216697119898233e-4,Population weighted
6.798082490547235e-4,Population weighted
7.544583848383018e-4,Population weighted
5.957747546562335e-4,Population weighted
5.285104077397926e-4,Population weighted
6.004153232596655e-4,Population weighted
7.448132766661519e-4,Population weighted
5.891023286478446e-4,Population weighted
4.55506020675706e-4,Population weighted
6.120151369317242e-4,Population weighted
5.996210170839052e-4,Population weighted
5.084684541283621e-4,Population weighted
5.61715619280239e-4,Population weighted
5.976012432902407e-4,Population weighted
8.619635718125047e-4,Population weighted
6.499579856981112e-4,Population weighted
7.699417783145544e-4,Population weighted
4.3566543103502604e-4,Population weighted
5.083902151175863e-4,Population weighted
6.712667190841906e-4,Population weighted
6.12915734209052e-4,Population weighted
5.933248854738772e-4,Population weighted
7.213074073888576e-4,Population weighted
6.521055250453707e-4,Population weighted
6.058188372884757e-4,Population weighted
4.8046462359219085e-4,Population weighted
7.517314264550438e-4,Population weighted
4.806448837861039e-4,Population weighted
6.747266805281348e-4,Population weighted
7.40705606958244e-4,Population weighted
5.291585938123087e-4,Population weighted
6.034660737055623e-4,Population weighted
5.818626831711733e-4,Population weighted
6.123500065528578e-4,Population weighted
4.803455124567702e-4,Population weighted
6.168828455466364e-4,Population weighted
6.525839007131318e-4,Population weighted
6.870081619796026e-4,Population weighted
7.430989318746094e-4,Population weighted
5.015845966096924e-4,Population weighted
6.577908460424455e-4,Population weighted
6.548394078516604e-4,Population weighted
6.509969406907488e-4,Population weighted
5.352455578545296e-4,Population weighted
4.7924322421782445e-4,Population weighted
5.200869808610437e-4,Population weighted
5.786394013193116e-4,Population weighted
0.001059067873118141,Population weighted
6.845898281234439e-4,Population weighted
5.622502926837819e-4,Population weighted
5.131600965539633e-4,Population weighted
6.615658370524091e-4,Population weighted
6.660545133552903e-4,Population weighted
7.709346193477002e-4,Population weighted
7.832247941625082e-4,Population weighted
7.215087800372352e-4,Population weighted
7.870272825344909e-4,Population weighted
7.008136572277654e-4,Population weighted
4.7465086000000374e-4,Population weighted
6.418773955617425e-4,Population weighted
6.835521280571728e-4,Population weighted
5.300375453355042e-4,Population weighted
6.087817836697713e-4,Population weighted
6.838973133290474e-4,Population weighted
3.976501702180416e-4,Population weighted
6.531898100713338e-4,Population weighted
4.512201594608836e-4,Population weighted
3.779242455730403e-4,Population weighted
4.909699756391607e-4,Population weighted
5.289945590845546e-4,Population weighted
9.119674035422175e-4,Population weighted
5.954590851820265e-4,Population weighted
6.928909875201365e-4,Population weighted
5.946996868472618e-4,Population weighted
5.320166184149629e-4,Population weighted
7.29508081238883e-4,Population weighted
6.721726925733704e-4,Population weighted
5.852746707500474e-4,Population weighted
6.132479532564027e-4,Population weighted
6.062849259846066e-4,Population weighted
6.715512041828804e-4,Population weighted
5.389906495743267e-4,Population weighted
5.065043401931478e-4,Population weighted
7.488192844784636e-4,Population weighted
5.790296483833044e-4,Population weighted
6.647738737784622e-4,Population weighted
5.047988345483652e-4,Population weighted
5.012426897886161e-4,Population weighted
4.902733804298774e-4,Population weighted
6.010039695877754e-4,Population weighted
6.615313625633765e-4,Population weighted
7.51119356353908e-4,Population weighted
5.335430915502204e-4,Population weighted
6.762127016995371e-4,Population weighted
7.001558548957858e-4,Population weighted
7.412251312112725e-4,Population weighted
4.644158542980054e-4,Population weighted
6.541047143441683e-4,Population weighted
6.836451763745061e-4,Population weighted
6.427331366449579e-4,Population weighted
6.517897898212243e-4,Population weighted
5.582373078723122e-4,Population weighted
4.5494307961753264e-4,Population weighted
5.026820776980399e-4,Population weighted
7.268377341499843e-4,Population weighted
7.833769078242341e-4,Population weighted
8.415314535526947e-4,Population weighted
8.833502937833359e-4,Population weighted
4.6008569889985547e-4,Population weighted
5.535764400380776e-4,Population weighted
7.306537845769277e-4,Population weighted
5.380451249297373e-4,Population weighted
5.234997444940813e-4,Population weighted
6.539256044207658e-4,Population weighted
6.470038148178133e-4,Population weighted
6.410258568641053e-4,Population weighted
4.838967948122643e-4,Population weighted
6.558442719240058e-4,Population weighted
7.348148179865624e-4,Population weighted
5.557976176530375e-4,Population weighted
7.91553441119836e-4,Population weighted
9.324007198980343e-4,Population weighted
6.796892190591078e-4,Population weighted
5.744168539688199e-4,Population weighted
8.962985963570626e-4,Population weighted
7.477188588680087e-4,Population weighted
4.945584041963957e-4,Population weighted
6.09811544941154e-4,Population weighted
6.597362495609573e-4,Population weighted
6.145246015955341e-4,Population weighted
6.059270806593729e-4,Population weighted
5.968491368852688e-4,Population weighted
5.037862761937088e-4,Population weighted
3.953105727116351e-4,Population weighted
7.156730523692795e-4,Population weighted
6.176140103816775e-4,Population weighted
6.827446860101394e-4,Population weighted
5.52044829370208e-4,Population weighted
5.411837937190644e-4,Population weighted
4.152271524270153e-4,Population weighted
5.726850787535332e-4,Population weighted
6.120899902471506e-4,Population weighted
4.992339876825246e-4,Population weighted
5.955960433442888e-4,Population weighted
6.689542655758036e-4,Population weighted
6.150057419294438e-4,Population weighted
6.475122916049791e-4,Population weighted
4.941210023287374e-4,Population weighted
5.467784711660205e-4,Population weighted
5.01040400959141e-4,Population weighted
6.52125619387404e-4,Population weighted
4.569759228281737e-4,Population weighted
6.77769959939435e-4,Population weighted
5.086094967442808e-4,Population weighted
6.628739253999003e-4,Population weighted
6.121671708346709e-4,Population weighted
5.827732342847377e-4,Population weighted
4.956742173027593e-4,Population weighted
4.840637052626062e-4,Population weighted
7.925427895216386e-4,Population weighted
6.694011817178262e-4,Population weighted
6.632651095839196e-4,Population weighted
5.994046920318672e-4,Population weighted
5.416804914033899e-4,Population weighted
5.916608026169369e-4,Population weighted
7.004380226135769e-4,Population weighted
5.205198324531906e-4,Population weighted
5.95657402599343e-4,Population weighted
5.328429624963827e-4,Population weighted
5.258614748401639e-4,Population weighted
6.732702699604582e-4,Population weighted
6.95348580300336e-4,Population weighted
4.6817522676170147e-4,Population weighted
6.192421479398158e-4,Population weighted
5.317300812057146e-4,Population weighted
5.453284686056338e-4,Population weighted
6.646838526824109e-4,Population weighted
5.925204506689196e-4,Population weighted
6.560019881726737e-4,Population weighted
4.184937137169972e-4,Population weighted
6.205404560727727e-4,Population weighted
6.025701415910234e-4,Population weighted
6.081796070770709e-4,Population weighted
6.505735825864612e-4,Population weighted
5.88357949381262e-4,Population weighted
6.805249268893327e-4,Population weighted
5.973350271299009e-4,Population weighted
6.587358428737029e-4,Population weighted
5.932571229040075e-4,Population weighted
6.416411639045249e-4,Population weighted
5.946755382051748e-4,Population weighted
5.354943603064845e-4,Population weighted
6.131125982957556e-4,Population weighted
6.709802548385331e-4,Population weighted
8.19210799247758e-4,Population weighted
6.748594883331604e-4,Population weighted
5.365218497943839e-4,Population weighted
5.314680638216899e-4,Population weighted
4.18846908936609e-4,Population weighted
5.713488764905984e-4,Population weighted
6.47242617846617e-4,Population weighted
6.10208691443324e-4,Population weighted
5.579323808560984e-4,Population weighted
6.044326694587057e-4,Population weighted
5.883442166174006e-4,Population weighted
6.888658852554369e-4,Population weighted
7.458779786812496e-4,Population weighted
6.20477869188767e-4,Population weighted
6.652034577912076e-4,Population weighted
3.0670115146736566e-4,Population weighted
5.545854848660933e-4,Population weighted
5.361313764645467e-4,Population weighted
4.066387315273422e-4,Population weighted
6.020906792685082e-4,Population weighted
6.652493074675187e-4,Population weighted
6.895818635842196e-4,Population weighted
5.7892347384477e-4,Population weighted
6.122424705877212e-4,Population weighted
9.97234316240867e-4,Population weighted
6.548150791050059e-4,Population weighted
5.674159524468466e-4,Population weighted
7.414419095103077e-4,Population weighted
7.735708600383736e-4,Population weighted
7.446831281593862e-4,Population weighted
6.624983877133219e-4,Population weighted
7.37922460956254e-4,Population weighted
4.800916112389858e-4,Population weighted
8.295554972101646e-4,Population weighted
