rep,year,value
1,2009,2.701470494348996
2,2009,2.4332618950715386
3,2009,2.1175490829064927
4,2009,5.732588463749266
5,2009,2.1451706172542515
6,2009,3.363023011489048
7,2009,2.3227745899808667
8,2009,2.5648177175135345
9,2009,-0.2521549972466488
10,2009,2.7428479626481703
11,2009,4.361153881706542
12,2009,1.6256527920137813
13,2009,3.701211507070326
14,2009,0.2873730568555999
15,2009,1.4320798329716524
16,2009,-0.10077501031391023
17,2009,1.1620971590467661
18,2009,1.9819679176140994
19,2009,1.1905239549893594
20,2009,2.2622861744451654
21,2009,0.8284737487788618
22,2009,1.5133699862779224
23,2009,2.7535227451813
24,2009,1.9673061875345184
25,2009,2.209722503127267
26,2009,0.8502439245187077
27,2009,1.8149193056643895
28,2009,1.2136043411258584
29,2009,2.292765705568769
30,2009,2.7089485988310713
31,2009,2.139433392306799
32,2009,2.5377264280022303
33,2009,2.357759309488955
34,2009,1.380423528874104
35,2009,1.8341738340038347
36,2009,1.615333685754024
37,2009,1.2712789610444872
38,2009,1.225851031738415
39,2009,2.2184208823908875
40,2009,2.7957097587731994
41,2009,1.300319935354139
42,2009,2.797740543222943
43,2009,3.019699690065295
44,2009,3.4862527116024467
45,2009,2.4999575602508344
46,2009,3.2813888716501367
47,2009,-0.16940024045669588
48,2009,2.51840550943146
49,2009,1.1306209014083777
50,2009,0.9662388827301243
51,2009,-0.035160252613579246
52,2009,1.6422599212087476
53,2009,2.112963745476577
54,2009,1.574280067217785
55,2009,0.3902674620042461
56,2009,1.5093614149667616
57,2009,-0.23814556317331892
58,2009,2.93337988496323
59,2009,0.3936170863998427
60,2009,0.9239456107875128
61,2009,2.0023760265234074
62,2009,1.8473779727495554
63,2009,2.8324706150405774
64,2009,1.4660289160385105
65,2009,1.2947782488343762
66,2009,1.291974663233276
67,2009,3.6667794925240287
68,2009,2.7475294587499945
69,2009,2.9548971529322188
70,2009,0.9026986447410223
71,2009,1.3425959137421728
72,2009,2.2944146064692887
73,2009,1.8604466527286831
74,2009,3.7232106748395495
75,2009,1.6076238369911238
76,2009,1.665604971702237
77,2009,1.8212350277453595
78,2009,-2.0415260134850257
79,2009,1.8360047494498843
80,2009,0.6685773414077971
81,2009,0.5104588237533108
82,2009,2.341599662433481
83,2009,2.0029279945014906
84,2009,2.1467630564044953
85,2009,2.1625380786388178
86,2009,2.2227588555207944
87,2009,1.1261447898456822
88,2009,0.5943318258469219
89,2009,2.598792962557553
90,2009,2.724417401799414
91,2009,1.1509521820262592
92,2009,1.5236514460356432
93,2009,4.48628080396179
94,2009,2.3803213858351455
95,2009,-0.32379652403889736
96,2009,0.386271746308978
97,2009,2.677804229638241
98,2009,3.53398718115659
99,2009,0.7678199602430027
100,2009,-0.5011379422953866
101,2009,0.521537329611391
102,2009,1.282453153118908
103,2009,1.871298839650649
104,2009,1.8454840083866202
105,2009,2.5169833509196025
106,2009,2.3662232173431903
107,2009,1.7876237569786753
108,2009,0.8559694641517126
109,2009,1.651378235988119
110,2009,0.35926277217994596
111,2009,1.6571082944275588
112,2009,1.0350355789686034
113,2009,1.7987037220934354
114,2009,1.9577840820235224
115,2009,2.217365150144815
116,2009,2.530039737595132
117,2009,2.5435825138037274
118,2009,4.072975840938625
119,2009,1.1589699549727186
120,2009,1.2882982159975143
121,2009,2.8686815148022617
122,2009,0.6412222703250308
123,2009,1.3788012608385145
124,2009,3.3174599511705765
125,2009,1.6706761263554313
126,2009,0.6178494878010099
127,2009,2.419858558226565
128,2009,2.979971141568001
129,2009,4.217498559692842
130,2009,3.694193683005537
131,2009,2.320125892330765
132,2009,0.891173577900588
133,2009,-0.04504003135305368
134,2009,0.25321423636346196
135,2009,0.5402026372808422
136,2009,1.0904841236559832
137,2009,1.648003254662882
138,2009,2.237168926084678
139,2009,1.0849988218713804
140,2009,4.445956228056076
141,2009,1.161047882576895
142,2009,0.7601323257516128
143,2009,2.2061515327436467
144,2009,-0.2935506396805181
145,2009,1.5006505677145867
146,2009,0.7109611641455587
147,2009,2.088739598150454
148,2009,2.5280703579101527
149,2009,1.3725432411594198
150,2009,2.2246450723402518
151,2009,0.43192303683088085
152,2009,3.123012291211424
153,2009,1.1282488092574567
154,2009,0.8350204931307275
155,2009,1.4461095543997828
156,2009,3.788722362018831
157,2009,4.290727357059197
158,2009,1.6813553072206844
159,2009,1.856285255377884
160,2009,2.9753831462172116
161,2009,1.8947937757052955
162,2009,1.8453833586533506
163,2009,2.7318002596877307
164,2009,-0.3990910731921815
165,2009,1.5490326726163772
166,2009,1.744687689601676
167,2009,2.617008221300466
168,2009,3.734149917596625
169,2009,3.605571118511449
170,2009,3.738434553475116
171,2009,0.7519660944835493
172,2009,3.191943172358151
173,2009,1.0470823139929735
174,2009,1.7841176130382195
175,2009,0.7800554145412377
176,2009,3.1242960951788348
177,2009,2.146872520413069
178,2009,3.6219979937941105
179,2009,2.1450944610184024
180,2009,0.9209767710987649
181,2009,2.2202894870584657
182,2009,2.194612969656106
183,2009,1.4613010369284893
184,2009,1.2472032425019108
185,2009,3.8495448468082714
186,2009,2.094177308164717
187,2009,2.821727206754943
188,2009,1.999214422315987
189,2009,1.9563997530160862
190,2009,1.0144948888131466
191,2009,2.566999452836356
192,2009,2.1067936612117535
193,2009,2.1587499721288594
194,2009,0.5878673230141658
195,2009,2.8005298208440763
196,2009,0.2633046473000604
197,2009,1.552231364768673
198,2009,1.2432793936310418
199,2009,1.2985854577418365
200,2009,2.520802797131452
201,2009,1.5135741180676519
202,2009,2.872666554609822
203,2009,1.7831218294827522
204,2009,2.3113545627386145
205,2009,2.9989256538261913
206,2009,3.461725748916251
207,2009,2.052887080666636
208,2009,4.026632077708086
209,2009,1.6486855729173868
210,2009,-0.20526404064548842
211,2009,2.918121252761196
212,2009,0.14991662634079717
213,2009,4.091777500326458
214,2009,1.2159953567550303
215,2009,-0.31933737956391894
216,2009,2.079403435968132
217,2009,2.866702516979842
218,2009,2.0751905113107796
219,2009,1.593263733060553
220,2009,0.7692918878289419
221,2009,-0.559825338911736
222,2009,2.5134754601209863
223,2009,1.1106517123682806
224,2009,1.2399314580813154
225,2009,2.7433118536443715
226,2009,2.7125500568487553
227,2009,4.699080908631515
228,2009,2.140958076347431
229,2009,2.6885693744312107
230,2009,2.325297664939029
231,2009,1.3088227504186705
232,2009,2.1150013041507236
233,2009,0.9051677488829171
234,2009,0.7895031875856944
235,2009,1.5361593520324277
236,2009,2.268846960949304
237,2009,2.1612224202643375
238,2009,3.095601534411429
239,2009,1.7953765535463901
240,2009,0.9695627312925268
241,2009,3.0526136883592017
242,2009,0.9970204886079017
243,2009,2.453238135546229
244,2009,2.4114509773083483
245,2009,0.8853227976950961
246,2009,2.210242798537962
247,2009,1.3538848553778848
248,2009,1.1548127384745612
249,2009,3.3250421870445166
250,2009,2.3306984709834495
251,2009,0.3782138265183619
252,2009,1.6601593619767385
253,2009,3.7418155232636536
254,2009,1.9051439183772914
255,2009,1.6233736789449438
256,2009,3.29356431730632
257,2009,-0.01272317298320047
258,2009,1.0281123618710524
259,2009,0.7066379752404401
260,2009,1.1486093944344589
261,2009,0.5393819274917746
262,2009,0.46045489475156387
263,2009,1.996416930901816
264,2009,-0.44283363621420335
265,2009,4.91831439491753
266,2009,2.883757822236504
267,2009,1.8912784199766435
268,2009,2.409073024841206
269,2009,0.5949088612844093
270,2009,2.664283492427856
271,2009,1.041791113416167
272,2009,1.5243150256205809
273,2009,0.004386523467985626
274,2009,2.503043141940566
275,2009,1.7964431011184843
276,2009,2.6599573397052723
277,2009,2.7793900417692043
278,2009,3.125394325584068
279,2009,-0.2870715591496946
280,2009,0.9586556150643162
281,2009,1.1687766015239447
282,2009,2.7731824310525326
283,2009,1.3259970739123048
284,2009,1.6143280515350398
285,2009,2.559864158234433
286,2009,0.35212594672273667
287,2009,0.18257171252378157
288,2009,1.9368000604201399
289,2009,1.5983003748056746
290,2009,1.744645327349886
291,2009,2.6066840954739376
292,2009,2.770614008046934
293,2009,1.6537212388113574
294,2009,2.5008797564161256
295,2009,1.0059296696068003
296,2009,2.1695687330855264
297,2009,2.1960182037975073
298,2009,1.6510625509367856
299,2009,2.197334900165373
300,2009,0.5998067519063142
301,2009,3.246591507130489
302,2009,0.2050875009497446
303,2009,1.9678761476319835
304,2009,0.7837235877308615
305,2009,1.3226103847328972
306,2009,1.4288488052286112
307,2009,1.1155832161947785
308,2009,2.3354892367756577
309,2009,3.3052485390953734
310,2009,1.5720562747645204
311,2009,1.7769145283479304
312,2009,3.365655063043789
313,2009,2.4124759834376732
314,2009,1.9836035046513132
315,2009,1.5853469168360448
316,2009,1.988767920879269
317,2009,1.2301968459360353
318,2009,1.5847855796264696
319,2009,2.4267872868598204
320,2009,2.4634677118457944
321,2009,2.232530202233619
322,2009,2.3756209260698853
323,2009,3.4244599972771255
324,2009,1.4060470620263175
325,2009,0.8972074262259753
326,2009,2.3020405879077828
327,2009,1.2596649210305912
328,2009,3.537340103369246
329,2009,1.627328742279417
330,2009,1.2824412671198502
331,2009,1.5299612141279226
332,2009,0.0172164682220739
333,2009,2.664038297968716
334,2009,3.7536332121558758
335,2009,2.3006584021207033
336,2009,1.4723083789769618
337,2009,1.5478535512895775
338,2009,3.98432673892799
339,2009,2.7476002548115446
340,2009,3.1768419170930144
341,2009,-0.25041872259697584
342,2009,3.5550937604262884
343,2009,1.110935011068932
344,2009,1.4601849460373586
345,2009,1.0460580710723093
346,2009,1.2779899772267242
347,2009,1.3230830918139702
348,2009,3.722512553032601
349,2009,1.6334422507076454
350,2009,0.7805503396720042
351,2009,3.8474360571356527
352,2009,1.3378626682136598
353,2009,1.6963333906075775
354,2009,2.0758566478903333
355,2009,1.1340268669197826
356,2009,1.5970008078286355
357,2009,3.5604614568419493
358,2009,1.2088076094201767
359,2009,2.027272792906217
360,2009,1.384691915696095
361,2009,3.8008990774985136
362,2009,1.725585778283559
363,2009,1.9463996559819634
364,2009,0.7156735331984265
365,2009,2.0537360666439497
366,2009,4.699136957517908
367,2009,0.6478857449150723
368,2009,-1.235856932761294
369,2009,1.557161710594002
370,2009,1.4806861849734076
371,2009,0.44890857592726263
372,2009,1.5994388356023705
373,2009,1.0973303799419654
374,2009,0.9263499765725101
375,2009,1.868931124958678
376,2009,1.2342678520778776
377,2009,2.282364129100273
378,2009,3.3430400775440603
379,2009,1.7451029424556452
380,2009,1.2174354450100395
381,2009,1.4881745491766765
382,2009,0.04987574703496023
383,2009,0.156329955019757
384,2009,-0.019543429961416336
385,2009,1.8114099536513208
386,2009,4.402318523043078
387,2009,2.9238853342701816
388,2009,3.6289503568210364
389,2009,2.9595318123776337
390,2009,1.2870502878626553
391,2009,1.6835752109596598
392,2009,0.9454623566356872
393,2009,0.15430516206163247
394,2009,5.114803576038355
395,2009,2.2562785109822983
396,2009,1.0885420594717061
397,2009,1.230925338939869
398,2009,2.464336188257434
399,2009,2.0496393956492938
400,2009,2.357370584258746
401,2009,2.8169556748635216
402,2009,1.829238164172267
403,2009,3.1098324855079795
404,2009,3.975716958584883
405,2009,4.156785153885892
406,2009,1.538356439018969
407,2009,2.98402954403376
408,2009,2.3360784121113483
409,2009,3.5579460363010043
410,2009,0.9755287639851389
411,2009,0.09987707984700478
412,2009,3.7902934210711408
413,2009,2.2415065483520777
414,2009,1.3730923873185787
415,2009,2.936319613782402
416,2009,1.3003715298745249
417,2009,3.3416539474534233
418,2009,4.390476881288919
419,2009,2.902103958378518
420,2009,2.277422390573463
421,2009,2.2243399167855102
422,2009,0.7453959514767234
423,2009,0.8580388528805969
424,2009,2.7096098756007336
425,2009,1.1700606312704451
426,2009,4.470860411427992
427,2009,0.4598413148551401
428,2009,2.720662259694791
429,2009,2.618273653047652
430,2009,0.37172447596556424
431,2009,0.9159719516455311
432,2009,2.204193454735446
433,2009,1.0373619006231962
434,2009,2.4711796139297064
435,2009,2.5215207363384593
436,2009,2.789309242888507
437,2009,1.7951928654456992
438,2009,2.682643041569804
439,2009,2.0611543539882007
440,2009,1.4302561575754424
441,2009,0.6683272680735683
442,2009,1.9589883869585947
443,2009,1.2818686157801267
444,2009,1.1261397150396988
445,2009,0.6627459433680514
446,2009,1.8152882469466505
447,2009,2.730800302649868
448,2009,-0.16407933032725452
449,2009,1.6847911158669433
450,2009,2.9597443256089946
451,2009,3.78735307467403
452,2009,0.8730859186567415
453,2009,4.0513108079770745
454,2009,1.9682297837717897
455,2009,0.5433494534608201
456,2009,0.018713947871816572
457,2009,1.7154143556375914
458,2009,1.9338224232649281
459,2009,2.1800374013822648
460,2009,1.3162813732231058
461,2009,1.6681899635883468
462,2009,1.5356772342097145
463,2009,4.534874083100391
464,2009,3.651659314682945
465,2009,0.4158126071663162
466,2009,2.762069012556168
467,2009,2.947332856810746
468,2009,0.8709294166062875
469,2009,1.3120749860579508
470,2009,4.053184036524925
471,2009,0.8407681766605037
472,2009,2.5392894234547043
473,2009,1.5689954332630691
474,2009,3.4921554870558396
475,2009,3.5418384849706683
476,2009,4.434363494466822
477,2009,3.537061274659095
478,2009,2.3147595250963207
479,2009,0.915649084171335
480,2009,3.720791351038173
481,2009,1.884622268586611
482,2009,2.6846083846811837
483,2009,2.1975259133342746
484,2009,2.4096862998630115
485,2009,0.6946560318032056
486,2009,4.395578749018682
487,2009,1.3345157283941518
488,2009,1.018887948081698
489,2009,3.092836233278007
490,2009,1.2207171406992359
491,2009,1.9431966117463588
492,2009,0.9453429105262643
493,2009,3.084398132165475
494,2009,2.198226771628441
495,2009,2.121459376683333
496,2009,2.2694745104176945
497,2009,-0.1787715458431478
498,2009,1.3385701854071215
499,2009,2.5613275576211834
500,2009,3.8628882818605064
1,2010,2.1397858273260226
2,2010,0.24447219301245582
3,2010,2.159956450351899
4,2010,0.9287204221418506
5,2010,0.6421669147498363
6,2010,2.5803571547288016
7,2010,1.0819041923949158
8,2010,1.8097127276700888
9,2010,0.3812587484671468
10,2010,1.4941664949286064
11,2010,1.645656776906975
12,2010,1.8836158237844245
13,2010,0.7526143525504096
14,2010,0.590755392229724
15,2010,1.1693197596245
16,2010,0.4516836194196543
17,2010,0.3274030392060183
18,2010,0.4647517474328424
19,2010,2.6885398906631224
20,2010,2.079028525214312
21,2010,0.6622789030819831
22,2010,0.862793122428883
23,2010,1.1230330272678657
24,2010,2.3900695750639613
25,2010,0.6127948527806524
26,2010,0.32216046203623705
27,2010,1.3092167789452276
28,2010,1.1199514570573115
29,2010,2.641605131379521
30,2010,0.4455134591385388
31,2010,1.0372777597841747
32,2010,0.6824250343184133
33,2010,0.21659032129332445
34,2010,1.135790844839704
35,2010,-0.6543449431025437
36,2010,0.6431408207210723
37,2010,0.7951326970986372
38,2010,0.902466097552562
39,2010,-1.4632459992239717
40,2010,1.7422790272553357
41,2010,1.63231943573237
42,2010,1.939820335050456
43,2010,3.3414428173339843
44,2010,1.9386793563794527
45,2010,0.7056173580564007
46,2010,2.1491966034492407
47,2010,0.42273217545444197
48,2010,2.0311859825789327
49,2010,0.7573398218513887
50,2010,0.6200019603616482
51,2010,-1.360080885456867
52,2010,1.2632661897757345
53,2010,1.4082434270757744
54,2010,1.2494979567744622
55,2010,1.0867693318279095
56,2010,1.6872747124987768
57,2010,0.016662900786599266
58,2010,0.49936442715089413
59,2010,1.5214342101048999
60,2010,1.3773588638924252
61,2010,2.102114016032303
62,2010,1.9493765969251484
63,2010,2.4626101359681343
64,2010,1.9763037991091608
65,2010,1.4078258873492757
66,2010,1.5648442777738012
67,2010,4.009127501428765
68,2010,1.988338238003422
69,2010,2.6482708854781976
70,2010,0.6595161669203691
71,2010,1.2511568356400176
72,2010,1.9749321296039142
73,2010,0.8276533543856033
74,2010,-0.45822206831866197
75,2010,0.5744984805760254
76,2010,0.8875156990286825
77,2010,1.1547269534388533
78,2010,-1.0006839685386808
79,2010,1.9398621719325888
80,2010,1.5754852286407441
81,2010,0.11038656087576726
82,2010,1.7230169554122483
83,2010,2.1927695802442173
84,2010,1.9311006653744016
85,2010,2.1703735860394318
86,2010,-0.7141592593477526
87,2010,0.8479245422765302
88,2010,0.9795500852905548
89,2010,1.8008179907757693
90,2010,2.0189871674123623
91,2010,0.3210479964469357
92,2010,1.4439405324332029
93,2010,2.181621518319588
94,2010,1.4642884419829727
95,2010,1.3739864412158482
96,2010,2.1529722127589537
97,2010,2.1757308511129736
98,2010,1.1106922488912403
99,2010,0.42512180212415274
100,2010,-0.02130363438290317
101,2010,1.8546957847929946
102,2010,2.254177968623736
103,2010,0.6316166993486831
104,2010,0.8847376516006875
105,2010,1.2019442817136792
106,2010,0.9653580324496431
107,2010,1.4605777953243688
108,2010,2.051724221028138
109,2010,1.4992309292303787
110,2010,0.9114859884563913
111,2010,1.5865019202138626
112,2010,1.4762693641448266
113,2010,1.1921615738645102
114,2010,1.4348901355431565
115,2010,1.0814675201278874
116,2010,0.8910517982488102
117,2010,1.3534935062139084
118,2010,2.9281377329796214
119,2010,0.42098295899731397
120,2010,0.014623886754989712
121,2010,1.8497817086255282
122,2010,0.7578005153874869
123,2010,1.3140675460802242
124,2010,3.243750842907673
125,2010,0.5841631058539605
126,2010,0.5748294605057538
127,2010,0.9929363661116781
128,2010,2.6904291701007708
129,2010,0.44294368645128657
130,2010,1.315626072035073
131,2010,2.6058580535442957
132,2010,0.7210331424984702
133,2010,0.014112745900050072
134,2010,1.6488266545735542
135,2010,0.8244794031462135
136,2010,1.3275617460721634
137,2010,-0.201622504769432
138,2010,2.1895780681421115
139,2010,1.5796490270553818
140,2010,2.0058167398716478
141,2010,1.0891713842947865
142,2010,1.1324851234631126
143,2010,2.4073522617778593
144,2010,-0.11788384847687894
145,2010,0.2597913797964395
146,2010,1.284250341728196
147,2010,1.0908822661930344
148,2010,0.9076832335924365
149,2010,0.9236379839196474
150,2010,1.6095537302575167
151,2010,1.5480701360973796
152,2010,2.384923511347395
153,2010,1.3910824384145997
154,2010,-0.01783100724743747
155,2010,1.082308081178894
156,2010,2.2940274417413207
157,2010,3.0122933920306707
158,2010,1.397536588130123
159,2010,1.6369370164017596
160,2010,2.2460158679553643
161,2010,0.8640462495525583
162,2010,1.071216431626823
163,2010,0.6765216092158255
164,2010,0.622706900368911
165,2010,-0.32674366828945267
166,2010,0.6866177527611654
167,2010,2.9003993072126946
168,2010,1.5987783046592767
169,2010,1.1982904537520085
170,2010,1.463966608137241
171,2010,1.3483205528532665
172,2010,1.577362767590472
173,2010,1.4149668401613695
174,2010,1.7341580413879427
175,2010,1.1891228620756351
176,2010,1.4565164062631766
177,2010,1.281480505770702
178,2010,3.185234652664434
179,2010,0.8619142763741934
180,2010,0.7930093656187438
181,2010,2.286129528032234
182,2010,2.2564708903540804
183,2010,2.0694155695009613
184,2010,0.4055991533989527
185,2010,1.4690040024300401
186,2010,2.38283586594666
187,2010,1.3350553941127572
188,2010,2.3280156205698717
189,2010,1.5170372213364232
190,2010,0.4950532084937862
191,2010,1.2726772982516792
192,2010,1.0575684640611769
193,2010,1.63756747837256
194,2010,0.5338989172397248
195,2010,2.2361956133552496
196,2010,1.3275805350991163
197,2010,0.9177278104034059
198,2010,2.5564643952628217
199,2010,-0.7465406621116699
200,2010,1.4401580437951083
201,2010,0.6233290316823457
202,2010,2.6445909059854387
203,2010,0.16205804008745872
204,2010,1.2202389362888084
205,2010,2.4956100444311033
206,2010,2.097099475358789
207,2010,1.6291817056923037
208,2010,2.5046477362956665
209,2010,1.383172706429562
210,2010,-1.041846399498752
211,2010,1.573610916577934
212,2010,1.2870696995111928
213,2010,2.0970321171079433
214,2010,0.18436936785909097
215,2010,0.80124645997725
216,2010,0.8929101794373651
217,2010,-0.6186902408862522
218,2010,1.497971529475734
219,2010,0.5844051175555762
220,2010,0.9458556339636885
221,2010,0.3008376841650886
222,2010,2.351987572530561
223,2010,1.3959958828129686
224,2010,1.1421342018464316
225,2010,2.827510219905008
226,2010,2.1418814041659573
227,2010,0.8830266632311918
228,2010,2.188488035744797
229,2010,2.071034806833353
230,2010,2.6086887583574594
231,2010,0.9929948911317865
232,2010,1.6132519118992832
233,2010,1.6127298144341182
234,2010,0.4511585013338504
235,2010,0.8811105991748605
236,2010,1.1951838905292504
237,2010,2.352558295819037
238,2010,1.7247192159073848
239,2010,1.5599791903260893
240,2010,1.15547707001231
241,2010,1.1743655463776577
242,2010,1.2045704130495238
243,2010,0.9254975585205614
244,2010,3.038938243659274
245,2010,0.041379085902789825
246,2010,1.0018823538280515
247,2010,0.675749807579848
248,2010,0.6365736400942978
249,2010,1.8747961782677152
250,2010,4.677779058338061
251,2010,0.9480086198945088
252,2010,0.34494647071976203
253,2010,3.552604637105702
254,2010,1.4440164519373866
255,2010,0.7786318965979433
256,2010,2.627404304333524
257,2010,0.14235636961689124
258,2010,0.2711747379047722
259,2010,0.627969092292247
260,2010,1.9559132986153145
261,2010,0.7317459568643301
262,2010,1.5156983320214152
263,2010,3.154213976995649
264,2010,0.5953887819779595
265,2010,1.9151618740985157
266,2010,2.2876807139635105
267,2010,0.9000125722885457
268,2010,1.1301503025184019
269,2010,1.190869214465181
270,2010,1.0780045673545686
271,2010,1.2295017754276216
272,2010,-0.19287051209516903
273,2010,0.7596329346099395
274,2010,0.15550714070502636
275,2010,1.6233488669600433
276,2010,3.123157959419302
277,2010,2.230556073313295
278,2010,2.006344999117374
279,2010,-0.4974519466986749
280,2010,0.7321415220864935
281,2010,1.0270755422796185
282,2010,0.1679434506043549
283,2010,1.8931160404233935
284,2010,3.1770891748278984
285,2010,0.9823233069798221
286,2010,-1.4278381035762067
287,2010,0.7349328087835119
288,2010,1.7657290933849623
289,2010,2.5840885747355316
290,2010,1.3865629934861516
291,2010,0.32845024695248526
292,2010,2.0324822946800793
293,2010,0.6071763695991876
294,2010,2.237437376930316
295,2010,0.5952358817323358
296,2010,1.4067394813615124
297,2010,1.9294816850692484
298,2010,1.6879036026572294
299,2010,1.3216965250277468
300,2010,-0.37573278259723963
301,2010,2.8263787266679685
302,2010,-0.04108764818552402
303,2010,1.4528595197708682
304,2010,1.8377911481402691
305,2010,0.18738915412333768
306,2010,1.3522577645672271
307,2010,0.4136448779263162
308,2010,2.1871511324703476
309,2010,2.2011216942222234
310,2010,0.38572312701779765
311,2010,1.7992819540877463
312,2010,4.118897912380163
313,2010,-0.5062166114093571
314,2010,1.5665130866343588
315,2010,-0.2673470351271021
316,2010,0.21002473476974615
317,2010,-0.197728589946081
318,2010,2.120958689456671
319,2010,1.991232355242289
320,2010,2.0419856647111203
321,2010,1.6438950140573922
322,2010,1.223433278601746
323,2010,2.152582882157162
324,2010,0.22814137178109206
325,2010,0.7669681195656608
326,2010,1.8938295052618201
327,2010,3.184979363730818
328,2010,1.270934696317795
329,2010,1.6514747193344306
330,2010,1.3180860022368677
331,2010,0.9360915633896809
332,2010,0.47039278805576146
333,2010,3.098618715470508
334,2010,2.365742610854255
335,2010,2.0547260838381334
336,2010,-0.09884620536611521
337,2010,0.9067190086844477
338,2010,1.9383738205690122
339,2010,2.4896828554730632
340,2010,1.087393320522068
341,2010,-2.0410754983571167
342,2010,0.29349147059366487
343,2010,2.060876128849884
344,2010,0.4568578774256906
345,2010,1.0990719202307133
346,2010,0.3062484335081592
347,2010,0.29345388052807664
348,2010,2.842067297572612
349,2010,1.8640423457035524
350,2010,-0.0684498031438352
351,2010,1.45564301015348
352,2010,-1.2247730815801816
353,2010,1.4798646082385574
354,2010,2.0475289932053613
355,2010,0.16417629573373915
356,2010,1.1435919764580404
357,2010,2.5902387199583643
358,2010,-0.08345089753973411
359,2010,1.4196108464353756
360,2010,-0.3728740472279526
361,2010,1.4047938195407426
362,2010,0.5581866941770244
363,2010,0.3667946146518659
364,2010,0.9227254889843977
365,2010,2.5235117992991434
366,2010,4.857803893373244
367,2010,0.4206878502934046
368,2010,0.18539564834412658
369,2010,1.6943871876971173
370,2010,-0.12945805790668885
371,2010,0.6008319433494194
372,2010,0.5976441149960863
373,2010,0.8199086568248077
374,2010,1.6094619738873064
375,2010,0.6535340225122894
376,2010,2.128101619041203
377,2010,1.7559768522541788
378,2010,1.4330398479660005
379,2010,1.7939679081123074
380,2010,0.13655802567281228
381,2010,1.7826102919759848
382,2010,-0.9755296751047524
383,2010,1.640441975099904
384,2010,0.768065930088639
385,2010,0.5763907366987837
386,2010,2.695927656200155
387,2010,2.417695361260428
388,2010,1.9440674404392269
389,2010,4.458908158378961
390,2010,0.2936811976539957
391,2010,0.5129901327434396
392,2010,1.057642551685305
393,2010,0.06888953563169764
394,2010,3.1688079657341177
395,2010,0.7128290509559463
396,2010,0.44989799225781724
397,2010,0.3012889765252851
398,2010,1.4367930630854033
399,2010,1.4163754441292298
400,2010,1.3438931981319513
401,2010,2.1433525193582454
402,2010,1.411823887937686
403,2010,1.9749207136945301
404,2010,3.5545194193467466
405,2010,2.1702137637834085
406,2010,0.44763967635836366
407,2010,1.5121983303703672
408,2010,1.3966207789970895
409,2010,2.400905729001309
410,2010,1.179534942532655
411,2010,0.26441874241022845
412,2010,3.3856512742004554
413,2010,2.011583065217124
414,2010,0.7781296277571386
415,2010,1.6625267260990313
416,2010,1.0062997573146646
417,2010,2.1954423338004574
418,2010,0.5131076897904165
419,2010,1.2812859431012669
420,2010,1.2573205334176691
421,2010,1.6582587317892177
422,2010,2.1872935062753243
423,2010,0.5873943877310808
424,2010,0.7053259737985513
425,2010,2.054927089605499
426,2010,2.7412317374640907
427,2010,0.105790430107362
428,2010,1.7273564312883423
429,2010,1.7270796449480201
430,2010,-0.24312450360530136
431,2010,1.4295224209744646
432,2010,1.521458044841694
433,2010,0.8253467412769879
434,2010,2.0821962898829156
435,2010,1.4990264724537496
436,2010,1.2470086765782327
437,2010,0.6224034379758336
438,2010,2.8639431100860406
439,2010,1.6285748508058049
440,2010,0.3995496683245392
441,2010,-1.521481638760136
442,2010,3.470454955572052
443,2010,0.8573607832840082
444,2010,0.11270816066280531
445,2010,-0.2000402317820118
446,2010,0.47297884628480347
447,2010,1.5533190816579463
448,2010,-0.6286853551653167
449,2010,1.6357195351316705
450,2010,3.5498056425066267
451,2010,1.5114178151229964
452,2010,-0.6556684618238364
453,2010,3.2102958657195018
454,2010,0.12555375739896135
455,2010,0.6589148191890928
456,2010,0.2658853857844292
457,2010,1.7311054140955662
458,2010,0.9608477760730665
459,2010,1.022703829576045
460,2010,1.497806066257823
461,2010,0.0014802835065239606
462,2010,0.5863738760643855
463,2010,2.796874467182292
464,2010,2.6692354267731275
465,2010,0.12943753962966298
466,2010,1.280765026618127
467,2010,0.6463521871718001
468,2010,0.7936218631730867
469,2010,1.0071956427298119
470,2010,2.016731756651666
471,2010,-1.5443114574512151
472,2010,2.3114314378500467
473,2010,2.0455801560732425
474,2010,1.720888369670945
475,2010,2.1663475823751526
476,2010,1.8043449472861823
477,2010,-0.6817170692666537
478,2010,1.6581397472039185
479,2010,-0.0288119161426863
480,2010,2.147023965679864
481,2010,0.8718620374708337
482,2010,2.6135574023763297
483,2010,0.9120127198377048
484,2010,3.8403120154423505
485,2010,0.9948874451837924
486,2010,3.741214417304292
487,2010,2.0895352487612087
488,2010,0.9507995807706209
489,2010,3.6884934846720228
490,2010,0.24384926198061407
491,2010,1.6078365343136483
492,2010,1.230308450846124
493,2010,2.1865217494626847
494,2010,1.7874065114107935
495,2010,0.880671882128155
496,2010,1.6999187280136994
497,2010,0.7263767013275242
498,2010,1.7209710100384257
499,2010,0.9275272899858749
500,2010,1.123567666024087
1,2011,-0.08775408419799646
2,2011,-0.5199598578308695
3,2011,0.0127869257718487
4,2011,2.030102152279312
5,2011,0.06939918751128005
6,2011,-0.9359647964703299
7,2011,-0.3911561113458504
8,2011,0.6971771137148295
9,2011,1.1699197189572175
10,2011,0.20535432670669707
11,2011,-1.1161022817965716
12,2011,-0.02246296483515664
13,2011,-0.02860595710222924
14,2011,0.47785655864269927
15,2011,0.20371973761132267
16,2011,0.3474106762463407
17,2011,0.5947798228873182
18,2011,1.0084860293287363
19,2011,-0.4382354049949271
20,2011,-0.07196725508035229
21,2011,0.9168617054246795
22,2011,0.1586895257142089
23,2011,0.18816317294280793
24,2011,0.6164851968925404
25,2011,1.1374578096006616
26,2011,0.2755961570841521
27,2011,-0.4932026112269483
28,2011,0.2271987164267273
29,2011,0.11457170535827288
30,2011,0.3995000563351141
31,2011,0.2739779554370756
32,2011,0.7890215034403241
33,2011,0.42041618678427994
34,2011,0.4813384025102039
35,2011,1.1010419418277166
36,2011,0.5665993120365727
37,2011,0.7887835090615454
38,2011,0.49260051224975143
39,2011,2.85911377145635
40,2011,0.8876606060187271
41,2011,0.4210105432357807
42,2011,-0.18340484675826474
43,2011,0.23543952488964237
44,2011,-0.21845650129017713
45,2011,0.04358917840116305
46,2011,-0.42764886598982343
47,2011,0.46384353733053274
48,2011,0.31876329026175654
49,2011,0.7126890668130272
50,2011,1.2073956911941792
51,2011,1.2802280880265613
52,2011,-0.08287627787187546
53,2011,0.8643562263742979
54,2011,0.30672813142943767
55,2011,0.44389851541862413
56,2011,0.10281441665696889
57,2011,0.15721877321745126
58,2011,-0.1616765818118182
59,2011,0.6152552908241944
60,2011,0.006476791636572443
61,2011,0.045230112518950705
62,2011,-0.14411489113020082
63,2011,-1.0226544570569018
64,2011,0.6539856567269737
65,2011,0.7006363425404487
66,2011,0.3955080309394532
67,2011,0.027184014835739845
68,2011,-0.11305747120348997
69,2011,-0.21884303236069513
70,2011,0.1601931567376198
71,2011,0.4736160418830764
72,2011,-1.2644370781674752
73,2011,0.5484600412639224
74,2011,0.778535714959645
75,2011,0.29347751717551773
76,2011,0.3945075202604613
77,2011,0.44119154708278074
78,2011,1.543957109254393
79,2011,-0.5726779705712062
80,2011,0.38698187704633824
81,2011,0.8571247062306071
82,2011,-0.030393080403527506
83,2011,-0.5644174223634622
84,2011,1.03455257811396
85,2011,0.02368341522009132
86,2011,0.9096954855278341
87,2011,0.31510406311409156
88,2011,0.4804765120266836
89,2011,-0.8011549003113032
90,2011,-0.6488679685406424
91,2011,0.8812293933431476
92,2011,0.4825485296852605
93,2011,0.4448002063075194
94,2011,0.18043709967324162
95,2011,2.4488837235260235
96,2011,0.7398393662671197
97,2011,-0.1727913549638913
98,2011,0.42555191525423197
99,2011,0.9598432592303254
100,2011,0.6268837552999713
101,2011,0.4125129511812702
102,2011,0.33181891061900615
103,2011,0.4466018267069103
104,2011,0.5599711189785523
105,2011,0.5033122657413855
106,2011,0.8647417787364304
107,2011,-0.05181599135107717
108,2011,0.35169401642323805
109,2011,-0.23357712027308253
110,2011,0.50542438245337
111,2011,-0.14219830365289
112,2011,0.752005180958065
113,2011,0.38655318058927435
114,2011,0.3973414156030657
115,2011,0.9087298070940903
116,2011,-0.2421654938154063
117,2011,0.3637142070778623
118,2011,-0.23821662928213527
119,2011,0.44708709629676946
120,2011,1.4441271899553385
121,2011,0.27529387463363264
122,2011,0.5091011147646327
123,2011,0.5187797986722842
124,2011,-1.4269861093707163
125,2011,0.2869444756773163
126,2011,1.608027386166583
127,2011,-0.4452007158609774
128,2011,-0.5162538874322564
129,2011,0.205872567532424
130,2011,0.9804741835064021
131,2011,0.5794349049092489
132,2011,0.32085641023189737
133,2011,0.9749000176845328
134,2011,1.0094930624320568
135,2011,0.4752545725173718
136,2011,0.9386596131872267
137,2011,1.8925604095707627
138,2011,-0.08151663172094459
139,2011,0.034129742104425986
140,2011,0.89357678858849
141,2011,0.876948360251447
142,2011,-0.11354362328582113
143,2011,-1.0628096520399168
144,2011,0.7865222797067304
145,2011,0.9585162399395699
146,2011,0.5127232860131841
147,2011,0.5387839646929251
148,2011,0.29320393620915297
149,2011,0.08955554146497491
150,2011,-0.05300659744904124
151,2011,0.6078463763536774
152,2011,-0.9428996985155891
153,2011,0.6268943403318019
154,2011,0.8841635910301875
155,2011,0.06081670459255406
156,2011,-0.6430477311843674
157,2011,-1.0503289442599026
158,2011,0.06594944697104665
159,2011,0.17186544964820882
160,2011,-0.5529273149133616
161,2011,1.3455128396293503
162,2011,0.6357901113038906
163,2011,0.6189710083245359
164,2011,0.7386433586914904
165,2011,0.4571827852115433
166,2011,-0.028692633126496503
167,2011,0.008918359424257005
168,2011,0.3723931255250932
169,2011,-0.0971894956404924
170,2011,1.187484064873928
171,2011,0.4605338528326399
172,2011,0.12398959260471543
173,2011,0.34555648679426554
174,2011,-0.13280098016662123
175,2011,0.05624940317355254
176,2011,0.703630490868818
177,2011,-0.16363956792869772
178,2011,0.21392510383412855
179,2011,0.6482252892036229
180,2011,-0.10355207685350365
181,2011,-1.5239200736023406
182,2011,-1.9710696779399655
183,2011,-0.13173229726892544
184,2011,0.9489931829388922
185,2011,0.8602337272897103
186,2011,-1.5993644709331107
187,2011,0.08216031646394129
188,2011,-0.8284890987722235
189,2011,0.05035176982258349
190,2011,0.46851855115443186
191,2011,0.262634946835405
192,2011,0.42835954458925585
193,2011,-0.486782017024737
194,2011,1.1991138501121554
195,2011,-0.6125289180290281
196,2011,0.1479453415910541
197,2011,-0.39364097347718996
198,2011,1.0419479909953395
199,2011,0.2766493561453416
200,2011,-0.9539165497389206
201,2011,-0.38470134396686717
202,2011,-0.726467451956637
203,2011,0.5131276330560581
204,2011,0.508123520257783
205,2011,-0.801696142998864
206,2011,0.6001781981306067
207,2011,-0.09598013834414587
208,2011,-2.938967547437244
209,2011,0.09973178281735784
210,2011,2.4499767394803484
211,2011,-0.4083134761466738
212,2011,0.8635728190469081
213,2011,-0.2652972915428222
214,2011,1.188581364340962
215,2011,0.9506142518164893
216,2011,0.08451435286546882
217,2011,0.8201729401472733
218,2011,0.2962136073879549
219,2011,0.4840723888830212
220,2011,0.1698382458184824
221,2011,0.977185680647608
222,2011,0.027125281967784076
223,2011,0.811669568015148
224,2011,0.19570472656627658
225,2011,0.03576187560594235
226,2011,0.11875304013449295
227,2011,-0.8039544541460089
228,2011,0.019032277080555104
229,2011,-0.1861965672729866
230,2011,0.33178436931007127
231,2011,1.1671777107415267
232,2011,0.6103057062726975
233,2011,0.4552835346793529
234,2011,0.446775561553153
235,2011,0.7542596995600945
236,2011,0.5923010510184952
237,2011,-0.4598606680825412
238,2011,-0.14788687920091093
239,2011,0.4890729891687613
240,2011,0.556904102206758
241,2011,0.5543786782455982
242,2011,0.019402741058030415
243,2011,0.3798145961534658
244,2011,-0.6334174600712998
245,2011,0.9353545226070139
246,2011,0.3251820918571582
247,2011,0.6092082239763101
248,2011,0.29572519183011536
249,2011,0.03499975728523452
250,2011,1.5270625733231782
251,2011,0.802591604102787
252,2011,-0.1281676168712238
253,2011,0.3993997202175592
254,2011,0.284514377746234
255,2011,0.44051356062193747
256,2011,-0.8303439163099
257,2011,0.40298722066462744
258,2011,0.10951425008158822
259,2011,0.4568479887770991
260,2011,-0.8931618181534589
261,2011,0.07854979817683727
262,2011,0.2739170255904213
263,2011,-0.29626712983247216
264,2011,0.7571883209467956
265,2011,0.1369305284770519
266,2011,0.3552237593100358
267,2011,0.3214819508428519
268,2011,0.14119708294252575
269,2011,0.5134815611121155
270,2011,-0.754465741804907
271,2011,0.578802890624587
272,2011,1.733781406408525
273,2011,-0.39595548250568413
274,2011,0.6048055082661961
275,2011,-0.17882684067684806
276,2011,-1.0769916994167659
277,2011,-2.2871008078349178
278,2011,-0.6954697842912765
279,2011,0.6486225221212152
280,2011,1.0122282703782588
281,2011,0.5427596551033389
282,2011,1.8342981029670682
283,2011,2.004018006479555
284,2011,0.012468611507046035
285,2011,-0.5619816356339697
286,2011,2.87782644846763
287,2011,0.7356762205645282
288,2011,0.38631138804345255
289,2011,0.7565635507704798
290,2011,-0.10558547713742428
291,2011,0.11120748792342283
292,2011,-1.541777072946374
293,2011,1.145673843013867
294,2011,-0.528386869338064
295,2011,0.40572459396074123
296,2011,0.39354386788193096
297,2011,-0.06963170214174852
298,2011,0.29846093336533386
299,2011,0.5073116127931172
300,2011,1.1218289969627477
301,2011,-0.6707809774204634
302,2011,0.9314452673637135
303,2011,0.3605838518109863
304,2011,0.4613610610120986
305,2011,0.3993399753889548
306,2011,-0.037533299424708844
307,2011,1.801922972565876
308,2011,-0.2582057828232678
309,2011,0.10510030127676373
310,2011,0.443054637859575
311,2011,-0.1706405252351999
312,2011,-0.29210812609022696
313,2011,1.3193560718945463
314,2011,-0.03970436828049628
315,2011,0.11299913684581497
316,2011,0.797077454764036
317,2011,0.37223127019586855
318,2011,-0.3815629688781712
319,2011,0.2508947435694182
320,2011,-0.5401832246674303
321,2011,-0.3214458793333108
322,2011,0.2390498572568589
323,2011,-0.014317410074113468
324,2011,0.6492760056765974
325,2011,0.44411169372386894
326,2011,-0.02388976113294916
327,2011,-0.2673093705312368
328,2011,0.2948758613907785
329,2011,-0.2916820991268594
330,2011,0.48048154444106217
331,2011,0.3643566471350681
332,2011,2.034784649606422
333,2011,0.3462391196827639
334,2011,-0.018029741950442713
335,2011,-1.3854593346765256
336,2011,0.3166870241597337
337,2011,-0.326353437872271
338,2011,0.19048548435503676
339,2011,0.4017559227528693
340,2011,0.5809496124862505
341,2011,3.362097110476526
342,2011,-0.614192774045847
343,2011,0.8398969270335783
344,2011,0.8144455231010141
345,2011,0.2201615853841048
346,2011,0.7414077499698806
347,2011,0.49404539494724986
348,2011,-0.2059783427647801
349,2011,0.8207623977120875
350,2011,0.6551639325589207
351,2011,0.6658695065981419
352,2011,1.3453814606773449
353,2011,-0.3094136598348598
354,2011,0.3637050059504361
355,2011,0.19282767171299042
356,2011,0.533258864121791
357,2011,0.10428701174981825
358,2011,1.5048662491718403
359,2011,0.7696705024624748
360,2011,1.2510869494695385
361,2011,-0.1691490759876615
362,2011,0.6358280780679593
363,2011,0.4735274268591638
364,2011,0.2525392618494777
365,2011,-0.36636531459407706
366,2011,-1.9490979961574908
367,2011,0.7007265133800615
368,2011,2.319396363273043
369,2011,0.29091335886161573
370,2011,2.2248106273137864
371,2011,-0.02707990484873335
372,2011,0.14842773853251856
373,2011,0.23604651467883286
374,2011,0.6779905757443032
375,2011,0.8175068594345305
376,2011,0.2313809867644494
377,2011,0.6259951512004136
378,2011,-0.8108083365206085
379,2011,-0.4300624923121035
380,2011,1.5309777010495509
381,2011,0.30307169082971086
382,2011,1.1382323821889173
383,2011,1.28546238810533
384,2011,1.111044419544072
385,2011,1.079891425221433
386,2011,-1.3428304548986318
387,2011,-1.8443897871218269
388,2011,-0.03190128827273497
389,2011,-2.2053219258272634
390,2011,0.5877147842236923
391,2011,0.5546503647238836
392,2011,2.44796853679334
393,2011,0.8494997779099691
394,2011,-1.025569603898532
395,2011,1.1024527295151216
396,2011,1.0189593913121229
397,2011,1.5415463508978462
398,2011,0.11160594892278652
399,2011,0.696253110045788
400,2011,0.015182558064523732
401,2011,0.8466753946582912
402,2011,0.07645414152389662
403,2011,-0.20665326637100634
404,2011,-0.6792256299123096
405,2011,-0.23639453670918442
406,2011,1.4730961567707226
407,2011,-0.5123911984077978
408,2011,-0.22175127668262462
409,2011,-0.5282047075332912
410,2011,0.1896928208417279
411,2011,1.6666443425131945
412,2011,0.19588598947660785
413,2011,0.16201149347763533
414,2011,0.12215518076537535
415,2011,0.10328869318199452
416,2011,-0.2004048452510574
417,2011,0.6873596879894137
418,2011,1.1313739518477632
419,2011,0.34292698148649947
420,2011,0.6321765664303314
421,2011,0.5215581026739216
422,2011,0.9481711314041092
423,2011,0.6616312369689865
424,2011,0.16877532767620096
425,2011,-0.981235846168218
426,2011,-0.9882666709764578
427,2011,1.7805996978369194
428,2011,0.37291117388278394
429,2011,0.14246884363743106
430,2011,0.8106754133374778
431,2011,0.23012825015823068
432,2011,-0.25659294682793643
433,2011,0.2891603647218659
434,2011,0.09891031800844985
435,2011,0.29745624582935193
436,2011,-0.25191068685272455
437,2011,1.474630194192656
438,2011,-0.3890801660531338
439,2011,-0.43291966655120007
440,2011,0.39947762924349206
441,2011,1.2574291719753745
442,2011,0.2204101445392439
443,2011,0.3716479637340626
444,2011,1.1056574891684647
445,2011,1.3114310724118212
446,2011,0.6997075204263439
447,2011,0.9215942998583557
448,2011,0.89155763728136606
449,2011,0.8626368027633475
450,2011,-1.8452260096255486
451,2011,0.04315983610868557
452,2011,0.675008435638432
453,2011,-0.6063031245914772
454,2011,0.3026868057752381
455,2011,0.3916005936362268
456,2011,1.1777429207287895
457,2011,0.2923719553523654
458,2011,1.5831420528279239
459,2011,0.5131117216369603
460,2011,0.04819896905807752
461,2011,0.29560676909459005
462,2011,0.14887198036916516
463,2011,-1.8752617464247123
464,2011,-0.8027749644171251
465,2011,0.7815755818952255
466,2011,0.003018243389391273
467,2011,0.7830431977259877
468,2011,0.6224491079422876
469,2011,0.27380656086722865
470,2011,0.4272601129293605
471,2011,1.9405891622977265
472,2011,0.7951985398927377
473,2011,0.41730620636582216
474,2011,1.1727192162072413
475,2011,-0.06455488532114373
476,2011,-0.09480795875825265
477,2011,1.5484094153522392
478,2011,-0.09839374498878328
479,2011,0.9770246409267855
480,2011,-0.16001006772162896
481,2011,0.6917778916048007
482,2011,0.32275930708328815
483,2011,0.6865747418678723
484,2011,-1.2067433074274732
485,2011,-0.24337930196902846
486,2011,-1.4223123575523857
487,2011,0.07950277231319092
488,2011,0.32892701981160144
489,2011,-0.24190759523099814
490,2011,0.6840276229349627
491,2011,0.0014332822945988255
492,2011,1.1146288466446066
493,2011,-0.2646539627785671
494,2011,-0.22568404911800144
495,2011,0.1999491132812352
496,2011,0.511661170759254
497,2011,0.6157231926589759
498,2011,-0.41410993850746536
499,2011,0.4939912757078986
500,2011,0.2378401931940175
1,2012,0.34918813773813895
2,2012,1.1126000561536529
3,2012,0.7563773788910169
4,2012,1.8037406065126902
5,2012,0.4810265218282552
6,2012,0.48143425999504075
7,2012,0.7164437022326098
8,2012,1.00381362822489
9,2012,0.338466332431409
10,2012,-0.09772880105828108
11,2012,0.5430627817621883
12,2012,0.3016439514618696
13,2012,0.4100640232930175
14,2012,1.0940595835362075
15,2012,0.118224559147734
16,2012,0.7629092091145822
17,2012,0.1750510400589178
18,2012,0.14196764937045714
19,2012,1.7273726915440903
20,2012,0.2799695107407558
21,2012,0.7801613020202183
22,2012,0.7371365586812146
23,2012,-0.033410611727475725
24,2012,-0.7707945461423549
25,2012,-0.3528509085944762
26,2012,0.315036823579959
27,2012,0.044996753057361616
28,2012,0.05156799181719407
29,2012,1.887797681051012
30,2012,0.4708717984507871
31,2012,-0.08983180890753317
32,2012,0.6184643408369368
33,2012,0.6963751259202979
34,2012,0.27899556517806445
35,2012,1.3782605370496839
36,2012,0.08918790660597153
37,2012,1.3878884383533716
38,2012,0.7754951096891034
39,2012,0.03381823505492321
40,2012,-0.37106542275986953
41,2012,0.4053947213288467
42,2012,0.42906460671332525
43,2012,0.3597275766435928
44,2012,-0.01594563062957377
45,2012,0.2336525632347275
46,2012,1.181183083480562
47,2012,0.6073902177330979
48,2012,0.7548505969660937
49,2012,0.21887585816949695
50,2012,0.6958777461408374
51,2012,0.8215787409411774
52,2012,0.44914488574876543
53,2012,0.3179234825005892
54,2012,0.41020526423761794
55,2012,-0.09275130821821165
56,2012,0.14953398226198544
57,2012,0.5591057323689341
58,2012,0.3294009892547223
59,2012,-0.25714915160722285
60,2012,0.2735125472720483
61,2012,-0.02085790236137086
62,2012,0.3556910899330177
63,2012,0.37071916827969176
64,2012,0.639832086159231
65,2012,1.54781410252086
66,2012,-0.4907716716903394
67,2012,1.5437384744930114
68,2012,0.13147155914654718
69,2012,1.632675870966736
70,2012,0.08942995023306821
71,2012,0.3349247057029743
72,2012,-0.07098346118316101
73,2012,-0.34140065617225446
74,2012,1.1069616583249626
75,2012,-0.3925609507238761
76,2012,0.7699836709650469
77,2012,-0.056437364790355105
78,2012,0.7996836469299069
79,2012,-0.04088213713939126
80,2012,0.29433753616258684
81,2012,0.40912131454847156
82,2012,0.6316314831759087
83,2012,0.7008617760791509
84,2012,0.24509790854625635
85,2012,0.19762517161973392
86,2012,0.4093883689228903
87,2012,0.09353981634195918
88,2012,0.8316968253686241
89,2012,0.5941224484383127
90,2012,0.41954335105673124
91,2012,0.39834654242392276
92,2012,1.0304249284702962
93,2012,1.021703984902075
94,2012,0.3219896741408661
95,2012,0.944144009938924
96,2012,0.41535206465869123
97,2012,-0.6032910047717621
98,2012,0.5745729831726862
99,2012,0.5010398304278851
100,2012,0.7851703520673112
101,2012,0.40223795692874376
102,2012,0.8372865002132386
103,2012,-0.09998352567129132
104,2012,-0.4430902832230572
105,2012,0.2301465004481571
106,2012,0.4975335477686258
107,2012,0.7205150497478598
108,2012,-0.30266596044100424
109,2012,0.44873036032120694
110,2012,0.6550909771331703
111,2012,0.7720238074762733
112,2012,0.17166484052168585
113,2012,0.5516357589846876
114,2012,0.14547718905036788
115,2012,0.3455311138517061
116,2012,-0.11993138031107264
117,2012,0.13114612907756396
118,2012,1.370621015245888
119,2012,0.19598652306783038
120,2012,0.44674923081285556
121,2012,0.21098116161920188
122,2012,0.5024423039970145
123,2012,-0.1044867329315764
124,2012,2.5471330135598294
125,2012,0.24063616068383453
126,2012,-0.8186051064169817
127,2012,1.6495438550421397
128,2012,-0.458405441572296
129,2012,-0.05299099793063533
130,2012,1.240691299307798
131,2012,1.8047721779004462
132,2012,0.2095518040550246
133,2012,1.266742386781175
134,2012,0.165426108478826
135,2012,0.497467275950072
136,2012,-0.3116305080879158
137,2012,1.1686734427351553
138,2012,0.5963783136939753
139,2012,0.6808788467364479
140,2012,0.44753083890731205
141,2012,0.09997433146770618
142,2012,0.28536665335646205
143,2012,-0.2561399210736397
144,2012,0.48167292039664744
145,2012,0.4519475063630978
146,2012,-0.17646152596869058
147,2012,0.6294558840037325
148,2012,-0.3283066132537158
149,2012,0.36980884412105297
150,2012,0.44921315429076003
151,2012,0.17556466286868044
152,2012,0.1937512335237841
153,2012,0.43991405896585434
154,2012,0.2812179838624047
155,2012,0.6418897288083656
156,2012,-0.32111887001485684
157,2012,0.0023908478573275715
158,2012,-0.2861994730798756
159,2012,0.47256150956047804
160,2012,-0.3341639015498856
161,2012,0.29871455145666914
162,2012,0.27708806425184207
163,2012,-0.2859902305702917
164,2012,0.01471104344901164
165,2012,0.9784129442974461
166,2012,0.08810804342330414
167,2012,0.25553368349886796
168,2012,0.5783207191474276
169,2012,0.3275484175492238
170,2012,1.0523039843322124
171,2012,0.38221191832408863
172,2012,-0.21574838516943373
173,2012,0.2099035160465803
174,2012,-0.053444209253100894
175,2012,0.1782624225321996
176,2012,-0.45911639283716
177,2012,-0.19857279243001358
178,2012,0.974886763808172
179,2012,0.42380168752583813
180,2012,1.2081014643605243
181,2012,0.5908099030126692
182,2012,-0.2868513232747887
183,2012,-0.23382579381939195
184,2012,0.2971822560334374
185,2012,0.3183331537303218
186,2012,-0.011213092725370188
187,2012,0.06547681005012862
188,2012,0.23006588287351804
189,2012,-0.021856523370132663
190,2012,0.550545317727952
191,2012,0.27673689277747826
192,2012,0.2316287617913133
193,2012,0.8273032608033191
194,2012,0.22742865371390053
195,2012,0.565427677641793
196,2012,0.6520290998691962
197,2012,1.6476628428427063
198,2012,0.8065001815770074
199,2012,0.8222991571983727
200,2012,0.5223109657342491
201,2012,0.7463668061541853
202,2012,0.028281963416333156
203,2012,0.3317081175179055
204,2012,0.36655973609674675
205,2012,0.5669762379309446
206,2012,0.048431714225500855
207,2012,1.0884658875932587
208,2012,2.5572719015031993
209,2012,0.0620182178767692
210,2012,-0.15104812343028584
211,2012,0.330369129205323
212,2012,1.808835170227752
213,2012,0.43490695391670897
214,2012,0.8736263196688014
215,2012,0.41714278547843264
216,2012,0.6814262579881643
217,2012,0.6781575857578446
218,2012,0.5148525439862226
219,2012,0.032606865723295186
220,2012,0.38381038033729453
221,2012,0.3781477981882233
222,2012,-0.055719050439989815
223,2012,0.6114703970610549
224,2012,0.9253443359586129
225,2012,1.7150877434006588
226,2012,0.20312458523636678
227,2012,0.7274935459215612
228,2012,-0.09071849728070447
229,2012,0.6898712472690534
230,2012,0.20084531019634255
231,2012,0.6704370596702347
232,2012,-0.12594285397292992
233,2012,0.053747821344074964
234,2012,0.21424253419439765
235,2012,0.9030777020801111
236,2012,-0.07994979629705767
237,2012,0.3536355823402033
238,2012,0.03892260986663132
239,2012,-0.30865732650204336
240,2012,0.17150763578317196
241,2012,-0.44231884935047106
242,2012,0.4116254798310166
243,2012,-0.3276909967073891
244,2012,0.9371405030914843
245,2012,0.4289620855066403
246,2012,0.5709897965075754
247,2012,0.6815984418543053
248,2012,-0.07027783945380861
249,2012,-0.418937852944012
250,2012,2.0815746609917483
251,2012,0.45154392761220663
252,2012,1.0366948118615085
253,2012,1.2994890124989809
254,2012,0.60331801512109
255,2012,0.1776309010979702
256,2012,2.0334964139845653
257,2012,0.6610188120800018
258,2012,0.23167730360572136
259,2012,0.27216422247282424
260,2012,0.40205816673095285
261,2012,0.5352805180687739
262,2012,0.6151017628471038
263,2012,0.7005567190093132
264,2012,0.540675322195824
265,2012,0.29796655483232826
266,2012,-0.3827659952074498
267,2012,-0.20813237888594927
268,2012,0.24743004575890382
269,2012,0.056437306947543675
270,2012,0.3709634633913055
271,2012,-0.006324703882540916
272,2012,-0.04472585753833869
273,2012,1.6452105648946826
274,2012,1.111013278695907
275,2012,0.3415516595492676
276,2012,0.3498796008461227
277,2012,0.2895269297240759
278,2012,0.22590908351796202
279,2012,1.032267547616911
280,2012,-0.13132423215915878
281,2012,0.3045528140846159
282,2012,2.437710522146631
283,2012,0.8006959657100481
284,2012,0.04566228813064299
285,2012,0.5604397294344494
286,2012,2.5985025215956625
287,2012,0.5500035767683613
288,2012,0.8102058704829034
289,2012,0.07081348749261451
290,2012,0.19621206370833022
291,2012,1.2887128941171682
292,2012,0.5953061882529624
293,2012,0.17398446388637012
294,2012,0.7878841474507112
295,2012,0.09806055842929595
296,2012,0.5301513927918791
297,2012,0.11145892775084576
298,2012,0.4238117742538634
299,2012,0.029366088126295153
300,2012,0.6807721313574575
301,2012,-0.65235186372351
302,2012,0.2345062975459058
303,2012,-0.38143823496824325
304,2012,1.5980455844778874
305,2012,0.35217544448683213
306,2012,0.49644202536161686
307,2012,0.4000693009009666
308,2012,0.4833973580792019
309,2012,0.3518377465418894
310,2012,0.7779236507785754
311,2012,-0.4500518345063256
312,2012,1.0863776517572319
313,2012,0.1530501231475796
314,2012,-0.2724482630966918
315,2012,0.8453052856892498
316,2012,0.09055692048821129
317,2012,-0.3811207138055437
318,2012,0.6343851387927373
319,2012,0.08603963958159966
320,2012,0.4490676455075686
321,2012,0.7675892816687622
322,2012,0.783344453960666
323,2012,-0.45145421779912454
324,2012,0.05204348760076982
325,2012,0.16000691276622092
326,2012,-0.30813776420471584
327,2012,1.3354109991098113
328,2012,0.35786608657406305
329,2012,0.5920421913515668
330,2012,0.4535141531538045
331,2012,0.5839804100589134
332,2012,2.1960426723301794
333,2012,0.2621408935945908
334,2012,0.7237256656157172
335,2012,-0.10973212509664165
336,2012,0.740711915975794
337,2012,0.45901133341911304
338,2012,0.6830107660672127
339,2012,0.5466336575911441
340,2012,0.44282648714047923
341,2012,-0.43998184875448487
342,2012,1.0072343353600672
343,2012,0.3774187155230493
344,2012,0.5323408257699924
345,2012,0.27241653763330476
346,2012,0.953299037777839
347,2012,0.059601536064477045
348,2012,0.7479205453815609
349,2012,0.06914688258029855
350,2012,1.1011501603689453
351,2012,-0.0272672329562198
352,2012,0.5737158909971214
353,2012,0.6572296632585335
354,2012,0.09608667498096679
355,2012,0.90016562407979
356,2012,0.016687357591834484
357,2012,-0.3754542293214911
358,2012,1.2630095495123044
359,2012,1.4315171503339172
360,2012,0.07259876914827146
361,2012,-0.01843211982338744
362,2012,0.403390375961294
363,2012,0.6197762890701739
364,2012,0.8640032786868517
365,2012,-0.028296380657110376
366,2012,-1.1204505547618453
367,2012,0.38272462866828505
368,2012,0.8208068454151345
369,2012,0.24480759210170788
370,2012,-0.27781259849147943
371,2012,0.18589507162103303
372,2012,0.5325056310668117
373,2012,0.189436260020031
374,2012,0.6190569733349491
375,2012,0.9753093670035895
376,2012,1.0442046075333309
377,2012,0.6425546569757898
378,2012,0.7182371518606487
379,2012,0.623526196803823
380,2012,0.10737800294756994
381,2012,0.7975035694859969
382,2012,0.5867792861155579
383,2012,-0.1887306231825221
384,2012,-0.1746147252109722
385,2012,-0.028061973691421827
386,2012,-0.8571046887631155
387,2012,0.2876613510455286
388,2012,-0.14477680278395155
389,2012,1.0526141222815681
390,2012,0.32685657772927357
391,2012,0.5577962486091792
392,2012,0.7611221524671379
393,2012,0.3407533878459219
394,2012,1.0727675538188066
395,2012,-0.4198092210118034
396,2012,0.8605548992276937
397,2012,-0.31861907007419177
398,2012,-0.34105675364678234
399,2012,0.7295010300942266
400,2012,0.23059403868002448
401,2012,1.335698439015033
402,2012,0.6271431825372531
403,2012,0.6827782867625274
404,2012,0.699797070656615
405,2012,0.2562265289199104
406,2012,0.8363999318961959
407,2012,-0.31667245161447966
408,2012,-0.11387570155676485
409,2012,0.7130489248174285
410,2012,0.28099342914451597
411,2012,0.9908610285948498
412,2012,0.9824981064876965
413,2012,0.8513916969878181
414,2012,-0.048707575316115026
415,2012,0.5418832306038865
416,2012,0.36947376813377275
417,2012,0.9681318570319917
418,2012,1.6903527313397149
419,2012,-0.6433732222144499
420,2012,0.6235843105442029
421,2012,-0.2696822910273653
422,2012,0.5902203953029357
423,2012,0.7663028948100674
424,2012,0.46624169180407193
425,2012,0.7904044377485917
426,2012,1.6288002182219827
427,2012,0.3683739320171071
428,2012,0.79433332806164
429,2012,0.20886684470093542
430,2012,0.3251896988877121
431,2012,0.3774003162272521
432,2012,0.3085482070176795
433,2012,0.29897483914994893
434,2012,0.19049234804126058
435,2012,0.318069909049143
436,2012,0.2964211623894215
437,2012,0.05531602392449031
438,2012,-0.65500299059849
439,2012,0.6077332902323889
440,2012,1.0214209958488993
441,2012,1.3178906536199264
442,2012,0.05357665522944899
443,2012,0.0055349201635124246
444,2012,-0.08366354601545822
445,2012,1.0211734099484602
446,2012,0.32147176736813776
447,2012,-0.4772486550600945
448,2012,0.1525038021007532
449,2012,-0.26317818180956465
450,2012,0.49648876349951365
451,2012,0.24003357704606287
452,2012,0.47470971307147636
453,2012,-0.0022701280465184936
454,2012,1.152178054696492
455,2012,0.25726052317425285
456,2012,0.25731150287933247
457,2012,0.08399782984994886
458,2012,1.2909158906908402
459,2012,0.46965885216027914
460,2012,0.5517657568018421
461,2012,-0.29783885323378456
462,2012,0.9820498720507942
463,2012,1.449505880489255
464,2012,0.49807595074773303
465,2012,-0.16039007442512343
466,2012,0.5278355237304879
467,2012,0.3344784741948956
468,2012,0.5239474330926157
469,2012,0.9152726276425369
470,2012,0.9222732833835323
471,2012,-0.2573612108528778
472,2012,0.18079732846979368
473,2012,1.2286669998011348
474,2012,-1.198802623394215
475,2012,-0.6937251591867835
476,2012,-0.9444599238165665
477,2012,1.508345131563999
478,2012,1.2282200233211569
479,2012,0.7656009596048108
480,2012,0.48940269481812493
481,2012,0.6963130069198655
482,2012,0.4345939491761044
483,2012,0.33153023558941186
484,2012,0.6760079638627445
485,2012,0.3845256896128433
486,2012,0.3013627980188005
487,2012,-0.10981724155203665
488,2012,0.36703233740615815
489,2012,0.15713531908369305
490,2012,0.6233158989792003
491,2012,0.35892950464516105
492,2012,0.2512038159129304
493,2012,-0.21290585610344692
494,2012,0.3793072002484763
495,2012,0.5257455746108519
496,2012,0.45008358056682596
497,2012,0.6724204875665833
498,2012,1.075167278320862
499,2012,-0.033793781874010165
500,2012,0.9132264768138327
1,2013,-3.6514856025958693
2,2013,-2.1044186389271715
3,2013,-3.109523872895295
4,2013,-5.393462642469899
5,2013,-2.01413960995842
6,2013,-2.962463583309628
7,2013,-2.893424332315675
8,2013,-4.159720962940781
9,2013,-2.358405945111457
10,2013,-2.942808402000338
11,2013,-4.308905460904697
12,2013,-2.6790971973748583
13,2013,-3.9967459161541115
14,2013,-2.205548069138743
15,2013,-2.157474337646221
16,2013,-1.2608762586961433
17,2013,-1.6978457068371426
18,2013,-2.6088971608608063
19,2013,-2.758982750713372
20,2013,-2.4898274929720117
21,2013,-2.315331408936629
22,2013,-2.3711012266354317
23,2013,-2.1923112869755244
24,2013,-3.3635521853836394
25,2013,-2.8490079339421897
26,2013,-1.2706950211268975
27,2013,-1.8934403996442626
28,2013,-1.7617337218059674
29,2013,-4.588858000780704
30,2013,-2.475619986287086
31,2013,-1.9687649708564692
32,2013,-3.2840365078171487
33,2013,-2.8106731438783186
34,2013,-2.364577174805106
35,2013,-2.45355926131343
36,2013,-1.8789452605041532
37,2013,-3.452632430351798
38,2013,-2.9337647557168225
39,2013,-3.4364257601476993
40,2013,-4.419498990091
41,2013,-2.982971445334428
42,2013,-3.551396134830952
43,2013,-5.06131361280822
44,2013,-3.170411130655282
45,2013,-1.708693019928802
46,2013,-4.94441381866784
47,2013,-1.2790388977357168
48,2013,-3.914240991753047
49,2013,-2.139201401732663
50,2013,-3.283210201011414
51,2013,-1.5748381509527434
52,2013,-2.4301954145577014
53,2013,-3.296903587710318
54,2013,-2.7495970892726405
55,2013,-1.7629159007938142
56,2013,-2.3941189206318683
57,2013,-0.8023004664840414
58,2013,-2.9323361240081454
59,2013,-1.682977895323802
60,2013,-1.863145685853084
61,2013,-1.992801800712499
62,2013,-2.498874448976025
63,2013,-2.3057166242742397
64,2013,-3.1009457621215404
65,2013,-3.3475001556043793
66,2013,-1.7389743811430662
67,2013,-4.4925527477821845
68,2013,-2.6544478552679323
69,2013,-3.027178067115699
70,2013,-1.4762774097519866
71,2013,-2.661994283540878
72,2013,-2.869611116817424
73,2013,-1.83539441457296
74,2013,-2.9414617407529136
75,2013,-1.2700270413168653
76,2013,-2.4322472173317635
77,2013,-2.4827803808264264
78,2013,-1.401551215214809
79,2013,-3.3455880710360475
80,2013,-2.3373331293291955
81,2013,-1.9422929437470486
82,2013,-3.1204360861204776
83,2013,-2.589469733339783
84,2013,-3.5174454853490147
85,2013,-2.6712411011025665
86,2013,-2.1496250007583058
87,2013,-1.7214167742799305
88,2013,-2.3394465601767536
89,2013,-3.103570813722456
90,2013,-2.807736590210496
91,2013,-2.3320279452540547
92,2013,-3.3086377492328154
93,2013,-5.284378938403876
94,2013,-3.291533465413579
95,2013,-3.463620848851747
96,2013,-2.8557780383386557
97,2013,-2.3149239938353787
98,2013,-2.9643720598344316
99,2013,-2.5465440387828266
100,2013,-1.3608176521848776
101,2013,-2.5442295303764126
102,2013,-2.5281019132537352
103,2013,-1.9202703510370611
104,2013,-2.1593089604314173
105,2013,-3.4065300570780153
106,2013,-3.640462208901795
107,2013,-2.084389547364921
108,2013,-1.879287453771468
109,2013,-2.1637256429325475
110,2013,-2.2553780034879907
111,2013,-2.3727219334030565
112,2013,-2.5506517230127486
113,2013,-2.9948040210490348
114,2013,-2.7149051328721043
115,2013,-2.6113585277646223
116,2013,-1.8696518068750265
117,2013,-3.122522004304898
118,2013,-4.622445046532789
119,2013,-1.7861315736016365
120,2013,-2.2907895668232356
121,2013,-3.722170736752048
122,2013,-1.5681633504864578
123,2013,-2.3698451262780793
124,2013,-3.666185254742885
125,2013,-1.9181449525602545
126,2013,-1.9387295683957575
127,2013,-2.3808819503181837
128,2013,-3.281363091000671
129,2013,-3.1228577021924195
130,2013,-3.81207476904801
131,2013,-4.532442166181966
132,2013,-1.6825132867679145
133,2013,-2.3132199184222344
134,2013,-2.7558447434334568
135,2013,-1.9239254862412025
136,2013,-2.755614917162376
137,2013,-3.7231055523691907
138,2013,-3.4402687646618517
139,2013,-2.342715622430461
140,2013,-5.6872273084751725
141,2013,-2.891979088862797
142,2013,-1.8438927800591642
143,2013,-3.2766234106853886
144,2013,-1.1887731348583088
145,2013,-2.505821438574685
146,2013,-1.8649827734837032
147,2013,-3.1933795841451342
148,2013,-1.6959465998777148
149,2013,-2.266643376806144
150,2013,-2.5919028649323366
151,2013,-2.3967118631510402
152,2013,-3.581791382149845
153,2013,-2.8626997792351574
154,2013,-1.8997200529518778
155,2013,-2.1511288816245155
156,2013,-3.0807257679624627
157,2013,-3.202747007661088
158,2013,-2.03974924242803
159,2013,-2.55212119966788
160,2013,-3.0716289650602135
161,2013,-2.9064662738756226
162,2013,-2.594033383846039
163,2013,-2.821141424696833
164,2013,-1.4544447311815816
165,2013,-2.464162507212265
166,2013,-1.9096705898156756
167,2013,-3.5933290803204727
168,2013,-4.021673562274941
169,2013,-3.496677645267937
170,2013,-5.779209557893125
171,2013,-2.394588577999656
172,2013,-2.7606213386553407
173,2013,-2.529264161771991
174,2013,-2.0956773528849055
175,2013,-1.8211490822784526
176,2013,-2.7649182513147537
177,2013,-2.1239738278519553
178,2013,-4.63093918103371
179,2013,-3.172259075730665
180,2013,-1.9000264124776578
181,2013,-2.3107721834849
182,2013,-2.232205092330588
183,2013,-2.1459530933799584
184,2013,-2.432347219648449
185,2013,-4.858429270511834
186,2013,-2.7984918217944426
187,2013,-3.293716824156391
188,2013,-2.6280054655296823
189,2013,-2.5970470683169253
190,2013,-2.123529763507804
191,2013,-3.4311627820806763
192,2013,-2.7154977433196166
193,2013,-2.3046337209949286
194,2013,-2.5288593654483975
195,2013,-3.4585033986180918
196,2013,-2.083755972891737
197,2013,-2.2104231755459836
198,2013,-3.1614807312631683
199,2013,-1.4949418745734704
200,2013,-1.6985872677130374
201,2013,-1.725161995667861
202,2013,-3.2815583765820406
203,2013,-2.017160306249366
204,2013,-3.2771078383173915
205,2013,-3.5960053700756447
206,2013,-4.4787998372074185
207,2013,-2.847471225321925
208,2013,-4.338633553889707
209,2013,-2.229830109810095
210,2013,-2.1199581493497703
211,2013,-2.8904793096642436
212,2013,-3.299167663358446
213,2013,-3.4496550641339923
214,2013,-2.495791270381602
215,2013,-2.047939989321847
216,2013,-2.461269988215875
217,2013,-2.3119138297217887
218,2013,-3.152676002693653
219,2013,-2.0866661984966584
220,2013,-1.6316070858739096
221,2013,-1.268824029020493
222,2013,-3.419965300315198
223,2013,-2.8855068270432724
224,2013,-2.3567916999470526
225,2013,-3.99740829501431
226,2013,-4.03805977639405
227,2013,-4.548695312242671
228,2013,-2.6191371636865597
229,2013,-3.6490531944065197
230,2013,-3.7425313256823642
231,2013,-3.3658572877382653
232,2013,-3.145116919725325
233,2013,-2.085084357873285
234,2013,-1.711160696624063
235,2013,-3.224067397037061
236,2013,-3.214249838787623
237,2013,-3.6401096437653564
238,2013,-3.354737828165696
239,2013,-2.630317934599674
240,2013,-2.4191142718433127
241,2013,-3.5262048316010635
242,2013,-1.6428272178218464
243,2013,-2.081306662178207
244,2013,-3.2344401625937564
245,2013,-1.6431922486054589
246,2013,-2.930600333396484
247,2013,-2.5364328624038137
248,2013,-1.4463426818551568
249,2013,-4.39246879923553
250,2013,-6.589737084274262
251,2013,-2.0386685070684365
252,2013,-1.6917128094227252
253,2013,-6.180238114828569
254,2013,-3.6453357915236495
255,2013,-2.073478985032466
256,2013,-3.9196220176365415
257,2013,-1.1737640800902795
258,2013,-1.2174728020069523
259,2013,-1.9186845781957658
260,2013,-1.6607951905922533
261,2013,-1.5626444503638766
262,2013,-2.040011027946747
263,2013,-3.293923334061148
264,2013,-1.632757038112203
265,2013,-4.635180456115023
266,2013,-3.7215462775730828
267,2013,-1.7978589248325818
268,2013,-2.8670238516328084
269,2013,-1.568684080486861
270,2013,-2.505279748529162
271,2013,-1.974220653423032
272,2013,-2.434445463658733
273,2013,-2.3762052536977905
274,2013,-3.003593799496315
275,2013,-2.569589931351416
276,2013,-2.5517131220080955
277,2013,-3.163040047084806
278,2013,-2.9112674950097244
279,2013,-1.517988684362166
280,2013,-1.7833277194122559
281,2013,-2.0722992439426946
282,2013,-4.62810080468023
283,2013,-4.4075956625574975
284,2013,-2.373329977679248
285,2013,-3.382879257246742
286,2013,-3.8059703848730067
287,2013,-2.264716703959749
288,2013,-3.1378224127250007
289,2013,-3.5742248760432034
290,2013,-1.7704230979760638
291,2013,-3.521684107330884
292,2013,-4.552626144838598
293,2013,-2.371816286726414
294,2013,-2.6117201042823694
295,2013,-1.9123891802376107
296,2013,-2.9472423844894706
297,2013,-3.5291822274798506
298,2013,-2.5292110677867754
299,2013,-2.631586971249149
300,2013,-2.979737632965467
301,2013,-3.3286531287370735
302,2013,-1.2536814624621684
303,2013,-2.447005385682303
304,2013,-3.3859297635769963
305,2013,-1.5056687349501487
306,2013,-2.39369012093222
307,2013,-2.564012746832745
308,2013,-2.919035577705955
309,2013,-3.7203014927836193
310,2013,-2.257910755939008
311,2013,-1.527465325873834
312,2013,-3.9077697218606886
313,2013,-2.421605598181273
314,2013,-2.26516935830017
315,2013,-1.703929514012799
316,2013,-2.3278275712726497
317,2013,-0.45484804616573626
318,2013,-2.356819801407397
319,2013,-3.4694854282213186
320,2013,-4.318884574670335
321,2013,-2.202139732702477
322,2013,-3.68637548272595
323,2013,-3.2610388900782823
324,2013,-1.7645054463795589
325,2013,-1.8917140580991259
326,2013,-2.793642897052621
327,2013,-4.249971536208093
328,2013,-3.9580661678370745
329,2013,-3.1103669715318887
330,2013,-2.9247782789018686
331,2013,-2.357233418885457
332,2013,-4.666562708122598
333,2013,-4.560138245726421
334,2013,-3.3514253797769413
335,2013,-2.164642806682096
336,2013,-1.5772664075434761
337,2013,-2.035516470433322
338,2013,-4.5816796959838655
339,2013,-4.110380359171131
340,2013,-3.238103277120473
341,2013,-1.4689944507574353
342,2013,-3.3395114261462027
343,2013,-3.7257015065232224
344,2013,-2.395747830370695
345,2013,-1.8930575630695898
346,2013,-1.950679503465608
347,2013,-1.949569855936403
348,2013,-3.6186673616570886
349,2013,-2.998537726832268
350,2013,-2.033952012134961
351,2013,-4.292275403648063
352,2013,-1.7367440958947356
353,2013,-2.4043004730672948
354,2013,-3.4000146599536833
355,2013,-2.093191062519736
356,2013,-2.4139314658405198
357,2013,-4.179366980425982
358,2013,-3.3810247315978472
359,2013,-4.281757276272202
360,2013,-1.9223453198638367
361,2013,-3.304040509748006
362,2013,-2.5998846827077813
363,2013,-2.492371220588865
364,2013,-2.0625047084584764
365,2013,-2.5196731739007987
366,2013,-4.536877747689658
367,2013,-1.794905880922812
368,2013,-3.265974177385246
369,2013,-2.490124985328862
370,2013,-3.4338549062369452
371,2013,-0.9437774964467849
372,2013,-1.9796316077911627
373,2013,-1.924272601099986
374,2013,-3.438739157081926
375,2013,-3.693195478038149
376,2013,-3.088485841338482
377,2013,-3.3332842192024827
378,2013,-3.8150397241695373
379,2013,-2.3441057019690845
380,2013,-2.2243514764445536
381,2013,-3.3169695317258032
382,2013,-1.6047403295645353
383,2013,-1.967703484093164
384,2013,-1.8060453712503062
385,2013,-2.3730695835501763
386,2013,-4.724389981695708
387,2013,-2.9987494364918064
388,2013,-2.8654385424225097
389,2013,-4.514790352977826
390,2013,-1.6937423220983305
391,2013,-2.6138583078768534
392,2013,-3.558410402316312
393,2013,-1.7197628913746144
394,2013,-5.121824846766543
395,2013,-2.5400782282901417
396,2013,-3.155434893238322
397,2013,-1.9739419211826998
398,2013,-2.3771801041236813
399,2013,-3.921334091112797
400,2013,-2.806883919202363
401,2013,-4.599960043538232
402,2013,-2.637406555972831
403,2013,-4.163807222935532
404,2013,-3.450526755919725
405,2013,-3.2876333387459624
406,2013,-3.154004744720254
407,2013,-1.6789007792095987
408,2013,-2.1156549941143794
409,2013,-3.066502371554151
410,2013,-2.0616736679970984
411,2013,-2.6689665808849554
412,2013,-4.7776500874062435
413,2013,-3.226754735749381
414,2013,-1.4103922009415726
415,2013,-3.4860714353748534
416,2013,-1.5939936653862645
417,2013,-5.0733616386118285
418,2013,-5.050983020804267
419,2013,-2.930294238854657
420,2013,-3.2338644251734934
421,2013,-3.304966277524528
422,2013,-3.9239368658275566
423,2013,-2.439368238403972
424,2013,-2.9258214277304546
425,2013,-1.9724559819937184
426,2013,-4.06896440054652
427,2013,-2.3307435063212267
428,2013,-3.593286048210814
429,2013,-3.335452050914796
430,2013,-1.228000175670914
431,2013,-2.111255044221238
432,2013,-2.8711438634639705
433,2013,-1.8045855245375009
434,2013,-2.8947675690263566
435,2013,-2.898200759834822
436,2013,-2.5324181095850093
437,2013,-2.6220310198540346
438,2013,-2.1232668598646853
439,2013,-2.7777731286884517
440,2013,-2.2348685985052157
441,2013,-2.1978753344748156
442,2013,-2.863321033125146
443,2013,-2.1156555909839767
444,2013,-2.203012970451482
445,2013,-2.2178502698606195
446,2013,-1.914604761172086
447,2013,-3.561047786620719
448,2013,-1.2433645451891095
449,2013,-2.8958682337182324
450,2013,-3.5266716956640494
451,2013,-4.100483180187467
452,2013,-1.3435209845449663
453,2013,-4.632075070017663
454,2013,-2.6044971964434467
455,2013,-1.643450453413024
456,2013,-1.8748649895529326
457,2013,-3.1024223590813165
458,2013,-4.262030336279921
459,2013,-2.8516406779204715
460,2013,-2.404530189798052
461,2013,-1.3246785025909276
462,2013,-2.7332219654700793
463,2013,-5.053748062278302
464,2013,-3.9516755705923003
465,2013,-1.189515674036926
466,2013,-2.951158531843106
467,2013,-3.033210046663413
468,2013,-2.4558292934912345
469,2013,-2.286646720318572
470,2013,-4.2296807666648135
471,2013,-1.1113778447473521
472,2013,-4.115127372467953
473,2013,-3.8889531328646285
474,2013,-4.560368192615584
475,2013,-3.691673057405808
476,2013,-3.0893574058790705
477,2013,-3.6462519198737198
478,2013,-3.451897646861539
479,2013,-2.2674834311768706
480,2013,-4.853026315303794
481,2013,-3.0092483364660723
482,2013,-3.700709987808665
483,2013,-2.859376953422398
484,2013,-4.0435942992276495
485,2013,-1.6775283035012336
486,2013,-4.260357763069493
487,2013,-2.5046862945635695
488,2013,-2.1123482692858033
489,2013,-2.8463906232018417
490,2013,-2.431768582676426
491,2013,-2.847015494332638
492,2013,-2.750262131193338
493,2013,-3.242293709750527
494,2013,-2.6263136810087673
495,2013,-2.328469168067926
496,2013,-4.071110962691819
497,2013,-2.067120046153107
498,2013,-2.0682212006761915
499,2013,-2.7271825742007536
500,2013,-4.141893479743203
1,2014,-18.57855244968337
2,2014,-14.221439935077115
3,2014,-19.97759402512247
4,2014,-14.993765945463167
5,2014,-14.354205367164212
6,2014,-16.372554299626785
7,2014,-14.019639514026537
8,2014,-15.804114333803199
9,2014,-16.121559354097556
10,2014,-19.89873594639647
11,2014,-14.25866499863534
12,2014,-14.302041307010342
13,2014,-12.450055542305876
14,2014,-9.002448137727825
15,2014,-16.008666367563848
16,2014,-11.50445026337357
17,2014,-14.238569889230604
18,2014,-13.522548422413792
19,2014,-13.551031639914868
20,2014,-18.53939154055965
21,2014,-15.072917472757325
22,2014,-13.750257194188265
23,2014,-18.048365284978587
24,2014,-12.922208866948921
25,2014,-13.48755590803782
26,2014,-13.918875001725581
27,2014,-16.50089010660622
28,2014,-17.56890414315481
29,2014,-20.03170376153382
30,2014,-17.686467149822477
31,2014,-16.151766526524042
32,2014,-17.621911894568058
33,2014,-17.48072240510362
34,2014,-19.518205923484828
35,2014,-11.612203143999281
36,2014,-13.735281131403937
37,2014,-14.096696947125082
38,2014,-15.982533808676607
39,2014,-9.085815829374553
40,2014,-23.38670167934754
41,2014,-18.327664687496053
42,2014,-21.652912216253867
43,2014,-15.019848146829617
44,2014,-21.33071485413987
45,2014,-13.180146700552655
46,2014,-18.216671204281596
47,2014,-9.681411116898758
48,2014,-19.600457108415014
49,2014,-14.845162912304659
50,2014,-14.156902984390811
51,2014,-9.551928834647399
52,2014,-17.416356872028743
53,2014,-13.793220101439488
54,2014,-16.638642364059237
55,2014,-15.382842513916344
56,2014,-16.602880671741673
57,2014,-10.321373528317721
58,2014,-10.15675515352342
59,2014,-15.368496438256301
60,2014,-11.238282767766066
61,2014,-16.636569863366788
62,2014,-16.903840977187087
63,2014,-16.061694435672152
64,2014,-20.74380648912188
65,2014,-16.07703679016238
66,2014,-13.293198433236029
67,2014,-20.107237791561516
68,2014,-17.998647913959047
69,2014,-20.21975272256944
70,2014,-13.399966995268002
71,2014,-15.464734268928908
72,2014,-11.198921248221637
73,2014,-17.02005375784026
74,2014,-16.64609833455981
75,2014,-12.794437665437627
76,2014,-14.027569890575705
77,2014,-18.38971856531728
78,2014,-14.381946923081856
79,2014,-11.249489978914767
80,2014,-13.16095766715948
81,2014,-14.463777450112445
82,2014,-14.462046216094791
83,2014,-21.22681504674368
84,2014,-12.380827169170828
85,2014,-21.983115587413863
86,2014,-22.406524457136783
87,2014,-16.75257635390477
88,2014,-13.977555627496656
89,2014,-18.948344000498395
90,2014,-18.189507538351748
91,2014,-16.171423128252144
92,2014,-16.738936638397348
93,2014,-15.631663946960657
94,2014,-17.16956701785449
95,2014,-8.499248720631044
96,2014,-15.68703503076
97,2014,-15.969448836555358
98,2014,-18.295112672028836
99,2014,-16.944731085615956
100,2014,-16.3215930069983
101,2014,-12.591555574503602
102,2014,-12.115983073788641
103,2014,-16.99586830991703
104,2014,-19.14377334707669
105,2014,-12.413867174979842
106,2014,-19.399132058543017
107,2014,-17.475702904563278
108,2014,-16.770013879624713
109,2014,-17.417727571970772
110,2014,-10.637665642059929
111,2014,-16.772110395291463
112,2014,-15.09049990198045
113,2014,-19.438667409174272
114,2014,-14.383697788649044
115,2014,-17.865986828059818
116,2014,-12.603971178045413
117,2014,-20.783440137360174
118,2014,-19.330546711101988
119,2014,-17.366605128713758
120,2014,-12.50745626570722
121,2014,-19.694064872774902
122,2014,-8.39602226257017
123,2014,-16.053742150504462
124,2014,-22.401859516489083
125,2014,-15.761798423126734
126,2014,-11.219369708746541
127,2014,-17.069074890016537
128,2014,-20.546109653265233
129,2014,-15.903992059612335
130,2014,-17.1243529990262
131,2014,-21.821464610550038
132,2014,-16.47087480646968
133,2014,-14.819767556246106
134,2014,-10.89073081605818
135,2014,-13.405878447593125
136,2014,-11.1444161574683
137,2014,-18.515742780044377
138,2014,-11.419220497522161
139,2014,-16.994172858857183
140,2014,-16.85040068325719
141,2014,-19.856989266431953
142,2014,-12.706814849522743
143,2014,-16.600679917929696
144,2014,-9.587011264412524
145,2014,-18.726565210349463
146,2014,-15.567110946544872
147,2014,-20.714921808823618
148,2014,-9.667409090143536
149,2014,-10.982132920523298
150,2014,-16.356878946737652
151,2014,-15.328739448778435
152,2014,-17.367437949244476
153,2014,-20.528317882441968
154,2014,-13.394462446608387
155,2014,-15.676043172979305
156,2014,-20.46158097229622
157,2014,-16.614486240324283
158,2014,-15.942942319586535
159,2014,-16.476774992695425
160,2014,-16.703707077580432
161,2014,-11.82556525845257
162,2014,-14.336988773788647
163,2014,-20.321574575564313
164,2014,-8.489182368843558
165,2014,-16.087350431065218
166,2014,-12.475857392936831
167,2014,-23.0347162334744
168,2014,-23.04190084998436
169,2014,-19.315578896755625
170,2014,-16.981495929728055
171,2014,-17.444929346189184
172,2014,-20.538066943874213
173,2014,-11.636225973415861
174,2014,-14.637290685644274
175,2014,-12.6990581114798
176,2014,-17.202916754912906
177,2014,-15.562893688339244
178,2014,-18.117372307906038
179,2014,-22.355414489742685
180,2014,-16.212132706387195
181,2014,-15.281683133612276
182,2014,-11.618344245259124
183,2014,-8.528837305737895
184,2014,-17.112706157771356
185,2014,-19.090397300413287
186,2014,-10.790356753264348
187,2014,-12.317680089805648
188,2014,-13.557558512257287
189,2014,-15.971858340104276
190,2014,-20.203703274607207
191,2014,-12.361070476286159
192,2014,-21.835670211481187
193,2014,-13.948581627783838
194,2014,-15.436180005918004
195,2014,-21.015228367759477
196,2014,-14.267409067578939
197,2014,-17.561021054406112
198,2014,-11.479833590814849
199,2014,-11.360330149833558
200,2014,-16.902093233150453
201,2014,-11.87280280788741
202,2014,-15.986559061052304
203,2014,-21.306226999538552
204,2014,-19.875671105766855
205,2014,-16.17318725788475
206,2014,-22.56355294886731
207,2014,-18.439006696126626
208,2014,-17.530965811834065
209,2014,-14.503262062708345
210,2014,-13.437131401935204
211,2014,-15.941473007045374
212,2014,-13.967086143450928
213,2014,-14.92098798778622
214,2014,-9.092549035979545
215,2014,-12.529912508971464
216,2014,-12.363328138363158
217,2014,-15.862371304330907
218,2014,-16.526065546255296
219,2014,-13.329754769214759
220,2014,-14.8686226743133
221,2014,-13.71945755768644
222,2014,-14.950556692738019
223,2014,-15.496405190991268
224,2014,-11.157867852256715
225,2014,-19.15301712773163
226,2014,-16.55426689671461
227,2014,-18.875731965281005
228,2014,-20.085643792295343
229,2014,-15.97230387232824
230,2014,-16.87532912418601
231,2014,-16.531638975182886
232,2014,-18.604047700348133
233,2014,-12.676019963193454
234,2014,-15.967659778351646
235,2014,-18.970082688252432
236,2014,-17.969690093215917
237,2014,-14.507918860510117
238,2014,-12.424615972538533
239,2014,-16.080832211549932
240,2014,-12.842341015379034
241,2014,-19.68882625914901
242,2014,-14.594458234761632
243,2014,-18.52931807562217
244,2014,-20.267161695251417
245,2014,-10.6659922341058
246,2014,-16.512361280626465
247,2014,-13.96522611189772
248,2014,-17.58695589302377
249,2014,-18.652835156826228
250,2014,-15.2343723493275
251,2014,-15.12368239337576
252,2014,-19.175254391559136
253,2014,-15.034112218381495
254,2014,-12.976757344672052
255,2014,-16.7097904343904
256,2014,-15.455263364725269
257,2014,-11.247220331752004
258,2014,-11.096333551463772
259,2014,-15.134105882516437
260,2014,-11.335736692337548
261,2014,-12.998815621220203
262,2014,-12.221906999524364
263,2014,-19.805660917458198
264,2014,-13.015624063631549
265,2014,-19.79112952874044
266,2014,-20.310340357206826
267,2014,-11.741837409100796
268,2014,-18.083179937825747
269,2014,-10.472522066529962
270,2014,-20.48871220389549
271,2014,-14.458244278833575
272,2014,-11.43730086474335
273,2014,-11.453953499390892
274,2014,-21.221744145034933
275,2014,-15.126845896217887
276,2014,-19.527862684362645
277,2014,-19.604670009291624
278,2014,-16.941847104217544
279,2014,-11.727861731833372
280,2014,-14.739197139862085
281,2014,-17.508763132704843
282,2014,-15.710596565467256
283,2014,-7.559825241494224
284,2014,-14.975897723002788
285,2014,-19.287298511797843
286,2014,-13.473730925634328
287,2014,-14.816772701128869
288,2014,-17.666176007593393
289,2014,-11.962210288410787
290,2014,-13.129816180744186
291,2014,-12.55590774261674
292,2014,-17.45001005449683
293,2014,-16.60692641620767
294,2014,-14.507885171784494
295,2014,-13.302887467533523
296,2014,-18.572808053673214
297,2014,-13.326857089873755
298,2014,-20.952160354621014
299,2014,-18.690494615354282
300,2014,-14.70928866035149
301,2014,-15.987809938748825
302,2014,-10.713807792654777
303,2014,-15.53464752500983
304,2014,-14.765034603952458
305,2014,-11.684260407671616
306,2014,-14.815829759173639
307,2014,-13.231564458681774
308,2014,-21.9277940885585
309,2014,-18.405082908683966
310,2014,-18.886868151737985
311,2014,-14.542421417672273
312,2014,-23.750099716585794
313,2014,-13.030366947249405
314,2014,-17.73248355657472
315,2014,-16.863570545347187
316,2014,-15.427964033675238
317,2014,-11.538748953137087
318,2014,-16.525009786941496
319,2014,-18.71754174750572
320,2014,-18.080684266343155
321,2014,-20.39333049401924
322,2014,-14.986921188407123
323,2014,-13.420653044577364
324,2014,-14.806290159043158
325,2014,-17.326867139655974
326,2014,-19.44973556348488
327,2014,-15.925600019417814
328,2014,-19.307548029128185
329,2014,-13.658598636163106
330,2014,-12.42573240974724
331,2014,-19.354355554619858
332,2014,-19.138403321444628
333,2014,-19.56971043985547
334,2014,-19.757209067921337
335,2014,-12.660951741387137
336,2014,-10.173810114724844
337,2014,-12.601024332303155
338,2014,-19.75792835173627
339,2014,-18.058750817904098
340,2014,-20.9227113146749
341,2014,-9.943878418344099
342,2014,-18.337102258517632
343,2014,-20.488969108623337
344,2014,-19.377165026514902
345,2014,-12.112626839141441
346,2014,-10.525077016312991
347,2014,-15.453148177825256
348,2014,-20.845497209085607
349,2014,-14.432696053960512
350,2014,-16.20910891985146
351,2014,-20.152322750293692
352,2014,-13.650923839588359
353,2014,-20.53674307632504
354,2014,-11.513552948527405
355,2014,-16.43433465892069
356,2014,-18.171127122521142
357,2014,-18.25448990362301
358,2014,-16.35850583175889
359,2014,-22.29848268860161
360,2014,-13.949271048713513
361,2014,-22.543347884080788
362,2014,-13.767690627758824
363,2014,-17.698750858532648
364,2014,-16.062515355882965
365,2014,-15.696649330519193
366,2014,-14.446155932931646
367,2014,-20.4149564174746
368,2014,-13.91752720349416
369,2014,-18.084192602358684
370,2014,-12.470885043230226
371,2014,-6.069506471803564
372,2014,-14.246974846649351
373,2014,-16.059468034640588
374,2014,-20.81448612932101
375,2014,-20.36032941864741
376,2014,-17.928295573824656
377,2014,-18.460955258209793
378,2014,-15.701318240747298
379,2014,-15.735815460511333
380,2014,-9.947666034180273
381,2014,-14.606454315521532
382,2014,-11.523400428310197
383,2014,-12.62922270370062
384,2014,-13.955887582124106
385,2014,-16.839263410259008
386,2014,-18.68200518943965
387,2014,-17.264923234247078
388,2014,-19.981549523731502
389,2014,-19.765238178512107
390,2014,-14.717212799485566
391,2014,-12.912090408566115
392,2014,-12.332326077812553
393,2014,-15.394703335935446
394,2014,-14.434896696285392
395,2014,-10.734097247416372
396,2014,-13.994651982608929
397,2014,-13.328288781686439
398,2014,-15.515127565611436
399,2014,-17.582609628645187
400,2014,-21.423100488996326
401,2014,-24.704097999634882
402,2014,-15.256825287767498
403,2014,-20.69867700335209
404,2014,-23.4923313681212
405,2014,-19.17626121784366
406,2014,-15.421782866212226
407,2014,-13.600722855454663
408,2014,-15.13951548051756
409,2014,-20.422516968867996
410,2014,-13.162786013760154
411,2014,-15.150826523812839
412,2014,-16.115247607364182
413,2014,-18.740424575657755
414,2014,-14.254363744408991
415,2014,-14.51058481248802
416,2014,-14.079455672203764
417,2014,-14.490744621826195
418,2014,-20.81721724039005
419,2014,-18.3947144624737
420,2014,-19.55200980347439
421,2014,-13.125153405829494
422,2014,-22.433624914755143
423,2014,-16.967138675155056
424,2014,-14.876842414761455
425,2014,-12.308776795409656
426,2014,-20.161690528444666
427,2014,-13.508089957311455
428,2014,-20.57789361750642
429,2014,-17.288135107558617
430,2014,-9.321580319996812
431,2014,-12.060542609503699
432,2014,-18.557894380720427
433,2014,-17.42144535771466
434,2014,-20.295913143078963
435,2014,-15.678987857935624
436,2014,-14.679044625997236
437,2014,-14.465987301709106
438,2014,-19.090963279986568
439,2014,-14.851106436587528
440,2014,-15.986097911398161
441,2014,-14.40257574332496
442,2014,-15.940226304183113
443,2014,-16.977271687963025
444,2014,-14.667762749245043
445,2014,-11.370396942450895
446,2014,-13.289895947610518
447,2014,-16.126711219941598
448,2014,-17.671091835524038
449,2014,-17.164540450352774
450,2014,-16.25193506761957
451,2014,-17.90140344673165
452,2014,-15.095509320889306
453,2014,-20.796333435768304
454,2014,-12.544957985179394
455,2014,-13.222580410867451
456,2014,-10.008892750510313
457,2014,-18.383486879997378
458,2014,-12.875286767064097
459,2014,-20.678884992678547
460,2014,-16.047465973624142
461,2014,-14.169837674269289
462,2014,-9.405707729179454
463,2014,-15.169274922465988
464,2014,-19.97898270280973
465,2014,-11.878254095900985
466,2014,-16.181521489646258
467,2014,-17.368452017776235
468,2014,-21.63218704414396
469,2014,-18.868672056368325
470,2014,-21.87172231159738
471,2014,-14.022323692967689
472,2014,-16.53364634259509
473,2014,-13.839747681717682
474,2014,-17.584402055112037
475,2014,-13.276209076455785
476,2014,-18.804622919646135
477,2014,-19.269791335246083
478,2014,-18.474011181696753
479,2014,-14.380168965591466
480,2014,-17.58324676797497
481,2014,-15.60459852801543
482,2014,-18.616546566814833
483,2014,-16.00834184783531
484,2014,-15.702701646413871
485,2014,-11.016495474681747
486,2014,-20.302424245975658
487,2014,-14.675093516783363
488,2014,-11.3568763140932
489,2014,-17.761288278261247
490,2014,-17.784365142770213
491,2014,-19.55988519868545
492,2014,-17.371106654100174
493,2014,-16.87674783630274
494,2014,-18.77571573294793
495,2014,-13.185197991149238
496,2014,-15.734610556866642
497,2014,-14.556223962037151
498,2014,-22.624731187260352
499,2014,-8.995524686197527
500,2014,-19.74942380115513
1,2015,-10.680266336996027
2,2015,-17.234028002790538
3,2015,-15.723690842601542
4,2015,-16.661869918321003
5,2015,-15.253543228321035
6,2015,-13.166951432988299
7,2015,-17.399223222758394
8,2015,-14.614953071498036
9,2015,-14.907050831368721
10,2015,-16.84928555546287
11,2015,-20.89271164471907
12,2015,-9.939148915866923
13,2015,-18.696206647063434
14,2015,-2.28870743315089
15,2015,-19.60372242564108
16,2015,-15.368346929434693
17,2015,-16.145878256319634
18,2015,-17.92609765902573
19,2015,-8.816578714581667
20,2015,-18.78147159100871
21,2015,-20.663295195100744
22,2015,-6.824275479016052
23,2015,-19.504302831047596
24,2015,-16.21495374554962
25,2015,-16.287339623870423
26,2015,-10.584818012874138
27,2015,-17.948477082293664
28,2015,-21.450399618784417
29,2015,-16.431192587712857
30,2015,-19.91816853341946
31,2015,-17.236074457271698
32,2015,-19.47326441336463
33,2015,-20.235826417931605
34,2015,-20.131871088980375
35,2015,-10.939739078079853
36,2015,-13.562130002056676
37,2015,-17.78605458930221
38,2015,-14.637434375544103
39,2015,-14.535768426868827
40,2015,-20.88373641522847
41,2015,-13.496812114503058
42,2015,-22.533363534441776
43,2015,-22.487613109384228
44,2015,-19.42855545104254
45,2015,-14.611662875238295
46,2015,-15.8294927151058
47,2015,-12.102484933792894
48,2015,-19.209012287089365
49,2015,-19.69755723382096
50,2015,-11.864176460009858
51,2015,-11.344117486425873
52,2015,-17.55183016009464
53,2015,-17.385398068684083
54,2015,-9.773623403506761
55,2015,-12.16836229250923
56,2015,-11.727908376291808
57,2015,-9.178244346002344
58,2015,-15.480721199373008
59,2015,-16.441783743336174
60,2015,-11.290076579124104
61,2015,-10.594882163362428
62,2015,-15.19542874678163
63,2015,-14.397757988231618
64,2015,-18.319812231284033
65,2015,-4.8806308610276545
66,2015,-16.622810364170107
67,2015,-16.31561613308955
68,2015,-20.156884038936738
69,2015,-10.273698238497843
70,2015,-8.868913412657278
71,2015,-16.735383069661736
72,2015,-17.804421453452946
73,2015,-19.16994443822128
74,2015,-19.665082639142582
75,2015,-15.53876935839186
76,2015,-17.969435820893523
77,2015,-21.990710359274914
78,2015,-17.587902868442953
79,2015,-12.206831552659324
80,2015,-8.062093921756883
81,2015,-14.041420355806693
82,2015,-13.899555642967442
83,2015,-18.594108654104943
84,2015,-14.00426982707748
85,2015,-18.560460108047323
86,2015,-31.777686399589527
87,2015,-17.589899199632285
88,2015,-20.06157765785585
89,2015,-21.58034418934959
90,2015,-15.989654417900468
91,2015,-18.091327379251737
92,2015,-16.46783553190963
93,2015,-10.178808131195467
94,2015,-15.389225846891861
95,2015,-12.019940096678624
96,2015,-14.365771039997469
97,2015,-23.687068890743802
98,2015,-20.725971402699656
99,2015,-14.60930510487509
100,2015,-21.372960710288154
101,2015,0.4051598570451773
102,2015,-7.172666856965137
103,2015,-17.068948336240027
104,2015,-15.96250825040508
105,2015,-11.416814816508392
106,2015,-17.64560074605825
107,2015,-14.50200674763353
108,2015,-16.731356726298685
109,2015,-22.994449567297437
110,2015,-8.751095527520732
111,2015,-15.75712593364463
112,2015,-15.322377664180578
113,2015,-10.752935246194099
114,2015,-8.859617302525521
115,2015,-21.864613179671323
116,2015,-18.94149296810457
117,2015,-21.32579167288924
118,2015,-20.45071689556397
119,2015,-11.440448186823659
120,2015,-15.688023628603332
121,2015,-15.304392506615386
122,2015,-11.798559398825887
123,2015,-19.617875432072736
124,2015,-21.957919341123045
125,2015,-7.497501415836126
126,2015,-12.212977016323407
127,2015,-14.676829672738336
128,2015,-21.824252566749493
129,2015,-18.61428557802455
130,2015,-22.21296347020254
131,2015,-15.22375570127798
132,2015,-10.717438676481834
133,2015,-15.658929607121493
134,2015,-9.042302838552843
135,2015,-12.921317810752043
136,2015,-10.241115213429993
137,2015,-22.454028569856888
138,2015,-15.973784934177246
139,2015,-23.245641016453902
140,2015,-22.825122057110974
141,2015,-12.681418486883729
142,2015,-9.388448081245386
143,2015,-23.845807614111393
144,2015,-11.86433194018474
145,2015,-26.630632864305852
146,2015,-4.29966741450589
147,2015,-23.796411828277655
148,2015,-16.089972934328728
149,2015,-13.286708070366188
150,2015,-11.778820321114324
151,2015,-15.495499929378411
152,2015,-20.114578698526287
153,2015,-13.46886253439692
154,2015,-10.463972659905366
155,2015,-16.26135995334785
156,2015,-25.236902542918443
157,2015,-18.893360557130094
158,2015,-18.350570424633418
159,2015,-15.431403084172103
160,2015,-24.424550707339577
161,2015,-16.352967174694328
162,2015,-20.218015854543324
163,2015,-18.702758303138296
164,2015,-1.0858242660783617
165,2015,-22.33038577755252
166,2015,-16.80171360016871
167,2015,-24.74660671354235
168,2015,-21.65675617398827
169,2015,-23.2730466587349
170,2015,-14.220224185629974
171,2015,-8.507904445610876
172,2015,-13.238962277402095
173,2015,-6.843938088274399
174,2015,-19.0976368212892
175,2015,-15.442542238359678
176,2015,-23.735555453450445
177,2015,-20.335159351171313
178,2015,-13.392687710893398
179,2015,-19.558598493014728
180,2015,-18.6946256677099
181,2015,-19.881489356087542
182,2015,-19.27322148244903
183,2015,-14.20422762857227
184,2015,-15.07656817108355
185,2015,-17.401138438158
186,2015,-15.562268032581969
187,2015,-9.739918923950839
188,2015,-19.836248774921216
189,2015,-11.60281348410652
190,2015,-10.293173296205154
191,2015,-18.633511086059343
192,2015,-12.957816516428608
193,2015,-19.57674159928314
194,2015,-11.350814953490726
195,2015,-25.63043976711276
196,2015,-12.07341141317184
197,2015,-14.617325403654931
198,2015,-14.17513033219953
199,2015,-15.130852909342664
200,2015,-25.614966293312293
201,2015,-17.18210721673941
202,2015,-25.24121943849792
203,2015,-22.90652048219073
204,2015,-15.99347768032149
205,2015,-17.151330310327282
206,2015,-19.44651985434848
207,2015,-20.701657998239426
208,2015,-24.3125248696429
209,2015,-10.448571950902803
210,2015,-19.998585526254033
211,2015,-15.449953457893244
212,2015,-14.956915482819966
213,2015,-17.94592623763927
214,2015,-9.989739539987937
215,2015,-9.008527211044466
216,2015,-12.10959116185468
217,2015,-18.14850981044924
218,2015,-16.178877878711234
219,2015,-5.4055361736388505
220,2015,-9.592400579552503
221,2015,-18.34166076660003
222,2015,-17.434465795073123
223,2015,-11.571625944499985
224,2015,-13.295853390984774
225,2015,-25.24589675529981
226,2015,-17.632952067490606
227,2015,-24.657791242481153
228,2015,-15.196840575972544
229,2015,-21.10403868076014
230,2015,-11.895848418998241
231,2015,-20.988370574233983
232,2015,-26.23806840937533
233,2015,-19.065122143311783
234,2015,-11.047064130628428
235,2015,-25.5520286679905
236,2015,-16.777101592843138
237,2015,-18.192124032542026
238,2015,-11.411355844519676
239,2015,-18.81708904909712
240,2015,-10.482226170789957
241,2015,-18.449417488383347
242,2015,-5.890446972377674
243,2015,-23.148951880108626
244,2015,-16.54498964174377
245,2015,-14.32583271544641
246,2015,-17.13950105617127
247,2015,-11.944701382074044
248,2015,-13.50187886478875
249,2015,-16.262582998521367
250,2015,-15.868149951706656
251,2015,-14.220966113931098
252,2015,-22.395301849076745
253,2015,-21.418086301916446
254,2015,-18.839626297063802
255,2015,-16.140271575337025
256,2015,-7.6942038000089354
257,2015,-13.056260577381266
258,2015,-5.335891592109888
259,2015,-14.415692896968167
260,2015,-13.546844059447494
261,2015,-17.196783804218583
262,2015,-10.759377642958768
263,2015,-15.147716589615527
264,2015,-8.111559111555493
265,2015,-15.841406541684279
266,2015,-13.725844471117256
267,2015,-17.480291107400703
268,2015,-19.675939871619846
269,2015,-15.908883386719566
270,2015,-29.46366236516954
271,2015,-15.773993513969998
272,2015,-16.642637050174898
273,2015,-14.697976010028526
274,2015,-28.780210576050337
275,2015,-16.87046562889229
276,2015,-17.723205685883784
277,2015,-24.576406542273048
278,2015,-18.600997461370355
279,2015,-13.445873566162376
280,2015,-22.60094873313716
281,2015,-22.276732377674108
282,2015,-17.169344917160288
283,2015,-16.141022094693852
284,2015,-21.508720476987776
285,2015,-23.134773967941328
286,2015,-13.002188256804857
287,2015,-6.843640371127108
288,2015,-15.565075887418331
289,2015,-11.89408089720554
290,2015,-13.750147427950495
291,2015,-14.338376679999513
292,2015,-21.68801201136651
293,2015,-21.37740304649452
294,2015,-20.7799981918141
295,2015,-12.184381195269012
296,2015,-13.113613950108316
297,2015,-14.669097360911252
298,2015,-15.369435748281546
299,2015,-14.194015748640737
300,2015,-11.586211419735662
301,2015,-14.522354357973597
302,2015,-12.2324192910053
303,2015,-17.43602092286821
304,2015,-11.478871315118184
305,2015,-14.372014275530915
306,2015,-14.288018301526094
307,2015,-18.588603926531064
308,2015,-22.707755413901964
309,2015,-11.587555709940034
310,2015,-22.4065204069731
311,2015,-20.62333522386706
312,2015,-19.229410590063537
313,2015,-20.7695006042281
314,2015,-22.19476315038648
315,2015,-22.97045005406386
316,2015,-23.327327232382828
317,2015,-14.167257815266282
318,2015,-22.894192384034653
319,2015,-12.08823123112569
320,2015,-25.506682724215295
321,2015,-18.83966065522921
322,2015,-19.160278238625835
323,2015,-19.73625205253137
324,2015,-18.042521555143068
325,2015,-18.618800714651172
326,2015,-21.26407279497674
327,2015,-13.066286074385587
328,2015,-19.36397459329217
329,2015,-16.59717852727843
330,2015,-8.908682204017254
331,2015,-18.67625806536627
332,2015,-20.64478646975641
333,2015,-15.925964967745472
334,2015,-13.624452451527446
335,2015,-21.372255678555106
336,2015,-12.17098267676343
337,2015,-12.450306922011507
338,2015,-19.381894242685775
339,2015,-16.775190442315136
340,2015,-18.20698434704471
341,2015,-14.8728429294774
342,2015,-22.30741778468024
343,2015,-13.005724148121345
344,2015,-16.550161420795533
345,2015,-18.906871890343567
346,2015,-9.231737652200735
347,2015,-13.942906569131765
348,2015,-18.405931285123756
349,2015,-14.862121796419956
350,2015,-10.589860319395797
351,2015,-16.530667050201586
352,2015,-17.32070172247765
353,2015,-26.215710511207178
354,2015,-15.385967398742082
355,2015,-14.760732587739824
356,2015,-11.85617856550509
357,2015,-14.27026404301347
358,2015,-20.929659582676607
359,2015,-19.855891449708878
360,2015,-22.16482476729672
361,2015,-26.369698960127266
362,2015,-13.43377227818884
363,2015,-21.620011733961192
364,2015,-9.49086808890435
365,2015,-13.684806929619043
366,2015,-19.302618818383763
367,2015,-26.59812158862198
368,2015,-19.000651034928595
369,2015,-15.367092324683739
370,2015,-11.834455208563071
371,2015,-9.526113968643813
372,2015,-17.82975709748459
373,2015,-13.961509196783396
374,2015,-9.868264218243212
375,2015,-24.32229595180486
376,2015,-18.009387464921886
377,2015,-13.916933623859336
378,2015,-19.75105354023384
379,2015,-11.234940387036701
380,2015,-16.059748021341008
381,2015,-19.448212354795672
382,2015,-17.104584976196023
383,2015,-19.15376888494599
384,2015,-12.415474128955438
385,2015,-22.486169600078796
386,2015,-24.46514069705472
387,2015,-19.582363738106892
388,2015,-21.80101399733448
389,2015,-21.71953977590161
390,2015,-19.069656299932092
391,2015,-13.545482491010006
392,2015,-15.122888639573091
393,2015,-15.379938849553298
394,2015,-17.919120068866903
395,2015,-15.550148887018935
396,2015,-7.396908873219843
397,2015,-18.463414230082975
398,2015,-16.37589358149897
399,2015,-10.341440925257203
400,2015,-17.146260525177354
401,2015,-15.365595852525473
402,2015,-5.680542062481862
403,2015,-24.510714125207073
404,2015,-25.462346875438982
405,2015,-18.26803187704951
406,2015,-18.50042162124646
407,2015,-16.48786666773755
408,2015,-16.35121228373299
409,2015,-17.726484470960344
410,2015,-11.497744745571708
411,2015,-18.569984560962524
412,2015,-12.089971695030869
413,2015,-9.01031809954479
414,2015,-16.479084390219953
415,2015,-12.097470238278248
416,2015,-16.04438157251481
417,2015,-11.157387660771093
418,2015,-24.00024522359763
419,2015,-19.24478632726067
420,2015,-13.116164328537536
421,2015,-8.929771865929666
422,2015,-16.03333035891319
423,2015,-8.408845075588843
424,2015,-19.582653984015366
425,2015,-16.790540092035414
426,2015,-20.087275635694027
427,2015,-19.0509893646136
428,2015,-25.455490957386047
429,2015,-10.951184550022987
430,2015,-12.347243385639572
431,2015,-10.173234040061175
432,2015,-19.42578579522197
433,2015,-12.286009934250771
434,2015,-16.44102507263517
435,2015,-16.513441697705105
436,2015,-10.939153108009421
437,2015,-18.32936967745684
438,2015,-27.037903273736532
439,2015,-11.234653462282196
440,2015,-9.678419523858196
441,2015,-16.8580034231381
442,2015,-21.09422658364383
443,2015,-10.751632300542497
444,2015,-12.745631712178977
445,2015,-13.190452697437934
446,2015,-17.86855942124967
447,2015,-14.30950743546299
448,2015,-19.239690194288926
449,2015,-23.484303678342144
450,2015,-23.37799159585444
451,2015,-16.70250644854255
452,2015,-19.371358041803134
453,2015,-24.51828732878056
454,2015,-5.087836188892425
455,2015,-11.111702678248108
456,2015,-8.530252616157853
457,2015,-10.314751081118544
458,2015,-5.245566119192134
459,2015,-23.023440722181306
460,2015,-16.831634743906676
461,2015,-14.98936705948563
462,2015,-10.119770409557262
463,2015,-19.817296385510332
464,2015,-22.05378328681212
465,2015,-13.516949090449003
466,2015,-18.42370984127885
467,2015,-20.827725570553127
468,2015,-17.158566683338506
469,2015,-13.343520805556409
470,2015,-15.567834610896455
471,2015,-16.87132674537213
472,2015,-19.18194622147513
473,2015,-17.44131391710863
474,2015,-27.1034461865259
475,2015,-15.255947122799341
476,2015,-27.79074410238698
477,2015,-22.384523888054474
478,2015,-19.800567201641385
479,2015,-9.652328983782652
480,2015,-19.28120373804299
481,2015,-19.061073879647523
482,2015,-20.683025844833082
483,2015,-13.238102029652737
484,2015,-19.196421134607846
485,2015,-15.12046329302126
486,2015,-27.691987623938275
487,2015,-18.070366512622456
488,2015,-7.516299577235259
489,2015,-10.687800200551067
490,2015,-11.96509523279829
491,2015,-16.184515162129586
492,2015,-15.989469544965473
493,2015,-15.321485270303583
494,2015,-23.16327255697732
495,2015,-17.899728955338702
496,2015,-15.853216779182418
497,2015,-7.015038303756796
498,2015,-26.381766230399705
499,2015,-9.558247656624673
500,2015,-18.655566192664054
1,2016,-8.516401995139262
2,2016,-20.818243096408835
3,2016,-7.045338135870651
4,2016,-14.23058036822556
5,2016,-12.995942630552477
6,2016,-8.31124605499781
7,2016,-17.38604026320195
8,2016,-6.156806829908618
9,2016,-6.032786184501063
10,2016,-7.674102052473529
11,2016,-20.050768651130625
12,2016,-8.891396299014133
13,2016,-14.013398979546508
14,2016,4.610309127238551
15,2016,-10.103944647874329
16,2016,-14.210258816861597
17,2016,-29.67013999134167
18,2016,-8.679755293161918
19,2016,0.17725616654233534
20,2016,-15.94675353173281
21,2016,-16.877380966741185
22,2016,-5.554389766603123
23,2016,-11.624508805023197
24,2016,-18.109171964212777
25,2016,-9.11476369207574
26,2016,-3.6212817436848184
27,2016,-14.133040871103063
28,2016,-15.82868084178341
29,2016,-10.69499176126125
30,2016,-13.230420734088199
31,2016,-12.320971367324162
32,2016,-20.090366131265654
33,2016,-24.66076014242455
34,2016,-17.30035013048078
35,2016,2.469565631199103
36,2016,-9.455818713224446
37,2016,-10.565827403069363
38,2016,-9.247679229542058
39,2016,-12.036694259247156
40,2016,-16.713054628081608
41,2016,-14.696133724672165
42,2016,-17.468321681983156
43,2016,-19.114602785325843
44,2016,-16.302800814452297
45,2016,-17.48596854563894
46,2016,-15.642682955944252
47,2016,-7.458506902629253
48,2016,-11.871688756652787
49,2016,-13.588244449712107
50,2016,-4.922178688570838
51,2016,-4.878329811446477
52,2016,-11.048148262867286
53,2016,-23.27833116055683
54,2016,-9.541438346111974
55,2016,-7.518407841692678
56,2016,-6.161469376627139
57,2016,3.6054971555934685
58,2016,-11.330555386239226
59,2016,-14.071206764488863
60,2016,-11.990576950189052
61,2016,-6.853267807014404
62,2016,-12.692224434153346
63,2016,-9.340349465140136
64,2016,-18.7710947695318
65,2016,-5.382635222490421
66,2016,-21.667317910002993
67,2016,-10.572617779396694
68,2016,-19.510278849549536
69,2016,0.14070105297111013
70,2016,-10.776699095362943
71,2016,-21.751574204544113
72,2016,-9.127781777909746
73,2016,-14.281792510268701
74,2016,-13.377086752253206
75,2016,-10.95812198781961
76,2016,-19.03908614922821
77,2016,-21.146284996312886
78,2016,-0.8901695970315586
79,2016,-10.447305005991055
80,2016,-5.660323568200525
81,2016,-8.211446164649658
82,2016,-15.06320823790989
83,2016,-4.352673223150859
84,2016,-15.051145703697244
85,2016,-11.073978881883534
86,2016,-15.999214401178506
87,2016,-0.24243040738561206
88,2016,-18.97101198921962
89,2016,-11.662640202622683
90,2016,-14.528913668860824
91,2016,-10.404559339598109
92,2016,-18.412658887204287
93,2016,-16.45288781520037
94,2016,-17.38547750255995
95,2016,-12.014337865274058
96,2016,-19.167327626226296
97,2016,-12.016042641714819
98,2016,-20.267544406551423
99,2016,-13.508168379126403
100,2016,-6.072748734260941
101,2016,3.107367557449507
102,2016,-10.743089710356685
103,2016,-21.883865961070654
104,2016,-14.697014940683971
105,2016,-9.76366078861551
106,2016,-7.9846434292382185
107,2016,-11.599763384252569
108,2016,0.05961266176808522
109,2016,-24.155005849619926
110,2016,-5.4405333825616395
111,2016,-12.645555354189554
112,2016,-16.454033470154428
113,2016,-6.808559117601803
114,2016,-13.080175426910671
115,2016,-16.943368933133968
116,2016,-20.144741267049852
117,2016,-23.03132294290964
118,2016,-23.302623379026898
119,2016,-4.855917799469893
120,2016,-13.559147483447958
121,2016,-9.491617386750761
122,2016,-4.92865134713341
123,2016,-20.24412540047544
124,2016,-18.003022305658476
125,2016,-6.974841839170125
126,2016,-18.028419237490283
127,2016,-9.369091139324325
128,2016,-20.413053046245608
129,2016,-10.797896030678203
130,2016,-15.211344052515301
131,2016,-10.300715507710834
132,2016,-11.169217828216688
133,2016,-6.100670208327102
134,2016,-9.046523288705728
135,2016,-20.83927052600177
136,2016,-12.663210960628646
137,2016,-15.106885076184483
138,2016,-9.16250653525887
139,2016,-12.437354933084663
140,2016,-19.547673681293247
141,2016,-15.916746231042112
142,2016,-4.059098256642969
143,2016,-15.452031487924671
144,2016,-6.434690185596821
145,2016,-14.971922822596923
146,2016,-6.169443883214782
147,2016,-6.607246971734099
148,2016,-7.728258101327484
149,2016,-7.609340769243772
150,2016,-13.830185112642454
151,2016,-6.538276581108278
152,2016,-16.8473618046024
153,2016,-11.711204989715839
154,2016,-11.5787441314488
155,2016,-19.284100935111482
156,2016,-17.10985077847593
157,2016,-24.299957897103866
158,2016,-21.509417881138802
159,2016,-11.437429928398302
160,2016,-26.749289598283283
161,2016,-22.42004456406326
162,2016,-21.208772052506504
163,2016,-21.066615591331157
164,2016,-4.029013395622073
165,2016,-12.005777831474674
166,2016,-14.795705342229155
167,2016,-15.346586577755687
168,2016,-23.748507812939664
169,2016,-19.291342314151706
170,2016,-11.278527735463399
171,2016,-11.79723851024201
172,2016,-13.385535237036379
173,2016,-5.017991419513393
174,2016,-10.747270460768448
175,2016,-3.1772209663957085
176,2016,-26.75693929802054
177,2016,-17.721508294177426
178,2016,-11.840822839228053
179,2016,-18.6627936057653
180,2016,-21.64251356745585
181,2016,-9.626766381171663
182,2016,-6.301610339539735
183,2016,-19.508830039087613
184,2016,-19.64421418950394
185,2016,-21.33236936809564
186,2016,-12.746679965298867
187,2016,-12.695792813954384
188,2016,-13.884213170874403
189,2016,-8.691694633605465
190,2016,-10.581336059904814
191,2016,-19.591069833329556
192,2016,-11.057728077633357
193,2016,-19.46098178805491
194,2016,-14.932723964854262
195,2016,-14.271019334438677
196,2016,-4.255421403783117
197,2016,-3.264875703952029
198,2016,-18.948115765497533
199,2016,0.10424211338587952
200,2016,-16.260734529131184
201,2016,-16.02157328253844
202,2016,-14.349475203405348
203,2016,-15.941368929481996
204,2016,-20.173349631684317
205,2016,-15.359108099232387
206,2016,-24.543729782425203
207,2016,-19.420365984072703
208,2016,-20.634331809197178
209,2016,-3.9799225864677368
210,2016,-23.248135431021694
211,2016,-9.257109405479525
212,2016,-17.418893554890218
213,2016,-14.676541814534886
214,2016,-10.39891296641315
215,2016,-7.5185603567581865
216,2016,-5.433539375962511
217,2016,-10.702880637792333
218,2016,-13.14345335566074
219,2016,-7.351837466234102
220,2016,0.258723740424017
221,2016,-17.219212646030968
222,2016,-21.527123391828496
223,2016,-14.655238028904265
224,2016,-20.53993388737402
225,2016,-23.840095306612852
226,2016,-12.795855975265795
227,2016,-24.757980297383
228,2016,-12.56426075265631
229,2016,-22.12760524751471
230,2016,-14.85519274692723
231,2016,-18.91825106333806
232,2016,-16.907859101232532
233,2016,-13.97700875022366
234,2016,-12.61298937606469
235,2016,-20.86950617846705
236,2016,-13.332716382078758
237,2016,-11.045566416353651
238,2016,-13.13166540208627
239,2016,-20.877863599317777
240,2016,-10.39492308551344
241,2016,-17.315775703471218
242,2016,0.9251917020226159
243,2016,-15.725397769914565
244,2016,-13.214505864921762
245,2016,-16.633170303366967
246,2016,-20.822035923831407
247,2016,-16.475784728169856
248,2016,-12.76857397414173
249,2016,-15.897839337256386
250,2016,-10.069945543332452
251,2016,-13.887776238696944
252,2016,-12.628267747187877
253,2016,-15.583426822993403
254,2016,-19.310044477534547
255,2016,-13.059839416769549
256,2016,1.217975990873228
257,2016,-12.087262217028893
258,2016,2.8296952619379567
259,2016,-10.92399395167162
260,2016,-4.3865551332441015
261,2016,-0.5477791061959607
262,2016,-12.800704121688469
263,2016,-11.620423538035752
264,2016,2.1639611374466625
265,2016,-15.457298276985284
266,2016,-15.717516939063472
267,2016,-12.76771327225255
268,2016,-10.119294386865263
269,2016,-23.279690796885177
270,2016,-16.46387025854945
271,2016,-13.258992670515994
272,2016,-20.175520288067787
273,2016,-4.687889038102128
274,2016,-18.907195032408765
275,2016,-9.31836437945519
276,2016,-17.395618522841545
277,2016,-13.378337264392513
278,2016,-24.3102575195866
279,2016,-5.295219488363031
280,2016,-17.008944170573074
281,2016,-16.7212307160884
282,2016,-16.228060857137535
283,2016,-17.850897116191106
284,2016,-20.05292243687748
285,2016,-16.25729354621967
286,2016,-16.286990207095812
287,2016,-8.2328797162737
288,2016,-10.074325590860326
289,2016,-16.243961085640095
290,2016,-8.062257912011034
291,2016,-8.118251184858224
292,2016,-21.43769093641359
293,2016,-25.988168522525996
294,2016,-13.34385653719633
295,2016,-4.220946155776929
296,2016,-13.028403023495116
297,2016,-15.475039154524382
298,2016,-14.042854611948314
299,2016,-10.17216287094925
300,2016,-2.957750330299163
301,2016,-13.860703149889844
302,2016,-10.848862358236943
303,2016,-20.428379539622398
304,2016,-4.596478578349462
305,2016,-15.902909851275183
306,2016,-15.9512817778039
307,2016,-17.929780194351665
308,2016,-14.90553808543504
309,2016,-17.400208339051574
310,2016,-22.44827900518817
311,2016,-19.964306548716678
312,2016,-20.899124863063122
313,2016,-9.056313525844189
314,2016,-19.10001687878554
315,2016,-16.068916492914553
316,2016,-18.181998492087843
317,2016,-6.15976150061303
318,2016,-23.801303365379
319,2016,-9.881612765131692
320,2016,-12.7408453305097
321,2016,-16.388879667393468
322,2016,-10.618974271658232
323,2016,-22.219374141747494
324,2016,-9.413723832207282
325,2016,-16.71067570257975
326,2016,-15.065223145640118
327,2016,-7.199217561739701
328,2016,-15.694890128142106
329,2016,-0.9883204123083829
330,2016,-11.715525411863524
331,2016,-10.784801158680551
332,2016,-15.227907259059435
333,2016,-14.200680973846943
334,2016,-16.755475456108456
335,2016,-3.7919398542389473
336,2016,-6.083957783009211
337,2016,-6.403273616789107
338,2016,-21.812823634304067
339,2016,-16.208444521074227
340,2016,-19.4663210520508
341,2016,-19.817804594452213
342,2016,-11.38589490703609
343,2016,-10.861729641090335
344,2016,-10.329037151906007
345,2016,-19.478551329392857
346,2016,-19.008899914952394
347,2016,-12.085070480202575
348,2016,-17.987059372934112
349,2016,-12.845920630685498
350,2016,-6.325778569314252
351,2016,-16.0859337711765
352,2016,-15.223749161607032
353,2016,-11.469143000155825
354,2016,-11.335393865697625
355,2016,-1.572847892739901
356,2016,-2.151461752676866
357,2016,-16.08907536743351
358,2016,-20.942376973579343
359,2016,-12.44101418953079
360,2016,-6.826779418609192
361,2016,-22.9732552022175
362,2016,-12.17566402661457
363,2016,-14.124805999563804
364,2016,-2.4819279810046595
365,2016,-19.02924306500867
366,2016,-16.11323741909007
367,2016,-15.181897928958591
368,2016,6.986119322400754
369,2016,-23.15944406837454
370,2016,-11.174413102860854
371,2016,-7.810993763971084
372,2016,-16.659433234452877
373,2016,-13.312414144328926
374,2016,-5.533469965351941
375,2016,-13.835067080806112
376,2016,-12.716878933939384
377,2016,-21.860053886041158
378,2016,-18.04826149255595
379,2016,-2.2621485125726224
380,2016,-10.360694300563878
381,2016,-10.81058815123582
382,2016,1.1646295589026607
383,2016,-13.732861493442797
384,2016,-7.601309253048058
385,2016,-22.170753367664503
386,2016,-18.723217577208146
387,2016,-17.405915706599018
388,2016,-15.132420931944154
389,2016,-21.843671551309285
390,2016,-19.695188601269734
391,2016,-12.686214689749846
392,2016,-20.128367922140967
393,2016,-13.946541450475635
394,2016,-16.103137083195946
395,2016,-18.33167982411723
396,2016,-5.279964895918113
397,2016,-18.57366298305007
398,2016,-14.101776478786547
399,2016,-11.486886745505686
400,2016,-11.599289970589595
401,2016,-21.325980223139595
402,2016,-2.0819020595456266
403,2016,-19.170996377010624
404,2016,-17.10326329358452
405,2016,-9.36455027748434
406,2016,-17.886951261942443
407,2016,-13.897499648688793
408,2016,-7.30499139652926
409,2016,-17.104197349282202
410,2016,-10.035548703455845
411,2016,-12.382710585825464
412,2016,-12.167545868547762
413,2016,-1.8093479490811148
414,2016,-9.045973215624457
415,2016,-11.538055855622503
416,2016,-11.705096536133482
417,2016,-11.198875798909285
418,2016,-22.24813764820587
419,2016,-18.198985148679697
420,2016,-11.87136962032173
421,2016,-10.368561186760545
422,2016,-22.211976241011
423,2016,-3.633343559965354
424,2016,-20.704178722971392
425,2016,-9.847450265863557
426,2016,-24.31397530838848
427,2016,-20.572666308286273
428,2016,-22.72159143745472
429,2016,-7.166031381884949
430,2016,-2.552198311004773
431,2016,-14.082909502327993
432,2016,-17.218956156938333
433,2016,-6.304034355790108
434,2016,-18.189474852197264
435,2016,-21.694412604088825
436,2016,-6.454568006798624
437,2016,-25.9065307077432
438,2016,-19.28459980714416
439,2016,-9.014283217584492
440,2016,-5.97558327939916
441,2016,1.7216943604711474
442,2016,-10.690979186703942
443,2016,-12.399506604105596
444,2016,-7.39453425523476
445,2016,-11.492875138070858
446,2016,-24.090400366979566
447,2016,-12.746904108701841
448,2016,-0.7551872519430702
449,2016,-13.359678134350276
450,2016,-23.806472056877595
451,2016,-19.822969429936336
452,2016,-4.362456664649557
453,2016,-17.393771169046317
454,2016,-3.333389829664611
455,2016,-7.732043745995867
456,2016,-10.313718376464507
457,2016,-12.388380352679775
458,2016,-12.206075761713862
459,2016,-20.110750488645323
460,2016,-9.368888503167454
461,2016,-18.83546743898384
462,2016,-2.091945867044714
463,2016,-19.41090519245398
464,2016,-21.027535052790626
465,2016,-3.7136948273297037
466,2016,-17.23264885349809
467,2016,-17.75408097639138
468,2016,-16.085529205652705
469,2016,-6.546544645042275
470,2016,-13.872403628665268
471,2016,-11.731798675259029
472,2016,-18.862956265875596
473,2016,-15.00068991401119
474,2016,-13.988596136495516
475,2016,-14.570359605643404
476,2016,-21.45226836996713
477,2016,-24.201071915268983
478,2016,-5.58196729709168
479,2016,-17.436608908603503
480,2016,-14.00631242561181
481,2016,-15.406425802801408
482,2016,-13.265731050626641
483,2016,-14.903671914597425
484,2016,-12.995305305632584
485,2016,-11.993228785291237
486,2016,-16.316576396375893
487,2016,-16.607602499105624
488,2016,-10.150604899878516
489,2016,-6.331428365045269
490,2016,-9.534626715479675
491,2016,-14.42597139387216
492,2016,-11.95385519405906
493,2016,-16.98733426187914
494,2016,-18.908793872998956
495,2016,-14.259532737244967
496,2016,-20.436310536833105
497,2016,-4.503305352933083
498,2016,-3.9601774561268996
499,2016,-9.343492393779997
500,2016,-15.730987253974803
1,2017,-15.684077764960875
2,2017,-31.869772183522244
3,2017,-12.35604257227834
4,2017,-20.74846269723679
5,2017,-20.912156447167206
6,2017,-18.936398082048868
7,2017,-24.927655252732777
8,2017,-18.065813422672335
9,2017,-17.30889430120972
10,2017,-22.534159043236798
11,2017,-34.23371831948771
12,2017,-15.761105183121074
13,2017,-23.247761208492136
14,2017,2.9389721201582546
15,2017,-22.88501890134458
16,2017,-23.999739000149646
17,2017,-36.016369364298754
18,2017,-13.284570214003054
19,2017,-2.967289070774285
20,2017,-26.615813868473282
21,2017,-28.050636193018534
22,2017,-11.9392270355373
23,2017,-24.37634257102073
24,2017,-29.066997499226744
25,2017,-21.778376074042626
26,2017,-12.337980400577436
27,2017,-24.79871273651034
28,2017,-25.411257582932677
29,2017,-19.902762216995583
30,2017,-25.966570675774065
31,2017,-20.223907904227403
32,2017,-28.74891550420361
33,2017,-30.780873871404594
34,2017,-33.40293771172773
35,2017,-5.790842075176627
36,2017,-19.178389091358753
37,2017,-24.48380972146896
38,2017,-19.47030303325255
39,2017,-17.895616243478827
40,2017,-26.13730176578801
41,2017,-19.803623437111185
42,2017,-31.05597609960165
43,2017,-25.44254556976159
44,2017,-27.530671880915293
45,2017,-21.929181119594148
46,2017,-28.63882386598536
47,2017,-14.287150580242255
48,2017,-24.640517122241647
49,2017,-24.879395587266288
50,2017,-10.990649975178954
51,2017,-14.387397403038207
52,2017,-25.99580496267542
53,2017,-28.731507550620478
54,2017,-17.761982868573952
55,2017,-14.765792768307492
56,2017,-16.21806854076131
57,2017,-4.605735679212884
58,2017,-23.33557617420739
59,2017,-22.533827508702416
60,2017,-20.338814639449538
61,2017,-15.37774262257578
62,2017,-23.723672163119573
63,2017,-15.418437921442987
64,2017,-23.955278431039176
65,2017,-10.59366141107391
66,2017,-28.689371069590635
67,2017,-16.26110086045864
68,2017,-31.049529045832145
69,2017,-4.790443906639695
70,2017,-18.121429395915058
71,2017,-32.99477751276987
72,2017,-27.195280067068495
73,2017,-26.20250134792704
74,2017,-25.46694503909856
75,2017,-19.502694948401867
76,2017,-32.3625563385894
77,2017,-31.06408617250571
78,2017,-11.805026655836528
79,2017,-19.202477450477232
80,2017,-15.270210351550858
81,2017,-17.75059924941735
82,2017,-22.768776331516037
83,2017,-14.98532098931399
84,2017,-25.717761215231462
85,2017,-27.217451315720268
86,2017,-31.52983469171238
87,2017,-15.89809503332711
88,2017,-29.09594763512726
89,2017,-22.842761565431275
90,2017,-23.02114138640981
91,2017,-20.068417383082107
92,2017,-28.251158975307646
93,2017,-25.10878568772597
94,2017,-23.945101514117482
95,2017,-18.27552497473573
96,2017,-28.270264776845977
97,2017,-28.989967199423006
98,2017,-30.736213736670237
99,2017,-24.122317079798677
100,2017,-22.30678323682072
101,2017,-1.567702135483728
102,2017,-14.491972368511455
103,2017,-30.0178992866158
104,2017,-22.25749343411576
105,2017,-13.307939446609538
106,2017,-13.189144473535691
107,2017,-21.552499588312642
108,2017,-14.34638729799073
109,2017,-34.68559572509557
110,2017,-17.86899025137481
111,2017,-22.599380697957884
112,2017,-26.630827249269515
113,2017,-9.051988987565707
114,2017,-14.207085999097416
115,2017,-29.839561098345797
116,2017,-32.319633041785806
117,2017,-33.97284625802658
118,2017,-29.240742249509594
119,2017,-8.673569371387629
120,2017,-20.97847310545086
121,2017,-14.342778832916451
122,2017,-12.550279385246611
123,2017,-31.984241075266738
124,2017,-25.86971611966746
125,2017,-12.270640869399429
126,2017,-22.803432207866166
127,2017,-21.741236706456704
128,2017,-29.624652187364518
129,2017,-16.890006652837627
130,2017,-29.73817275986491
131,2017,-16.60916508044869
132,2017,-16.07226722208759
133,2017,-13.550579840386092
134,2017,-13.7261554253094
135,2017,-29.473668085422617
136,2017,-17.45531526899495
137,2017,-27.756512006445035
138,2017,-26.95141797529476
139,2017,-24.971826658900284
140,2017,-29.919815177245084
141,2017,-20.819473705504606
142,2017,-11.988487275284214
143,2017,-32.524196209819294
144,2017,-12.0493136274917
145,2017,-30.553171773938573
146,2017,-7.431846028269646
147,2017,-22.4645462515804
148,2017,-26.221604647995704
149,2017,-16.82559303314025
150,2017,-22.91161463117308
151,2017,-19.683914560969583
152,2017,-29.168899087455088
153,2017,-19.142070632388965
154,2017,-15.89313421244789
155,2017,-27.413051933007196
156,2017,-33.273072662151435
157,2017,-32.73740246440681
158,2017,-28.732126584439868
159,2017,-20.143490513762913
160,2017,-35.73522558849986
161,2017,-30.516844370544817
162,2017,-35.6483558434671
163,2017,-31.6111272613482
164,2017,-6.416708168755946
165,2017,-27.431700504602162
166,2017,-26.00254963848326
167,2017,-25.65220643609237
168,2017,-29.98369694336509
169,2017,-28.470824223193375
170,2017,-17.11886185085598
171,2017,-14.013831322844254
172,2017,-22.64429770567051
173,2017,-7.759727610227671
174,2017,-28.411977819535394
175,2017,-18.4544094654119
176,2017,-36.52186998444864
177,2017,-26.505437878729794
178,2017,-16.120607342350752
179,2017,-28.356637541193805
180,2017,-24.95982742977108
181,2017,-28.50772373204785
182,2017,-23.96664053088446
183,2017,-27.609572016113518
184,2017,-24.300803599407402
185,2017,-28.643551503790547
186,2017,-27.46558479759898
187,2017,-21.535117467799992
188,2017,-25.75997139666876
189,2017,-20.80252642656022
190,2017,-18.82875748076539
191,2017,-28.528187682188616
192,2017,-14.54615680354695
193,2017,-25.283374890362452
194,2017,-22.67596641487208
195,2017,-23.508961237299616
196,2017,-19.769602802972457
197,2017,-10.97649744313189
198,2017,-24.003105981354196
199,2017,-14.12969157513588
200,2017,-30.025666541880014
201,2017,-24.98220629426899
202,2017,-25.2701043998575
203,2017,-29.95152152611655
204,2017,-26.822469391711593
205,2017,-26.624158858943403
206,2017,-29.016428262437273
207,2017,-29.8867917388404
208,2017,-30.970691519702555
209,2017,-10.682190840956238
210,2017,-34.11616864733452
211,2017,-16.818133983734157
212,2017,-26.092100648091957
213,2017,-24.301209716543354
214,2017,-12.194362468787233
215,2017,-11.144220633536193
216,2017,-11.86899713179487
217,2017,-23.570324683930068
218,2017,-26.79108020776627
219,2017,-9.527164686127222
220,2017,-9.221707413874682
221,2017,-30.234855029547617
222,2017,-32.778484807655474
223,2017,-23.415489537738964
224,2017,-30.951745462349663
225,2017,-33.23131277035702
226,2017,-23.03839124808556
227,2017,-31.737452819002556
228,2017,-17.699157881282304
229,2017,-30.538664221215043
230,2017,-23.459590536198732
231,2017,-23.433944091522733
232,2017,-26.548404926276532
233,2017,-29.567866474759086
234,2017,-18.592854535097274
235,2017,-28.894108886024583
236,2017,-21.194180628530034
237,2017,-16.04473470475942
238,2017,-24.39327747961866
239,2017,-32.138095009137004
240,2017,-19.12206857345012
241,2017,-25.01202601195027
242,2017,-4.30431743018039
243,2017,-28.63871355316124
244,2017,-21.60880170696595
245,2017,-20.733081690052387
246,2017,-25.607792111982235
247,2017,-23.02353392902981
248,2017,-19.317376916523358
249,2017,-18.443876091629306
250,2017,-11.153058682463652
251,2017,-21.84541299531159
252,2017,-20.960730411444885
253,2017,-28.9298740614978
254,2017,-34.54606930015555
255,2017,-21.616747814746716
256,2017,-0.5119985980918074
257,2017,-22.286555089236316
258,2017,-4.713903486250516
259,2017,-18.051738847850416
260,2017,-15.393574914524066
261,2017,-15.889707445492135
262,2017,-17.522831150259904
263,2017,-18.490665634604383
264,2017,-3.675309845587549
265,2017,-20.06352801289526
266,2017,-19.993961530615422
267,2017,-24.083784572327275
268,2017,-19.548802274848924
269,2017,-38.93259526405626
270,2017,-32.20451267045701
271,2017,-21.973394250430857
272,2017,-27.17789590776073
273,2017,-18.758056417413542
274,2017,-33.073089388868425
275,2017,-23.360069110725405
276,2017,-27.26980274561413
277,2017,-28.955359954546452
278,2017,-35.071692517676695
279,2017,-18.35276551833553
280,2017,-28.128698059257914
281,2017,-29.49864573062999
282,2017,-22.256297103552924
283,2017,-31.690176908888645
284,2017,-25.909611115118764
285,2017,-32.38877290448801
286,2017,-20.9352178678555
287,2017,-10.570999873906246
288,2017,-16.918087397637763
289,2017,-21.930864781763816
290,2017,-22.657170042572105
291,2017,-8.589255904154271
292,2017,-30.568935462184356
293,2017,-35.941258029815856
294,2017,-23.626136666472192
295,2017,-9.911476076469384
296,2017,-15.747444150876902
297,2017,-25.824314192503977
298,2017,-24.336448223623336
299,2017,-16.914457314399584
300,2017,-11.961962787248112
301,2017,-26.434481007833256
302,2017,-13.396099845774216
303,2017,-26.517624071651994
304,2017,-13.440368816274315
305,2017,-21.762603445753513
306,2017,-25.202752534524976
307,2017,-24.025100554922105
308,2017,-28.299316461160544
309,2017,-24.36204358066888
310,2017,-33.585380457291734
311,2017,-27.223254396784455
312,2017,-26.635163819089087
313,2017,-24.97945597735007
314,2017,-26.387103409206986
315,2017,-30.273376711712388
316,2017,-32.40414817139191
317,2017,-11.3854780546487
318,2017,-34.790676368231175
319,2017,-15.21538826376289
320,2017,-31.47109536923182
321,2017,-24.53031537092849
322,2017,-20.699700075049705
323,2017,-25.196142300731708
324,2017,-21.570749065642005
325,2017,-29.882686734063668
326,2017,-23.520875349378045
327,2017,-15.960827316625299
328,2017,-27.11580963268213
329,2017,-15.875792178085362
330,2017,-16.905319640065983
331,2017,-21.91653646972982
332,2017,-24.15076046458634
333,2017,-25.77702015029962
334,2017,-23.33494092824955
335,2017,-27.185601600233426
336,2017,-14.955163341128724
337,2017,-11.999508612111157
338,2017,-29.328868384489766
339,2017,-24.141296509430873
340,2017,-28.94238849595976
341,2017,-27.1209083379608
342,2017,-25.00629632256897
343,2017,-19.496983613491437
344,2017,-18.599963757407025
345,2017,-29.721852627960757
346,2017,-23.347694269623076
347,2017,-15.248660467923798
348,2017,-29.22687847370014
349,2017,-17.189869153289806
350,2017,-5.12471552971968
351,2017,-22.89361005836396
352,2017,-25.439059263165802
353,2017,-28.533607043909754
354,2017,-22.57801807774922
355,2017,-13.359037618057826
356,2017,-11.983835376882922
357,2017,-25.224652392269974
358,2017,-34.770648605538014
359,2017,-23.39218208804249
360,2017,-22.493295984687876
361,2017,-31.003765548236686
362,2017,-18.61743942545685
363,2017,-26.306948947000237
364,2017,-2.275568887478798
365,2017,-28.53116655200398
366,2017,-30.859936771531437
367,2017,-31.511169232631175
368,2017,-8.190952134879495
369,2017,-29.617318558339235
370,2017,-18.942505004001987
371,2017,-16.15325642683601
372,2017,-26.25471990251998
373,2017,-22.90931747755468
374,2017,-10.354566130916794
375,2017,-25.274324624409857
376,2017,-22.370941475266662
377,2017,-25.603544829995826
378,2017,-36.798271343178556
379,2017,-13.696980777869328
380,2017,-21.72527958500349
381,2017,-26.254866664286183
382,2017,-14.019462895207042
383,2017,-26.452288243130354
384,2017,-17.21677312701125
385,2017,-34.53341300132686
386,2017,-28.014391225877205
387,2017,-31.99918962737624
388,2017,-28.163961480556253
389,2017,-33.5208883862463
390,2017,-29.120103683453408
391,2017,-24.931608931479616
392,2017,-23.01036308399688
393,2017,-22.444335297585866
394,2017,-27.957231636008174
395,2017,-25.24159148577263
396,2017,-8.65920403598598
397,2017,-28.70719908193857
398,2017,-22.975126881585894
399,2017,-13.253750786928393
400,2017,-20.52684160701007
401,2017,-25.576164167324293
402,2017,-7.484458626366887
403,2017,-29.115152349849495
404,2017,-26.606927545525423
405,2017,-21.570764677527706
406,2017,-24.478819006163945
407,2017,-26.38005742523508
408,2017,-21.694690170794004
409,2017,-26.825952703142747
410,2017,-13.719697004729
411,2017,-20.40104081904488
412,2017,-15.466058787949692
413,2017,-8.392867926838761
414,2017,-17.56911317025687
415,2017,-17.825050368030332
416,2017,-19.92928294839541
417,2017,-15.100605897501879
418,2017,-30.653454151326002
419,2017,-28.40573004382165
420,2017,-15.661659001753605
421,2017,-15.471886823670005
422,2017,-27.07601371980843
423,2017,-8.027948735747543
424,2017,-28.699865476855194
425,2017,-23.080298973978586
426,2017,-31.63725141641777
427,2017,-27.90774885896306
428,2017,-33.882043629620995
429,2017,-13.606872969331022
430,2017,-14.492683677501546
431,2017,-17.39915991795816
432,2017,-29.216221828548925
433,2017,-15.649277941323007
434,2017,-30.194936107824503
435,2017,-27.575052071512317
436,2017,-12.676452207397787
437,2017,-29.8021158591971
438,2017,-31.696049170948356
439,2017,-19.414889086878517
440,2017,-15.22216908430346
441,2017,-10.479832313051048
442,2017,-24.656479624920706
443,2017,-21.578674054549936
444,2017,-17.336248081577253
445,2017,-18.649976956229395
446,2017,-35.35860377577819
447,2017,-18.68215522291578
448,2017,-18.089248828990023
449,2017,-23.205867002282275
450,2017,-38.24091235925815
451,2017,-31.536201235018183
452,2017,-18.796931486144274
453,2017,-33.62813614698524
454,2017,-8.810175196642831
455,2017,-11.708262143751838
456,2017,-19.4202605382561
457,2017,-19.75183642805493
458,2017,-14.218136181303905
459,2017,-29.075200569474333
460,2017,-25.55769235377656
461,2017,-22.26072918195362
462,2017,-12.5263155624517
463,2017,-20.74505511319029
464,2017,-37.21544513959523
465,2017,-17.6185367568211
466,2017,-28.381473816858573
467,2017,-22.523909515285197
468,2017,-25.92734082542225
469,2017,-15.658215760700443
470,2017,-20.7084135548711
471,2017,-16.69957774435852
472,2017,-27.13387839166495
473,2017,-30.458650101334882
474,2017,-23.462794765941197
475,2017,-23.124397773501897
476,2017,-34.56390158461596
477,2017,-30.839648330482646
478,2017,-16.18577208239084
479,2017,-19.280212276554337
480,2017,-21.843600193896776
481,2017,-27.3575290506341
482,2017,-21.002819814513316
483,2017,-22.84278177919876
484,2017,-20.8735127523004
485,2017,-29.568381065612854
486,2017,-29.67595697273461
487,2017,-21.720375037806434
488,2017,-15.782541840549612
489,2017,-10.800451309251628
490,2017,-15.156527205963954
491,2017,-24.380736857254092
492,2017,-19.26927039120804
493,2017,-22.360273364912445
494,2017,-26.455006503220346
495,2017,-22.050656849587313
496,2017,-32.98168042077009
497,2017,-10.429925482883633
498,2017,-20.81054839316039
499,2017,-24.214391747781832
500,2017,-21.87459744222187
