omega,weighting
5.5651945573891e-4,Equally weighted
6.201146939712022e-4,Equally weighted
5.598562072729249e-4,Equally weighted
5.591781617522027e-4,Equally weighted
6.108448926903001e-4,Equally weighted
5.273818322915566e-4,Equally weighted
6.305826158717283e-4,Equally weighted
5.813105310875365e-4,Equally weighted
6.315199488940584e-4,Equally weighted
5.873860424699508e-4,Equally weighted
6.238435749449774e-4,Equally weighted
5.548667831294137e-4,Equally weighted
5.752676569689686e-4,Equally weighted
5.684561044044202e-4,Equally weighted
5.595919571454594e-4,Equally weighted
6.498593880571576e-4,Equally weighted
5.743334045582371e-4,Equally weighted
6.469012977586269e-4,Equally weighted
6.206120551174904e-4,Equally weighted
6.002470100666495e-4,Equally weighted
6.238609615627646e-4,Equally weighted
6.038688447001881e-4,Equally weighted
6.411494644110402e-4,Equally weighted
6.583008825156153e-4,Equally weighted
6.029774660255781e-4,Equally weighted
6.178538960584297e-4,Equally weighted
6.203980146406011e-4,Equally weighted
6.231003953865584e-4,Equally weighted
6.055233765087928e-4,Equally weighted
6.188877985762256e-4,Equally weighted
5.752770675708735e-4,Equally weighted
6.624817910739971e-4,Equally weighted
5.501610904622185e-4,Equally weighted
6.985256950237777e-4,Equally weighted
5.573137368717413e-4,Equally weighted
6.507092859429041e-4,Equally weighted
6.180684580577927e-4,Equally weighted
6.190057675787096e-4,Equally weighted
6.056806962203105e-4,Equally weighted
6.095914038464093e-4,Equally weighted
5.800408687473924e-4,Equally weighted
6.428384262056663e-4,Equally weighted
5.759120378635266e-4,Equally weighted
5.612688561005217e-4,Equally weighted
6.11488751125099e-4,Equally weighted
6.008628741431828e-4,Equally weighted
6.608962953005335e-4,Equally weighted
6.207195334158145e-4,Equally weighted
5.909906407309445e-4,Equally weighted
6.12043267360884e-4,Equally weighted
5.809975612648925e-4,Equally weighted
6.172612195027191e-4,Equally weighted
6.88666379379982e-4,Equally weighted
6.528069887649443e-4,Equally weighted
5.378921077029611e-4,Equally weighted
6.26758265928848e-4,Equally weighted
6.746197096261639e-4,Equally weighted
5.785116493040777e-4,Equally weighted
6.235181231934165e-4,Equally weighted
5.737170585597801e-4,Equally weighted
5.608548196955086e-4,Equally weighted
5.140784221794641e-4,Equally weighted
6.120591208423323e-4,Equally weighted
6.549375790386192e-4,Equally weighted
5.615132830295835e-4,Equally weighted
4.96918075335144e-4,Equally weighted
6.349532876896619e-4,Equally weighted
6.004274345761206e-4,Equally weighted
6.23456195084927e-4,Equally weighted
5.760763818027897e-4,Equally weighted
5.582600051984048e-4,Equally weighted
6.116404423590113e-4,Equally weighted
6.167481002247119e-4,Equally weighted
6.57789227116174e-4,Equally weighted
6.168054936306177e-4,Equally weighted
6.274748881560665e-4,Equally weighted
6.150373001775496e-4,Equally weighted
6.324022530795396e-4,Equally weighted
6.039474180702872e-4,Equally weighted
6.411192782411349e-4,Equally weighted
5.146963487317909e-4,Equally weighted
6.09688772693112e-4,Equally weighted
6.040243279402119e-4,Equally weighted
5.8576959585201e-4,Equally weighted
5.726494746143278e-4,Equally weighted
5.785742817391973e-4,Equally weighted
6.332799593045148e-4,Equally weighted
5.498424096663301e-4,Equally weighted
6.585717231265572e-4,Equally weighted
5.987031080772473e-4,Equally weighted
6.327468268113365e-4,Equally weighted
5.634443506744016e-4,Equally weighted
6.155167546469416e-4,Equally weighted
5.80782509839871e-4,Equally weighted
6.121342495117785e-4,Equally weighted
6.083491090645124e-4,Equally weighted
5.913553421344262e-4,Equally weighted
6.03550211420087e-4,Equally weighted
6.422784059289185e-4,Equally weighted
6.402904392283544e-4,Equally weighted
6.115795467274367e-4,Equally weighted
6.110073965712313e-4,Equally weighted
6.084952948616313e-4,Equally weighted
6.127612111695818e-4,Equally weighted
5.888210704859222e-4,Equally weighted
6.144975072494414e-4,Equally weighted
6.169359068303296e-4,Equally weighted
5.919883092958402e-4,Equally weighted
6.070982986791378e-4,Equally weighted
6.142404438581261e-4,Equally weighted
6.260412505321596e-4,Equally weighted
6.116972995046168e-4,Equally weighted
6.156618995372069e-4,Equally weighted
5.768833052197026e-4,Equally weighted
6.14344716010919e-4,Equally weighted
6.11387098692529e-4,Equally weighted
6.154941447369471e-4,Equally weighted
6.113729869588609e-4,Equally weighted
6.183975522436837e-4,Equally weighted
6.054853932869933e-4,Equally weighted
6.14462460679953e-4,Equally weighted
6.337401978127205e-4,Equally weighted
6.13435504807871e-4,Equally weighted
6.102833024402121e-4,Equally weighted
6.229115051637614e-4,Equally weighted
6.14346301192049e-4,Equally weighted
6.108386117343347e-4,Equally weighted
6.213627144868819e-4,Equally weighted
6.410738998386918e-4,Equally weighted
4.96918075335144e-4,Equally weighted
6.049077343454605e-4,Equally weighted
0.00064472398945192755,Equally weighted
6.040191815905482e-4,Equally weighted
6.554259189140601e-4,Equally weighted
5.592888399232631e-4,Equally weighted
5.787514797244514e-4,Equally weighted
4.96918075335144e-4,Equally weighted
5.810934527055984e-4,Equally weighted
6.215946492352117e-4,Equally weighted
6.829857324831148e-4,Equally weighted
6.271751409008963e-4,Equally weighted
6.237078606649955e-4,Equally weighted
5.531922079946085e-4,Equally weighted
6.73106164573828e-4,Equally weighted
5.775333186506737e-4,Equally weighted
5.873748021599294e-4,Equally weighted
5.15161460740948e-4,Equally weighted
5.540230906816842e-4,Equally weighted
6.080798998521892e-4,Equally weighted
5.811509083911957e-4,Equally weighted
6.259935766210401e-4,Equally weighted
5.699739712319617e-4,Equally weighted
6.125127649570964e-4,Equally weighted
5.829115746267181e-4,Equally weighted
6.900378353359486e-4,Equally weighted
5.8551334517328e-4,Equally weighted
5.993450521548141e-4,Equally weighted
5.849824968328606e-4,Equally weighted
5.743299059462955e-4,Equally weighted
6.000939023315922e-4,Equally weighted
6.173883472476663e-4,Equally weighted
5.86896630976956e-4,Equally weighted
6.143001690130534e-4,Equally weighted
9.579741109702879e-4,Equally weighted
5.875849024972635e-4,Equally weighted
5.50244139359849e-4,Equally weighted
6.042960569007011e-4,Equally weighted
6.620784350291842e-4,Equally weighted
5.996826402622401e-4,Equally weighted
6.202017040260689e-4,Equally weighted
6.13948898728857e-4,Equally weighted
6.041531918161227e-4,Equally weighted
6.996513215237427e-4,Equally weighted
6.209313391176993e-4,Equally weighted
5.726201496660142e-4,Equally weighted
5.543315676133562e-4,Equally weighted
6.097562759280801e-4,Equally weighted
6.13527817036071e-4,Equally weighted
7.113276505518929e-4,Equally weighted
6.27210497334431e-4,Equally weighted
5.884980154682571e-4,Equally weighted
6.032305837013645e-4,Equally weighted
6.081489219657857e-4,Equally weighted
5.826178897233832e-4,Equally weighted
5.835543078365784e-4,Equally weighted
6.211102297258179e-4,Equally weighted
5.55959246197125e-4,Equally weighted
6.53013909005471e-4,Equally weighted
5.567987007607293e-4,Equally weighted
5.738258684135384e-4,Equally weighted
6.049355689374859e-4,Equally weighted
6.323253627199403e-4,Equally weighted
5.612607207916761e-4,Equally weighted
6.118849582730446e-4,Equally weighted
5.60862953860794e-4,Equally weighted
7.27558745690264e-4,Equally weighted
5.591245318776763e-4,Equally weighted
6.136446431662314e-4,Equally weighted
5.708155619762615e-4,Equally weighted
5.38981090718426e-4,Equally weighted
6.074658966866649e-4,Equally weighted
6.228685413458357e-4,Equally weighted
6.235139996803632e-4,Equally weighted
6.2866758483687e-4,Equally weighted
6.623038939764612e-4,Equally weighted
5.824178466799472e-4,Equally weighted
6.494349985735995e-4,Equally weighted
6.208749242201068e-4,Equally weighted
6.170241581562277e-4,Equally weighted
5.795094496361985e-4,Equally weighted
5.721427487562358e-4,Equally weighted
6.191680260073064e-4,Equally weighted
6.160371931725957e-4,Equally weighted
5.912643099626374e-4,Equally weighted
5.789084004690282e-4,Equally weighted
6.680195637659523e-4,Equally weighted
6.60907235546491e-4,Equally weighted
6.209791835026582e-4,Equally weighted
6.377258911742565e-4,Equally weighted
5.600876511302316e-4,Equally weighted
6.295850835240747e-4,Equally weighted
5.768369447350996e-4,Equally weighted
6.074766097527786e-4,Equally weighted
5.992166300835326e-4,Equally weighted
6.197601046869317e-4,Equally weighted
5.86272565019472e-4,Equally weighted
6.212413263601797e-4,Equally weighted
6.394007701150332e-4,Equally weighted
6.523868980797789e-4,Equally weighted
6.460872740619972e-4,Equally weighted
6.222621598050239e-4,Equally weighted
6.379024428731837e-4,Equally weighted
6.124275581861558e-4,Equally weighted
4.96918075335144e-4,Equally weighted
6.148797558235638e-4,Equally weighted
5.413379073093476e-4,Equally weighted
7.163315138599911e-4,Equally weighted
6.066759387368247e-4,Equally weighted
5.812257478015129e-4,Equally weighted
6.084764067617491e-4,Equally weighted
6.025963368131901e-4,Equally weighted
6.260480661974848e-4,Equally weighted
6.264795523896464e-4,Equally weighted
6.058671803122162e-4,Equally weighted
6.190806205589505e-4,Equally weighted
6.412383216621155e-4,Equally weighted
5.401972436214384e-4,Equally weighted
5.909621650125108e-4,Equally weighted
5.732403570774853e-4,Equally weighted
5.795732126956935e-4,Equally weighted
6.362203366516549e-4,Equally weighted
0.0010919562158017632,Equally weighted
6.083077550963386e-4,Equally weighted
6.490247731715445e-4,Equally weighted
6.244398176347388e-4,Equally weighted
6.121746514073643e-4,Equally weighted
6.553426097814588e-4,Equally weighted
6.435728310294628e-4,Equally weighted
5.690967049564462e-4,Equally weighted
6.278893751352489e-4,Equally weighted
7.087417509915829e-4,Equally weighted
4.96918075335144e-4,Equally weighted
6.08192516831616e-4,Equally weighted
6.36088142626034e-4,Equally weighted
5.57679830360011e-4,Equally weighted
5.801213099687115e-4,Equally weighted
6.126888511974382e-4,Equally weighted
5.72899522418629e-4,Equally weighted
7.089433331162705e-4,Equally weighted
6.101912845727567e-4,Equally weighted
5.721297282219576e-4,Equally weighted
6.376914370263404e-4,Equally weighted
6.210653652643866e-4,Equally weighted
6.079965861653547e-4,Equally weighted
6.224849000200336e-4,Equally weighted
4.96918075335144e-4,Equally weighted
5.61565614837203e-4,Equally weighted
5.772076674002685e-4,Equally weighted
6.222543470067963e-4,Equally weighted
5.69553830101799e-4,Equally weighted
6.208808576890127e-4,Equally weighted
6.681188822464938e-4,Equally weighted
6.836526275738803e-4,Equally weighted
5.800341956204851e-4,Equally weighted
6.195309506636273e-4,Equally weighted
5.858563938733611e-4,Equally weighted
4.96918075335144e-4,Equally weighted
6.188324873703469e-4,Equally weighted
6.325536922045336e-4,Equally weighted
6.113041438917629e-4,Equally weighted
7.752616912234103e-4,Equally weighted
5.914443638045913e-4,Equally weighted
5.875023881030464e-4,Equally weighted
6.015472905227504e-4,Equally weighted
5.542902696517449e-4,Equally weighted
6.033472661020193e-4,Equally weighted
5.838917326373371e-4,Equally weighted
6.064530138086522e-4,Equally weighted
5.800798487365148e-4,Equally weighted
6.065761498072519e-4,Equally weighted
5.790209510728578e-4,Equally weighted
5.721659258937087e-4,Equally weighted
5.716482906524919e-4,Equally weighted
6.100756895488711e-4,Equally weighted
5.542254287057883e-4,Equally weighted
5.542439751533896e-4,Equally weighted
5.846981559137453e-4,Equally weighted
7.008860661297986e-4,Equally weighted
6.037454402685095e-4,Equally weighted
5.554070907847458e-4,Equally weighted
5.765727234811705e-4,Equally weighted
5.98915141808937e-4,Equally weighted
6.214892287793516e-4,Equally weighted
5.3718412643124e-4,Equally weighted
4.96918075335144e-4,Equally weighted
6.133488613818006e-4,Equally weighted
5.855744626080079e-4,Equally weighted
5.545502738660461e-4,Equally weighted
5.797786964269569e-4,Equally weighted
5.840419551156609e-4,Equally weighted
6.131341719758683e-4,Equally weighted
6.104689750059494e-4,Equally weighted
6.478955365922745e-4,Equally weighted
4.96918075335144e-4,Equally weighted
5.144706071751653e-4,Equally weighted
6.258620985770992e-4,Equally weighted
6.105739523104405e-4,Equally weighted
6.343439468040918e-4,Equally weighted
5.525554536129814e-4,Equally weighted
5.145909918276755e-4,Equally weighted
6.156418319178836e-4,Equally weighted
4.96918075335144e-4,Equally weighted
5.84816657354777e-4,Equally weighted
5.578263416878103e-4,Equally weighted
6.077073233621396e-4,Equally weighted
6.29163996438922e-4,Equally weighted
7.171166954973345e-4,Equally weighted
5.380781837965552e-4,Equally weighted
6.031990481320282e-4,Equally weighted
6.729552728749897e-4,Equally weighted
5.521467589732306e-4,Equally weighted
6.117529294106938e-4,Equally weighted
5.90513308182008e-4,Equally weighted
7.8565532268298e-4,Equally weighted
5.869957950881207e-4,Equally weighted
4.96918075335144e-4,Equally weighted
6.077758221197696e-4,Equally weighted
6.962774200360288e-4,Equally weighted
6.112553793279802e-4,Equally weighted
6.112900115526062e-4,Equally weighted
5.729574243149478e-4,Equally weighted
6.223027685881826e-4,Equally weighted
5.138708227710916e-4,Equally weighted
6.112081585134277e-4,Equally weighted
5.873969747365657e-4,Equally weighted
6.107735921770599e-4,Equally weighted
7.101036437447485e-4,Equally weighted
6.729054708057671e-4,Equally weighted
5.788585039092581e-4,Equally weighted
6.130703076784058e-4,Equally weighted
6.081529518848567e-4,Equally weighted
6.113231431931587e-4,Equally weighted
6.094687087272178e-4,Equally weighted
6.242129877426473e-4,Equally weighted
6.500858743829265e-4,Equally weighted
5.780642377490196e-4,Equally weighted
6.203209850399471e-4,Equally weighted
6.159931777367158e-4,Equally weighted
6.06716886084355e-4,Equally weighted
6.112942760175536e-4,Equally weighted
6.189600674854741e-4,Equally weighted
6.099664851343323e-4,Equally weighted
6.113274009039665e-4,Equally weighted
6.4766386967426e-4,Equally weighted
6.035572655486569e-4,Equally weighted
7.313553517375639e-4,Equally weighted
6.077656144842616e-4,Equally weighted
6.113316572741351e-4,Equally weighted
4.96918075335144e-4,Equally weighted
5.885486550614073e-4,Equally weighted
6.837723729221552e-4,Equally weighted
4.96918075335144e-4,Equally weighted
6.09543956167017e-4,Equally weighted
8.474567054707144e-4,Equally weighted
6.656100028033146e-4,Equally weighted
6.113451747111107e-4,Equally weighted
5.98839993220166e-4,Equally weighted
6.113608390821085e-4,Equally weighted
6.334415083588583e-4,Equally weighted
6.11365096885373e-4,Equally weighted
5.134042292755413e-4,Equally weighted
6.607206955877936e-4,Equally weighted
5.582979523047644e-4,Equally weighted
6.303285779001853e-4,Equally weighted
6.162203345742224e-4,Equally weighted
6.40318409232735e-4,Equally weighted
6.11302773050902e-4,Equally weighted
6.29865379033185e-4,Equally weighted
5.050473049960848e-4,Equally weighted
6.214541982199e-4,Equally weighted
6.868648723301991e-4,Equally weighted
4.96918075335144e-4,Equally weighted
6.616691316134577e-4,Equally weighted
6.666415786323481e-4,Equally weighted
6.113891380648912e-4,Equally weighted
6.094533679507177e-4,Equally weighted
5.911846209268177e-4,Equally weighted
5.142718335926351e-4,Equally weighted
5.531166738349141e-4,Equally weighted
5.042397917179724e-4,Equally weighted
5.888703999109323e-4,Equally weighted
6.113010947045115e-4,Equally weighted
5.77433905141836e-4,Equally weighted
6.113934007256658e-4,Equally weighted
6.54442175285534e-4,Equally weighted
4.96918075335144e-4,Equally weighted
5.536040710492754e-4,Equally weighted
6.104261754549318e-4,Equally weighted
8.313838835028647e-4,Equally weighted
8.641745336803971e-4,Equally weighted
8.831111191390552e-4,Equally weighted
6.408421864313598e-4,Equally weighted
6.352884076156573e-4,Equally weighted
6.132897672998454e-4,Equally weighted
6.097478927220164e-4,Equally weighted
6.289449268966759e-4,Equally weighted
6.11402050617073e-4,Equally weighted
4.96918075335144e-4,Equally weighted
4.96918075335144e-4,Equally weighted
6.480624292035772e-4,Equally weighted
6.114394812125864e-4,Equally weighted
6.119060535571007e-4,Equally weighted
5.765822337945015e-4,Equally weighted
5.406919567830727e-4,Equally weighted
6.667037662843044e-4,Equally weighted
8.993844303793069e-4,Equally weighted
4.96918075335144e-4,Equally weighted
5.835786369143114e-4,Equally weighted
6.114559968994934e-4,Equally weighted
5.415212553088697e-4,Equally weighted
4.96918075335144e-4,Equally weighted
6.094842169886739e-4,Equally weighted
6.243029732748753e-4,Equally weighted
6.262924797294107e-4,Equally weighted
6.109491904147852e-4,Equally weighted
5.89354530016538e-4,Equally weighted
6.046524902630607e-4,Equally weighted
6.010050731115565e-4,Equally weighted
6.488961332983671e-4,Equally weighted
6.215034489707185e-4,Equally weighted
5.779608084413223e-4,Equally weighted
6.222652653770955e-4,Equally weighted
6.743499253695866e-4,Equally weighted
6.165835392862333e-4,Equally weighted
6.262540343285728e-4,Equally weighted
5.865053470601014e-4,Equally weighted
5.732432957617198e-4,Equally weighted
6.029616193472752e-4,Equally weighted
6.189318956002147e-4,Equally weighted
5.78460677794485e-4,Equally weighted
6.0901014337735e-4,Equally weighted
6.305388385688486e-4,Equally weighted
5.816673001148543e-4,Equally weighted
5.88504254421176e-4,Equally weighted
6.010493919247855e-4,Equally weighted
6.809997363678446e-4,Equally weighted
5.830019368009724e-4,Equally weighted
5.238878657144831e-4,Equally weighted
5.243081505829063e-4,Equally weighted
6.414698977313883e-4,Equally weighted
6.064317790708184e-4,Equally weighted
6.504333841097477e-4,Equally weighted
6.090825002321678e-4,Equally weighted
5.828262926637841e-4,Equally weighted
6.179362266631139e-4,Equally weighted
5.622885705424147e-4,Equally weighted
7.142996829202943e-4,Equally weighted
5.24878258348415e-4,Equally weighted
5.713492612840637e-4,Equally weighted
5.233256204864552e-4,Equally weighted
6.022228600781073e-4,Equally weighted
6.138057070231556e-4,Equally weighted
5.896288518916406e-4,Equally weighted
6.628880255764545e-4,Equally weighted
4.96918075335144e-4,Equally weighted
5.668622448367632e-4,Equally weighted
5.370097956536893e-4,Equally weighted
6.138577784782742e-4,Equally weighted
7.024550125886075e-4,Equally weighted
6.707069748680416e-4,Equally weighted
5.136697510950279e-4,Equally weighted
5.843843177522577e-4,Equally weighted
5.710760982027978e-4,Equally weighted
5.752780837745257e-4,Equally weighted
6.192673535938237e-4,Equally weighted
5.992850860722108e-4,Equally weighted
4.96918075335144e-4,Equally weighted
5.384662423128753e-4,Equally weighted
5.922857754429814e-4,Equally weighted
5.816691336975658e-4,Equally weighted
6.095776041582006e-4,Equally weighted
5.694767601639031e-4,Equally weighted
6.361734236612685e-4,Equally weighted
5.843766788568234e-4,Equally weighted
5.695119533567975e-4,Equally weighted
6.250773261484438e-4,Equally weighted
5.383729285078789e-4,Equally weighted
5.258876544228221e-4,Equally weighted
5.129755483692837e-4,Equally weighted
5.249535670716145e-4,Equally weighted
6.259238744151946e-4,Equally weighted
5.778161044815755e-4,Equally weighted
6.190857875430967e-4,Equally weighted
5.368741794443612e-4,Equally weighted
6.274307639793422e-4,Equally weighted
6.146568188509413e-4,Equally weighted
6.530214557597616e-4,Equally weighted
6.213969927427738e-4,Equally weighted
6.317126816742859e-4,Equally weighted
5.776901406993754e-4,Equally weighted
5.489041397049832e-4,Equally weighted
5.849449927068652e-4,Equally weighted
5.779102656529902e-4,Equally weighted
6.20384215994109e-4,Equally weighted
6.258032202477765e-4,Equally weighted
6.089716132229275e-4,Equally weighted
5.895943649310554e-4,Equally weighted
5.418719372436956e-4,Equally weighted
6.082675867416531e-4,Equally weighted
6.602304180135504e-4,Equally weighted
6.19029901144924e-4,Equally weighted
5.05085412463918e-4,Equally weighted
6.163992595183119e-4,Equally weighted
6.051005610317787e-4,Equally weighted
6.516082464044639e-4,Equally weighted
6.573313021557587e-4,Equally weighted
6.353511768092744e-4,Equally weighted
6.209846539896035e-4,Equally weighted
5.986083088996951e-4,Equally weighted
5.582050251456829e-4,Equally weighted
5.839930486088921e-4,Equally weighted
5.580290927946727e-4,Equally weighted
7.724493519765297e-4,Equally weighted
5.41291076488866e-4,Equally weighted
6.275403221528258e-4,Equally weighted
5.829775708278669e-4,Equally weighted
7.477965777188036e-4,Equally weighted
6.214154675548587e-4,Equally weighted
7.013825408118615e-4,Equally weighted
5.879380244157664e-4,Equally weighted
6.143343009530626e-4,Equally weighted
5.754582797837873e-4,Equally weighted
7.290381604804747e-4,Equally weighted
5.82312960109018e-4,Equally weighted
6.092702018947841e-4,Equally weighted
6.06155817332102e-4,Equally weighted
6.049640734973913e-4,Equally weighted
7.027351718937646e-4,Equally weighted
6.070367953181426e-4,Equally weighted
6.05654257450485e-4,Equally weighted
6.167558437209206e-4,Equally weighted
6.067569829844778e-4,Equally weighted
4.96918075335144e-4,Equally weighted
6.204303755729461e-4,Equally weighted
6.164639796282796e-4,Equally weighted
5.809004678580741e-4,Equally weighted
6.043373644992753e-4,Equally weighted
5.798028967603484e-4,Equally weighted
5.712637290728195e-4,Equally weighted
5.78156346828108e-4,Equally weighted
5.728725974229423e-4,Equally weighted
6.182359505218061e-4,Equally weighted
0.00055299116599869305,Equally weighted
6.328457295723377e-4,Equally weighted
6.810897439348466e-4,Equally weighted
6.197770731646454e-4,Equally weighted
6.012052156225269e-4,Equally weighted
6.193370433130862e-4,Equally weighted
6.140115611955533e-4,Equally weighted
6.46577545520309e-4,Equally weighted
5.849515471730834e-4,Equally weighted
6.685491918591784e-4,Equally weighted
7.16193193330843e-4,Equally weighted
5.79445489544202e-4,Equally weighted
5.848406136228288e-4,Equally weighted
5.780022890795992e-4,Equally weighted
5.530655395622195e-4,Equally weighted
6.117317109621183e-4,Equally weighted
6.208522136299529e-4,Equally weighted
6.279189652133866e-4,Equally weighted
6.06772014992244e-4,Equally weighted
4.96918075335144e-4,Equally weighted
6.518131882923614e-4,Equally weighted
5.873686522840886e-4,Equally weighted
5.424221289145421e-4,Equally weighted
6.220236530640877e-4,Equally weighted
6.356653660747028e-4,Equally weighted
6.623261559793287e-4,Equally weighted
6.812976603224368e-4,Equally weighted
5.555664962562577e-4,Equally weighted
6.523705576633116e-4,Equally weighted
4.96918075335144e-4,Equally weighted
6.206480787943594e-4,Equally weighted
5.510196932199264e-4,Equally weighted
6.409252197306642e-4,Equally weighted
5.906956968904792e-4,Equally weighted
7.0313502236437e-4,Equally weighted
5.710450617587556e-4,Equally weighted
5.893954482046698e-4,Equally weighted
5.714347422667072e-4,Equally weighted
6.392434991719213e-4,Equally weighted
6.235754540670749e-4,Equally weighted
5.700268770474811e-4,Equally weighted
6.044859530300081e-4,Equally weighted
4.96918075335144e-4,Equally weighted
6.735714166487388e-4,Equally weighted
5.785206583967878e-4,Equally weighted
5.493025784260197e-4,Equally weighted
6.131353701002466e-4,Equally weighted
6.317101936353228e-4,Equally weighted
6.183640595785351e-4,Equally weighted
5.894584600914118e-4,Equally weighted
6.184497944861107e-4,Equally weighted
5.362740951974098e-4,Equally weighted
6.144186219049484e-4,Equally weighted
6.581156768283985e-4,Equally weighted
6.260248513693887e-4,Equally weighted
5.59234540552466e-4,Equally weighted
6.066765994822203e-4,Equally weighted
4.96918075335144e-4,Equally weighted
6.074675167312474e-4,Equally weighted
6.113149580292516e-4,Equally weighted
5.924090139763654e-4,Equally weighted
6.918366831391122e-4,Equally weighted
6.5614082363507e-4,Equally weighted
6.046663868762566e-4,Equally weighted
5.998536336840327e-4,Equally weighted
5.767511373897167e-4,Equally weighted
5.25083911800277e-4,Equally weighted
6.267424886752323e-4,Equally weighted
5.849361659408559e-4,Equally weighted
6.749611654221382e-4,Equally weighted
6.422850241812056e-4,Equally weighted
5.382632589119036e-4,Equally weighted
5.137370344180429e-4,Equally weighted
5.852513947651844e-4,Equally weighted
6.278151465354165e-4,Equally weighted
6.409074139483543e-4,Equally weighted
5.606845311086217e-4,Equally weighted
5.138616830831154e-4,Equally weighted
5.128369171708295e-4,Equally weighted
6.276757276005108e-4,Equally weighted
5.800912442248835e-4,Equally weighted
6.258701613163653e-4,Equally weighted
6.135111019187581e-4,Equally weighted
6.108561729662037e-4,Equally weighted
7.430897784644969e-4,Equally weighted
5.389547469644657e-4,Equally weighted
5.047369507201656e-4,Equally weighted
6.267416045063755e-4,Equally weighted
4.96918075335144e-4,Equally weighted
6.174817934716359e-4,Equally weighted
6.133862438380258e-4,Equally weighted
6.133860573853406e-4,Equally weighted
6.107719763410203e-4,Equally weighted
5.988893537919389e-4,Equally weighted
6.813115006348035e-4,Equally weighted
5.888760525432595e-4,Equally weighted
6.153786957824377e-4,Equally weighted
7.071158617263031e-4,Equally weighted
6.290694648285687e-4,Equally weighted
6.582669666344331e-4,Equally weighted
5.837516988871837e-4,Equally weighted
6.067207075568426e-4,Equally weighted
5.380537467854022e-4,Equally weighted
5.713427552724075e-4,Equally weighted
5.707620060545523e-4,Equally weighted
6.522143166128207e-4,Equally weighted
6.510267314066447e-4,Equally weighted
6.133858709323995e-4,Equally weighted
7.233229277365714e-4,Equally weighted
6.114289004012107e-4,Equally weighted
6.234000101438153e-4,Equally weighted
6.134480004833784e-4,Equally weighted
6.979317082001651e-4,Equally weighted
8.218565383875202e-4,Equally weighted
6.134782855569913e-4,Equally weighted
5.401336504371698e-4,Equally weighted
6.248914635416908e-4,Equally weighted
6.06931172087267e-4,Equally weighted
6.133562542439093e-4,Equally weighted
6.134609574822848e-4,Equally weighted
8.041593210300031e-4,Equally weighted
6.135057264367762e-4,Equally weighted
6.203886835950141e-4,Equally weighted
5.042401133590711e-4,Equally weighted
7.310448951490879e-4,Equally weighted
6.41033472353461e-4,Equally weighted
4.96918075335144e-4,Equally weighted
5.703110709572403e-4,Equally weighted
6.201246841765518e-4,Equally weighted
6.67198560140318e-4,Equally weighted
5.721289678216523e-4,Equally weighted
5.04786523595716e-4,Equally weighted
5.250734201194629e-4,Equally weighted
5.51247439132605e-4,Equally weighted
5.769905654309697e-4,Equally weighted
9.326075021382252e-4,Equally weighted
6.720406742426622e-4,Equally weighted
6.117476495805703e-4,Equally weighted
6.187919320786606e-4,Equally weighted
6.134211860400177e-4,Equally weighted
7.473683146525671e-4,Equally weighted
7.934322725579205e-4,Equally weighted
5.852284191776558e-4,Equally weighted
5.718931216996052e-4,Equally weighted
5.734946254478987e-4,Equally weighted
6.962284254153015e-4,Equally weighted
5.141301642307651e-4,Equally weighted
6.134784723804361e-4,Equally weighted
5.399073359819807e-4,Equally weighted
6.135016776930249e-4,Equally weighted
6.134786592036455e-4,Equally weighted
6.539077545828904e-4,Equally weighted
6.120918269882528e-4,Equally weighted
5.850865379992594e-4,Equally weighted
5.832599555298996e-4,Equally weighted
6.27148669585766e-4,Equally weighted
6.376027417942272e-4,Equally weighted
4.96918075335144e-4,Equally weighted
6.567727470923527e-4,Equally weighted
6.223611201081578e-4,Equally weighted
6.708783340970176e-4,Equally weighted
5.740472371187617e-4,Equally weighted
5.781488456011952e-4,Equally weighted
6.854625638780532e-4,Equally weighted
5.916820625281891e-4,Equally weighted
5.047239639019545e-4,Equally weighted
5.760395377119126e-4,Equally weighted
6.620473855648305e-4,Equally weighted
4.96918075335144e-4,Equally weighted
4.96918075335144e-4,Equally weighted
6.375619145498022e-4,Equally weighted
5.500604525192599e-4,Equally weighted
6.260251236640916e-4,Equally weighted
7.122079218142833e-4,Equally weighted
4.96918075335144e-4,Equally weighted
5.683544461061084e-4,Equally weighted
5.889833861091633e-4,Equally weighted
6.181299117193732e-4,Equally weighted
5.130669480087248e-4,Equally weighted
5.821372174598968e-4,Equally weighted
6.0363548701566e-4,Equally weighted
6.449831030804383e-4,Equally weighted
6.053180816062573e-4,Equally weighted
6.339889637618972e-4,Equally weighted
6.344884327599463e-4,Equally weighted
6.079599758607793e-4,Equally weighted
6.107005591569455e-4,Equally weighted
6.088740796347163e-4,Equally weighted
6.016297356586464e-4,Equally weighted
6.099661949760977e-4,Equally weighted
6.086960009481564e-4,Equally weighted
5.858900911945732e-4,Equally weighted
5.978555702055613e-4,Equally weighted
6.222821163094699e-4,Equally weighted
5.868275030788237e-4,Equally weighted
5.394962557273232e-4,Equally weighted
5.419531637754307e-4,Equally weighted
5.8316106310692e-4,Equally weighted
6.438881605077672e-4,Equally weighted
5.150265073720991e-4,Equally weighted
6.017910093541484e-4,Equally weighted
6.175023351913429e-4,Equally weighted
0.00062511521309132755,Equally weighted
6.171178840670831e-4,Equally weighted
5.808226035703242e-4,Equally weighted
5.987584578915357e-4,Equally weighted
6.190908049170603e-4,Equally weighted
6.069931210337965e-4,Equally weighted
6.383294314703673e-4,Equally weighted
6.11740556837231e-4,Equally weighted
5.808015013663294e-4,Equally weighted
6.191630751336857e-4,Equally weighted
6.770891496995928e-4,Equally weighted
9.254699287246778e-4,Equally weighted
6.078508326640775e-4,Equally weighted
6.026777777109918e-4,Equally weighted
6.148571343997737e-4,Equally weighted
6.109427336825389e-4,Equally weighted
6.135776907798127e-4,Equally weighted
6.077154870456678e-4,Equally weighted
5.838700934987907e-4,Equally weighted
6.633898111855288e-4,Equally weighted
6.247889777772953e-4,Equally weighted
7.36690280859054e-4,Equally weighted
6.071537112682554e-4,Equally weighted
5.558830045397201e-4,Equally weighted
6.245268990891836e-4,Equally weighted
6.353045652046729e-4,Equally weighted
5.872689421404271e-4,Equally weighted
6.012346201069298e-4,Equally weighted
6.214167348327521e-4,Equally weighted
6.417497280122602e-4,Equally weighted
6.155219759939536e-4,Equally weighted
6.054474064807529e-4,Equally weighted
6.485622445136094e-4,Equally weighted
6.134082942430796e-4,Equally weighted
6.791122015956708e-4,Equally weighted
5.750655673183127e-4,Equally weighted
6.23775828038456e-4,Equally weighted
5.812106732186113e-4,Equally weighted
6.246854223422217e-4,Equally weighted
6.47247187621767e-4,Equally weighted
6.235667912572762e-4,Equally weighted
6.073174042292075e-4,Equally weighted
6.140599039912119e-4,Equally weighted
6.332019985093038e-4,Equally weighted
6.273156224920471e-4,Equally weighted
5.8784786448309e-4,Equally weighted
6.058481827303268e-4,Equally weighted
6.327302188358568e-4,Equally weighted
5.547372451925994e-4,Equally weighted
6.231528441024268e-4,Equally weighted
5.913566362954652e-4,Equally weighted
6.247274217976651e-4,Equally weighted
6.085073992588222e-4,Equally weighted
6.010797062240028e-4,Equally weighted
5.595532214309495e-4,Equally weighted
6.046243824348889e-4,Equally weighted
6.47908017795516e-4,Equally weighted
5.978619112797899e-4,Equally weighted
6.383769680437563e-4,Equally weighted
6.271563883012874e-4,Equally weighted
6.661451712719067e-4,Equally weighted
5.862777238309933e-4,Equally weighted
5.703242995604991e-4,Equally weighted
6.037397549829851e-4,Equally weighted
5.780336939361643e-4,Equally weighted
6.095425704003354e-4,Equally weighted
6.116896357721446e-4,Equally weighted
6.314534336288663e-4,Equally weighted
5.86983752366433e-4,Equally weighted
6.271520897860675e-4,Equally weighted
5.732607089433541e-4,Equally weighted
5.799032866263044e-4,Equally weighted
5.404789023885202e-4,Equally weighted
6.733006441241273e-4,Equally weighted
5.851376484043758e-4,Equally weighted
6.113929215471152e-4,Equally weighted
6.339386607685257e-4,Equally weighted
6.490281176999998e-4,Equally weighted
6.427889842416391e-4,Equally weighted
5.045612395439863e-4,Equally weighted
6.994811907126549e-4,Equally weighted
5.410628404355457e-4,Equally weighted
6.275662122370959e-4,Equally weighted
5.760553085665374e-4,Equally weighted
5.610381417235598e-4,Equally weighted
6.52100291115358e-4,Equally weighted
4.96918075335144e-4,Equally weighted
6.124522124417228e-4,Equally weighted
6.263561773657402e-4,Equally weighted
5.914092114518188e-4,Equally weighted
5.763761081183248e-4,Equally weighted
5.987755323145339e-4,Equally weighted
6.273282004713551e-4,Equally weighted
6.345067335827553e-4,Equally weighted
6.52204424434388e-4,Equally weighted
6.214945790486274e-4,Equally weighted
8.385691865339977e-4,Equally weighted
5.884617194446938e-4,Equally weighted
5.790015714133137e-4,Equally weighted
6.501392155409847e-4,Equally weighted
5.239573335380757e-4,Equally weighted
5.774458663152473e-4,Equally weighted
4.96918075335144e-4,Equally weighted
5.364104463854869e-4,Equally weighted
5.398666710615884e-4,Equally weighted
5.745269569869293e-4,Equally weighted
6.101371266930701e-4,Equally weighted
7.630007335401798e-4,Equally weighted
5.371751910084355e-4,Equally weighted
5.521348537473544e-4,Equally weighted
5.885040812652208e-4,Equally weighted
5.623038353791792e-4,Equally weighted
6.692607387637231e-4,Equally weighted
6.20989353476769e-4,Equally weighted
5.59343535139187e-4,Equally weighted
6.279265523868132e-4,Equally weighted
6.039031071891839e-4,Equally weighted
6.479566196038526e-4,Equally weighted
6.133829303418899e-4,Equally weighted
5.502240943792394e-4,Equally weighted
6.630588735809117e-4,Equally weighted
6.245944192054898e-4,Equally weighted
6.355222114291656e-4,Equally weighted
5.812371550856182e-4,Equally weighted
6.06322699496393e-4,Equally weighted
5.770272900053985e-4,Equally weighted
6.206490367683737e-4,Equally weighted
6.197808751142395e-4,Equally weighted
5.851957471639893e-4,Equally weighted
6.101858421591962e-4,Equally weighted
5.784194855141966e-4,Equally weighted
5.829430521656299e-4,Equally weighted
6.407519940566863e-4,Equally weighted
6.048142714862956e-4,Equally weighted
6.159286220175778e-4,Equally weighted
6.141601785197487e-4,Equally weighted
5.817033314778412e-4,Equally weighted
5.360800359496234e-4,Equally weighted
6.062888038060516e-4,Equally weighted
5.875593180712046e-4,Equally weighted
6.084385249620642e-4,Equally weighted
5.363105619805098e-4,Equally weighted
6.447118326535682e-4,Equally weighted
6.262999735546622e-4,Equally weighted
8.57172648635881e-4,Equally weighted
6.077717085761875e-4,Equally weighted
6.026540887332385e-4,Equally weighted
6.266197591579043e-4,Equally weighted
6.103477678844696e-4,Equally weighted
6.684556508765667e-4,Equally weighted
6.435540818643186e-4,Equally weighted
6.032742413577093e-4,Equally weighted
5.923319901779427e-4,Equally weighted
6.196690622876915e-4,Equally weighted
6.101686228399892e-4,Equally weighted
6.206184706629167e-4,Equally weighted
5.39485129160088e-4,Equally weighted
6.151319377205685e-4,Equally weighted
6.06546525300534e-4,Equally weighted
5.424389167852157e-4,Equally weighted
6.182634256453539e-4,Equally weighted
6.234872198801882e-4,Equally weighted
5.417044092024188e-4,Equally weighted
6.455063107650869e-4,Equally weighted
5.558704402607098e-4,Equally weighted
5.379509738334291e-4,Equally weighted
5.994574345553233e-4,Equally weighted
6.573207709038739e-4,Equally weighted
6.134404663639728e-4,Equally weighted
6.490536508854826e-4,Equally weighted
6.165839887544781e-4,Equally weighted
6.035925999457897e-4,Equally weighted
6.205447450127527e-4,Equally weighted
6.211833596245514e-4,Equally weighted
5.75462433052699e-4,Equally weighted
5.749346843566985e-4,Equally weighted
6.042709412895325e-4,Equally weighted
5.587287422495255e-4,Equally weighted
6.118553499627455e-4,Equally weighted
6.055202951144073e-4,Equally weighted
6.010793268465506e-4,Equally weighted
7.219587839319547e-4,Equally weighted
6.19382163186873e-4,Equally weighted
6.397031308355861e-4,Equally weighted
5.834637964420907e-4,Equally weighted
5.400014853795665e-4,Equally weighted
6.133613673087888e-4,Equally weighted
6.292973351953501e-4,Equally weighted
6.048466215869941e-4,Equally weighted
6.147446521313967e-4,Equally weighted
6.105897045466324e-4,Equally weighted
6.098159720077106e-4,Equally weighted
6.043794702151237e-4,Equally weighted
6.261517862570222e-4,Equally weighted
6.43132607019432e-4,Equally weighted
5.777505765929855e-4,Equally weighted
5.893599355468739e-4,Equally weighted
6.09551197783937e-4,Equally weighted
6.042620822083702e-4,Equally weighted
0.0010382680565231795,Equally weighted
5.557186155985443e-4,Equally weighted
6.33582592830286e-4,Equally weighted
5.592982630096966e-4,Equally weighted
6.911119571565953e-4,Equally weighted
7.293114659513582e-4,Equally weighted
5.891396145873485e-4,Equally weighted
6.095775354782956e-4,Equally weighted
5.141613438066233e-4,Equally weighted
6.095783400112974e-4,Equally weighted
6.076628923449025e-4,Equally weighted
6.185094144746835e-4,Equally weighted
5.048853426919197e-4,Equally weighted
6.182269967853018e-4,Equally weighted
6.234332942297956e-4,Equally weighted
6.335966146365788e-4,Equally weighted
6.083374503916399e-4,Equally weighted
6.202963031316864e-4,Equally weighted
6.096929394102169e-4,Equally weighted
6.096234010369845e-4,Equally weighted
5.363020777801367e-4,Equally weighted
6.097276439960155e-4,Equally weighted
5.264311355418169e-4,Equally weighted
5.515760479641775e-4,Equally weighted
6.097305682510231e-4,Equally weighted
5.736670313379722e-4,Equally weighted
6.097313729510224e-4,Equally weighted
6.09677604111897e-4,Equally weighted
6.097321776420821e-4,Equally weighted
6.004692241565033e-4,Equally weighted
5.817266784259697e-4,Equally weighted
6.097503316547739e-4,Equally weighted
6.26004225857924e-4,Equally weighted
6.09751135255829e-4,Equally weighted
6.105028107230015e-4,Equally weighted
6.042363037264501e-4,Equally weighted
5.38612013777098e-4,Equally weighted
6.358562505128307e-4,Equally weighted
6.20744935187465e-4,Equally weighted
8.85345772954386e-4,Equally weighted
6.242792029393048e-4,Equally weighted
6.13811732372951e-4,Equally weighted
6.958498694950387e-4,Equally weighted
5.2613014558662e-4,Equally weighted
4.96918075335144e-4,Equally weighted
5.596581960756671e-4,Equally weighted
6.224193962743675e-4,Equally weighted
6.369242296557658e-4,Equally weighted
6.525936754130547e-4,Equally weighted
6.097972087934475e-4,Equally weighted
6.138516904542825e-4,Equally weighted
5.864022870048231e-4,Equally weighted
6.097980110619769e-4,Equally weighted
6.024749274593342e-4,Equally weighted
5.553834901243159e-4,Equally weighted
6.097988133217734e-4,Equally weighted
6.097519388482159e-4,Equally weighted
5.69887119023778e-4,Equally weighted
7.291078849084936e-4,Equally weighted
5.975640360813343e-4,Equally weighted
6.606067547947601e-4,Equally weighted
6.708323290909567e-4,Equally weighted
5.759798191380805e-4,Equally weighted
6.097752117620806e-4,Equally weighted
5.885796671254288e-4,Equally weighted
6.135569184628094e-4,Equally weighted
5.859770450712005e-4,Equally weighted
6.416758573992066e-4,Equally weighted
5.811003558404598e-4,Equally weighted
6.020770582240937e-4,Equally weighted
5.786540968385417e-4,Equally weighted
6.668512916503423e-4,Equally weighted
6.651174713321337e-4,Equally weighted
5.717723129387359e-4,Equally weighted
6.499002244644757e-4,Equally weighted
6.519150072727296e-4,Equally weighted
5.80127196037922e-4,Equally weighted
7.32322341831179e-4,Equally weighted
6.395867443089245e-4,Equally weighted
6.21024683259764e-4,Equally weighted
5.597604285430369e-4,Equally weighted
6.635419661370044e-4,Equally weighted
6.111649384871133e-4,Equally weighted
6.669031053827785e-4,Equally weighted
6.216422737289096e-4,Equally weighted
5.614602843169365e-4,Equally weighted
5.738409819809292e-4,Equally weighted
5.614110165554164e-4,Equally weighted
5.691381485642909e-4,Equally weighted
5.795380974742189e-4,Equally weighted
6.705033041651361e-4,Equally weighted
5.808022108239851e-4,Equally weighted
5.734899822080829e-4,Equally weighted
6.618871740472231e-4,Equally weighted
5.99430149657347e-4,Equally weighted
5.885293562138635e-4,Equally weighted
6.145839311958677e-4,Equally weighted
6.95665187710741e-4,Equally weighted
6.171544135574094e-4,Equally weighted
5.806740178331089e-4,Equally weighted
6.038966315465729e-4,Equally weighted
6.054746087747871e-4,Equally weighted
6.616093917788472e-4,Equally weighted
6.80926157337587e-4,Equally weighted
6.847051010938346e-4,Equally weighted
5.243109500009162e-4,Equally weighted
5.790653323098142e-4,Equally weighted
6.138967257080652e-4,Equally weighted
6.919234984897919e-4,Equally weighted
5.771484632891163e-4,Equally weighted
6.22372675366674e-4,Equally weighted
5.537491309230954e-4,Equally weighted
5.394628296443257e-4,Equally weighted
6.436379830161286e-4,Equally weighted
5.396394134606018e-4,Equally weighted
6.749992218889947e-4,Equally weighted
5.795183525555674e-4,Equally weighted
6.207023462050242e-4,Equally weighted
6.148335637898493e-4,Equally weighted
5.543152925777763e-4,Equally weighted
6.27250235716537e-4,Equally weighted
5.83559159837e-4,Equally weighted
6.396507403632435e-4,Equally weighted
5.86412903123916e-4,Equally weighted
6.094686305921743e-4,Equally weighted
6.223235252975689e-4,Equally weighted
6.093676743233166e-4,Equally weighted
6.431545667036171e-4,Equally weighted
5.895185859095085e-4,Equally weighted
5.991495633661236e-4,Equally weighted
5.501552161688106e-4,Equally weighted
5.134655596811738e-4,Equally weighted
5.965736747038858e-4,Equally weighted
6.170238254095878e-4,Equally weighted
5.905439824806224e-4,Equally weighted
6.10847854846819e-4,Equally weighted
5.989326966845766e-4,Equally weighted
6.301412768943887e-4,Equally weighted
6.211518210587865e-4,Equally weighted
6.343278469780127e-4,Equally weighted
6.213851215890935e-4,Equally weighted
5.87345985274262e-4,Equally weighted
5.897935636100378e-4,Equally weighted
6.200222482937825e-4,Equally weighted
6.687914371107857e-4,Equally weighted
6.10007731299627e-4,Equally weighted
0.00062750142495801315,Equally weighted
5.711348839325328e-4,Equally weighted
7.131459997906664e-4,Equally weighted
5.589115726893716e-4,Equally weighted
6.795440477701266e-4,Equally weighted
5.545697373688799e-4,Equally weighted
6.20139165063243e-4,Equally weighted
6.212816231344445e-4,Equally weighted
6.092523030311032e-4,Equally weighted
6.394208533485731e-4,Equally weighted
6.238125928900926e-4,Equally weighted
6.090793551266887e-4,Equally weighted
6.109258601565728e-4,Equally weighted
5.557788951994968e-4,Equally weighted
6.460957982191395e-4,Equally weighted
6.185870737602867e-4,Equally weighted
5.587308686037352e-4,Equally weighted
6.111764467619155e-4,Equally weighted
5.82390773674349e-4,Equally weighted
5.829247168766969e-4,Equally weighted
5.824980052277953e-4,Equally weighted
6.220555730879824e-4,Equally weighted
6.33624429385011e-4,Equally weighted
5.849560565369919e-4,Equally weighted
7.069091431683274e-4,Equally weighted
5.841941891250705e-4,Equally weighted
6.263856469016156e-4,Equally weighted
6.138549888986019e-4,Equally weighted
6.204101783535092e-4,Equally weighted
5.374670554355801e-4,Equally weighted
6.245306881155177e-4,Equally weighted
5.804713653202162e-4,Equally weighted
6.00460285915221e-4,Equally weighted
6.135691688195892e-4,Equally weighted
6.330878980419772e-4,Equally weighted
5.824086787425911e-4,Equally weighted
4.96918075335144e-4,Equally weighted
5.870309416171171e-4,Equally weighted
6.250428880723904e-4,Equally weighted
5.874294691378036e-4,Equally weighted
5.712511888844921e-4,Equally weighted
5.717694007103308e-4,Equally weighted
6.173756423276626e-4,Equally weighted
6.150344818347555e-4,Equally weighted
6.699144160588262e-4,Equally weighted
6.314479477731271e-4,Equally weighted
5.827913822569158e-4,Equally weighted
5.536203933132184e-4,Equally weighted
5.835955056468312e-4,Equally weighted
6.247815342348831e-4,Equally weighted
6.955448870294047e-4,Equally weighted
6.972787412710146e-4,Equally weighted
4.96918075335144e-4,Equally weighted
4.96918075335144e-4,Equally weighted
7.051339566724534e-4,Equally weighted
6.059939914484212e-4,Equally weighted
5.825332478747001e-4,Equally weighted
6.145039377752345e-4,Equally weighted
6.29007371742201e-4,Equally weighted
5.817460417334597e-4,Equally weighted
5.748783059675699e-4,Equally weighted
5.999020593021955e-4,Equally weighted
5.893424850937597e-4,Equally weighted
5.825589071245184e-4,Equally weighted
5.506670462159307e-4,Equally weighted
6.628409739812608e-4,Equally weighted
5.760334294972981e-4,Equally weighted
5.375999221959683e-4,Equally weighted
6.542023541245771e-4,Equally weighted
6.118922416608258e-4,Equally weighted
5.144497821052796e-4,Equally weighted
5.836117307238773e-4,Equally weighted
6.063937675750841e-4,Equally weighted
6.115785560796397e-4,Equally weighted
6.256578206475642e-4,Equally weighted
5.825792898602679e-4,Equally weighted
5.412317629600972e-4,Equally weighted
5.044159967106335e-4,Equally weighted
5.69781562502948e-4,Equally weighted
6.252055828605258e-4,Equally weighted
6.268515839348298e-4,Equally weighted
5.825914408512904e-4,Equally weighted
6.206147176099554e-4,Equally weighted
6.133183758014579e-4,Equally weighted
6.065227044484558e-4,Equally weighted
5.799733225436933e-4,Equally weighted
5.829951852133031e-4,Equally weighted
5.726136067671769e-4,Equally weighted
5.706102429027353e-4,Equally weighted
6.090015080076548e-4,Equally weighted
5.824668394391118e-4,Equally weighted
6.118296766043375e-4,Equally weighted
6.880020232734156e-4,Equally weighted
6.442788249099627e-4,Equally weighted
6.274514251164705e-4,Equally weighted
6.051144120198368e-4,Equally weighted
6.019963021278147e-4,Equally weighted
5.237191198020801e-4,Equally weighted
5.511913164839609e-4,Equally weighted
5.826616356746932e-4,Equally weighted
6.338830872410603e-4,Equally weighted
5.814434679631601e-4,Equally weighted
6.080613515040945e-4,Equally weighted
6.09693472741469e-4,Equally weighted
5.998650363063256e-4,Equally weighted
6.096521702389725e-4,Equally weighted
6.134861811936675e-4,Equally weighted
6.015287371898946e-4,Equally weighted
7.069275766915867e-4,Equally weighted
5.926021575675916e-4,Equally weighted
5.56458203962638e-4,Equally weighted
5.763175993141227e-4,Equally weighted
5.999149011543822e-4,Equally weighted
6.100362132064476e-4,Equally weighted
6.601331175041394e-4,Equally weighted
6.005503776843997e-4,Equally weighted
7.305270076877204e-4,Equally weighted
6.092049792889013e-4,Equally weighted
6.682313073988994e-4,Equally weighted
6.263278082513588e-4,Equally weighted
6.005214043379767e-4,Equally weighted
6.260340190175335e-4,Equally weighted
6.293012238734612e-4,Equally weighted
6.238445269296882e-4,Equally weighted
6.107704502485005e-4,Equally weighted
5.619952923660568e-4,Equally weighted
6.373755717851605e-4,Equally weighted
5.8266237443119e-4,Equally weighted
5.792382594038375e-4,Equally weighted
5.783152346413666e-4,Equally weighted
5.826807709876064e-4,Equally weighted
5.501595952145894e-4,Equally weighted
5.751979846968244e-4,Equally weighted
6.321982033014969e-4,Equally weighted
5.826901130859635e-4,Equally weighted
6.140546592051929e-4,Equally weighted
6.342224901217563e-4,Equally weighted
6.133796711823167e-4,Equally weighted
5.832538525391505e-4,Equally weighted
5.806566016264502e-4,Equally weighted
5.760623122836895e-4,Equally weighted
6.229266696569633e-4,Equally weighted
6.17486324471567e-4,Equally weighted
5.54920325091839e-4,Equally weighted
5.90889533071823e-4,Equally weighted
6.471001239651145e-4,Equally weighted
5.536291466083632e-4,Equally weighted
0.0011738412660149524,Equally weighted
4.96918075335144e-4,Equally weighted
6.226056846095259e-4,Equally weighted
5.990567690342827e-4,Equally weighted
5.843311289710574e-4,Equally weighted
5.401368675330304e-4,Equally weighted
6.218055815000434e-4,Equally weighted
6.106214308051101e-4,Equally weighted
6.259772961624226e-4,Equally weighted
6.06388681346149e-4,Equally weighted
5.126444113636258e-4,Equally weighted
6.347832097801556e-4,Equally weighted
6.185719367937788e-4,Equally weighted
5.826908525735029e-4,Equally weighted
5.719031748618289e-4,Equally weighted
7.184866806773422e-4,Equally weighted
9.974902779204414e-4,Equally weighted
6.217182847970218e-4,Equally weighted
8.130947358457717e-4,Equally weighted
6.73321512715652e-4,Equally weighted
6.128306180574165e-4,Equally weighted
5.952963355210296e-4,Equally weighted
5.353454624714151e-4,Equally weighted
5.047354607931924e-4,Equally weighted
7.931841880955972e-4,Equally weighted
5.818325888314768e-4,Equally weighted
5.823580268765597e-4,Equally weighted
5.91011435523662e-4,Equally weighted
5.841909057864596e-4,Equally weighted
6.422770624269393e-4,Equally weighted
6.159228005348573e-4,Equally weighted
6.078904313435496e-4,Equally weighted
5.728814771537502e-4,Equally weighted
6.111172812836522e-4,Equally weighted
5.927813655385201e-4,Equally weighted
6.133173090722019e-4,Equally weighted
6.33468378821965e-4,Equally weighted
6.113609006761341e-4,Equally weighted
5.827153401193126e-4,Equally weighted
6.135218481413964e-4,Equally weighted
5.839799525223211e-4,Equally weighted
6.056914098490554e-4,Equally weighted
5.978257801309641e-4,Equally weighted
6.176072755059571e-4,Equally weighted
6.120482351937595e-4,Equally weighted
5.827560724059649e-4,Equally weighted
6.323805824068365e-4,Equally weighted
5.847379690531256e-4,Equally weighted
6.160548768636117e-4,Equally weighted
6.068667007678478e-4,Equally weighted
6.663037037785869e-4,Equally weighted
6.835585420027634e-4,Equally weighted
6.012126106021964e-4,Equally weighted
6.139691813980861e-4,Equally weighted
6.070846537136593e-4,Equally weighted
6.811951954333514e-4,Equally weighted
6.153093511030522e-4,Equally weighted
5.827568134053408e-4,Equally weighted
6.7724139803047e-4,Equally weighted
6.552828947345117e-4,Equally weighted
5.851458782603647e-4,Equally weighted
5.607243269585753e-4,Equally weighted
5.827990315433341e-4,Equally weighted
6.70574845780652e-4,Equally weighted
6.118672256422656e-4,Equally weighted
6.236542973743063e-4,Equally weighted
6.561154611017203e-4,Equally weighted
4.96918075335144e-4,Equally weighted
6.178245309122861e-4,Equally weighted
6.534982355034554e-4,Equally weighted
6.06532941936462e-4,Equally weighted
7.54895757513359e-4,Equally weighted
4.96918075335144e-4,Equally weighted
6.446780768043047e-4,Equally weighted
5.828082077561725e-4,Equally weighted
5.255418574135827e-4,Equally weighted
5.828252558664433e-4,Equally weighted
6.250014077213442e-4,Equally weighted
4.96918075335144e-4,Equally weighted
6.202802399668506e-4,Equally weighted
7.265445811722983e-4,Equally weighted
5.828427350961277e-4,Equally weighted
5.828807485655879e-4,Equally weighted
5.824841191527609e-4,Equally weighted
5.413980695002684e-4,Equally weighted
6.112272759370613e-4,Equally weighted
6.201075428193578e-4,Equally weighted
5.82903732945275e-4,Equally weighted
5.366840222793988e-4,Equally weighted
5.829171172027595e-4,Equally weighted
6.561653409284489e-4,Equally weighted
6.034327284191772e-4,Equally weighted
6.18406851848813e-4,Equally weighted
7.261345455890557e-4,Equally weighted
5.981325126786652e-4,Equally weighted
6.304381576320185e-4,Equally weighted
5.829527040079905e-4,Equally weighted
6.23204183888407e-4,Equally weighted
6.05450316775202e-4,Equally weighted
6.24559462118001e-4,Equally weighted
6.159673806502216e-4,Equally weighted
6.395781971018969e-4,Equally weighted
5.734500519221136e-4,Equally weighted
5.859167772868849e-4,Equally weighted
5.40643119531293e-4,Equally weighted
6.152129363129144e-4,Equally weighted
6.110883668563713e-4,Equally weighted
6.096078905600097e-4,Equally weighted
5.569337016431388e-4,Equally weighted
6.398131040546577e-4,Equally weighted
6.339717385455005e-4,Equally weighted
6.084217329415529e-4,Equally weighted
6.0762010136164e-4,Equally weighted
6.921780020765313e-4,Equally weighted
6.282542525768371e-4,Equally weighted
6.256218230409654e-4,Equally weighted
6.605689641604532e-4,Equally weighted
5.855497363529013e-4,Equally weighted
5.541633546399827e-4,Equally weighted
6.465075702195804e-4,Equally weighted
6.389076361758665e-4,Equally weighted
6.190649287236634e-4,Equally weighted
6.119347815853271e-4,Equally weighted
5.600876349988326e-4,Equally weighted
4.96918075335144e-4,Equally weighted
6.11130555863847e-4,Equally weighted
6.16523099469564e-4,Equally weighted
4.96918075335144e-4,Equally weighted
5.393325372213017e-4,Equally weighted
7.332254134414963e-4,Equally weighted
6.121427330212142e-4,Equally weighted
6.131428684271267e-4,Equally weighted
6.367577964041148e-4,Equally weighted
6.032058330979707e-4,Equally weighted
6.19818174939447e-4,Equally weighted
5.381176578501705e-4,Equally weighted
4.96918075335144e-4,Equally weighted
6.100704971939179e-4,Equally weighted
6.439935961605976e-4,Equally weighted
5.909505801934888e-4,Equally weighted
6.74411124818329e-4,Equally weighted
6.016891380927938e-4,Equally weighted
5.827869668397665e-4,Equally weighted
6.238637353704416e-4,Equally weighted
6.17617032705399e-4,Equally weighted
6.372153942714822e-4,Equally weighted
5.856157174585228e-4,Equally weighted
7.151150196446571e-4,Equally weighted
6.221322713539999e-4,Equally weighted
6.613119478609539e-4,Equally weighted
5.807901465657591e-4,Equally weighted
6.716723709899089e-4,Equally weighted
6.788564168291053e-4,Equally weighted
6.319198199812278e-4,Equally weighted
5.875424602237848e-4,Equally weighted
6.129403312252289e-4,Equally weighted
6.074151208190803e-4,Equally weighted
6.217613086774981e-4,Equally weighted
6.295540547932851e-4,Equally weighted
6.692899368140096e-4,Equally weighted
5.523458511167204e-4,Equally weighted
5.798029556728178e-4,Equally weighted
6.869186577021694e-4,Equally weighted
6.466842928096009e-4,Equally weighted
6.114175779392703e-4,Equally weighted
5.560676363082707e-4,Equally weighted
5.558158688558106e-4,Equally weighted
6.31750827093784e-4,Equally weighted
5.789660545931275e-4,Equally weighted
6.094269114951642e-4,Equally weighted
6.840355391602998e-4,Equally weighted
5.878488284240736e-4,Equally weighted
6.307770743268644e-4,Equally weighted
5.391537405031372e-4,Equally weighted
5.050386723142061e-4,Equally weighted
5.150550638457271e-4,Equally weighted
6.847375522098217e-4,Equally weighted
6.167822595886861e-4,Equally weighted
5.833218200055288e-4,Equally weighted
5.575105256500419e-4,Equally weighted
0.00060280706598981465,Equally weighted
6.050342166213638e-4,Equally weighted
5.996145075318472e-4,Equally weighted
6.141355772008717e-4,Equally weighted
5.905488226621005e-4,Equally weighted
5.890927701112838e-4,Equally weighted
6.820143303892566e-4,Equally weighted
6.781039741452989e-4,Equally weighted
6.31647751491867e-4,Equally weighted
5.810974028920093e-4,Equally weighted
6.130317422645137e-4,Equally weighted
6.079820705300138e-4,Equally weighted
6.415794389272105e-4,Equally weighted
6.496445162938502e-4,Equally weighted
5.792456152537798e-4,Equally weighted
6.034018733571824e-4,Equally weighted
6.853584458727708e-4,Equally weighted
6.055183336738537e-4,Equally weighted
6.211610935158599e-4,Equally weighted
5.693336416461589e-4,Equally weighted
5.523939317040571e-4,Equally weighted
6.103277593779604e-4,Equally weighted
6.484143515919122e-4,Equally weighted
6.289024268623543e-4,Equally weighted
6.546850731692584e-4,Equally weighted
5.583367586428513e-4,Equally weighted
5.889984209815525e-4,Equally weighted
5.125813996613802e-4,Equally weighted
6.069609394803771e-4,Equally weighted
5.364491121414368e-4,Equally weighted
6.045508379628402e-4,Equally weighted
6.143748179017235e-4,Equally weighted
5.807526343162052e-4,Equally weighted
6.514605742547893e-4,Equally weighted
6.193088832216021e-4,Equally weighted
6.661124059715307e-4,Equally weighted
5.741644960341874e-4,Equally weighted
6.202409277491241e-4,Equally weighted
5.981301702074411e-4,Equally weighted
6.20180980847042e-4,Equally weighted
6.293986596365465e-4,Equally weighted
6.087380277785532e-4,Equally weighted
6.212768133834532e-4,Equally weighted
5.979544163145031e-4,Equally weighted
6.24824036757431e-4,Equally weighted
6.199177624770179e-4,Equally weighted
6.196936089718092e-4,Equally weighted
6.000948813619303e-4,Equally weighted
6.307837725673799e-4,Equally weighted
6.638570231706618e-4,Equally weighted
5.761545573621602e-4,Equally weighted
5.804338780148998e-4,Equally weighted
5.733227772163225e-4,Equally weighted
6.06704281825316e-4,Equally weighted
5.85538678960388e-4,Equally weighted
6.128552185694184e-4,Equally weighted
6.210163490072032e-4,Equally weighted
6.461340369934671e-4,Equally weighted
6.302751635026293e-4,Equally weighted
5.917823365923367e-4,Equally weighted
5.816402931559299e-4,Equally weighted
6.081413491626341e-4,Equally weighted
6.17440962158048e-4,Equally weighted
6.161738674217447e-4,Equally weighted
6.194343108287425e-4,Equally weighted
5.493557813824444e-4,Equally weighted
6.441410403503394e-4,Equally weighted
6.150457165684095e-4,Equally weighted
6.158063333699667e-4,Equally weighted
6.219714541335412e-4,Equally weighted
6.120168985050984e-4,Equally weighted
5.835415104978315e-4,Equally weighted
5.547759424884517e-4,Equally weighted
6.094264115549114e-4,Equally weighted
5.368832397733043e-4,Equally weighted
6.01428062549476e-4,Equally weighted
6.052891992538303e-4,Equally weighted
6.135258334002329e-4,Equally weighted
5.80455308347952e-4,Equally weighted
6.107924847164605e-4,Equally weighted
6.045241510056518e-4,Equally weighted
6.302299615171238e-4,Equally weighted
6.026156993742008e-4,Equally weighted
6.475371489922727e-4,Equally weighted
5.872501946073808e-4,Equally weighted
6.477030059579762e-4,Equally weighted
6.205431711616277e-4,Equally weighted
6.041357688480649e-4,Equally weighted
0.0010243812484075987,Equally weighted
6.341327003571892e-4,Equally weighted
6.231294118742063e-4,Equally weighted
5.923873398006059e-4,Equally weighted
6.31556207431895e-4,Equally weighted
6.307989223872068e-4,Equally weighted
6.308805924793524e-4,Equally weighted
6.121636291413305e-4,Equally weighted
6.512447429150911e-4,Equally weighted
6.178508734873612e-4,Equally weighted
6.007416925882397e-4,Equally weighted
6.786809179892557e-4,Equally weighted
5.393480515270301e-4,Equally weighted
6.269863761167316e-4,Equally weighted
5.508575187111476e-4,Equally weighted
6.518258730756545e-4,Equally weighted
6.123530323654042e-4,Equally weighted
6.123664723263547e-4,Equally weighted
6.085823330662735e-4,Equally weighted
6.071689456490495e-4,Equally weighted
5.535859660308418e-4,Equally weighted
5.855582721774204e-4,Equally weighted
5.745699720852172e-4,Equally weighted
5.890531346346071e-4,Equally weighted
5.86302772234799e-4,Equally weighted
6.412087123660918e-4,Equally weighted
6.052235734268067e-4,Equally weighted
6.083481460396498e-4,Equally weighted
6.142506599184146e-4,Equally weighted
5.881819799900729e-4,Equally weighted
5.880453190114499e-4,Equally weighted
6.02284947803853e-4,Equally weighted
4.96918075335144e-4,Equally weighted
6.224508273113741e-4,Equally weighted
7.236172961641184e-4,Equally weighted
5.85001501754811e-4,Equally weighted
5.751475766755711e-4,Equally weighted
6.117194180401181e-4,Equally weighted
6.26466596712722e-4,Equally weighted
6.11211601147897e-4,Equally weighted
6.345147178444274e-4,Equally weighted
6.219286248209373e-4,Equally weighted
5.784983247393576e-4,Equally weighted
6.152951291959549e-4,Equally weighted
5.84545527288164e-4,Equally weighted
6.054618461511617e-4,Equally weighted
5.544325652168953e-4,Equally weighted
5.698662315883552e-4,Equally weighted
6.103300655439784e-4,Equally weighted
6.019500151597439e-4,Equally weighted
5.847953063035606e-4,Equally weighted
6.441224541632151e-4,Equally weighted
5.049477077889327e-4,Equally weighted
4.96918075335144e-4,Equally weighted
6.046426176820878e-4,Equally weighted
5.835205785347605e-4,Equally weighted
5.753555625341592e-4,Equally weighted
6.146277131321564e-4,Equally weighted
6.093747716506336e-4,Equally weighted
6.262501988663071e-4,Equally weighted
5.229063757589517e-4,Equally weighted
6.099466057057523e-4,Equally weighted
6.081150274853835e-4,Equally weighted
6.141166586921459e-4,Equally weighted
6.117003585682749e-4,Equally weighted
6.247715047155763e-4,Equally weighted
5.731410774087696e-4,Equally weighted
6.255923834377459e-4,Equally weighted
7.260587614313066e-4,Equally weighted
6.083615503152146e-4,Equally weighted
6.236424895758635e-4,Equally weighted
6.237074367068431e-4,Equally weighted
6.032338153633733e-4,Equally weighted
5.870776793773191e-4,Equally weighted
5.804831319701193e-4,Equally weighted
6.392203560838715e-4,Equally weighted
6.324797198887439e-4,Equally weighted
6.248459034760356e-4,Equally weighted
5.842254709920771e-4,Equally weighted
6.24090035752285e-4,Equally weighted
5.879227199596265e-4,Equally weighted
6.166494955589949e-4,Equally weighted
6.687564378230292e-4,Equally weighted
6.169149511244156e-4,Equally weighted
6.291444932221307e-4,Equally weighted
6.13310426573497e-4,Equally weighted
6.125064121259598e-4,Equally weighted
6.142714267113515e-4,Equally weighted
5.80968021630219e-4,Equally weighted
5.859765109907257e-4,Equally weighted
6.117107290750901e-4,Equally weighted
6.243582234676936e-4,Equally weighted
6.075012103135042e-4,Equally weighted
6.256711785955937e-4,Equally weighted
5.147500386565311e-4,Equally weighted
6.483530608566574e-4,Equally weighted
6.354080706398275e-4,Equally weighted
6.160236675922486e-4,Equally weighted
5.806817623862974e-4,Equally weighted
6.863380585097498e-4,Equally weighted
6.593390156427319e-4,Equally weighted
6.383217204586812e-4,Equally weighted
6.358905900312269e-4,Equally weighted
6.289308516448247e-4,Equally weighted
6.150258816383863e-4,Equally weighted
6.16169545315064e-4,Equally weighted
6.056732501972527e-4,Equally weighted
6.089136358631453e-4,Equally weighted
6.365279232391539e-4,Equally weighted
5.470049953422028e-4,Population weighted
6.257071271530772e-4,Population weighted
6.197149908551729e-4,Population weighted
5.550844945977923e-4,Population weighted
5.853559224443504e-4,Population weighted
6.478210376329017e-4,Population weighted
6.501717961182826e-4,Population weighted
5.993345913349967e-4,Population weighted
5.456821377185205e-4,Population weighted
4.8256907548159766e-4,Population weighted
6.115815027829089e-4,Population weighted
5.539536228857201e-4,Population weighted
6.226947006623887e-4,Population weighted
6.601475727563803e-4,Population weighted
6.137870017688278e-4,Population weighted
6.637737091936922e-4,Population weighted
6.042478670072462e-4,Population weighted
6.810065635835012e-4,Population weighted
6.042630795998578e-4,Population weighted
6.12263338411087e-4,Population weighted
5.888297837532298e-4,Population weighted
5.849275151284647e-4,Population weighted
6.406322709220642e-4,Population weighted
6.274122689921895e-4,Population weighted
5.835738235305798e-4,Population weighted
6.394064586888673e-4,Population weighted
5.904010423109641e-4,Population weighted
6.477419257682095e-4,Population weighted
6.339409175753324e-4,Population weighted
5.699905431183572e-4,Population weighted
6.136248746533802e-4,Population weighted
4.919193107804444e-4,Population weighted
6.085979296325484e-4,Population weighted
6.798501440712123e-4,Population weighted
5.826476247192624e-4,Population weighted
6.139960444420503e-4,Population weighted
6.185984696263321e-4,Population weighted
5.928851551915496e-4,Population weighted
6.081029914415745e-4,Population weighted
6.240994594467231e-4,Population weighted
5.791558543812106e-4,Population weighted
6.405129900701005e-4,Population weighted
6.520806023407325e-4,Population weighted
6.486705364828361e-4,Population weighted
6.096019132984879e-4,Population weighted
6.097998435621779e-4,Population weighted
6.09482686979644e-4,Population weighted
5.829788941870752e-4,Population weighted
5.839223814789819e-4,Population weighted
6.108267452846355e-4,Population weighted
5.80444088649084e-4,Population weighted
5.917988517468038e-4,Population weighted
6.150584267094017e-4,Population weighted
6.155801790015764e-4,Population weighted
5.907953630683819e-4,Population weighted
5.878426800216549e-4,Population weighted
7.630675471543209e-4,Population weighted
5.68189411515979e-4,Population weighted
6.242899389773523e-4,Population weighted
5.827217371759966e-4,Population weighted
5.477293211889997e-4,Population weighted
4.8256907548159766e-4,Population weighted
6.191269103156805e-4,Population weighted
5.856907716395011e-4,Population weighted
5.988797655594814e-4,Population weighted
4.8256907548159766e-4,Population weighted
5.743536499617502e-4,Population weighted
6.117273619163987e-4,Population weighted
6.622358371428551e-4,Population weighted
5.831180034459183e-4,Population weighted
5.761131536312705e-4,Population weighted
6.094324904418626e-4,Population weighted
6.295025338760064e-4,Population weighted
6.800001208812659e-4,Population weighted
6.24567938579107e-4,Population weighted
5.913982165881039e-4,Population weighted
6.197011334148443e-4,Population weighted
6.393356232658021e-4,Population weighted
6.241284737198945e-4,Population weighted
6.569012697660941e-4,Population weighted
5.449146507079584e-4,Population weighted
6.065055127647833e-4,Population weighted
5.890145825018911e-4,Population weighted
5.86529741767182e-4,Population weighted
5.282011740453742e-4,Population weighted
6.184349224674594e-4,Population weighted
6.668828029402745e-4,Population weighted
5.484376430640617e-4,Population weighted
6.661737870802368e-4,Population weighted
5.743268789053268e-4,Population weighted
6.217619493414766e-4,Population weighted
6.405463313286758e-4,Population weighted
6.212668310835405e-4,Population weighted
6.07772652954917e-4,Population weighted
6.280665800645594e-4,Population weighted
6.134079011967237e-4,Population weighted
6.052876768844026e-4,Population weighted
6.34638541163703e-4,Population weighted
6.591065911909808e-4,Population weighted
6.969517282636603e-4,Population weighted
6.299407157946204e-4,Population weighted
6.167935355162623e-4,Population weighted
6.134553346273786e-4,Population weighted
5.909463892662885e-4,Population weighted
6.510504035050342e-4,Population weighted
6.048187043351763e-4,Population weighted
6.154985314717433e-4,Population weighted
5.998428258674258e-4,Population weighted
6.17124035311663e-4,Population weighted
6.287879719376986e-4,Population weighted
6.408775649589018e-4,Population weighted
6.193095485092035e-4,Population weighted
6.31763364608434e-4,Population weighted
5.741805964669298e-4,Population weighted
6.24572510789313e-4,Population weighted
6.154517357894419e-4,Population weighted
6.28990506571251e-4,Population weighted
6.18278255031032e-4,Population weighted
6.304577136839619e-4,Population weighted
6.170168051116686e-4,Population weighted
6.358326035062612e-4,Population weighted
6.547132338891208e-4,Population weighted
6.196207304044399e-4,Population weighted
6.201958450949723e-4,Population weighted
6.274926021001594e-4,Population weighted
6.262155353479686e-4,Population weighted
6.147417369803964e-4,Population weighted
6.520797289169616e-4,Population weighted
6.407442197339421e-4,Population weighted
4.8256907548159766e-4,Population weighted
6.013187797180228e-4,Population weighted
5.90268954526062e-4,Population weighted
6.297716475092981e-4,Population weighted
7.016068999748164e-4,Population weighted
5.43742448563614e-4,Population weighted
5.14077716657595e-4,Population weighted
4.8256907548159766e-4,Population weighted
7.970515373675079e-4,Population weighted
6.262530421457439e-4,Population weighted
6.311966970129449e-4,Population weighted
6.284120484233907e-4,Population weighted
6.211904607958214e-4,Population weighted
5.286771590231352e-4,Population weighted
5.741777131892319e-4,Population weighted
5.802284006803283e-4,Population weighted
6.056475504012879e-4,Population weighted
5.530542697890488e-4,Population weighted
5.681805278834901e-4,Population weighted
6.109719055009244e-4,Population weighted
5.968214700659544e-4,Population weighted
5.856157021829773e-4,Population weighted
5.843435059640385e-4,Population weighted
5.74498128201277e-4,Population weighted
5.86562555402978e-4,Population weighted
6.874967587437719e-4,Population weighted
6.011571253393387e-4,Population weighted
5.855993279210164e-4,Population weighted
5.457049514368224e-4,Population weighted
6.001833296101175e-4,Population weighted
6.19327435621869e-4,Population weighted
6.307254790256105e-4,Population weighted
6.027860641819196e-4,Population weighted
6.052526065055153e-4,Population weighted
0.0013182163194691045,Population weighted
6.013206921070924e-4,Population weighted
6.412646014070404e-4,Population weighted
6.157235707856867e-4,Population weighted
6.353228492940798e-4,Population weighted
5.673026346109826e-4,Population weighted
6.345979745413759e-4,Population weighted
6.00435909203084e-4,Population weighted
6.133552853821458e-4,Population weighted
6.544682211649654e-4,Population weighted
5.877090849746871e-4,Population weighted
6.026034321586407e-4,Population weighted
5.512261391375883e-4,Population weighted
6.342337538865762e-4,Population weighted
6.203397546380493e-4,Population weighted
7.271551111240684e-4,Population weighted
5.828770490601258e-4,Population weighted
5.505388723060231e-4,Population weighted
6.091988826937294e-4,Population weighted
5.030473631569321e-4,Population weighted
6.172569156915591e-4,Population weighted
5.697709614438748e-4,Population weighted
6.06356455230914e-4,Population weighted
5.329022683295285e-4,Population weighted
6.459920983399603e-4,Population weighted
5.301240814849676e-4,Population weighted
5.854861817864923e-4,Population weighted
6.161778968533977e-4,Population weighted
6.294717745336132e-4,Population weighted
5.528881900886453e-4,Population weighted
6.277429658920698e-4,Population weighted
5.960029267103645e-4,Population weighted
5.552289151183009e-4,Population weighted
5.97585328059163e-4,Population weighted
6.352294692581887e-4,Population weighted
5.444621652830592e-4,Population weighted
5.433292440933679e-4,Population weighted
6.161737637250248e-4,Population weighted
6.177557451601016e-4,Population weighted
6.242315352376947e-4,Population weighted
6.973331047674782e-4,Population weighted
6.960653569977769e-4,Population weighted
6.4884103129937e-4,Population weighted
6.945242165109118e-4,Population weighted
7.03269043229714e-4,Population weighted
6.101595571689171e-4,Population weighted
6.172845843785677e-4,Population weighted
5.718922340721313e-4,Population weighted
5.800475498396923e-4,Population weighted
6.300365873626168e-4,Population weighted
6.642534049336087e-4,Population weighted
5.037455083140715e-4,Population weighted
7.499664677431022e-4,Population weighted
6.844491144328502e-4,Population weighted
6.434873042677894e-4,Population weighted
6.123306424560617e-4,Population weighted
7.053820534485332e-4,Population weighted
6.098233350401862e-4,Population weighted
5.673812718195481e-4,Population weighted
6.160926193373883e-4,Population weighted
5.301621167788904e-4,Population weighted
6.284156351484308e-4,Population weighted
6.101476916961206e-4,Population weighted
6.240604140359947e-4,Population weighted
6.91692280647634e-4,Population weighted
6.100289801736125e-4,Population weighted
5.716476965312723e-4,Population weighted
6.100404326779475e-4,Population weighted
7.092548700184504e-4,Population weighted
5.538036095408975e-4,Population weighted
4.8256907548159766e-4,Population weighted
6.301576033353565e-4,Population weighted
5.902839621234128e-4,Population weighted
7.322637599320008e-4,Population weighted
5.741030166025819e-4,Population weighted
5.510605827239448e-4,Population weighted
6.350021295233167e-4,Population weighted
5.772351953173175e-4,Population weighted
6.616188559894488e-4,Population weighted
6.319462994058604e-4,Population weighted
6.236550081889835e-4,Population weighted
5.798338128261827e-4,Population weighted
6.911534391635232e-4,Population weighted
6.212073815093078e-4,Population weighted
6.307308726691812e-4,Population weighted
5.44291687049877e-4,Population weighted
5.874260357248685e-4,Population weighted
5.713221360976246e-4,Population weighted
6.687569964788665e-4,Population weighted
6.03772024349854e-4,Population weighted
5.462968876329512e-4,Population weighted
6.292856353806846e-4,Population weighted
6.032669518691216e-4,Population weighted
5.806776671103232e-4,Population weighted
6.593602384016461e-4,Population weighted
5.285016424075962e-4,Population weighted
5.889549734235751e-4,Population weighted
6.523904975225817e-4,Population weighted
6.087324286896257e-4,Population weighted
6.114783042352006e-4,Population weighted
5.843779169581857e-4,Population weighted
0.0017835818826015925,Population weighted
6.164976395825776e-4,Population weighted
5.796696099288734e-4,Population weighted
5.748423646307744e-4,Population weighted
6.956103749956871e-4,Population weighted
6.563044367956112e-4,Population weighted
5.760099362659099e-4,Population weighted
5.8891157222787e-4,Population weighted
5.562059974069824e-4,Population weighted
7.118992057294554e-4,Population weighted
6.228692059858173e-4,Population weighted
5.46521251455267e-4,Population weighted
6.169233215501563e-4,Population weighted
5.6706924441695e-4,Population weighted
5.793456739277383e-4,Population weighted
5.742839637513957e-4,Population weighted
6.24593455896343e-4,Population weighted
7.061827837994023e-4,Population weighted
7.132379930813501e-4,Population weighted
6.075362939360474e-4,Population weighted
6.214589697998071e-4,Population weighted
6.4433262986337e-4,Population weighted
5.629149458119765e-4,Population weighted
6.354712069023699e-4,Population weighted
6.284811447758104e-4,Population weighted
6.744004797047443e-4,Population weighted
6.307007668958038e-4,Population weighted
6.245689254608791e-4,Population weighted
5.522241158843282e-4,Population weighted
6.01041643328415e-4,Population weighted
5.761739171859318e-4,Population weighted
6.09637093941924e-4,Population weighted
6.449471650270573e-4,Population weighted
6.13816468271086e-4,Population weighted
6.082075003142089e-4,Population weighted
6.214928109994207e-4,Population weighted
5.540403795775764e-4,Population weighted
5.515261274970008e-4,Population weighted
5.546178296660292e-4,Population weighted
6.771751997530003e-4,Population weighted
5.761875642201744e-4,Population weighted
5.761693634981856e-4,Population weighted
5.748574252613117e-4,Population weighted
6.964510012542066e-4,Population weighted
6.251511180300014e-4,Population weighted
4.8256907548159766e-4,Population weighted
5.985666211569786e-4,Population weighted
5.171865168086537e-4,Population weighted
6.502309207102517e-4,Population weighted
4.8256907548159766e-4,Population weighted
5.483008984291639e-4,Population weighted
6.153034540290509e-4,Population weighted
5.50152026953443e-4,Population weighted
6.046065247925954e-4,Population weighted
5.561843904268008e-4,Population weighted
6.134681523317965e-4,Population weighted
6.211204044158321e-4,Population weighted
6.035958900669309e-4,Population weighted
6.246223511325269e-4,Population weighted
6.491528610799463e-4,Population weighted
5.669402591439171e-4,Population weighted
6.381537395626591e-4,Population weighted
6.12042581999957e-4,Population weighted
6.239271943500733e-4,Population weighted
6.699179089243327e-4,Population weighted
5.026274891338451e-4,Population weighted
6.595454350830335e-4,Population weighted
5.023159643291095e-4,Population weighted
5.766411836547995e-4,Population weighted
6.121397994831976e-4,Population weighted
6.317534517172334e-4,Population weighted
6.174446769358135e-4,Population weighted
6.994921111598312e-4,Population weighted
5.028481171096322e-4,Population weighted
5.164259216234179e-4,Population weighted
6.758495354304575e-4,Population weighted
5.010641478843519e-4,Population weighted
6.158294441296507e-4,Population weighted
5.989869001982163e-4,Population weighted
6.954328364996822e-4,Population weighted
5.802509829728591e-4,Population weighted
4.8256907548159766e-4,Population weighted
4.8256907548159766e-4,Population weighted
6.548857829203586e-4,Population weighted
6.169632864315127e-4,Population weighted
6.170022229822652e-4,Population weighted
6.67336182527316e-4,Population weighted
6.391339753137633e-4,Population weighted
4.8256907548159766e-4,Population weighted
6.170131911462156e-4,Population weighted
6.079957302466037e-4,Population weighted
6.371997203018793e-4,Population weighted
7.677755033783915e-4,Population weighted
5.699010312154098e-4,Population weighted
6.175916929538314e-4,Population weighted
6.249476334622909e-4,Population weighted
7.337722547187463e-4,Population weighted
6.170950367682045e-4,Population weighted
6.121079108417706e-4,Population weighted
6.682386060282969e-4,Population weighted
6.220552734837272e-4,Population weighted
5.868171824539334e-4,Population weighted
6.535903644669702e-4,Population weighted
6.769064926162503e-4,Population weighted
7.774805083703277e-4,Population weighted
6.17050950136551e-4,Population weighted
6.064941958921408e-4,Population weighted
6.174555024165661e-4,Population weighted
6.171445259876735e-4,Population weighted
5.791832138080292e-4,Population weighted
6.981130346228767e-4,Population weighted
7.463516507044606e-4,Population weighted
6.116415646171805e-4,Population weighted
6.170619413066749e-4,Population weighted
6.019641974239853e-4,Population weighted
6.005860879003158e-4,Population weighted
6.292261125147939e-4,Population weighted
4.8256907548159766e-4,Population weighted
6.137359973450954e-4,Population weighted
6.354490575513705e-4,Population weighted
5.670625464489508e-4,Population weighted
6.171726637805403e-4,Population weighted
5.149814384106204e-4,Population weighted
6.171780932022377e-4,Population weighted
6.402980620260567e-4,Population weighted
6.171835222682679e-4,Population weighted
5.47790009891362e-4,Population weighted
6.224936402432062e-4,Population weighted
5.473159648902835e-4,Population weighted
6.221326981016013e-4,Population weighted
5.168093170117803e-4,Population weighted
6.748476436285839e-4,Population weighted
6.170291348391482e-4,Population weighted
6.417270881398383e-4,Population weighted
4.8256907548159766e-4,Population weighted
6.213715108395571e-4,Population weighted
5.759589598478469e-4,Population weighted
4.8256907548159766e-4,Population weighted
6.453215157838501e-4,Population weighted
6.343626530414079e-4,Population weighted
6.17105719124842e-4,Population weighted
6.74165898284755e-4,Population weighted
6.224353331793418e-4,Population weighted
5.014461113813336e-4,Population weighted
5.299034760214565e-4,Population weighted
5.270645753547474e-4,Population weighted
5.983109639921546e-4,Population weighted
6.262979302549625e-4,Population weighted
5.145947698641162e-4,Population weighted
6.171998621201104e-4,Population weighted
6.565429344730707e-4,Population weighted
4.8256907548159766e-4,Population weighted
4.8256907548159766e-4,Population weighted
6.344677493328953e-4,Population weighted
6.495645575954695e-4,Population weighted
6.362717398019615e-4,Population weighted
8.377984428468816e-4,Population weighted
5.95356861248629e-4,Population weighted
6.670528431878651e-4,Population weighted
6.144296005380645e-4,Population weighted
6.491595322617213e-4,Population weighted
6.281446678102504e-4,Population weighted
6.172255151881758e-4,Population weighted
5.140285617473668e-4,Population weighted
4.8256907548159766e-4,Population weighted
6.857317447686597e-4,Population weighted
6.172309338033917e-4,Population weighted
6.412893719455346e-4,Population weighted
5.345138170893745e-4,Population weighted
5.487047547999462e-4,Population weighted
6.236411252675582e-4,Population weighted
7.144220248117804e-4,Population weighted
6.019538878382992e-4,Population weighted
6.571064350871082e-4,Population weighted
6.172426001404777e-4,Population weighted
4.8256907548159766e-4,Population weighted
4.8256907548159766e-4,Population weighted
6.145658609464328e-4,Population weighted
5.840212303219056e-4,Population weighted
6.105387178766471e-4,Population weighted
6.189643663941972e-4,Population weighted
5.807987172852981e-4,Population weighted
5.736342557300152e-4,Population weighted
5.87736806805153e-4,Population weighted
6.541195143712527e-4,Population weighted
6.071652403067008e-4,Population weighted
5.820899415366328e-4,Population weighted
6.124995967908226e-4,Population weighted
7.026851574200872e-4,Population weighted
6.500295136957909e-4,Population weighted
6.238882265659146e-4,Population weighted
5.671539077819289e-4,Population weighted
5.984078847233129e-4,Population weighted
6.109200391512364e-4,Population weighted
5.917604156165982e-4,Population weighted
5.70420720246795e-4,Population weighted
6.220785989943536e-4,Population weighted
6.255630651660788e-4,Population weighted
5.769504825927198e-4,Population weighted
6.447876766865473e-4,Population weighted
6.268515556583637e-4,Population weighted
6.392067534524483e-4,Population weighted
6.056854961170849e-4,Population weighted
6.492604863627168e-4,Population weighted
6.030366728900819e-4,Population weighted
6.665521570437147e-4,Population weighted
5.721788151959343e-4,Population weighted
5.689064911162057e-4,Population weighted
5.846162892349304e-4,Population weighted
5.713248892986763e-4,Population weighted
6.104764312769949e-4,Population weighted
5.765957688467241e-4,Population weighted
6.578737535778552e-4,Population weighted
5.485908734806484e-4,Population weighted
6.060479089803244e-4,Population weighted
4.8256907548159766e-4,Population weighted
6.021975593111608e-4,Population weighted
5.783053769786852e-4,Population weighted
5.998116782983984e-4,Population weighted
7.05035332962912e-4,Population weighted
6.727401007053331e-4,Population weighted
7.350218194992386e-4,Population weighted
5.72778903634034e-4,Population weighted
6.270036493508141e-4,Population weighted
6.212240283915172e-4,Population weighted
6.563927013912888e-4,Population weighted
5.952190780571903e-4,Population weighted
5.67824738762512e-4,Population weighted
6.057158775728966e-4,Population weighted
5.760364902632996e-4,Population weighted
6.048023172779682e-4,Population weighted
5.477396469669151e-4,Population weighted
5.296631132175539e-4,Population weighted
5.287798785719428e-4,Population weighted
5.996700073427768e-4,Population weighted
5.781814962466231e-4,Population weighted
5.755944082544562e-4,Population weighted
5.697222371447309e-4,Population weighted
6.359104996187786e-4,Population weighted
5.345121612740336e-4,Population weighted
5.540182349993868e-4,Population weighted
5.906086455093072e-4,Population weighted
5.292210899546067e-4,Population weighted
5.031262927512163e-4,Population weighted
5.017432426240873e-4,Population weighted
5.153384377026187e-4,Population weighted
6.600666257913106e-4,Population weighted
5.542227777483015e-4,Population weighted
6.076549547395373e-4,Population weighted
6.475299508578983e-4,Population weighted
6.258198095936593e-4,Population weighted
5.832016613855788e-4,Population weighted
6.101729430889019e-4,Population weighted
7.746146418186169e-4,Population weighted
6.296399905856782e-4,Population weighted
6.065455895245144e-4,Population weighted
5.023146498416348e-4,Population weighted
5.821313018912577e-4,Population weighted
5.84969768399336e-4,Population weighted
5.892876917255559e-4,Population weighted
6.075753274243108e-4,Population weighted
5.455978512131676e-4,Population weighted
6.285595945207181e-4,Population weighted
5.721754482051677e-4,Population weighted
5.489659240127269e-4,Population weighted
6.140155781805749e-4,Population weighted
6.370970662019248e-4,Population weighted
5.024100150279572e-4,Population weighted
6.337368278027374e-4,Population weighted
6.053820120271426e-4,Population weighted
5.817882629227658e-4,Population weighted
6.294215027995558e-4,Population weighted
6.322740773951558e-4,Population weighted
6.042545243141979e-4,Population weighted
6.005487364781487e-4,Population weighted
5.510048287205316e-4,Population weighted
6.122374743184523e-4,Population weighted
5.298929190704494e-4,Population weighted
6.5958886840411e-4,Population weighted
5.337505407542804e-4,Population weighted
5.857469425362192e-4,Population weighted
5.734807149574314e-4,Population weighted
6.195900694056089e-4,Population weighted
6.029416116160268e-4,Population weighted
6.736318016194987e-4,Population weighted
6.053512117585733e-4,Population weighted
5.857421256464595e-4,Population weighted
5.4748314354032e-4,Population weighted
6.825142328056005e-4,Population weighted
5.803877382941149e-4,Population weighted
6.313181604298705e-4,Population weighted
6.008536735213954e-4,Population weighted
5.55967808831603e-4,Population weighted
9.233204954683203e-4,Population weighted
6.139045312906907e-4,Population weighted
6.277883379768535e-4,Population weighted
6.41466326764113e-4,Population weighted
6.079093300901257e-4,Population weighted
5.477859550769554e-4,Population weighted
6.299647997747832e-4,Population weighted
5.837106250528892e-4,Population weighted
6.03806965358575e-4,Population weighted
5.843864305681931e-4,Population weighted
5.515586332255272e-4,Population weighted
6.020813151998029e-4,Population weighted
6.122591516534714e-4,Population weighted
5.701264853467368e-4,Population weighted
5.486198927429425e-4,Population weighted
6.439638459028628e-4,Population weighted
5.802457563688169e-4,Population weighted
6.713626444613221e-4,Population weighted
6.261792798965372e-4,Population weighted
5.766022666423191e-4,Population weighted
5.902923678700766e-4,Population weighted
6.172092226521057e-4,Population weighted
6.286421180788618e-4,Population weighted
5.458936428006086e-4,Population weighted
6.737612940653968e-4,Population weighted
7.261843761976213e-4,Population weighted
7.755484830187976e-4,Population weighted
6.113677565282339e-4,Population weighted
5.947483724986387e-4,Population weighted
5.917742377943725e-4,Population weighted
6.169909472590955e-4,Population weighted
5.84369279852074e-4,Population weighted
6.23639182808432e-4,Population weighted
5.849238510925284e-4,Population weighted
6.284566655564622e-4,Population weighted
6.29768304185931e-4,Population weighted
6.047828043479128e-4,Population weighted
5.69658503869461e-4,Population weighted
5.718608140579703e-4,Population weighted
6.549338165639117e-4,Population weighted
6.926311777871474e-4,Population weighted
6.690891083303952e-4,Population weighted
5.709494747498298e-4,Population weighted
6.186933229504313e-4,Population weighted
4.8256907548159766e-4,Population weighted
5.487124583977362e-4,Population weighted
5.152841876062656e-4,Population weighted
5.564398975462561e-4,Population weighted
5.743193045129817e-4,Population weighted
6.925286872945699e-4,Population weighted
5.461776282389883e-4,Population weighted
6.460735883158183e-4,Population weighted
5.687915091608262e-4,Population weighted
5.842475166017449e-4,Population weighted
5.34095663561599e-4,Population weighted
5.761813050087364e-4,Population weighted
5.833094149614205e-4,Population weighted
4.8256907548159766e-4,Population weighted
6.60331271585507e-4,Population weighted
6.019008729493375e-4,Population weighted
4.8256907548159766e-4,Population weighted
6.297309382981142e-4,Population weighted
6.51220241169658e-4,Population weighted
6.077248669673057e-4,Population weighted
5.868176420239124e-4,Population weighted
6.316716596476177e-4,Population weighted
5.873772240059323e-4,Population weighted
6.165004394976786e-4,Population weighted
5.930174004150676e-4,Population weighted
6.214979464772238e-4,Population weighted
5.686620207584224e-4,Population weighted
6.068489676877296e-4,Population weighted
4.8256907548159766e-4,Population weighted
5.879406994378542e-4,Population weighted
6.163339566031317e-4,Population weighted
6.861486967608989e-4,Population weighted
6.669835819072133e-4,Population weighted
6.248584174268653e-4,Population weighted
6.044285328610532e-4,Population weighted
5.748510794359725e-4,Population weighted
7.263767731476575e-4,Population weighted
5.322210394134373e-4,Population weighted
6.258311721464619e-4,Population weighted
4.8256907548159766e-4,Population weighted
6.295375844498259e-4,Population weighted
6.077502101229673e-4,Population weighted
5.673876200397862e-4,Population weighted
5.152795240436747e-4,Population weighted
5.885393246981308e-4,Population weighted
6.109833360164152e-4,Population weighted
6.361012067656316e-4,Population weighted
5.799105428046861e-4,Population weighted
5.131436008031507e-4,Population weighted
5.139523749858378e-4,Population weighted
6.742364148520421e-4,Population weighted
6.597231626560921e-4,Population weighted
6.241517900781367e-4,Population weighted
6.222376279091037e-4,Population weighted
5.870591918907928e-4,Population weighted
6.521685286632766e-4,Population weighted
4.8256907548159766e-4,Population weighted
5.500945597592823e-4,Population weighted
5.309314419335272e-4,Population weighted
5.011068587820795e-4,Population weighted
5.581838247573972e-4,Population weighted
6.363409160716796e-4,Population weighted
6.365361672708485e-4,Population weighted
6.080879913643946e-4,Population weighted
7.186298312866798e-4,Population weighted
7.188892944217566e-4,Population weighted
6.70126784468562e-4,Population weighted
6.303650543865675e-4,Population weighted
6.863168179193289e-4,Population weighted
6.278318223834168e-4,Population weighted
6.410743129443581e-4,Population weighted
6.6077881934041e-4,Population weighted
5.877005043098942e-4,Population weighted
5.653787729897946e-4,Population weighted
6.828214182406301e-4,Population weighted
5.740860529076529e-4,Population weighted
6.361876808548293e-4,Population weighted
6.338910065848259e-4,Population weighted
6.365566981395255e-4,Population weighted
7.120281358751702e-4,Population weighted
6.283895796176964e-4,Population weighted
6.195775200402348e-4,Population weighted
6.365872968567573e-4,Population weighted
6.551257159399382e-4,Population weighted
6.579897466958091e-4,Population weighted
6.36678992826027e-4,Population weighted
5.136713432229763e-4,Population weighted
5.868534427849489e-4,Population weighted
9.741014288235369e-4,Population weighted
6.365545207732392e-4,Population weighted
6.367110040744178e-4,Population weighted
7.048868397460159e-4,Population weighted
6.367630971354086e-4,Population weighted
6.161564515981153e-4,Population weighted
6.04165450599806e-4,Population weighted
6.520539392226577e-4,Population weighted
8.627929875592458e-4,Population weighted
4.8256907548159766e-4,Population weighted
6.033023713770505e-4,Population weighted
5.685403880429832e-4,Population weighted
6.308123189449599e-4,Population weighted
4.8256907548159766e-4,Population weighted
5.460731326420803e-4,Population weighted
4.8256907548159766e-4,Population weighted
5.429035714345333e-4,Population weighted
5.644699613069024e-4,Population weighted
0.001121238026338206,Population weighted
6.798837638440013e-4,Population weighted
6.10776063854367e-4,Population weighted
6.15555248307756e-4,Population weighted
6.368500340463189e-4,Population weighted
6.319477679130785e-4,Population weighted
7.217048767544407e-4,Population weighted
6.11113100385934e-4,Population weighted
5.326976414238225e-4,Population weighted
5.7817236657882e-4,Population weighted
7.115273270254599e-4,Population weighted
6.126660847638798e-4,Population weighted
6.368687606153914e-4,Population weighted
5.43494480721869e-4,Population weighted
6.368843907868874e-4,Population weighted
6.36906818543788e-4,Population weighted
5.927694389359973e-4,Population weighted
6.490917468857156e-4,Population weighted
5.765339558075346e-4,Population weighted
6.013275639006117e-4,Population weighted
6.82412044182786e-4,Population weighted
6.839897715703319e-4,Population weighted
6.316302187211655e-4,Population weighted
6.247661099581223e-4,Population weighted
6.284797607379851e-4,Population weighted
6.772468368573154e-4,Population weighted
5.699566840228193e-4,Population weighted
6.069673629088792e-4,Population weighted
6.987842036256399e-4,Population weighted
0.001160063576444611,Population weighted
5.583386962594494e-4,Population weighted
6.241371843233322e-4,Population weighted
5.879719196172516e-4,Population weighted
6.313961740983229e-4,Population weighted
5.634070262216232e-4,Population weighted
6.732917625228723e-4,Population weighted
5.987494472906307e-4,Population weighted
6.373994541080437e-4,Population weighted
6.500937463073156e-4,Population weighted
5.127672298551125e-4,Population weighted
5.147051380753071e-4,Population weighted
5.75024605118523e-4,Population weighted
6.252144693419774e-4,Population weighted
5.704697241039452e-4,Population weighted
5.987810930762748e-4,Population weighted
6.221878871298482e-4,Population weighted
6.626049199929636e-4,Population weighted
6.219180803133414e-4,Population weighted
6.421378692706767e-4,Population weighted
6.724721554605975e-4,Population weighted
6.037851459073549e-4,Population weighted
6.158833161349392e-4,Population weighted
6.152753133738974e-4,Population weighted
6.152539568985283e-4,Population weighted
5.841969613420592e-4,Population weighted
6.015241475481254e-4,Population weighted
6.240277323890445e-4,Population weighted
5.71813954962326e-4,Population weighted
6.243511120975375e-4,Population weighted
5.976201658868071e-4,Population weighted
4.8256907548159766e-4,Population weighted
5.479639928745603e-4,Population weighted
6.453395095169985e-4,Population weighted
6.144794774778343e-4,Population weighted
4.8256907548159766e-4,Population weighted
5.803142794184956e-4,Population weighted
6.147484648173849e-4,Population weighted
5.912803257179348e-4,Population weighted
5.782054163481282e-4,Population weighted
5.679907056233154e-4,Population weighted
5.73111273270123e-4,Population weighted
6.163111743603479e-4,Population weighted
6.310308957773168e-4,Population weighted
5.953963827073544e-4,Population weighted
6.023351955334583e-4,Population weighted
5.521697750525969e-4,Population weighted
6.201567262750043e-4,Population weighted
7.4553709082378e-4,Population weighted
6.676801671819672e-4,Population weighted
6.294606007918669e-4,Population weighted
5.857689392978464e-4,Population weighted
6.201159581112625e-4,Population weighted
6.223208447687185e-4,Population weighted
6.30161340661047e-4,Population weighted
5.799597333561034e-4,Population weighted
5.730255371154007e-4,Population weighted
6.368641946992078e-4,Population weighted
6.114591411751476e-4,Population weighted
6.950277456485101e-4,Population weighted
6.179412411524089e-4,Population weighted
5.549766806790759e-4,Population weighted
6.269667750795698e-4,Population weighted
6.216721596366194e-4,Population weighted
6.036150654330382e-4,Population weighted
6.441607922384956e-4,Population weighted
6.187462932166442e-4,Population weighted
6.373091076742133e-4,Population weighted
5.712887055741275e-4,Population weighted
6.549777892251766e-4,Population weighted
5.829116783389029e-4,Population weighted
6.24118925001751e-4,Population weighted
6.464337531670077e-4,Population weighted
5.757660693666339e-4,Population weighted
5.92687959061718e-4,Population weighted
6.167803330943128e-4,Population weighted
6.274419405993943e-4,Population weighted
6.783192358876096e-4,Population weighted
6.351144412272958e-4,Population weighted
6.267308060098599e-4,Population weighted
6.817743322402221e-4,Population weighted
6.429585139709271e-4,Population weighted
6.277557807108345e-4,Population weighted
5.993322045467047e-4,Population weighted
6.113667571042431e-4,Population weighted
6.267944665527902e-4,Population weighted
5.023621604019758e-4,Population weighted
6.358588389447205e-4,Population weighted
6.14110394591792e-4,Population weighted
6.095978637434905e-4,Population weighted
6.14433614397312e-4,Population weighted
5.567507861771685e-4,Population weighted
5.328922582323832e-4,Population weighted
6.302707080812294e-4,Population weighted
6.054497598404919e-4,Population weighted
5.826049449077844e-4,Population weighted
6.46913616858176e-4,Population weighted
6.476802018678187e-4,Population weighted
7.252640094919823e-4,Population weighted
5.747437667562206e-4,Population weighted
5.522677802202375e-4,Population weighted
6.181690113504009e-4,Population weighted
5.747085800464521e-4,Population weighted
6.130844484572936e-4,Population weighted
6.632338059470435e-4,Population weighted
6.80099978432718e-4,Population weighted
5.973950245794729e-4,Population weighted
6.518175078247e-4,Population weighted
5.786003577934917e-4,Population weighted
5.758698385011879e-4,Population weighted
5.453679386180888e-4,Population weighted
6.849726559158533e-4,Population weighted
5.766247708143879e-4,Population weighted
5.790101334844646e-4,Population weighted
5.808179803742335e-4,Population weighted
6.330544584928746e-4,Population weighted
6.474414888949529e-4,Population weighted
4.8256907548159766e-4,Population weighted
6.579970213232702e-4,Population weighted
4.8256907548159766e-4,Population weighted
6.189670840703882e-4,Population weighted
5.708989429903122e-4,Population weighted
5.743641770867297e-4,Population weighted
6.181525368575532e-4,Population weighted
4.8256907548159766e-4,Population weighted
6.12574710776811e-4,Population weighted
7.050983319476732e-4,Population weighted
5.894966854951636e-4,Population weighted
5.304621636972567e-4,Population weighted
5.516027178526304e-4,Population weighted
6.589771664298587e-4,Population weighted
6.499238276220373e-4,Population weighted
6.314505691935896e-4,Population weighted
7.30449771326817e-4,Population weighted
6.167053577917937e-4,Population weighted
5.769720773744074e-4,Population weighted
5.747227100166252e-4,Population weighted
6.090198262593324e-4,Population weighted
5.298916636069483e-4,Population weighted
5.968152012183283e-4,Population weighted
7.35510631919371e-4,Population weighted
6.140241507999017e-4,Population weighted
5.157075972806734e-4,Population weighted
5.171338620876386e-4,Population weighted
5.803194849600206e-4,Population weighted
6.647702416198424e-4,Population weighted
7.064949654420079e-4,Population weighted
6.165845033856534e-4,Population weighted
5.771854897742316e-4,Population weighted
6.167065470866573e-4,Population weighted
5.603903930700667e-4,Population weighted
6.811744677992109e-4,Population weighted
4.922636244723602e-4,Population weighted
6.240875354129608e-4,Population weighted
6.867874223914894e-4,Population weighted
6.229748581985214e-4,Population weighted
6.476563106348457e-4,Population weighted
5.333595231923361e-4,Population weighted
5.838567570939782e-4,Population weighted
5.734144440188566e-4,Population weighted
6.504651524308255e-4,Population weighted
5.847616166775079e-4,Population weighted
5.737482307755721e-4,Population weighted
5.524075997347893e-4,Population weighted
5.511821859252001e-4,Population weighted
6.054222713198791e-4,Population weighted
5.786913501573635e-4,Population weighted
6.264528180869664e-4,Population weighted
6.599479081387915e-4,Population weighted
6.031666101003381e-4,Population weighted
6.041298071652291e-4,Population weighted
6.021426305012682e-4,Population weighted
6.094000357536068e-4,Population weighted
7.178484478147581e-4,Population weighted
6.00145158662393e-4,Population weighted
6.152706201825533e-4,Population weighted
6.045223844593264e-4,Population weighted
5.999406763231852e-4,Population weighted
6.280731191991704e-4,Population weighted
5.751580242022092e-4,Population weighted
6.373058399318267e-4,Population weighted
6.296682560758743e-4,Population weighted
7.639356560029704e-4,Population weighted
6.105151606109322e-4,Population weighted
6.24611514824045e-4,Population weighted
6.141353836024657e-4,Population weighted
7.56568564653064e-4,Population weighted
6.190331281125396e-4,Population weighted
7.249995833453827e-4,Population weighted
5.557084876901174e-4,Population weighted
5.869994858633602e-4,Population weighted
6.23884326700023e-4,Population weighted
5.853058835593034e-4,Population weighted
6.733639235823868e-4,Population weighted
5.501846169246185e-4,Population weighted
6.089199957695454e-4,Population weighted
6.227978818313508e-4,Population weighted
5.771484870242165e-4,Population weighted
6.366986551493424e-4,Population weighted
5.721830414292969e-4,Population weighted
5.452689103703571e-4,Population weighted
6.186044971407501e-4,Population weighted
6.237911438867459e-4,Population weighted
5.909881124865638e-4,Population weighted
5.893160964217659e-4,Population weighted
6.370349200901342e-4,Population weighted
6.340052640050584e-4,Population weighted
6.589036002182315e-4,Population weighted
6.220131496149794e-4,Population weighted
6.241541668420667e-4,Population weighted
6.30497245327291e-4,Population weighted
6.253050667852411e-4,Population weighted
5.86790429281935e-4,Population weighted
5.804168596086404e-4,Population weighted
6.062018846143273e-4,Population weighted
5.926852768099254e-4,Population weighted
6.152308151282684e-4,Population weighted
6.076491063690509e-4,Population weighted
6.247288706542796e-4,Population weighted
8.321878846053622e-4,Population weighted
6.21824990868999e-4,Population weighted
5.953244232336923e-4,Population weighted
5.848340618891822e-4,Population weighted
5.02012987692887e-4,Population weighted
6.540922012744662e-4,Population weighted
6.120514456324041e-4,Population weighted
6.167476046722533e-4,Population weighted
6.197837555969805e-4,Population weighted
6.25487342095532e-4,Population weighted
5.876005092478875e-4,Population weighted
6.069185225365495e-4,Population weighted
6.26602575246751e-4,Population weighted
6.220389328949958e-4,Population weighted
5.75990923979584e-4,Population weighted
5.857790068772758e-4,Population weighted
5.904078778898429e-4,Population weighted
6.327000321846803e-4,Population weighted
6.227610755888793e-4,Population weighted
5.760501495384377e-4,Population weighted
6.375033762390545e-4,Population weighted
5.531742367721141e-4,Population weighted
7.389263466106606e-4,Population weighted
0.0012223564398760826,Population weighted
6.070657768275326e-4,Population weighted
5.905758595385729e-4,Population weighted
6.344535441626538e-4,Population weighted
5.905756094444561e-4,Population weighted
6.468110389864623e-4,Population weighted
6.29166499391482e-4,Population weighted
4.8256907548159766e-4,Population weighted
5.830794583217725e-4,Population weighted
6.348335111872244e-4,Population weighted
6.895637356208098e-4,Population weighted
6.582632565358634e-4,Population weighted
5.826028377619737e-4,Population weighted
5.905909275399692e-4,Population weighted
5.905757344883255e-4,Population weighted
5.838389274197617e-4,Population weighted
5.906299792742478e-4,Population weighted
5.753590374654714e-4,Population weighted
5.136193506217954e-4,Population weighted
5.906543271353969e-4,Population weighted
5.477647804686825e-4,Population weighted
5.906826970132762e-4,Population weighted
5.905979074620955e-4,Population weighted
5.905137905068177e-4,Population weighted
5.80712727626053e-4,Population weighted
6.495846677230892e-4,Population weighted
5.904981555976112e-4,Population weighted
6.444157795793225e-4,Population weighted
5.903952497437502e-4,Population weighted
5.03167059390009e-4,Population weighted
6.892382079531233e-4,Population weighted
5.762981520059657e-4,Population weighted
6.386215328347774e-4,Population weighted
6.308775757534685e-4,Population weighted
7.110464333473949e-4,Population weighted
5.552307626553168e-4,Population weighted
5.280085896358539e-4,Population weighted
6.441961754971592e-4,Population weighted
5.159204313484673e-4,Population weighted
4.8256907548159766e-4,Population weighted
5.925235139442328e-4,Population weighted
6.210457199360718e-4,Population weighted
6.497052428632478e-4,Population weighted
6.399057653181829e-4,Population weighted
5.90372773340455e-4,Population weighted
5.280751779458018e-4,Population weighted
5.688912563972895e-4,Population weighted
0.00059046441113539815,Population weighted
6.037072817222518e-4,Population weighted
4.8256907548159766e-4,Population weighted
5.904326169423973e-4,Population weighted
5.903793758891395e-4,Population weighted
4.8256907548159766e-4,Population weighted
7.352143319146644e-4,Population weighted
6.142322706875013e-4,Population weighted
6.455749647815337e-4,Population weighted
6.167300242689211e-4,Population weighted
5.846551325299377e-4,Population weighted
5.904389902013451e-4,Population weighted
5.780828176160961e-4,Population weighted
5.765800359542319e-4,Population weighted
5.736700109913351e-4,Population weighted
5.560297427478505e-4,Population weighted
5.826370443124098e-4,Population weighted
6.278837813212578e-4,Population weighted
5.493332044909678e-4,Population weighted
6.438041189788211e-4,Population weighted
6.705198769838294e-4,Population weighted
5.819680414708435e-4,Population weighted
6.237652455878778e-4,Population weighted
6.782327402152297e-4,Population weighted
5.272280024868953e-4,Population weighted
6.335016915965186e-4,Population weighted
5.674832632429055e-4,Population weighted
6.02904390797775e-4,Population weighted
5.837346640539497e-4,Population weighted
6.132284873323986e-4,Population weighted
6.21814484443644e-4,Population weighted
8.139218725298188e-4,Population weighted
6.379499328190697e-4,Population weighted
5.66820850819893e-4,Population weighted
5.127783792382619e-4,Population weighted
6.043502336593722e-4,Population weighted
6.145402450933955e-4,Population weighted
5.34442252990256e-4,Population weighted
6.939888747685813e-4,Population weighted
5.324360794341088e-4,Population weighted
5.475993035017977e-4,Population weighted
6.638630410041233e-4,Population weighted
5.327890062778846e-4,Population weighted
5.886533897420468e-4,Population weighted
6.148802217059538e-4,Population weighted
6.386396584760275e-4,Population weighted
6.296436684196473e-4,Population weighted
5.445675352657464e-4,Population weighted
6.055391136079158e-4,Population weighted
6.196173329752606e-4,Population weighted
6.659248542936283e-4,Population weighted
6.430770968546003e-4,Population weighted
6.167961857900476e-4,Population weighted
5.319752602260345e-4,Population weighted
5.033480372434541e-4,Population weighted
5.146970597810019e-4,Population weighted
6.479509020303039e-4,Population weighted
6.680059214258785e-4,Population weighted
6.28001829830585e-4,Population weighted
6.644448528749038e-4,Population weighted
4.8256907548159766e-4,Population weighted
6.166511718144068e-4,Population weighted
5.46383587646773e-4,Population weighted
6.668543062795371e-4,Population weighted
5.493938286381914e-4,Population weighted
6.203268094544903e-4,Population weighted
6.366112237003417e-4,Population weighted
5.717142228183549e-4,Population weighted
6.205626341024377e-4,Population weighted
5.147223174787543e-4,Population weighted
6.25994302062063e-4,Population weighted
6.212835559862257e-4,Population weighted
6.034354502520669e-4,Population weighted
6.130207015540754e-4,Population weighted
6.299610060994491e-4,Population weighted
6.93795640687085e-4,Population weighted
6.562015693644896e-4,Population weighted
5.715292579226119e-4,Population weighted
5.165340996021935e-4,Population weighted
4.8256907548159766e-4,Population weighted
4.8256907548159766e-4,Population weighted
5.470744903224591e-4,Population weighted
5.84468705465907e-4,Population weighted
6.34774199642287e-4,Population weighted
5.798251227919304e-4,Population weighted
6.065708225033235e-4,Population weighted
6.238214672431945e-4,Population weighted
5.560499244353659e-4,Population weighted
6.613093938983743e-4,Population weighted
6.125899401290435e-4,Population weighted
5.987530862648373e-4,Population weighted
5.514866731049223e-4,Population weighted
7.02304161744214e-4,Population weighted
6.005943735462832e-4,Population weighted
6.222496399794533e-4,Population weighted
6.133434552714328e-4,Population weighted
6.640940060227188e-4,Population weighted
5.722948738391266e-4,Population weighted
6.169300832146697e-4,Population weighted
4.8256907548159766e-4,Population weighted
5.792139071515651e-4,Population weighted
5.905950700901266e-4,Population weighted
6.23863917854075e-4,Population weighted
6.161761080868799e-4,Population weighted
6.43653665922299e-4,Population weighted
6.16042367179009e-4,Population weighted
6.136815211961316e-4,Population weighted
5.497635815547042e-4,Population weighted
6.354673477792717e-4,Population weighted
6.317803932048356e-4,Population weighted
6.070041515338461e-4,Population weighted
5.466644592038896e-4,Population weighted
5.747693535134518e-4,Population weighted
5.769897047047731e-4,Population weighted
6.104754189901952e-4,Population weighted
5.69352569795631e-4,Population weighted
6.669301801552367e-4,Population weighted
5.854737850314609e-4,Population weighted
6.144079069772181e-4,Population weighted
5.733925491139741e-4,Population weighted
6.340905986663363e-4,Population weighted
6.157429182758734e-4,Population weighted
6.031023124455262e-4,Population weighted
5.700707666220841e-4,Population weighted
6.567630963705808e-4,Population weighted
5.875331054996793e-4,Population weighted
6.030469902297829e-4,Population weighted
6.223793363383139e-4,Population weighted
5.905801160838197e-4,Population weighted
5.749060917755838e-4,Population weighted
5.28949934968919e-4,Population weighted
6.650181086537177e-4,Population weighted
5.846536252999393e-4,Population weighted
6.171115373870673e-4,Population weighted
5.775732746942109e-4,Population weighted
5.73557966048022e-4,Population weighted
6.772115821625839e-4,Population weighted
6.145488962497476e-4,Population weighted
6.382429484040113e-4,Population weighted
6.3092302814188e-4,Population weighted
6.240432392626745e-4,Population weighted
5.726256223051924e-4,Population weighted
5.688583738719963e-4,Population weighted
6.265238250416358e-4,Population weighted
6.997443822817173e-4,Population weighted
6.665435273956581e-4,Population weighted
6.700543498730754e-4,Population weighted
6.258163968721712e-4,Population weighted
8.428382015964224e-4,Population weighted
6.138024195086977e-4,Population weighted
5.748733502273975e-4,Population weighted
5.547971526716924e-4,Population weighted
6.197643588220799e-4,Population weighted
5.758681262808929e-4,Population weighted
5.970123037283709e-4,Population weighted
6.017312627262429e-4,Population weighted
6.038426757802412e-4,Population weighted
5.748828196119803e-4,Population weighted
5.296453623450489e-4,Population weighted
6.486474064763677e-4,Population weighted
6.716798456740513e-4,Population weighted
5.70261488800505e-4,Population weighted
6.458741248587772e-4,Population weighted
6.15973273606336e-4,Population weighted
5.01678270578769e-4,Population weighted
5.826741962207835e-4,Population weighted
5.743115988995041e-4,Population weighted
6.241906979828621e-4,Population weighted
6.473810749000618e-4,Population weighted
5.750190803345973e-4,Population weighted
5.990922300102049e-4,Population weighted
4.8256907548159766e-4,Population weighted
5.753673954521875e-4,Population weighted
6.690444033300617e-4,Population weighted
6.117179262489026e-4,Population weighted
5.749453151141999e-4,Population weighted
6.163329458574263e-4,Population weighted
6.203984644186434e-4,Population weighted
6.097111949008865e-4,Population weighted
6.046080303822314e-4,Population weighted
6.015885087235289e-4,Population weighted
6.326006634438221e-4,Population weighted
5.730538539464038e-4,Population weighted
7.060605002810061e-4,Population weighted
5.749948093225638e-4,Population weighted
6.149717827898378e-4,Population weighted
7.342812273745737e-4,Population weighted
6.389117880584124e-4,Population weighted
6.202331427906297e-4,Population weighted
6.081695202146724e-4,Population weighted
6.056336139781934e-4,Population weighted
5.280122541602088e-4,Population weighted
5.475386177105961e-4,Population weighted
5.750307286826501e-4,Population weighted
5.27928758790599e-4,Population weighted
6.191740911733024e-4,Population weighted
6.630606689165439e-4,Population weighted
5.749923043756757e-4,Population weighted
6.096721538659978e-4,Population weighted
5.805851425526556e-4,Population weighted
6.131580663220433e-4,Population weighted
6.073607482116167e-4,Population weighted
6.143300731245344e-4,Population weighted
5.996316309210761e-4,Population weighted
5.805289247018492e-4,Population weighted
5.969555414116643e-4,Population weighted
6.078208055263314e-4,Population weighted
6.198644714567141e-4,Population weighted
6.603744389169039e-4,Population weighted
6.037850660988395e-4,Population weighted
6.226115790094585e-4,Population weighted
6.18042519507248e-4,Population weighted
5.842643827589245e-4,Population weighted
6.138819490163808e-4,Population weighted
6.073682080517805e-4,Population weighted
6.245430819651741e-4,Population weighted
6.330706089109612e-4,Population weighted
5.847158312360512e-4,Population weighted
6.312645536830336e-4,Population weighted
5.484925612666156e-4,Population weighted
5.922266120777897e-4,Population weighted
5.750689141130722e-4,Population weighted
5.853659276114084e-4,Population weighted
5.712383118624196e-4,Population weighted
5.751495126729421e-4,Population weighted
6.057265344914353e-4,Population weighted
6.067111583076261e-4,Population weighted
6.517640957593317e-4,Population weighted
5.751861524367737e-4,Population weighted
6.194048559139314e-4,Population weighted
6.980328561167008e-4,Population weighted
5.694328702084902e-4,Population weighted
6.02786488459592e-4,Population weighted
5.748699550564455e-4,Population weighted
4.8256907548159766e-4,Population weighted
6.04048769182124e-4,Population weighted
6.516073428988482e-4,Population weighted
4.8256907548159766e-4,Population weighted
4.8256907548159766e-4,Population weighted
6.267154309876139e-4,Population weighted
6.866124496300534e-4,Population weighted
6.423865277744959e-4,Population weighted
4.8256907548159766e-4,Population weighted
6.40951875490203e-4,Population weighted
4.8256907548159766e-4,Population weighted
6.169009036401459e-4,Population weighted
6.177160891490322e-4,Population weighted
5.748234087641916e-4,Population weighted
6.601995970992667e-4,Population weighted
5.888472005588741e-4,Population weighted
5.562852765501643e-4,Population weighted
5.858644006158965e-4,Population weighted
6.648630163418633e-4,Population weighted
6.112193930668991e-4,Population weighted
5.752787986354098e-4,Population weighted
5.741936584001302e-4,Population weighted
6.375593617582623e-4,Population weighted
6.476058788436873e-4,Population weighted
6.222946482406598e-4,Population weighted
7.387621389644634e-4,Population weighted
7.199236951301569e-4,Population weighted
5.924186287204207e-4,Population weighted
5.021333303044079e-4,Population weighted
5.64094401849433e-4,Population weighted
4.8256907548159766e-4,Population weighted
7.097703416474602e-4,Population weighted
6.280984431276899e-4,Population weighted
5.717697612777884e-4,Population weighted
6.083446112523044e-4,Population weighted
6.148968407408919e-4,Population weighted
7.419360920955229e-4,Population weighted
6.128460117608923e-4,Population weighted
5.48786591500098e-4,Population weighted
6.182319190530919e-4,Population weighted
6.229837839107982e-4,Population weighted
6.09749188741646e-4,Population weighted
6.258849440526993e-4,Population weighted
6.418173990484636e-4,Population weighted
6.073987393948457e-4,Population weighted
5.752859409410834e-4,Population weighted
5.773243013058511e-4,Population weighted
5.68713715004987e-4,Population weighted
7.402822626979093e-4,Population weighted
5.46908097783173e-4,Population weighted
6.1369611602225e-4,Population weighted
5.749471233107183e-4,Population weighted
5.753726814659217e-4,Population weighted
6.609658541027086e-4,Population weighted
5.880707586302343e-4,Population weighted
6.131203640618458e-4,Population weighted
6.243223793400762e-4,Population weighted
6.211789113351248e-4,Population weighted
6.46772455803577e-4,Population weighted
6.057521424384293e-4,Population weighted
5.828286735990415e-4,Population weighted
6.08886181299687e-4,Population weighted
5.919665629744784e-4,Population weighted
6.33716561808268e-4,Population weighted
5.754136542420674e-4,Population weighted
5.018032992235878e-4,Population weighted
6.95840383639227e-4,Population weighted
6.160597246956127e-4,Population weighted
6.846609495764712e-4,Population weighted
5.754733783204757e-4,Population weighted
7.12121164301181e-4,Population weighted
6.109913805999593e-4,Population weighted
5.583029929694539e-4,Population weighted
6.716579281916344e-4,Population weighted
4.8256907548159766e-4,Population weighted
6.296255856994119e-4,Population weighted
6.803941377381819e-4,Population weighted
5.84252721455164e-4,Population weighted
6.577670326168257e-4,Population weighted
4.8256907548159766e-4,Population weighted
5.887127083567893e-4,Population weighted
5.754931199755806e-4,Population weighted
6.394202131530404e-4,Population weighted
5.755090235367708e-4,Population weighted
6.231337162854063e-4,Population weighted
5.128957983553255e-4,Population weighted
5.89801958564513e-4,Population weighted
7.215300633765164e-4,Population weighted
5.754933046196472e-4,Population weighted
5.755426334530014e-4,Population weighted
5.750942039646586e-4,Population weighted
5.030966924847327e-4,Population weighted
6.183672048683727e-4,Population weighted
6.298217511131619e-4,Population weighted
5.755768971891612e-4,Population weighted
5.453454707753971e-4,Population weighted
5.756042547881938e-4,Population weighted
6.306333069127523e-4,Population weighted
6.182782020556378e-4,Population weighted
6.231958928212811e-4,Population weighted
6.602664540890955e-4,Population weighted
5.163583255634221e-4,Population weighted
6.062263508620504e-4,Population weighted
5.756040698587658e-4,Population weighted
5.861259424447153e-4,Population weighted
6.058499253788432e-4,Population weighted
6.229751946078237e-4,Population weighted
6.195144569660852e-4,Population weighted
6.527037173899762e-4,Population weighted
6.17921109184621e-4,Population weighted
5.804637421603278e-4,Population weighted
5.328769598638584e-4,Population weighted
6.13410597745768e-4,Population weighted
6.484703705026538e-4,Population weighted
5.454835747745979e-4,Population weighted
5.814362384111355e-4,Population weighted
5.896008008398422e-4,Population weighted
5.72445791385873e-4,Population weighted
6.101058930650064e-4,Population weighted
6.252256785317891e-4,Population weighted
6.323979370536427e-4,Population weighted
6.474278075339639e-4,Population weighted
6.346597142841024e-4,Population weighted
6.572774407632448e-4,Population weighted
6.161668973068834e-4,Population weighted
5.846345878544194e-4,Population weighted
5.885542718472162e-4,Population weighted
7.478974836057557e-4,Population weighted
6.158026798361047e-4,Population weighted
6.129454812816097e-4,Population weighted
5.02108357773367e-4,Population weighted
5.006360039016698e-4,Population weighted
6.151198645866898e-4,Population weighted
6.056839348741924e-4,Population weighted
4.8256907548159766e-4,Population weighted
4.8256907548159766e-4,Population weighted
7.463512629429929e-4,Population weighted
6.031419431419345e-4,Population weighted
6.612868735654036e-4,Population weighted
6.806800365800171e-4,Population weighted
6.138151373959556e-4,Population weighted
6.16282759471903e-4,Population weighted
5.02361220810037e-4,Population weighted
5.005915447794085e-4,Population weighted
6.132673537854734e-4,Population weighted
5.932956073490616e-4,Population weighted
5.837253400121768e-4,Population weighted
7.010028193884881e-4,Population weighted
6.052223723662089e-4,Population weighted
6.004352026676629e-4,Population weighted
6.327153911631518e-4,Population weighted
6.165645053795726e-4,Population weighted
6.542842504966106e-4,Population weighted
6.035829397451085e-4,Population weighted
5.265199752588944e-4,Population weighted
6.212361156615434e-4,Population weighted
6.081500899502787e-4,Population weighted
6.071056175356637e-4,Population weighted
6.63862791205935e-4,Population weighted
5.725003604554251e-4,Population weighted
6.558678551850559e-4,Population weighted
6.662484181300116e-4,Population weighted
6.213935342579339e-4,Population weighted
5.711720502402063e-4,Population weighted
6.20355116922439e-4,Population weighted
6.38629809631073e-4,Population weighted
5.830561019472377e-4,Population weighted
5.450247967939461e-4,Population weighted
6.135171060186324e-4,Population weighted
6.618286878576603e-4,Population weighted
6.174319044775296e-4,Population weighted
6.225505566679679e-4,Population weighted
5.474353872432564e-4,Population weighted
5.661994806836786e-4,Population weighted
6.34608759347168e-4,Population weighted
5.152947432278408e-4,Population weighted
6.03080558913244e-4,Population weighted
6.629010134553473e-4,Population weighted
6.589490386614994e-4,Population weighted
6.131453903488385e-4,Population weighted
5.291832506577414e-4,Population weighted
5.293628591203753e-4,Population weighted
5.754541464628619e-4,Population weighted
6.007828755896647e-4,Population weighted
6.242685074140157e-4,Population weighted
6.198784777914777e-4,Population weighted
5.533996196764182e-4,Population weighted
5.579673104326613e-4,Population weighted
6.109476370602925e-4,Population weighted
5.987857622356775e-4,Population weighted
5.550803651022415e-4,Population weighted
6.119885846517865e-4,Population weighted
5.815154162004607e-4,Population weighted
6.345859364206876e-4,Population weighted
6.834136743556981e-4,Population weighted
6.069518581578916e-4,Population weighted
5.527682659975618e-4,Population weighted
5.820654881455368e-4,Population weighted
6.202824199209142e-4,Population weighted
5.846866957262215e-4,Population weighted
6.263414614432897e-4,Population weighted
5.470664051568184e-4,Population weighted
6.165540486942211e-4,Population weighted
7.508163876813863e-4,Population weighted
6.063918255147031e-4,Population weighted
6.180391095344515e-4,Population weighted
5.445487631164284e-4,Population weighted
6.273376014185556e-4,Population weighted
6.223536349095585e-4,Population weighted
6.585291754800888e-4,Population weighted
6.321199649899097e-4,Population weighted
6.753239062934714e-4,Population weighted
6.554699349217654e-4,Population weighted
5.761044735325952e-4,Population weighted
5.62963680947135e-4,Population weighted
6.11202924692932e-4,Population weighted
5.552429648353503e-4,Population weighted
5.834919835071994e-4,Population weighted
6.210320201741906e-4,Population weighted
5.776614029167032e-4,Population weighted
5.735740940807337e-4,Population weighted
6.070390852561629e-4,Population weighted
6.203174211809289e-4,Population weighted
5.011921901135884e-4,Population weighted
5.860340784582541e-4,Population weighted
5.676155420336851e-4,Population weighted
6.255257511186322e-4,Population weighted
6.213483377929784e-4,Population weighted
6.245315026894749e-4,Population weighted
6.137336252982966e-4,Population weighted
5.986104085207462e-4,Population weighted
5.787051718808084e-4,Population weighted
6.256665762496025e-4,Population weighted
6.157951994725801e-4,Population weighted
6.036299327448431e-4,Population weighted
6.357495732140981e-4,Population weighted
6.984105470260589e-4,Population weighted
5.826878094571055e-4,Population weighted
5.747536502331671e-4,Population weighted
6.695093065068478e-4,Population weighted
6.096154887933668e-4,Population weighted
6.008848657514401e-4,Population weighted
6.598146917569148e-4,Population weighted
5.730075635205039e-4,Population weighted
6.854770548349458e-4,Population weighted
6.537994525009987e-4,Population weighted
6.107503680459225e-4,Population weighted
5.336910412442348e-4,Population weighted
5.289119434531605e-4,Population weighted
6.349194218407791e-4,Population weighted
6.341599486347436e-4,Population weighted
6.310503513906355e-4,Population weighted
4.8256907548159766e-4,Population weighted
6.064250216343569e-4,Population weighted
6.297647314686399e-4,Population weighted
6.232132508623323e-4,Population weighted
6.168654896280228e-4,Population weighted
6.078481268314727e-4,Population weighted
5.794840980792484e-4,Population weighted
4.910707029320778e-4,Population weighted
6.802897101098915e-4,Population weighted
5.5429831705789e-4,Population weighted
6.400818900960611e-4,Population weighted
6.429444061927277e-4,Population weighted
5.813762170804172e-4,Population weighted
5.853808014109619e-4,Population weighted
6.331781875578405e-4,Population weighted
6.027121129786443e-4,Population weighted
6.755707050662647e-4,Population weighted
6.012567219385311e-4,Population weighted
6.293500883318915e-4,Population weighted
6.470926009431822e-4,Population weighted
6.08827031306094e-4,Population weighted
6.222264392152158e-4,Population weighted
6.068332740300756e-4,Population weighted
8.880744010743711e-4,Population weighted
6.750589342525092e-4,Population weighted
6.703742028658688e-4,Population weighted
6.178955969644832e-4,Population weighted
6.058907934899233e-4,Population weighted
6.584685480660423e-4,Population weighted
6.541349545462771e-4,Population weighted
5.776439092331358e-4,Population weighted
6.225520155693514e-4,Population weighted
6.135463187038775e-4,Population weighted
6.121016397394589e-4,Population weighted
6.422374703934762e-4,Population weighted
5.44520954343745e-4,Population weighted
6.364034722584919e-4,Population weighted
5.506693818967401e-4,Population weighted
5.877023525761119e-4,Population weighted
6.27012998713662e-4,Population weighted
6.247470477965212e-4,Population weighted
5.842178169833017e-4,Population weighted
6.075583744318317e-4,Population weighted
5.340674319226095e-4,Population weighted
6.100709899173124e-4,Population weighted
6.037934338727163e-4,Population weighted
5.512372544680737e-4,Population weighted
5.767349748327615e-4,Population weighted
6.242782476198366e-4,Population weighted
5.897575208510611e-4,Population weighted
6.148112557862436e-4,Population weighted
5.878637705591523e-4,Population weighted
6.079106370881031e-4,Population weighted
5.728447372674816e-4,Population weighted
5.899856723093988e-4,Population weighted
4.8256907548159766e-4,Population weighted
6.301764726569291e-4,Population weighted
6.359077704290681e-4,Population weighted
6.284961543680944e-4,Population weighted
5.772601640195106e-4,Population weighted
6.273184664162321e-4,Population weighted
6.160251546333222e-4,Population weighted
5.831974601428234e-4,Population weighted
6.239685963484443e-4,Population weighted
6.286949123208807e-4,Population weighted
5.490349446135924e-4,Population weighted
5.877226791461566e-4,Population weighted
5.565227109330432e-4,Population weighted
6.235966760973196e-4,Population weighted
6.020995536266018e-4,Population weighted
5.484258608412223e-4,Population weighted
5.347953954179759e-4,Population weighted
5.799071078720181e-4,Population weighted
5.768333775250217e-4,Population weighted
6.083011718265883e-4,Population weighted
4.914709288923233e-4,Population weighted
4.8256907548159766e-4,Population weighted
6.084911762379577e-4,Population weighted
5.730469578964049e-4,Population weighted
6.544674674916787e-4,Population weighted
6.20313951200969e-4,Population weighted
6.140225255538945e-4,Population weighted
6.351302955507098e-4,Population weighted
5.013842809636173e-4,Population weighted
6.02231174113155e-4,Population weighted
5.840929622492629e-4,Population weighted
6.10980165523994e-4,Population weighted
6.194810332304456e-4,Population weighted
6.048623841564292e-4,Population weighted
6.578774467559197e-4,Population weighted
5.925978511181246e-4,Population weighted
6.433531729593565e-4,Population weighted
6.121510199395266e-4,Population weighted
6.221521212122628e-4,Population weighted
6.293675122844665e-4,Population weighted
5.71676754642296e-4,Population weighted
5.709080355205662e-4,Population weighted
6.211974951991677e-4,Population weighted
6.581452996548491e-4,Population weighted
6.191234173278849e-4,Population weighted
5.905415206780064e-4,Population weighted
5.813805593628321e-4,Population weighted
6.281795017758089e-4,Population weighted
5.857103550016831e-4,Population weighted
6.147033550894733e-4,Population weighted
6.425106865094185e-4,Population weighted
6.840512461919544e-4,Population weighted
6.314051925580485e-4,Population weighted
6.24504141898183e-4,Population weighted
6.27764577516777e-4,Population weighted
6.484240133730233e-4,Population weighted
6.437798804715256e-4,Population weighted
5.877961228764836e-4,Population weighted
5.819953780072462e-4,Population weighted
5.846361003484715e-4,Population weighted
5.274931291476778e-4,Population weighted
6.555133193779533e-4,Population weighted
5.657891794213891e-4,Population weighted
6.829620691209124e-4,Population weighted
6.552081521071694e-4,Population weighted
5.899491464352659e-4,Population weighted
5.683380997643933e-4,Population weighted
6.656560198614127e-4,Population weighted
6.106488447220872e-4,Population weighted
6.722539206152132e-4,Population weighted
6.70697966409312e-4,Population weighted
6.699534992304917e-4,Population weighted
6.135638693379167e-4,Population weighted
6.326123363139211e-4,Population weighted
6.078306276528852e-4,Population weighted
5.67800233106975e-4,Population weighted
6.222438527657828e-4,Population weighted
