fips,state_fips,pct_male,pct_white,pct_black,pct_hispanic,pct_2024,pct_2534,pct_3544,pct_4554,pct_5564,poverty_rate,med_income,log_median_income,pop_density,log_pop_density,uninsured_rate,avg_mortality_pre,dem_governor_2010
12033,12,0.4954304426602836,0.6601771970943666,0.219059492345285,0.049389118835087016,0.1484404547375915,0.21786357872255221,0.18846915393000957,0.23428774833700416,0.21093906427284256,0.18132576366200703,43918,10.690079537805937,458.20696126654894,6.12732096254159,0.168,478.7054274304662,0
12053,12,0.47905775795839856,0.8152080360907815,0.049601719048746815,0.10637769395618044,0.08984396629051727,0.17162600635651876,0.20810400770755585,0.257483305832715,0.2729427138126931,0.15443762014159126,41024,10.621912540280341,366.3591788191028,5.903614215073335,0.20800000000000002,525.1030003848826,0
12057,12,0.4878485237055345,0.5306964790092796,0.1576357029460702,0.25254449234565507,0.1204839066381965,0.23388432851746038,0.22705433344498951,0.23381578283693757,0.184761648562416,0.16835371298199497,49596,10.811665464299733,1232.9893532141296,7.117196868264233,0.185,343.2560992006386,0
12091,12,0.5031960915136775,0.762741321051159,0.0874943503432839,0.07446247551815423,0.12781597457589816,0.2369688273044994,0.19234459869886347,0.24601868072856603,0.19685191869217294,0.1338895686500313,54684,10.909326441051883,199.7877982944315,5.297255794752189,0.157,352.4461839987258,0
12123,12,0.5635481023830539,0.7275375110326566,0.20992939099735217,0.036672550750220655,0.10300184948072272,0.22962014511310286,0.208991321667378,0.23203869682742922,0.2263479869113672,0.16655501159494976,36356,10.501114531238661,21.719439665294423,3.0782076966341747,0.172,506.765223040413,0
12129,12,0.54807941863483,0.79425123280560606,0.1482610952504542,0.03409680768232546,0.09206969059777712,0.21062381095424051,0.2392109742665465,0.24947431661159508,0.2086212075698408,0.14361663122387622,52691,10.872199941956618,50.82954195036765,3.9284777200148566,0.15,386.347339934442,0
13187,13,0.4912580517943999,0.9146838438280531,0.02198632838175365,0.0452543709741028,0.1834907463012502,0.19015122563738604,0.17715783152262926,0.2401594147513239,0.2090407817874106,0.18118805018368336,43775,10.686818157154052,107.54489578804876,4.677908395620058,0.205,375.16141905476763,0
13189,13,0.4751348112642301,0.5582338572152832,0.4077522238097433,0.023782089689818868,0.09482337620055348,0.201286016604265,0.21691356014976396,0.2563079928373759,0.23066905420804168,0.22182569496619084,37487,10.531749485189057,84.2729578460427,4.434061028800926,0.159,575.6730594900938,0
13201,13,0.4829864552362075,0.6891311529567228,0.3002973240832507,0.005946481665014866,0.10964253529588465,0.1694202463202163,0.2322018624211475,0.2565334935416041,0.2322018624211475,0.22992019018509086,32260,10.3815833516792,21.436083010824266,3.065075624121106,0.188,701.466846821269,0
13211,13,0.4855623950755456,0.7164521544487968,0.24331281477336317,0.028035814213766087,0.08469597571722315,0.18300205620287868,0.22177616762949182,0.26711054538333495,0.24341525506707137,0.15371554700322598,47729,10.773294458596721,51.44681573863751,3.9405485699592777,0.179,459.0487831633496,0
13149,13,0.49683976768021865,0.8548001366586949,0.09591732148957978,0.020669627605056373,0.10675793766385086,0.17914360617535682,0.22633265365569472,0.27585202446839496,0.21191377803670258,0.24321286529482966,39909,10.594357141352015,39.55004560348614,3.677566847272066,0.153,534.3155405141334,0
13219,13,0.4926293622141998,0.8574308062575211,0.04912755716004814,0.04509626955475331,0.08581318454226079,0.16015705724323206,0.2542880760487704,0.27397189501963215,0.22576978714610457,0.09299436397794072,75004,11.22529672442961,180.36789842096695,5.194998645125438,0.126,238.3946364978232,0
13095,13,0.4646996391424326,0.28343239227340267,0.6707386966673742,0.023699851411589895,0.1530050661515472,0.22921602215985712,0.19790793454094835,0.2157305827896636,0.20414039435798376,0.31184809066978003,31671,10.363156714657805,286.65394947807806,5.658275737309634,0.161,507.05756716436457,0
13111,13,0.490048276446176,0.9582027610739392,0.0030913864656559667,0.01888710087236385,0.07855231866825207,0.15613852556480382,0.19151307966706302,0.2662009512485137,0.3075951248513674,0.23037367158039082,34239,10.44112062422171,61.061793583521016,4.1118863609912895,0.231,530.2136685543896,0
13151,13,0.47960978730209497,0.5144003605542067,0.3676780599857523,0.059956675341290726,0.0969994384628531,0.19891436151598754,0.27427427427427425,0.25764789179423325,0.17216403395265184,0.1115251803480461,60781,11.015032519115959,640.5827515234674,6.462378311310636,0.16899999999999998,345.589041294926,0
13153,13,0.48695925421598407,0.5979819140393142,0.28824412555427537,0.062386089871163716,0.11884400565482398,0.23787341537463208,0.22039908224987834,0.24568356161208835,0.17719993510857726,0.15210818848019259,54893,10.913141114814492,381.3298681102729,5.943664796106935,0.153,335.2397429654178,0
13175,13,0.47748065473103335,0.5967470904300562,0.3589818061116528,0.023691471485177272,0.10576224385990408,0.2108705130068304,0.2255122801918326,0.2397180642348496,0.21813689870658334,0.2470808430993045,34793,10.457171496104019,59.709202077057235,4.089486147164591,0.16,573.6526447131934,0
13183,13,0.48537782139352303,0.5920837422309454,0.262348707883546,0.12070657507360157,0.15633187772925763,0.23919213973799128,0.25,0.2029475982532751,0.15152838427947599,0.19230769230769232,42651,10.660805999303808,38.18452983189813,3.6424304553641407,0.20800000000000002,352.1060591812328,0
13255,13,0.482526440767993,0.6048491665494993,0.32905281904672634,0.03994625923669369,0.1103897838689856,0.22892789399161123,0.21679890999438967,0.23624802970799605,0.20763538243701746,0.21464027746841888,41534,10.634267647902924,325.8071247881345,5.786305564523473,0.17,564.491173922783,0
13257,13,0.4725202624469317,0.8374758780393671,0.12674642994982632,0.017792358162871478,0.1215311004784689,0.17682843472317156,0.20745044429254955,0.24880382775119617,0.24538619275461382,0.1979493365500603,37898,10.54265361922956,144.64274748647637,4.974266891806906,0.158,645.7260485090902,0
13271,13,0.5760478311268379,0.509486913550119,0.3584894149228235,0.128790189738271,0.0893939393939394,0.23825757575757575,0.25350378787878786,0.21912878787878787,0.19971590909090908,0.30499443295689516,26634,10.18994387406209,37.48202047550554,3.623861364015032,0.16699999999999998,421.9061484178764,0
13293,13,0.47377219704287094,0.6817742774351735,0.2789583178542239,0.023070064640760828,0.10775447373484703,0.17349753062664358,0.22192290423962543,0.2590597139375281,0.2377653774613559,0.20509805409096082,35329,10.472459435395576,83.22486295630988,4.421546136794787,0.16699999999999998,639.3897115055498,0
13303,13,0.5088647412067486,0.4412353445810695,0.5264512439233628,0.02030311695739205,0.10772308923569428,0.2087234893957583,0.20384153661464585,0.2657062825130052,0.21400560224089635,0.250077311617359,33652,10.423827768670705,30.926285131446292,3.4316064738078746,0.175,431.0421032515046,0
13225,13,0.48589934864087914,0.44216003784432883,0.46144609002583603,0.06997561951894037,0.17001003009027083,0.1945837512537613,0.19195085255767302,0.23990722166499498,0.2035481444332999,0.2460976686328799,39844,10.592727108265056,182.8811382405984,5.208836424002407,0.17800000000000002,569.1326151519849,0
13229,13,0.4913710450623202,0.8437200383509108,0.08975178438265687,0.048684350697773514,0.11450523002869573,0.19929649171526428,0.2340090715541979,0.23687864482088308,0.21531056188095898,0.20529408593455173,39067,10.573033399843746,59.318660069385196,4.082923928838371,0.179,623.4473050062004,0
13231,13,0.48913348683102154,0.8639299152018869,0.11113607008479812,0.012130061211882967,0.09291521486643438,0.18012001548586914,0.25425861401471156,0.26355013550135503,0.2091560201316299,0.11195315191181536,53865,10.894236195328293,82.4070046185315,4.411670440808943,0.183,435.9489012504224,0
13251,13,0.49014181943964025,0.5445174680041508,0.4240055344171567,0.0137668626772743,0.10850368936736422,0.19208902866819885,0.20079835490504416,0.24882061207209386,0.2497883149872989,0.2695503942041338,34848,10.458751025732687,22.40734396629365,3.109388760766188,0.191,530.9223427601288,0
13267,13,0.5830406818450854,0.5914059109024188,0.2838653671625301,0.10353943889831511,0.12375751625966376,0.2521168241502025,0.22401521659099277,0.22916922321757272,0.1709412197815683,0.2737219114905309,37587,10.534413524913662,52.86366585106893,3.967716256962013,0.214,427.88426191162,0
13295,13,0.49155240139600764,0.9191600589944656,0.04253734612520261,0.016822184255486924,0.09349121202383012,0.2066101401626579,0.22455689318468347,0.2502657404889625,0.22507601413986603,0.1668411293216892,39963,10.595709305019572,153.41447514331992,5.03314324656295,0.188,530.3562536699702,0
13135,13,0.49223342466682246,0.4302146357174078,0.2358837695587055,0.20190311062572117,0.10002014345298281,0.22868546195652173,0.26410041708796766,0.2465361160262892,0.16065786147623862,0.1391169140566837,60445,11.009489139636091,1919.0139945118651,7.559566788587604,0.19899999999999998,219.7620807364056,0
13049,13,0.5606269113149847,0.6327981651376147,0.2555810397553517,0.10535168195718654,0.10338018352886515,0.2212800557556046,0.27854570798002093,0.2380067371355558,0.15878731559995354,0.19669449944047518,40111,10.599405889891859,16.908487336732268,2.8278157051382546,0.182,367.0558775684212,0
13015,13,0.49540754318503316,0.7952222510011755,0.10105397382000757,0.07679663684724353,0.10140249887700267,0.21496664282030378,0.2457118139318216,0.24692631473871596,0.190992729632156,0.1713513731499778,47197,10.762085610231633,218.4382779450934,5.386503493829941,0.177,445.7100494216456,0
13097,13,0.4812639527740737,0.48075453605621565,0.3938315628605247,0.08541719730908111,0.0984974750615687,0.21209482822955794,0.26781760740316923,0.2473444613050076,0.17424562800069654,0.16105951622204012,52691,10.872199941956618,667.2064858272479,6.503099571961389,0.201,352.64973851440783,0
13161,13,0.5047865975269246,0.7304214865044542,0.15669458848557372,0.10590347028320703,0.10456049149338374,0.21656427221172023,0.21798204158790171,0.2474007561436673,0.21349243856332703,0.24484864756023894,36296,10.4994628213438,45.4798331015299,3.817268999164298,0.19699999999999998,604.8000143163584,0
13141,13,0.5512834398353731,0.2370843712769414,0.7454781761074407,0.011697173183147407,0.11934805467928496,0.1961093585699264,0.2017174903610235,0.23449001051524712,0.24833508587451805,0.30602028718218943,25000,10.126631103850338,19.568032451609756,2.973897237345412,0.20199999999999999,461.64967915394664,0
13037,13,0.5972390776699029,0.3328276699029126,0.5942050970873787,0.05385315533980582,0.1182010831174947,0.1963739109959972,0.25453261125500354,0.23852130915940664,0.19237108547209794,0.386515092120737,26986,10.203073491990732,23.512039576697685,3.15751261237046,0.212,452.4165589698518,0
13285,13,0.4842127006610009,0.5961697355996223,0.3379662417374882,0.0340828611898017,0.12524123920771965,0.209598781107161,0.2180548501777552,0.2413915693245302,0.20571356018283393,0.236467538767034,41161,10.625246485085315,163.71489028667497,5.098126441063099,0.151,498.66650911657183,0
13197,13,0.5181598062953995,0.5843422114608555,0.3190360890118759,0.06514470194857604,0.0778232884727911,0.16910473961380926,0.24712307392237176,0.25687536571094205,0.24907353228008583,0.20453752181500873,33301,10.413342705547674,23.696527077646905,3.165328500595371,0.19899999999999998,555.8083331934722,0
13249,13,0.4989037273270879,0.6529798684472793,0.27048036675303966,0.06737093880805262,0.08421052631578947,0.16842105263157894,0.2754385964912281,0.2719298245614035,0.2,0.2231123573002203,38425,10.556463568406796,30.058835512204475,3.403156644792176,0.179,NA,0
13023,13,0.4746547334310624,0.6906874469562534,0.2678805647712368,0.024535143893218116,0.1904226934419323,0.1509619435472546,0.2048869540794832,0.26344614520432524,0.19028226372700463,0.2328120905040622,36073,10.493299942049775,60.04076527539723,4.095023752776589,0.155,555.8143352787124,0
13109,13,0.4786277747202348,0.5678774536782242,0.2946248394789947,0.12456430012841681,0.11488750598372427,0.24796553374820487,0.22211584490186692,0.22546673049305888,0.18956438487314506,0.2786869277225794,36788,10.512926984022588,59.62166330330921,4.088018986272533,0.20800000000000002,499.9327258396396,0
13119,13,0.4937267024274934,0.8514864987726157,0.08737157923447586,0.04068551686516956,0.11053089643167972,0.20325975156262363,0.21188385157053563,0.24772529472268376,0.22660020571247724,0.18901780262107193,34830,10.458234363360047,84.12333602297541,4.432284007953226,0.2,610.2581253470426,0
13103,13,0.4956288589716962,0.8027794037121656,0.1358546855233096,0.0304563735579011,0.09803921568627451,0.2072286103455922,0.2542684278881181,0.2602869904019766,0.1801767556780386,0.1119769834616264,63030,11.051366082507156,110.86665271090644,4.7083281522119345,0.151,376.8752265051802,0
13171,13,0.47703842549203374,0.6503114835437456,0.31076685594575226,0.02023264788577099,0.14619994292780367,0.17483116141919527,0.21364025492247693,0.23761057738038618,0.22771806335013792,0.18874152667256117,41016,10.621717513463537,98.85013623978202,4.593604927863344,0.191,578.4758127069618,0
13107,13,0.4943755789845163,0.6039966474039438,0.33450968282676785,0.043892540473774756,0.12039594843462247,0.22460098219766728,0.2037292817679558,0.23941068139963168,0.21186310620012277,0.29416363887228075,32046,10.374927649567825,33.30718009297624,3.505772992151785,0.18,598.3023446932058,0
13239,13,0.49624373956594325,0.42320534223706174,0.5642737896494157,0,0.1522248243559719,0.09914129586260734,0.2646370023419204,0.1990632318501171,0.2849336455893833,0.2637729549248748,31068,10.343933629539539,15.842683999285889,2.762707816431561,0.22399999999999998,NA,0
13159,13,0.5000727378527786,0.7226505673552517,0.21130346232179226,0.039278440500436426,0.08820662768031189,0.20090155945419103,0.2307504873294347,0.24841617933723198,0.23172514619883042,0.2167693661971831,42192,10.649985908593068,37.34195265709668,3.6201174307231736,0.20800000000000002,487.7207809975462,0
13173,13,0.4972682926829268,0.6815609756097561,0.22282926829268293,0.049170731707317075,0.11561537214204638,0.2618777363385763,0.19977298524404086,0.24858115777525538,0.17415274850008108,0.2665049034475786,39452,10.582840022073885,55.327348983326225,4.0132673429359595,0.17800000000000002,436.0117425481038,0
13179,13,0.4983589885822586,0.4302377540485986,0.3983574477264673,0.1062420068105826,0.1954616826216887,0.2916223471610191,0.18806665653649396,0.18867446689966064,0.13617484678113762,0.1865502490103435,43832,10.688119423218252,132.50075030471558,4.886588308087343,0.15,315.73976884512564,0
13205,13,0.5225364181662382,0.46392459297343613,0.4800342759211654,0.043830334190231364,0.10747798469756027,0.2220297387036235,0.22737115634473798,0.2444059477407247,0.19871517251335355,0.2615319108671997,32054,10.37517725955352,45.57837077828876,3.819433278955108,0.18100000000000002,490.0637751440518,0
13253,13,0.46019703317857547,0.6296002717699015,0.3334843166119352,0.0262710904767297,0.11407315561066336,0.17048977061376316,0.18702211200661292,0.27154370737755734,0.2568712543914032,0.2603007001032939,30521,10.326170250261358,37.54261858808125,3.625476783336205,0.21100000000000002,686.8166460413952,0
13289,13,0.4903496821071753,0.5580154405086285,0.4321071752951862,6.811989100817438e-4,0.10307101727447217,0.14299424184261036,0.18963531669865644,0.29193857965451053,0.27236084452975046,0.28742239595309266,31234,10.349262524047791,24.57603000016741,3.2017715776744535,0.182,586.320626211472,0
13233,13,0.4901713953713566,0.7286724121235596,0.12823181950227558,0.1223007649849908,0.11688694334539944,0.20948733058338245,0.230659146392794,0.24244465022308276,0.20052192945534136,0.23409744232328444,39208,10.576636086589383,133.10948632266837,4.891171995007596,0.184,577.1700371844425,0
13269,13,0.4850494473531123,0.5821989528795811,0.39383362420011636,0.02036067481093659,0.11788372560852947,0.16495674914504124,0.2347616173808087,0.2488432910883122,0.23355461677730838,0.28188161693936475,27455,10.220303579712972,22.817412911549674,3.1275239686622522,0.182,615.798003278088,0
13275,13,0.48149556967689966,0.5812002148035442,0.3720128882126555,0.031101763179092454,0.1023637353238473,0.2044164528419252,0.21429126817510302,0.253051862219112,0.22587668144001244,0.26501395050999405,34035,10.435144685882051,82.06450286083628,4.407505558294792,0.16699999999999998,513.882717935455,0
13279,13,0.4708215505527195,0.6177604759631276,0.2502111719122994,0.1132983216423666,0.10843293049342324,0.21780062762903118,0.21766708953729053,0.24737931494958937,0.2087200373906657,0.26925650557620817,31189,10.347820747529674,74.80391752860538,4.3148702569860715,0.19899999999999998,546.0760019409449,0
13209,13,0.5030939226519338,0.6701657458563536,0.26607734806629835,0.05856353591160221,0.125,0.2004116766467066,0.2275449101796407,0.23690119760479042,0.21014221556886228,0.24503391472868216,32702,10.395191517094531,37.78342789627718,3.631870591050991,0.221,504.3998259869674,0
13221,13,0.49932111337406654,0.7646300067888663,0.16537678207739306,0.038696537678207736,0.10170075844633418,0.18375086187083428,0.20627441967363824,0.27775224086416916,0.23052171914502415,0.16445878234607728,45729,10.730487948929952,33.55261359598371,3.5131147619031586,0.214,385.397896702718,0
13247,13,0.4749562171628722,0.39901926444833624,0.4669118505545826,0.09747810858143607,0.10747087045921865,0.19314599040438657,0.23274258298247333,0.2569078625281504,0.20973269362577107,0.1472209435454363,52579,10.87007207946475,659.896912776498,6.49208363005823,0.19399999999999998,337.1988295195874,0
13305,13,0.5205883327260079,0.7177593003610826,0.21287309106569052,0.0594958094544009,0.09283523836074714,0.22904934485642597,0.23345413994981878,0.244494006133259,0.2001672706997491,0.22708564475144052,35830,10.486540810299,47.036587475088695,3.850925755786409,0.184,516.6495693503368,0
13309,13,0.676865478956881,0.5756519493932352,0.4092434805060676,0.010457010069713401,0.12610581092801387,0.28482220294882915,0.20450997398091933,0.21040763226366002,0.17415437987857763,0.3130619971604354,24382,10.101600434125091,26.21461737352953,3.2663171702105402,0.217,397.0737795185912,0
13009,13,0.4966100221652397,0.5398105089312878,0.4125124951106089,0.02057890390716676,0.23079865095094051,0.18591147734779737,0.1748200688432252,0.21459615451479433,0.19387364834324258,0.30022551700974043,32751,10.396688774948379,178.47225454150572,5.184433152395886,0.147,404.7911034941218,0
18061,18,0.5002422665952618,0.963787519445082,0.005610384311325326,0.0159130900466682,0.09417211791691445,0.19637244074420185,0.2107722368532835,0.2701554668252485,0.2285277376603517,0.13203345503508634,50510,10.829926615462098,80.93231183283936,4.393613148932302,0.124,NA,0
18169,18,0.48732006125574273,0.951271056661562,0.006186830015313936,0.021776416539050537,0.11890698316312448,0.1836599503174165,0.2056306927960254,0.2534915815622412,0.2383107921611924,0.15104166666666666,45286,10.720753212932467,79.16418142054243,4.371523941731207,0.131,NA,0
18075,18,0.4906482913795528,0.9560774387099799,0.0027187924811325178,0.028500445319458115,0.10354477611940298,0.20242537313432835,0.2203188602442334,0.24957598371777476,0.22413500678426052,0.14715431627196332,40235,10.602492542580233,55.56843489925893,4.017615322404631,0.138,NA,0
18127,18,0.4915298362879008,0.8547176208466531,0.030689964157706095,0.08755933352707546,0.10882305876705205,0.20216425971116533,0.21974636956434773,0.24570948513821658,0.22355682681921832,0.10379375081321214,62794,11.047614806490646,394.9941767726167,5.978871022444647,0.096,NA,0
18147,18,0.5035782442748091,0.9571564885496183,0.00691793893129771,0.02562022900763359,0.07929479294792947,0.18482984829848298,0.2097580975809758,0.2820008200082001,0.24411644116441164,0.1255213890775051,52991,10.87787736679393,52.830036497086276,3.967079902016158,0.129,NA,0
18157,18,0.5097478761928622,0.7976063042339491,0.04121210740884142,0.07660509713713075,0.2887913269420303,0.2245049726726996,0.1712301765074814,0.1665800555505779,0.14889346832721082,0.21558093094856845,44246,10.697520250869932,351.3923402280085,5.861903377644072,0.11900000000000001,NA,0
18057,18,0.4875201871530195,0.8573134919092364,0.03463885757499726,0.03539863663831336,0.06699792017549643,0.21830964810807896,0.27888228912557467,0.260061975173968,0.17574816741688193,0.05140800233333215,82468,11.320165618290458,717.7293559947955,6.576092556476488,0.08,NA,0
18087,18,0.5040172970664389,0.9486960467661426,9.342551317299735e-4,0.03680965219016096,0.12468566638725902,0.22600586756077118,0.22003352891869238,0.22380553227158423,0.2054694048616932,0.16506873362681287,47617,10.770945119316325,98.68448780898994,4.591927769031888,0.16899999999999998,NA,0
18011,18,0.49630229791928837,0.931527866365564,0.011377544863728042,0.023875605509489906,0.07619814500014911,0.18949628701798335,0.24654797053472904,0.28782320837434017,0.1999343890727983,0.07484201180341568,67255,11.116246644142683,137.16532714766393,4.9211869657706915,0.09,NA,0
18107,18,0.5026298573858432,0.9269920188407693,0.010467094073007981,0.04542718827685464,0.11887824897400821,0.19065207478340174,0.21454628362973097,0.26187870497036025,0.21404468764249887,0.16774140886458247,46797,10.753574377286979,75.73130299853551,4.327191588821308,0.12300000000000001,NA,0
18019,18,0.48905332626032855,0.850181170822057,0.06665108207982305,0.048920617509283316,0.09702579800150109,0.22856175773719298,0.22863534017159423,0.23524304278082736,0.21053406130888433,0.12208782588072173,50496,10.829649404205545,298.295584074238,5.698084887771295,0.11800000000000001,NA,0
18021,18,0.49231341894658476,0.9702587009119672,0.0033873069048948445,0.01191140889633352,0.09780107389414472,0.2027614420864229,0.21918946560981847,0.2530043467143953,0.2272436716952186,0.1582919337100383,46430,10.745701081013967,75.13802574243027,4.319326765411907,0.13,NA,0
18047,18,0.5005641871365333,0.9774759135491711,0.0018227584411075427,0.009894974394583804,0.08368484483278096,0.18009942753841518,0.23116902681530582,0.27184392889424525,0.2332027719192528,0.13538756983240224,49516,10.8100511286517,59.938090159456856,4.093312198842638,0.122,NA,0
18071,18,0.5024667399284528,0.910285487151909,0.0036241202740302557,0.05852369707030793,0.09574256242781473,0.22430204309211837,0.22629336094627425,0.2449719224182564,0.20869011111553626,0.12999136110577847,46501,10.747229096720554,83.97406697662728,4.430508024708764,0.157,NA,0
18129,18,0.4945747287364368,0.9653482674133707,0.013845136701279508,0.009800490024501224,0.09665988581927948,0.17704573790931163,0.20362228492683246,0.2780366165758908,0.2446354747686856,0.09947726290138742,58750,10.981046432006405,62.78032380222232,4.139641709129438,0.087,NA,0
18165,18,0.49385016772269846,0.9749658342651261,0.0014908684308609765,0.009690644800596348,0.09090909090909091,0.18149389255215653,0.22440817208950384,0.24775699924332503,0.25543184520592366,0.15823630463828975,42524,10.657823901408495,62.66788125102189,4.13784905563926,0.149,NA,0
18003,18,0.4877931704267646,0.7603342226588228,0.11775934628994988,0.0665794085799444,0.11482285648697249,0.22705838466541683,0.21973160653479742,0.235542525921108,0.20284462639170525,0.15292536948821303,49370,10.807098231252908,545.1386564593768,6.301040177826896,0.131,NA,0
18043,18,0.4844116080937167,0.8910143769968051,0.04555378061767838,0.027689030883919063,0.10684727009286295,0.1984808236921253,0.21826085047529142,0.25648174573554916,0.21992931000417115,0.13324408021961676,53961,10.896016842396081,507.79058370230166,6.230069125779038,0.111,NA,0
18081,18,0.4911351519083754,0.9155900025388587,0.015240204237072978,0.03190499026770854,0.10062545104642771,0.2154318017801299,0.2386697137358672,0.24734183305268223,0.19793120038489295,0.1061394155956429,61231,11.022408876202102,442.52200969331545,6.092490202630942,0.106,NA,0
18051,18,0.4972548785582145,0.9456644984185714,0.01909649698633407,0.014113504803962524,0.09826708489741348,0.20085360209800998,0.2167943641692806,0.2589602509384481,0.22512469789684783,0.11456608402330573,49329,10.806267422382335,68.74864098661295,4.230456968883853,0.10400000000000001,NA,0
18117,18,0.49740279388774017,0.9623279035755712,0.01623884209995461,0.010691411568914216,0.0948376129551758,0.18555963138588172,0.21884226536637738,0.2609823745191017,0.23977811577346336,0.17938399628540475,38826,10.56684540428532,49.77321047122521,3.9074768969428377,0.133,NA,0
18099,18,0.497481777418875,0.8908770214845825,0.005206451750005313,0.08782965339906922,0.1013334343510872,0.19505265550420486,0.22588832487309646,0.2513447988483976,0.22638078642321388,0.15172920311926208,45709,10.73005049403551,106.0728671930825,4.664126284292635,0.154,NA,0
18009,18,0.4952230556652191,0.9665219107777339,0.004263718910382945,0.01192262139755231,0.09524473574117975,0.17947287686515132,0.21628782596569515,0.2586807976572305,0.25031376377074327,0.1604998377150276,39225,10.577069577601232,76.72037799854616,4.340167357551395,0.132,NA,0
18143,18,0.49610983981693363,0.968421052631579,0.010775951737050135,0.015352610775951738,0.10209643605870021,0.19986023759608665,0.22585604472396925,0.2557651991614256,0.2164220824598183,0.19048628481790816,42898,10.66658048378274,126.23623271375075,4.838155014397449,0.132,NA,0
18039,18,0.49342602007429703,0.7679576365887789,0.05658857758403721,0.14368122741138215,0.11165737815484009,0.2243708068581165,0.22746796350857265,0.23596961414220297,0.2005342373362678,0.167355880723213,45693,10.729700392283613,428.9181078221819,6.061266009848653,0.171,NA,0
18017,18,0.4984021442193701,0.82714808515025,0.015978557806298643,0.1296067213030256,0.09905766716263131,0.20713287343883854,0.22007304206681996,0.24956039496821317,0.224176022363497,0.1652479644707624,41940,10.643995304455911,94.14419332532664,4.544827578483478,0.156,NA,0
13021,13,0.4720107507522955,0.4160065327537872,0.5182286978215581,0.029886062601270542,0.11998667554963358,0.2310792804796802,0.20745058849655784,0.2332778147901399,0.20820564068398845,0.2489648589788401,37550,10.53342865719228,622.68879973735,6.434046875105677,0.163,597.5635824958466,0
18177,18,0.48472074332307424,0.8882535700220254,0.04313199235672506,0.02629928380763452,0.10721728081321474,0.19756035578144854,0.2156035578144854,0.2496569250317662,0.22996188055908515,0.21750550368177332,38350,10.554509806795402,170.650171752875,5.139615681814999,0.14800000000000002,NA,0
19023,19,0.48970420551344823,0.9761888792004829,0.0024817224495271312,0.009926889798108525,0.08108108108108109,0.19795137603356783,0.20202394174996915,0.25546094039244727,0.2634826607429347,0.09847708802840947,52026,10.859498872605215,25.69936790138779,3.2464663963219658,0.077,337.8877520362364,1
19079,19,0.4965129794653235,0.9134056567222006,0.004068190623789229,0.050432648844117266,0.08467647745853772,0.20170520906330297,0.2102312543798178,0.26769446391030133,0.23569259518804017,0.12253327214318495,43589,10.682560103927765,26.850408581866354,3.2902810380408196,0.08199999999999999,285.55709668373277,1
19175,19,0.4793177652028373,0.9560054196222204,0.014186658165298478,0.02048298398023432,0.1014116969173149,0.19878997407087295,0.19230769230769232,0.2546816479400749,0.25280898876404495,0.16110340324818412,44838,10.710811273158345,29.616778198727708,3.3883410317800813,0.075,373.963872742261,1
19195,19,0.49722295688971174,0.9608569161597461,0.00674424755355726,0.02221634488230627,0.08205128205128205,0.19347319347319347,0.20093240093240095,0.27365967365967364,0.24988344988344988,0.11537943119018736,50476,10.829253254772802,18.899188499536393,2.9391189846113313,0.08,NA,1
19001,19,0.49907749077490776,0.9708750658935161,0.0036900369003690036,0.008039008961518187,0.08268482490272373,0.19601167315175097,0.18506809338521402,0.2893968871595331,0.24683852140077822,0.09486592103490096,47892,10.776703754836735,13.329328210992657,2.5899667361459127,0.086,NA,1
19037,19,0.5054527829388481,0.9643751514661928,0.002423459083932466,0.02213425963324986,0.08217763352021246,0.18087931543228092,0.1991737975804072,0.28031867807612865,0.25745057539097077,0.10262295081967213,43971,10.69128560469541,24.543003291169356,3.200426815297749,0.087,NA,1
19059,19,0.49863241764775834,0.9720537519324534,0.0022000237840409088,0.013200142704245452,0.07578166401695813,0.17922628510863806,0.19236883942766295,0.2536301006889242,0.29899311075781665,0.07777507302823758,56136,10.935532596932125,44.18742741838016,3.788440301072815,0.07400000000000001,291.5773615965614,1
19069,19,0.5009884213499012,0.8715993598795068,0.0018827073331450625,0.11192695095547397,0.08338983050847458,0.19220338983050847,0.20508474576271185,0.2569491525423729,0.26237288135593223,0.11110050587000095,48355,10.786324908151064,18.253455492704116,2.904354404171533,0.096,328.0738902747154,1
19031,19,0.4908411012356384,0.9643399089529591,0.002276176024279211,0.017017125514849338,0.07589498806682578,0.18692124105011934,0.2162291169451074,0.2766587112171838,0.24429594272076371,0.08023945518453426,58088,10.969714381060083,31.844759386713974,3.4608728280313668,0.069,285.4577484143142,1
19067,19,0.4891512641404463,0.9431909501143599,0.023922853433887618,0.020832045496692837,0.08613712567926927,0.1841831425598335,0.20661348132732107,0.26835472308937447,0.25471152734420166,0.12608531521328803,43826,10.687982527555349,32.31315617060036,3.475474459082977,0.085,381.4109375484394,1
19115,19,0.5071378216425801,0.8082481494536482,0.005463517800493479,0.16038068382093762,0.08795143212951433,0.20065379825653798,0.20905977584059776,0.27755292652552926,0.22478206724782068,0.1219359456074432,50583,10.83137083044609,28.24529701368458,3.3409269663418546,0.092,367.3113646278872,1
19091,19,0.4902823240589198,0.9459901800327333,0.0012274959083469722,0.03641571194762684,0.0913887318635764,0.20670812134916147,0.18541548897682306,0.2754852082155643,0.24100244959487468,0.10163111668757842,47897,10.77680815095747,22.50709102294913,3.1138304161344896,0.076,320.1771731685008,1
19183,19,0.4906109737107264,0.9249335898140515,0.006320417697169552,0.05207474580928827,0.08226072607260726,0.19843234323432343,0.20973597359735974,0.2667491749174917,0.24282178217821782,0.0977172794461596,54554,10.906946315795638,38.38371408229099,3.6476332571922248,0.085,325.0288257373092,1
19035,19,0.49846000166486304,0.949554649130109,0.001248647298759677,0.026804295346707734,0.09276634382566586,0.174636803874092,0.1812953995157385,0.2779963680387409,0.2733050847457627,0.09682703914468012,48977,10.799106079140744,20.823149698564414,3.036065334096599,0.078,372.1028263170668,1
19057,19,0.4843800401975137,0.8903749286618198,0.052951539664028185,0.02712091511376889,0.0937417943107221,0.2048577680525164,0.19663019693654266,0.25824945295404816,0.24652078774617067,0.1379458639008348,42451,10.65610574858806,96.8487682728424,4.57315067188718,0.086,393.3615172422382,1
19109,19,0.4927123145688929,0.9669624927123146,0.0022025004858456953,0.015806179957245578,0.07388565891472869,0.18035368217054262,0.18035368217054262,0.2908187984496124,0.27458817829457366,0.0868560105680317,51812,10.855377061650147,15.869931737807384,2.7644262331936784,0.077,306.00565329458817,1
19139,19,0.4943688957427917,0.8020935557736343,0.012126734894153932,0.16248422823496425,0.09580572167447875,0.211653466946824,0.21779537740423469,0.2493130758041054,0.2254323581703572,0.14399638164159206,51425,10.847879714521158,97.83093202032602,4.5832408053617675,0.078,329.1472551156232,1
19153,19,0.49134738893058977,0.8031790503003603,0.058648390283522735,0.07697116404711767,0.10817942938733707,0.2581549467924063,0.2250193431188957,0.22581923247999341,0.1828270482213675,0.11829497793585697,59018,10.985597761104732,763.8738573880917,6.638402667403902,0.062,301.2626191692132,1
19107,19,0.5040276179516686,0.9743958573072498,0.006233218258534714,0.011795166858457998,0.08320223737108898,0.1901765425624891,0.1926236671910505,0.2859639923090369,0.24803356056633455,0.13184663536776212,42167,10.649393203588696,18.004796444622475,2.8906381915452606,0.1,355.5076294597194,1
19171,19,0.4911952890549799,0.8373251797746447,0.004982730309721986,0.07479757658116755,0.0785850455411989,0.18693073501376828,0.21902139377250582,0.26795170514721456,0.24751112052531243,0.1145233525271913,51670,10.85263262128123,24.49477192442279,3.1984597039397302,0.11199999999999999,355.2894138902284,1
21225,21,0.5122869599682918,0.8321442726912406,0.12775796010040957,0.017307438234905537,0.16159890673044072,0.19063887939870175,0.20612686482177428,0.22708119804122537,0.21455415100785788,0.2570313551338985,39125,10.574516927842454,44.153548646780365,3.787673300870425,0.131,515.2199212567388,1
21035,21,0.4831875451408394,0.9029237888879972,0.038145681191985664,0.024369365754487334,0.2500772524610427,0.19608881825806737,0.16876351918068247,0.19688341500022072,0.18818699509998676,0.2007940008822232,39677,10.58852695370191,97.09340529477612,4.5756734563561965,0.158,378.4975254340366,1
13011,13,0.5131184203349152,0.8924344078983254,0.028145966290296188,0.059455626465935746,0.10012943786982248,0.1937869822485207,0.2411242603550296,0.24935281065088757,0.21560650887573965,0.16666666666666666,41141,10.62476047015509,78.99056835465399,4.369328457423944,0.215,419.8252265024492,0
13031,13,0.49578592498946483,0.6479140328697851,0.27668211827503864,0.03524371400477595,0.3082188675823927,0.20547168955981684,0.16895598168547984,0.17240128745636701,0.1449521737159436,0.31322604065827686,35840,10.486819867088867,105.81011847344492,4.661646152596427,0.18899999999999997,327.4724801622068,0
13059,13,0.47523219814241485,0.5700885045093552,0.26209785973886124,0.10481727015749091,0.32813728903157596,0.2562952075194368,0.15848579790868886,0.13392385151948838,0.12315785402080996,0.36714117897346243,33060,10.406079371375014,997.1812080536913,6.904932506760338,0.171,253.238450338523,0
13061,13,0.4870730928822215,0.3507819980849026,0.5774018512607724,0.051388445579316946,0.09290953545232274,0.20660146699266504,0.15892420537897312,0.2047677261613692,0.3367970660146699,0.4448780487804878,21192,9.961379030951905,16.035336086927593,2.774794792509354,0.191,NA,0
13101,13,0.47421662965704414,0.7024426350851222,0.019491734517641253,0.24993831729583024,0.12765036780614453,0.23972306360882734,0.28256166161834706,0.20294244915620943,0.14712245781047165,0.31334813718233406,31375,10.353766676434086,9.76876021345211,2.279189560710032,0.285,NA,0
13127,13,0.47285749875435973,0.6458146487294469,0.2544095665171898,0.06421275535625312,0.10493337052852943,0.20754919422329993,0.2112830196776893,0.24656123259157528,0.22967318297890604,0.1919776946961536,46407,10.745205588904774,191.25533349374513,5.253609359866789,0.185,464.2609029687376,0
13089,13,0.47843091896708306,0.2968622377582435,0.5329926261016581,0.09438561318734043,0.11192748197602728,0.2638465212899499,0.23912507359557428,0.21549228496206357,0.169608638176385,0.18987794186082133,50856,10.836753388616245,2617.1715586250198,7.869849455836207,0.193,307.221835093447,0
13143,13,0.4863957473595859,0.9162761418479402,0.04553402811778695,0.012170385395537525,0.10828676161288384,0.19331770927227931,0.23484165615047173,0.2518478456823508,0.2117060272820143,0.2278242305639566,39993,10.596459717781787,101.33786968617652,4.618460178376016,0.163,637.065487346568,0
13157,13,0.4957987354936692,0.8325271967908612,0.07157832180530564,0.06408372814764679,0.09222095067965501,0.21469841181232033,0.24822061573673487,0.24930918022720294,0.19555084154408686,0.15906362545018007,53179,10.881418860558535,178.34441784945668,5.18371661246146,0.183,424.2801469096096,0
13163,13,0.4868830857690465,0.4163871586008625,0.5462985146142789,0.03150455198850024,0.10940335147827943,0.19671256270679902,0.212829544241648,0.2431422777244103,0.23791226384886327,0.3146046511627907,26968,10.202406256913896,31.71220452624481,3.456701607617345,0.19,631.1884771961718,0
13169,13,0.4821291448516579,0.7260732984293193,0.24921465968586387,0.011832460732984293,0.09906139774018055,0.20170981048604053,0.2326777067017397,0.24618879655646558,0.22036228851557363,0.16584315663160867,51497,10.849278832527904,72.72810350998775,4.286727878066643,0.158,380.487685032745,0
13181,13,0.494299467950342,0.6515074740309096,0.32569039777045855,0.0031669622498099823,0.1021119094273895,0.1315044633137383,0.19943392118441106,0.2841280209013716,0.2828216851730895,0.26493539721120635,35625,10.480802917570951,37.52257819184333,3.6249428369116643,0.198,550.6215200120308,0
13213,13,0.4952156743620899,0.8428513568246253,0.007695423248278655,0.13426488456865127,0.11009406504407981,0.21069726241194583,0.24435820643691736,0.24014004302526679,0.19471042308179018,0.22429738938846616,34888,10.459898209522603,114.68185539356568,4.742161819760868,0.23600000000000002,528.6790954051298,0
13215,13,0.4838239744753756,0.43301581439248216,0.4443264648702994,0.06806908473498197,0.1354019014693172,0.25514261019879,0.20914433880726016,0.21934312878133103,0.18096802074330165,0.19611267759862028,41339,10.629561643296354,900.9358319661715,6.803434036388673,0.172,464.9619399378396,0
13235,13,0.4272611464968153,0.6273460721868365,0.30225053078556263,0.05740976645435244,0.08621815806662313,0.2418027433050294,0.181319399085565,0.23174395819725668,0.2589157413455258,0.15721548689870943,41550,10.634652800283595,47.283269954343034,3.8561565321771747,0.19399999999999998,457.7214450197206,0
13241,13,0.4930858582754594,0.8843955503656813,0.01235326654784586,0.07989674881691353,0.0890958904109589,0.19068493150684931,0.2021917808219178,0.2332054794520548,0.2848219178082192,0.21533685190934493,35423,10.475116605660943,43.9765076636585,3.783655574598933,0.257,561.3900655950362,0
13259,13,0.6147827534543033,0.2755119027800899,0.5881471616447478,0.1331779590477776,0.1371128871128871,0.25,0.23226773226773226,0.2057942057942058,0.17482517482517482,0.3073584533438548,23451,10.06266841688844,13.094763184684773,2.5722123933887255,0.191,NA,0
13281,13,0.4805231731589423,0.9587716804094398,0.013553217704482987,0.02189365936878021,0.11276473955352032,0.144628887616867,0.19366533104369396,0.24251097118870443,0.3064300705972143,0.16281684382665576,36570,10.506983511143426,63.34540083932206,4.148602304910262,0.23600000000000002,580.2272745141058,0
13283,13,0.48848467067625057,0.6790376998679771,0.30115886753703974,0.004547454892181312,0.11417950079660116,0.20286776420605418,0.2421667551779076,0.24349442379182157,0.1972915560276155,0.2578922569498979,37894,10.542548067192307,34.181391524097954,3.5316813885058504,0.19,569.8068502145156,0
13287,13,0.5134884797962256,0.5444019914322102,0.4026861178649994,0.03704990158619891,0.13118103800572128,0.18124233755619126,0.23927257866775645,0.2306906416019616,0.21761340416836944,0.2203654724693436,28326,10.251535389774341,30.263531340992948,3.4099434015180186,0.21600000000000003,603.5606269888436,0
13003,13,0.4917186749879981,0.5669707153144503,0.171387421987518,0.24363898223715794,0.08375850340136054,0.22597789115646258,0.2606292517006803,0.23341836734693877,0.1962159863945578,0.32219541616405306,30049,10.310584661539417,24.550506508889686,3.200732485754366,0.282,587.6353221048012,0
13001,13,0.504631143075079,0.6967963386727689,0.19461697722567287,0.09376702626130544,0.08100426338228328,0.22813832306963525,0.22406442444339175,0.24462340123164378,0.22216958787304594,0.2287993751394778,36786,10.512872616990743,36.19540073479385,3.5889320592349647,0.19699999999999998,540.1272002521694,0
13025,13,0.498071595415286,0.9309033624857407,0.03433103373349992,0.020261828453473844,0.11273160887910476,0.18712162905888827,0.22628875435699872,0.2534397358282884,0.22041827187671986,0.21947348256800395,36070,10.493216773897585,41.61523819857944,3.7284664030451746,0.231,618.2555682092652,0
13017,13,0.47456759217114247,0.5706645425580337,0.34837278106508873,0.06008192990441511,0.10977754785307811,0.19379203310915674,0.22524573202276255,0.23859286083807554,0.23259182617692706,0.3811184745959772,28547,10.259307130753884,70.26998932516662,4.25234481329242,0.184,592.6073943485994,0
13047,13,0.4862396681422778,0.9200538649661022,0.025926384546326967,0.024533325078166114,0.09711403902516305,0.204736883795844,0.24471259208407045,0.2462704301217226,0.2071660549731999,0.1393337704099154,47087,10.759752233414586,398.41143568966265,5.987485229338808,0.166,374.6110182055038,0
13055,13,0.5165173354109855,0.8280093494351383,0.11141410206466693,0.04366965329178029,0.10697494686674824,0.20338764732401624,0.2375217363302634,0.24157918464610034,0.21053648483287177,0.23964720705585887,33228,10.411148172958962,81.92431176556944,4.405795793763134,0.19,526.8379171751671,0
13073,13,0.48660432249459884,0.7271259544663957,0.1557252384703579,0.05369190331713633,0.10085476757347489,0.20693961984309747,0.24081807891963625,0.2509009536447966,0.20048658001899483,0.08298660721295002,69306,11.146286761516736,441.9766279430522,6.091257002722714,0.131,273.81956779323036,0
13115,13,0.4847785162303556,0.7297679594787149,0.1433950097246924,0.09597803363599489,0.1210034608280883,0.20922767945200565,0.2239137841375724,0.23454731292699985,0.2113077626553338,0.21012666478371392,40821,10.616951933858967,188.5564343581527,5.239397348596264,0.19899999999999998,485.3444549241836,0
13117,13,0.4971899669793785,0.7925714535633843,0.026968663211528788,0.09485228192175643,0.07333577347936669,0.17607530666066015,0.3081153625963154,0.27306172630946685,0.16941183095419096,0.07598565520877383,86569,11.36869706279737,816.5127376451316,6.705042512589059,0.134,198.7580059012842,0
13147,13,0.49660722739466623,0.7584424806690864,0.20009468202619535,0.03329651254536847,0.11208989387528612,0.1885967954498162,0.20135950613858639,0.2492890337795658,0.2486647707567455,0.2541546462963715,35615,10.480522176412455,109.07338399442327,4.6920209033548685,0.18100000000000002,449.06065548239917,0
13185,13,0.49014676558823,0.5538829108807731,0.35708768210968794,0.05040688379111502,0.217759363309835,0.23568862989403402,0.1942113656348272,0.19449453775876716,0.15784610340253663,0.24269629297123405,37365,10.52848971636439,224.43384549636542,5.413580988907992,0.17800000000000002,388.8650773016396,0
13199,13,0.4782207882000461,0.5701313666743489,0.4089421525697165,0.005485134823692095,0.09554037766171153,0.19799116110887907,0.1993571715548413,0.25528324628364807,0.2518280433909201,0.21127362522556747,37333,10.527632932997834,43.28412702529612,3.7677859863991197,0.175,577.7219025757424,0
13237,13,0.49315004001694834,0.6562308742526246,0.2679723176874912,0.06459206252059696,0.08171174142480211,0.18263522427440634,0.20836081794195252,0.24851583113456466,0.2787763852242744,0.13961456102783726,44764,10.709159523937918,61.63260687269868,4.12119106284153,0.184,520.6851838826174,0
13261,13,0.4726626997725786,0.40773855883360854,0.5150004673042774,0.05171500669802798,0.1589668773977414,0.21818771275733506,0.19652023558653484,0.22321283838547576,0.20311233587291294,0.3225623960066556,33796,10.428097731272736,66.49927387160061,4.197191028378143,0.177,491.6380261553292,0
13301,13,0.4637223974763407,0.37066246056782337,0.6039256922537679,3.505082369435682e-4,0.11507444168734492,0.17431761786600497,0.1879652605459057,0.26240694789081886,0.26023573200992556,0.3157707369170523,27796,10.232647404434218,20.070489416035286,2.9992505479636065,0.191,748.2111427339734,0
13007,13,0.4870967741935484,0.3912023460410557,0.60410557184750735,0.0032258064516129032,0.16123949579831934,0.12184873949579832,0.17804621848739496,0.3272058823529412,0.21165966386554622,0.317737636955878,27353,10.216581491048599,9.972393140397257,2.2998205893123136,0.215,NA,0
13035,13,0.5305351610575902,0.6753384543564063,0.27899673216483467,0.027628060943003862,0.1297195253505933,0.20954692556634305,0.22990830636461704,0.23469525350593312,0.19612998921251348,0.1450646633701027,49754,10.81484614136472,127.78684657226684,4.850363614676862,0.183,563.5979586596882,0
13043,13,0.49669533725667725,0.6278859212313264,0.2419194205522861,0.11036668175645088,0.11791755624897356,0.19871900147807522,0.2226966661192314,0.22203974380029562,0.2386270323534242,0.25866267091215583,35070,10.465101343134224,45.44444627310281,3.8164906189460077,0.21,594.734637578478,0
13045,13,0.4873155811442965,0.7255487585462397,0.18131522130262684,0.0629543001079525,0.15318050705935934,0.22265067557309853,0.220403825717322,0.22136025504782147,0.18240473660239867,0.1888307285360356,46147,10.739587232400936,222.73160801160543,5.405967495092872,0.177,450.3889953760168,0
13099,13,0.47121535181236673,0.4734402521553722,0.5109854454435895,0.007138221933809215,0.10528126612764493,0.18183382074660245,0.21968002752451402,0.25563392396353,0.23757096163770858,0.3163906339234723,28853,10.269969252665245,21.04394511055533,3.046612875547127,0.168,713.1937768936405,0
13081,13,0.47961396199141193,0.514859062114706,0.43344245567790485,0.03260915777390417,0.09805686848225674,0.2110435891664791,0.21539500337609724,0.23835246455097908,0.23715207442418787,0.3118419907769947,35240,10.469937080050116,86.28931371362117,4.457705763233532,0.17300000000000001,619.5832899159152,0
13077,13,0.489694506055009,0.7231465953615617,0.17434716415372845,0.06719630285091617,0.094228018402299,0.20952589595226742,0.25363728914032396,0.2523228392118455,0.19028595729326409,0.12676779064071964,60813,11.015558860888394,293.4891084437912,5.681840529359114,0.14800000000000002,320.99592622851577,0
13067,13,0.48580949180175476,0.5574792451750842,0.24826703468790892,0.12374237559618727,0.10457102367873652,0.23056978882112109,0.2480992989562947,0.23998159105252245,0.17677829749132523,0.12815929744907795,63920,11.065387580440156,2059.305137108341,7.63012389279778,0.172,247.604469214879,0
13083,13,0.4910735826296743,0.9438480096501809,0.01103739445114596,0.01942098914354644,0.13617537124962117,0.18607940195979392,0.20557632084048894,0.24366097585614707,0.22850793009394887,0.15905399259307387,43205,10.673711508275499,95.29776239934246,4.557006330839307,0.16399999999999998,510.9384779757046,0
13317,13,0.4744276668290307,0.5212859230394544,0.42815392109108624,0.03584997564539698,0.07499115670321896,0.20534135125574815,0.1890696851786346,0.26565263530244076,0.26494517155995756,0.27320664610486517,28983,10.274464730185619,21.86415046113868,3.0848483302860745,0.188,666.8967084350286,0
13027,13,0.48945546112684923,0.5823103556814605,0.35070821529745044,0.05313188542650299,0.11677167064957636,0.1810775581142733,0.21833586791223114,0.24972843797523353,0.23408646534868563,0.24019952676344566,34419,10.446364016467253,32.2180891843763,3.4725280707256547,0.221,494.4496849031518,0
13129,13,0.4969770253929867,0.7946001552094425,0.04167193055279828,0.142882925156563,0.10667607535129164,0.2136282751426643,0.24163956556421426,0.2424065778977726,0.19564950604405718,0.20971119929453264,40926,10.619520836882774,155.72724615522978,5.048106054893819,0.2,451.9995521348494,0
13105,13,0.4767167328075551,0.64098055960215,0.302556889536344,0.05048475410659567,0.10844320265432637,0.1934864227713263,0.21784685235309525,0.24788265083384267,0.23234087138740941,0.20442495921696574,35817,10.486177920013498,56.70621412599165,4.037883801306776,0.18600000000000003,622.0578889862808,0
13165,13,0.4726915065956954,0.5680398056005554,0.35119185373756073,0.054616986808609116,0.09871605977688908,0.23952852031151337,0.17427909913702377,0.24836876447063777,0.23910755630393601,0.2938138279140744,26104,10.169843838273156,24.88489082265268,3.214260825025534,0.239,627.0993745520955,0
13217,13,0.47353384652011743,0.5162090310292834,0.40306324894849616,0.04664312356162209,0.10480767586242282,0.21416477107527065,0.2592142844926371,0.23949443294737383,0.1823188356222956,0.15206716779825413,50580,10.831311520223956,370.3984038859352,5.914579193599498,0.198,416.2235789394988,0
13133,13,0.494065005282456,0.5537256851656205,0.3734385681436828,0.05947424025852961,0.09598313359964492,0.18652907234798047,0.19252108300044385,0.21571238348868177,0.309254327563249,0.22294154619736015,42565,10.658787598318158,41.53212796985301,3.726467295671484,0.18,509.7840171805312,0
13071,13,0.49365457285773573,0.5796946331447543,0.2324545116969922,0.1733907079356065,0.12373979376701039,0.23126461455897573,0.23835626940621765,0.21290297849503584,0.1937363437727604,0.2667305720272861,32484,10.3885029394023,84.13258770970664,4.432393979555239,0.23600000000000002,492.366423371641,0
13085,13,0.493947380175995,0.9292446509134765,0.002367445392415241,0.040291240452048065,0.09889375603237063,0.1829385997475685,0.21820476650085383,0.2574801395797758,0.24248273813943128,0.15592326575143195,53525,10.887904113457884,106.18507802494901,4.665183590695979,0.17,418.5755730488826,0
13063,13,0.4777809529252634,0.14283591472823912,0.647089977329447,0.1336762492617782,0.12559406802856504,0.24746821269501604,0.2443765707034263,0.22373037398293066,0.15883077459006195,0.23999486666951853,40606,10.611671117922187,1853.8885357067177,7.525040623340424,0.23199999999999998,351.1025093112048,0
13139,13,0.5002050962311516,0.6318714073976843,0.07253296580088711,0.2648694767584951,0.11495957382499622,0.2295224421943479,0.2415652863835575,0.2306558863533323,0.18329681124376607,0.18721356681533746,50853,10.836694396786596,465.5024924767429,6.143117451110398,0.187,337.8039580147444,0
15003,15,0.5027273349241923,0.19294832057950942,0.021351165881257787,0.0860857197945843,0.13078772890457144,0.2416900936967341,0.21236673919652405,0.21900544144722683,0.1961499967549436,0.09836469128852138,72764,11.194976606382106,1605.8081409188287,7.38138242343435,0.062,272.3546341595364,1
15009,15,0.502531395044467,0.3166382563061424,0.004283899306021081,0.10380954205052575,0.09006696544086444,0.2154486270532101,0.21800511297183725,0.24648871316642,0.22999058136766823,0.10613838852753675,63512,11.058984143404949,134.85162988874072,4.904175136192271,0.077,320.6311123426024,1
15005,15,0.4788732394366197,0.4647887323943662,0,0.04225352112676056,0.061224489795918366,0.32653061224489793,0.12244897959183673,0.16326530612244897,0.32653061224489793,0.14705882352941177,59375,10.991628541336942,5.9211074972896345,1.7785235086440194,NA,NA,1
16071,16,0.5339440920836269,0.9490251350716467,0,0.019732205778717406,0.0850670365233472,0.19741100323624594,0.1900138696255201,0.25335182616736013,0.2741562644475266,0.1607861709685058,40842,10.617466242676006,3.5473196779163727,1.2661922980106974,0.18100000000000002,NA,0
16045,16,0.5022724554479129,0.8863174261451979,2.3920583662241358e-4,0.08025355818681976,0.07169811320754717,0.19267480577136514,0.19678135405105437,0.2753607103218646,0.2634850166481687,0.18229166666666666,44432,10.701715209546581,29.812800855767517,3.394937860195712,0.22399999999999998,377.8044409405608,0
16085,16,0.5123736852959373,0.944937100433079,0,0.03959579294699938,0.046850324618354096,0.13528689243726968,0.22424986839796457,0.25741358133005793,0.33619933321635376,0.09502357255107385,50473,10.829193818819975,2.6464620829768744,0.9732236849798949,0.171,289.0938370712752,0
16003,16,0.5227330454660909,0.9405638811277622,0,0.017272034544069087,0.05895489057615007,0.12684234033050468,0.17552478785171952,0.28584189370254576,0.35283608753907997,0.16597617814603832,35434,10.475427090160382,2.888362620464603,1.0606897742511463,0.22,NA,0
19193,19,0.4921638686310019,0.7703000342616612,0.025030590768929568,0.14128530174734472,0.128516787080323,0.2206204844878878,0.20929876753081172,0.23201019974500636,0.2095537611559711,0.1566341606074969,45856,10.733261330627899,117.03829135895256,4.762501157826705,0.11599999999999999,371.63835918430976,1
19097,19,0.49571870091705933,0.9650402796777626,0.0025333130668287987,0.012261235243451386,0.08189420105435376,0.17614979094710054,0.20587165969823668,0.28585711688783855,0.25022723141247044,0.10490979909799097,46467,10.746497662215868,31.03111601647069,3.4349904435393093,0.09300000000000001,390.66234513398916,1
19111,19,0.5024345198119543,0.9124132527423326,0.03299194089993284,0.03184463845981643,0.09474541361306701,0.2003640369784931,0.194280787469464,0.260430138429851,0.25017962350912487,0.15146804835924008,42469,10.65652967699761,69.05267063174614,4.234869555888635,0.08900000000000001,444.3255034828822,1
19181,19,0.4871008556539641,0.9557804893740216,0.0051682357230168775,0.02052282816152345,0.1099423523246238,0.1882533503032118,0.2283446881784832,0.2591150707494198,0.21434453844426143,0.0726227096429049,62535,11.043481678983007,81.83360914803967,4.404688029005262,0.063,286.5430003970382,1
19149,19,0.4942422661798339,0.9462344019580308,0.0038919873209485216,0.0317377522770132,0.07532202896441308,0.19110690633869443,0.20893675860563277,0.2804744923950222,0.24415981369623754,0.06396058952854002,58888,10.983392613738541,28.88307124985369,3.3632556535869145,0.07400000000000001,278.91087989661537,1
19041,19,0.4859070103589497,0.9496506865815466,0.0017465670922669236,0.02872801734521802,0.0860550064460679,0.2068113450795015,0.19886119467125055,0.2590244950580146,0.24924795874516545,0.0891566265060241,49035,10.800289607826421,29.271663746081888,3.3766199404304396,0.076,340.6587398526978,1
19055,19,0.4983866402490801,0.9779224455137278,0.0019813189923577695,0.00911406736484574,0.07961460446247465,0.1810344827586207,0.20466531440162272,0.29726166328600406,0.23742393509127788,0.08411052540114697,54076,10.898145743484296,30.575190911042032,3.4201889255780116,0.08800000000000001,291.4535180605886,1
19185,19,0.48370416797242244,0.9719523660294579,6.267627702914447e-4,0.010968348480100282,0.09196811771919068,0.1863887185775598,0.17995095033721642,0.28816676885346415,0.253525444512569,0.12372122762148338,40024,10.597234553168041,12.146080310294098,2.4970065095310883,0.121,NA,1
19163,19,0.490178357672971,0.8242578405554225,0.07516159923389992,0.05792434761790759,0.1044217413993818,0.22702822046485488,0.2128878808558468,0.24048613062502508,0.2151760266548914,0.13091996825590624,52735,10.873034650710714,364.7326174607991,5.899164530231118,0.07200000000000001,339.753873492203,1
20181,20,0.4995876628731651,0.8528781131453076,0.02111166089394689,0.11396998185716642,0.08676470588235294,0.27058823529411763,0.2,0.21735294117647058,0.2252941176470588,0.16839070713922333,38634,10.561887996766238,5.741118452823971,1.7476540437585675,0.146,463.6090778794274,0
20193,20,0.48949633004302706,0.9239433054922804,0.008985067071627436,0.04884839281194634,0.17573770491803278,0.20590163934426228,0.17202185792349728,0.23562841530054646,0.2107103825136612,0.11217183770883055,48187,10.782844554116963,7.352838547409618,1.9950864355963855,0.107,NA,0
20127,20,0.49241778837962175,0.9347418640313512,0.0025558016697904244,0.03867779860282842,0.08027812895069532,0.1763590391908976,0.17825537294563842,0.2910872313527181,0.27402022756005057,0.08307210031347963,47445,10.767326424407859,8.441215684638829,2.1331263366996382,0.149,NA,0
20163,20,0.49662748121025246,0.9587589130853729,0.004047022547697052,0.005588745423010214,0.08236536430834214,0.19852164730728616,0.18585005279831046,0.2713833157338965,0.26187961985216474,0.18311817279046674,42449,10.65605863433599,5.826847517161071,1.7624761194919696,0.136,NA,0
20025,20,0.4890310786106033,0.8482632541133455,0.008683729433272395,0.10191956124314443,0.07721639656816015,0.20781696854146806,0.21448999046711154,0.2449952335557674,0.2554814108674929,0.1272300469483568,41129,10.624468747775484,2.244949888778534,0.8086831996883169,0.133,NA,0
20077,20,0.4997479415224332,0.9188371702234919,0.002016467820534364,0.05410855318433876,0.07960038672252659,0.20496293909120206,0.19110538188849502,0.24331292297776347,0.2810183693200129,0.16530789245446662,38313,10.55354454316437,7.426968970470591,2.0051178307426016,0.141,NA,0
20111,20,0.48652748037116345,0.7293599809659767,0.013978110873185819,0.20220675707827743,0.22655358825571592,0.20334275653424588,0.17542032435649457,0.20726082428210088,0.18742250657144274,0.2109594107313465,38981,10.57082962691412,39.67555346830699,3.6807352163670175,0.14300000000000002,335.017991891812,0
20145,20,0.5816955960407402,0.8589872328216899,0.051785970449003016,0.06828288624300674,0.0989817665166943,0.17499408003788774,0.20198910726971347,0.2654511011129529,0.2585839450627516,0.06337448559670782,44078,10.693716070746637,9.24213437487985,2.223772851931193,0.11199999999999999,411.3247431705504,0
20033,20,0.48976377952755906,0.9375328083989501,0,0.04041994750656168,0.06312292358803986,0.17386489479512734,0.24806201550387597,0.22812846068660023,0.2868217054263566,0.06423516603157321,39375,10.580886376127934,2.4165987989313686,0.8823610966033203,0.165,NA,0
20063,20,0.5022927689594356,0.9710758377425044,0.006349206349206349,0.009171075837742505,0.07671601615074024,0.21601615074024227,0.1655450874831763,0.2503364737550471,0.2913862718707941,0.10306306306306307,44866,10.71143554857325,2.6454162448153107,0.972828423369405,0.136,NA,0
20079,20,0.481078278900985,0.8443350037440239,0.013305685156385002,0.10892229710270146,0.1053771392351574,0.21603634058736532,0.19717937882949504,0.2519543629833087,0.22945277836467357,0.12829520206569386,50287,10.825501873379878,64.3293055725386,4.164015290596086,0.11900000000000001,346.3792443738656,0
20069,20,0.48835662009314706,0.8378243512974052,0,0.14620758483033933,0.09881061299176579,0.225678560536749,0.23269289417505337,0.2375724306190912,0.20524550167734065,0.1122397155916709,57808,10.964882453387421,6.91935589681735,1.9343226868029038,0.126,NA,0
20017,20,0.499457111834962,0.9337676438653637,0.010133912414042706,0.03655446977922548,0.07414965986394557,0.13537414965986394,0.23469387755102042,0.2673469387755102,0.28843537414965986,0.13114754098360656,36815,10.513660649802818,3.574108089928337,1.2737156596845967,0.159,NA,0
20067,20,0.5027322404371585,0.5327233447706189,1.2708095056551024e-4,0.44757910789172706,0.10519337016574586,0.20397790055248619,0.2627624309392265,0.19756906077348066,0.23049723756906076,0.1303454475407731,53213,10.88205800638073,13.689979123173279,2.6166641143301135,0.133,NA,0
20109,20,0.4936936936936937,0.9315315315315316,0,0.010810810810810811,0.08687002652519894,0.1770557029177719,0.21352785145888595,0.2639257294429708,0.25862068965517243,0.12752664461595,41765,10.639813947190007,2.5862213581809406,0.9501978753641659,0.129,NA,0
20149,20,0.49434322322686175,0.9066745422327229,0.013812531237221136,0.047844063792085056,0.09711522701196525,0.23660055728569088,0.21176856253073267,0.24643501065399115,0.20808064251762007,0.08986015599760004,56854,10.948241857301557,26.169351099020002,3.2645889206297474,0.1,290.345250888536,0
20015,20,0.5017176906940687,0.9053598029975983,0.01568722828565348,0.04099656461861186,0.10537645839423818,0.19781008318494697,0.21760969516570547,0.26154091476865016,0.2176628484864592,0.0844782595026252,56454,10.94118142623482,46.00860362146583,3.8288284142494406,0.08800000000000001,345.7973102946872,0
20169,20,0.4931425592723743,0.8154692358851761,0.028562184315064798,0.10019233188934625,0.11559292146860634,0.2125448705837899,0.21301719251842055,0.2470873480697777,0.21175766735940552,0.17401653258543065,47215,10.76246691769717,77.24391683154569,4.346968166159977,0.11,382.1667038789646,0
20197,20,0.5053900709219858,0.9408510638297872,0.006382978723404255,0.03049645390070922,0.0759870871616588,0.18549788924757885,0.19493419418922275,0.2910355103054383,0.25254531909610134,0.06433850166642516,54694,10.909509293179877,8.875717296443922,2.183319154230073,0.11900000000000001,NA,0
13113,13,0.4838989776387657,0.6707249894962887,0.19727370337519257,0.0655618318472527,0.08319198772312414,0.1277441240610613,0.22503836523705678,0.3122203376140861,0.25180518536467167,0.07656771886907843,79977,11.28949437231997,551.1160737257001,6.311945447086425,0.111,262.27351297736277,0
20207,20,0.50366076876144,0.9453935326418548,3.050640634533252e-4,0.023184868822452714,0.06919642857142858,0.19029017857142858,0.16685267857142858,0.27622767857142855,0.2974330357142857,0.19559748427672957,33839,10.429369262456103,6.58470933269053,1.884750193399526,0.174,NA,0
20141,20,0.4953198127925117,0.967758710348414,0.0020800832033281333,0.013260530421216849,0.09014363546310054,0.17731550272412086,0.17533432392273401,0.2902426944031699,0.2669638434868747,0.17258064516129032,37925,10.543365804216734,4.309224384428529,1.4607579307122571,0.147,NA,0
20055,20,0.5079089924160347,0.45552546045503794,0.01860780065005417,0.4720747562296858,0.12609914001352787,0.24466131993429316,0.21837858730312107,0.23528843366508842,0.17557251908396945,0.1600951169606813,47945,10.777809799587782,28.357093536164893,3.3448772117915992,0.14800000000000002,292.9754729090232,0
20097,20,0.4970320538187574,0.9204590423426988,0.0051444400474871385,0.04590423426988524,0.12607449856733524,0.1977077363896848,0.18624641833810887,0.23209169054441262,0.25787965616045844,0.12250106337728627,44650,10.706609586304646,3.4969050936913173,1.2518783183624644,0.131,NA,0
20201,20,0.5059864653826133,0.9541905257678293,0.008676036786395974,0.02689571403782752,0.07830126078301261,0.19674850696748508,0.19243530192435301,0.27538155275381554,0.25713337757133375,0.10212083407592229,42515,10.657612233819894,6.440862089776431,1.8626623960292763,0.159,NA,0
20129,20,0.5050282840980516,0.754242614707731,0.013513513513513514,0.19767441860465115,0.10235294117647059,0.19117647058823528,0.19705882352941176,0.29352941176470587,0.21588235294117647,0.11251212415130941,46607,10.74950602342493,4.360510927999496,1.4725892358162649,0.149,NA,0
20009,20,0.49333381639011664,0.8303383812767191,0.011231070212303457,0.13683791029635534,0.10421591804570528,0.2119779353821907,0.19135802469135801,0.2620173364854216,0.2304307853953244,0.1387522650789542,44981,10.713995457369334,30.826446280991735,3.42837296704112,0.125,428.5676173910288,0
20043,20,0.5055028462998102,0.9096774193548387,0.03415559772296015,0.0232764073371284,0.11636363636363636,0.19727272727272727,0.20068181818181818,0.25045454545454543,0.23522727272727273,0.12330473290893994,46512,10.747465622798657,20.093796469287376,3.0004111340591626,0.111,NA,0
20101,20,0.48576732673267325,0.9102722772277227,6.188118811881188e-4,0.06621287128712872,0.12416107382550336,0.12416107382550336,0.2225950782997763,0.25615212527964204,0.27293064876957496,0.1029040404040404,53021,10.878443340472396,2.252406074248559,0.8119990111841409,0.12,NA,0
20115,20,0.49899927948122647,0.9417180369866304,0.010407493395244577,0.026258906412617085,0.11693002257336343,0.1744168547780286,0.18073739653875093,0.2744920993227991,0.25342362678705793,0.12005856515373353,45830,10.73269417750317,13.227927861144352,2.5823303416078778,0.12,365.200987160955,0
20013,20,0.48680910823553014,0.8403049453305246,0.01404353495837095,0.033303240044136824,0.08007448789571694,0.20837988826815643,0.1972067039106145,0.2554934823091248,0.25884543761638734,0.1901840490797546,39968,10.595834412925305,17.4627587270001,2.8600705406222184,0.136,513.442942526048,0
20161,20,0.527463375339623,0.7885804786805565,0.06259983889245388,0.0711603839274743,0.37304976357614517,0.27898014872831045,0.12525256733393048,0.11698293998791842,0.1057345803736955,0.23197139779238418,43962,10.691080903388018,120.11558437511788,4.788454482325556,0.102,143.0742205673684,0
20041,20,0.4948312557008209,0.9221647917300091,0.0038512212425255905,0.04190736799432452,0.09100998890122086,0.19459859415464298,0.21513133555308916,0.26988531261561227,0.2293747687754347,0.10944450191372711,48890,10.797328155572691,23.296720939896492,3.148312618474667,0.109,371.5207459382104,0
21079,21,0.4928977272727273,0.9438328598484849,0.027876420454545456,0.023733428030303032,0.0813653502679103,0.18793411391149037,0.23000595356221473,0.2704901766223457,0.2302044056360389,0.1907074340527578,44652,10.706654378134623,73.43628437436163,4.296418151001291,0.17,414.73938708733743,1
21037,21,0.4906297596185683,0.9275544665916164,0.027216740613204424,0.01708496126084365,0.12642845500479924,0.2276291721752359,0.2013691435608599,0.2429686509589438,0.20160457830016118,0.1303927588637966,54306,10.902389997055225,598.8183043857563,6.394958220524755,0.113,380.558946104537,1
21081,21,0.49941259874417665,0.9526433056512051,0.0070488150698804946,0.023617581527243265,0.10210606797803573,0.21491624383123653,0.2430666573990408,0.24973934802252032,0.1901716827691666,0.17954957927734697,46159,10.739847237169155,95.69127594828757,4.5611271338885775,0.147,504.90730684028017,1
21141,21,0.494407575870554,0.8900529416150921,0.07460293788680934,0.02483036313474014,0.09216560098172188,0.20331977007039978,0.22062907705225085,0.25427888652070013,0.22960666537492733,0.21186728569810895,36590,10.507530258013253,48.57905098608845,3.883192388308872,0.16899999999999998,495.7142103098178,1
21167,21,0.4859475437526392,0.9194388401445127,0.0371604185239056,0.02275606437385633,0.08490873533246415,0.18701108213820078,0.20925684485006518,0.2749348109517601,0.24388852672750977,0.16757551330077292,45396,10.72317927442103,85.66421620839479,4.450435191246725,0.153,479.4152996461604,1
17009,17,0.6486095017381228,0.7808516801853997,0.14440903823870221,0.04982618771726535,0.12231578947368421,0.27431578947368424,0.2326315789473684,0.2191578947368421,0.15157894736842106,0.12324552970582581,42194,10.650033309820769,22.59110557022581,3.117556269974069,0.10099999999999999,NA,1
17123,17,0.492612815159788,0.9545527541352176,0.005781275092339811,0.027220170226433273,0.08974541317024605,0.17493955340634335,0.203242781965581,0.2666761484852795,0.2653961029725501,0.10992001319370001,51504,10.84941475353859,32.1984337713844,3.4719178107271325,0.10099999999999999,480.6825979409622,1
17021,17,0.508729906784797,0.9543736111511933,0.01809471588121555,0.01448731638336556,0.10189785373608903,0.20101351351351351,0.2111983306836248,0.26073131955484896,0.22515898251192368,0.14906699296420925,45145,10.717634810741579,48.84708695094428,3.888694744181414,0.11900000000000001,411.6698084076002,1
17077,17,0.5029889268170843,0.7548580467904421,0.13970527016901174,0.04091249687786196,0.2937077429215346,0.2175478589746911,0.1567494754293708,0.16703365023443772,0.1649612724399658,0.3044508007068812,33479,10.41867365557908,102.81964316593076,4.632976416147993,0.14,319.9877533217026,1
17181,17,0.5022006545536621,0.9211714253470263,0.019241620584584132,0.0491479516984539,0.10228604923798358,0.18307932786244627,0.20535365377100429,0.26338413442751074,0.2458968347010551,0.19464594127806564,41848,10.641799285050446,42.862774785407986,3.758003728626652,0.145,486.3824642115748,1
17165,17,0.4881763527054108,0.9208416833667334,0.039158316633266535,0.014589178356713427,0.1053081581759886,0.19885999287495545,0.20270751692198077,0.2543640897755611,0.23876024225151407,0.1909729437679232,37800,10.54006438160768,65.68918353215611,4.184934277723107,0.128,588.3963297295647,1
17195,17,0.491676698194325,0.856749785038693,0.012570937231298367,0.11272570937231298,0.09814887990516429,0.18529438584759414,0.21380589075655795,0.25888324873096447,0.24386759475971914,0.12004841935370689,47667,10.771994613556476,84.98355864084765,4.442457810026022,0.115,388.5882936958336,1
17037,17,0.4957069261591299,0.7917477580614387,0.061362335432169436,0.10355848120587674,0.23736168366239965,0.22583144778848835,0.18294950872516505,0.19757927037163314,0.1562780894523138,0.19036617529799021,53375,10.885097750530926,166.03649254641562,5.112207598813416,0.10800000000000001,221.1753027375026,1
17079,17,0.4989669421487603,0.9776859504132231,8.264462809917355e-4,0.010227272727272727,0.0969217238346526,0.19560246262093228,0.1959542656112577,0.27458223394898856,0.23693931398416887,0.06622861910721735,52233,10.863469758034709,19.574932761723726,2.974249806965411,0.126,313.7039545473486,1
17197,17,0.49681912877673284,0.6675592330598745,0.10782888619484234,0.15864632007627028,0.09623013404078463,0.202531992095924,0.2624123359331837,0.2595428776212116,0.17928266030889606,0.07978002401146354,76147,11.240420961618181,812.1418363786701,6.699675000250906,0.10099999999999999,249.5777201921998,1
17041,17,0.4918601145613506,0.9169430208019295,0.004069942719324691,0.06476736006431515,0.09938221864088101,0.21568627450980393,0.2127316680096696,0.24863461366281672,0.22356522517682872,0.10308544705942155,52741,10.873148420667984,47.76499105996424,3.8662929665548704,0.153,301.3947303375792,1
17061,17,0.5053708811148208,0.9722020612570765,0.010524023806067644,0.009072434315575556,0.09650665996481528,0.19716009047499372,0.21060567981905,0.2657702940437296,0.22995727569741142,0.13219632084605645,43502,10.68056219303136,25.37296116710465,3.233684086039472,0.12300000000000001,371.392176897051,1
17069,17,0.5480926749356424,0.9435993447226773,0.00889304937982682,0.004914579920430611,0.07630351844001695,0.17592200084781687,0.20093259855871132,0.23950826621449767,0.3073336159389572,0.23590963139120094,37071,10.520590271772301,24.069442566806366,3.180943092690349,0.127,549.3014566681244,1
17095,17,0.502940336854125,0.8466457322295176,0.08027405081358835,0.050014273479874395,0.12475748906645621,0.1971326164874552,0.1998290092400776,0.24040643188320016,0.23787445332281082,0.16674589232200063,40667,10.613172231735003,73.34640805700766,4.295193533478646,0.11900000000000001,437.3866382256014,1
17127,17,0.4738908519827248,0.8954325350085067,0.0587619421541683,0.00438424290014396,0.09129980253223371,0.18805900801486816,0.22232547334185154,0.2600766639563248,0.2382390521547218,0.16319213915814632,43615,10.683156406867319,64.42175551602324,4.1654513946342515,0.11699999999999999,537.657382065899,1
17089,17,0.4984355106292681,0.588375323122034,0.05277595586249469,0.30805200817932793,0.10049105000558758,0.22097578932837245,0.24805913635676394,0.24585697100372725,0.1846170533055488,0.11101685307604799,69530,11.149513593093063,996.7734368089713,6.904523499211992,0.142,222.611554979298,1
6073,6,0.5022185825607461,0.4797539404734782,0.047908000121086015,0.3235424669363486,0.13956701107026204,0.24911677803909346,0.21637041396095574,0.2194588714853097,0.17548692544437905,0.14445649571453056,62962,11.050286648787512,746.0282934320346,6.614763526337149,0.162,240.1334645435906,0
6107,6,0.501565004791288,0.31942441855258324,0.01290737141884812,0.6124183913810551,0.13781498876863385,0.2557320808658362,0.224704921380437,0.2135184807024709,0.16822952828262203,0.2617721771859372,42708,10.662141535298193,92.58376751450754,4.528113829466277,0.20600000000000002,341.23516936135303,0
6113,6,0.4878144032270822,0.493702048564423,0.022413588547022068,0.3067260539428933,0.22890529787081512,0.22120263499573845,0.1897388104284656,0.1962705410981273,0.16388271560685352,0.19139278031106216,55918,10.931641610888983,199.35960673664542,5.295110262967956,0.12300000000000001,241.9621857162534,0
6023,6,0.5011180198049222,0.7687444749021268,0.011529347091291331,0.10091150186089011,0.14748341786968397,0.2281062675132125,0.18169994915995696,0.20992208467822981,0.23278828077891675,0.20363636363636364,41426,10.631663982015468,37.7279962062642,3.6304024238000414,0.174,444.6038802680866,0
6057,6,0.4963404358992579,0.862733354312804,0.0033397963637840197,0.0872813651544529,0.0794826001768592,0.161947531773967,0.1804310509250429,0.26150885162901183,0.316629965495119,0.1197011564834715,57353,10.956980431564268,102.85224458430608,4.633293439723795,0.151,332.9423028872726,0
6003,6,0.607725321888412,0.7064377682403433,0.006008583690987125,0.07467811158798283,0.09815950920245399,0.1273006134969325,0.24846625766871167,0.17638036809815952,0.3496932515337423,0.16576576576576577,58636,10.979104121409922,1.5778809532838887,0.45608277805937975,0.14800000000000002,NA,0
6039,6,0.4829332717007297,0.37491332915112097,0.030646812163634563,0.5444976392511639,0.12969136591202127,0.24198213476750804,0.2195867067801926,0.22085283834171612,0.18788695419856194,0.227533794393306,45625,10.728211090884793,70.86107186993027,4.260721225909574,0.192,327.0469557221476,0
6045,6,0.5018000617164017,0.6774403693840931,0.0067545172977359225,0.226933494862681,0.0942190374745812,0.20106516897453278,0.19990316645686065,0.2301926987508473,0.27461992834317805,0.1999535558780842,43469,10.679803319347403,24.953919225814474,3.217030893060231,0.20199999999999999,450.4650677591882,0
6087,6,0.4979079181897828,0.59229328419081,0.009395486541192108,0.32364203498383737,0.15889831784481773,0.1969079181146371,0.19797996832031414,0.22527508928732753,0.2209387064329035,0.14583798390412972,66519,11.105242900121105,594.8469124154817,6.3883040823828505,0.147,272.9806330657146,0
6105,6,0.5109253556239918,0.8312802463704355,0.009312215867429242,0.07017157941047074,0.06974727452923687,0.16427155599603568,0.17529732408325074,0.26214073339940536,0.32854311199207137,0.19249141662934766,36890,10.515695790590721,4.289685567746396,1.4562134360221628,0.21,621.9014887035318,0
6037,6,0.4931174376339329,0.27504848899997886,0.08125683973113204,0.47925416746643573,0.12560532499528107,0.24558962899135017,0.2326891690703013,0.22411050798065577,0.1720053689624117,0.1783896072956768,55909,10.931480647972702,2438.0886688727423,7.798969678892882,0.24,247.7892988257442,0
6065,6,0.4979479728322911,0.3894314991779327,0.058893583567269515,0.4601885190583201,0.12856731455802817,0.2300297054310049,0.23196904007668973,0.2327998453581812,0.176634094576096,0.1620554098393536,56529,10.9425090597906,309.23946226174223,5.734115935548105,0.207,284.9192437664608,0
6071,6,0.49753392823719017,0.3247256206503429,0.08279729595048896,0.49909500392578204,0.13798098028500638,0.23907085641628092,0.2250239131207594,0.22777609217030276,0.17014815800765054,0.18668900620240494,54090,10.898404604865473,102.55378961634125,4.630387437676093,0.21,313.5182337729104,0
6085,6,0.5022580189470525,0.3467648305271801,0.024147338495360354,0.26795654803422125,0.1020303849049918,0.24252912255835585,0.24801346503078353,0.23548035611462995,0.17194667139123887,0.10159071559797464,91702,11.426299468257534,1404.703511355709,7.247581535553046,0.126,187.3774677895454,0
6041,6,0.4912917299906143,0.7274105316069949,0.02624065849051417,0.15527621022372498,0.06693181669265748,0.16043323854329108,0.2342449776566329,0.27417473692487127,0.2642152301825473,0.07740480759110377,90839,11.416843987792543,489.410077915688,6.193200743186596,0.10099999999999999,214.86687717744118,0
6061,6,0.4880508198379429,0.7544138636338095,0.011651363774288893,0.1304351490767692,0.09321251495982219,0.19372786556920596,0.22913806999975575,0.26097257162396503,0.22294897784725107,0.08738658863719412,72725,11.194440483363403,252.96497748059892,5.533251050214912,0.115,265.2769392941546,0
6093,6,0.49926971215423677,0.7899018043727389,0.012673302923398423,0.10783542682515786,0.0861266849576524,0.17221360690285897,0.17841663684440734,0.2516601057696131,0.3115829655254682,0.20989341350095655,37709,10.537654071735847,7.0888501178820205,1.9585231437352766,0.19699999999999998,538.0963812367507,0
6089,6,0.49222885270220157,0.8199993257139004,0.00919276715777171,0.08664014474674937,0.10973268494245368,0.1995751025698498,0.1888357225692651,0.2489255747322464,0.252930915186185,0.17453376793145375,44651,10.706631982470423,47.13829149849473,3.8530856537136122,0.174,512.4761794086386,0
6095,6,0.49908210267987674,0.404876599130514,0.13737543678012165,0.24464959329719263,0.11753856734240922,0.22044733428156113,0.20967426811922663,0.24503352662592412,0.20730630363087887,0.1299015776846566,67177,11.115086206021505,507.7583007307442,6.230005548393324,0.122,324.985974855533,0
6015,6,0.5548189159643122,0.6419931586557112,0.03135028388052333,0.18397573791303734,0.11137209968490404,0.21924949871097107,0.19684904038957318,0.2586651389286737,0.21386422228587798,0.2184330680027476,37909,10.542943829898158,28.17742526876218,3.3385211349706,0.172,478.0996220932868,0
6021,6,0.5059528053040565,0.5506166678548513,0.006986525985599202,0.38233407000784203,0.11373322307741238,0.19833343934864195,0.22663952674766236,0.24902995992621335,0.21226385090006997,0.18846307240491642,43023,10.669490135397321,21.3509372904691,3.0610956399039364,0.204,367.8597189899344,0
6007,6,0.4951437821367359,0.7478484823752392,0.012673322995166453,0.14547795884684098,0.19153205883470792,0.19994679031583748,0.1765649348181369,0.2103226787275284,0.2216335373037893,0.20409660938225732,43752,10.686292605026608,134.7674009327428,4.903550336388775,0.154,405.5240821255132,0
6063,6,0.5008679669151435,0.8489737567650363,0.012151536812008578,0.0812314918819565,0.07987616099071207,0.16152145068553736,0.16833259619637328,0.25254312251216277,0.3377266696152145,0.15210929759607864,45794,10.731908357153642,7.67162950251915,2.03752904425121,0.159,519.4418648720047,0
6079,6,0.5112755150793475,0.7052930237344447,0.020426764279991474,0.211335053327159,0.17327922509269658,0.1928391125282317,0.17752454799086922,0.22706740582388252,0.22928970856431996,0.14285546952783668,58697,10.98014389718478,82.48854729947884,4.412659463091784,0.126,284.3840798251888,0
6029,6,0.5147912530476159,0.37894657417319416,0.05324662463275344,0.49798751243804557,0.13932915968898296,0.25456227915375196,0.22186372737285603,0.21969569792532478,0.16454913585908423,0.22930176323654863,48552,10.790390667515691,104.30555357433599,4.647324606747743,0.20199999999999999,353.4521038259818,0
6111,6,0.49663758403024305,0.4811976111466954,0.01608652174804618,0.40743796568707275,0.11783218907588554,0.21612289122465925,0.22177937096218886,0.2476841444397189,0.19658140429754745,0.11068616835807749,76544,11.24562101787025,449.78685748668164,6.108773820527161,0.133,240.1303782971752,0
6009,6,0.5008527698407425,0.8321704653686846,0.00837264934547146,0.1061864575719317,0.08079184633477068,0.13359466875735007,0.17326538612308898,0.28016464131713054,0.33218345746765976,0.10915516736825519,55295,10.92043776750946,44.26124398536488,3.790109440539833,0.163,445.4849511729216,0
6081,6,0.4920340541955717,0.41854969480894205,0.02533915067377797,0.253229761645304,0.08943815763351201,0.22371561555599673,0.240167207111817,0.24377385127831822,0.20290516842035602,0.07599129155438557,88202,11.387384917474753,1626.9624984389216,7.394470057438287,0.10800000000000001,207.5679715937664,0
6109,6,0.5261109486917117,0.8132400233883935,0.020501388685864638,0.10930419529308581,0.09025002323636026,0.18929888155652633,0.17458252006072436,0.2538649812560027,0.2920035938903863,0.1454820282287352,48426,10.787792138552428,24.642439677173595,3.204470146636173,0.152,420.5985102376778,0
6005,6,0.5407514296403185,0.799743466410133,0.023862968307412753,0.1258617925284592,0.07507480684203474,0.15260595775088204,0.19074628198829888,0.2762270555133759,0.30534589790540845,0.12560152537756122,53684,10.890870284517696,62.93822729543226,4.142153726248076,0.152,432.5831412914952,0
8095,8,0.5197353410905773,0.729180926306183,4.563084645220169e-4,0.24800365046771616,0.11833550065019506,0.1894234937147811,0.21022973558734287,0.2306025140875596,0.25140875596012136,0.19851920407218882,43011,10.669211175914377,6.371306299496459,1.8518045191245713,0.16699999999999998,NA,1
8031,8,0.5002736974343489,0.5267504928975919,0.0966079280216116,0.3140867790413969,0.1121104980486671,0.3196491270996709,0.23034536757239507,0.18030316005823413,0.1575918472210328,0.19149689495205333,50313,10.826018771999738,4047.6928104575163,8.305902321343073,0.159,326.79772319781637,1
8061,8,0.4715390021082221,0.9353478566408995,0.0014054813773717498,0.04708362614195362,0.11804613297150611,0.15332428765264586,0.22116689280868385,0.31614654002713705,0.19131614654002713,0.1739441660701503,40813,10.616755937092288,0.804970338285532,0,0.174,NA,1
8009,8,0.49162456793406006,0.8715767083222548,0.00425418771603297,0.09252858282371709,0.07428278688524591,0.18237704918032788,0.20081967213114754,0.26229508196721313,0.2802254098360656,0.15162355531095212,38829,10.566922669110548,1.4720346681581404,0.3866455717672138,0.239,NA,1
8047,8,0.5134197553405149,0.8941026109183859,0.004747124338141318,0.06737264926054409,0.026114481667106306,0.14982854128198364,0.27064099182273804,0.2645739910313901,0.28884199419678186,0.10847145488029467,63885,11.064839871025423,36.53866680898757,3.59837106448751,0.07200000000000001,NA,1
8063,8,0.572475271705947,0.765661252900232,0.030162412993039442,0.18915618512638907,0.10523076923076922,0.23794871794871794,0.20635897435897435,0.25025641025641027,0.2002051282051282,0.13833512931034483,44157,10.695506743860696,3.7897614889148663,1.3323030854293216,0.196,NA,1
8051,8,0.5441929835938006,0.8845081382530315,0.004539264639128461,0.08527332857791324,0.18804013112148604,0.21793980331777094,0.2054236614681633,0.18953014800834408,0.19906625608423562,0.1770681138245321,52332,10.865363317630766,4.760890370782008,1.560434703436452,0.19399999999999998,174.825463872712,1
8059,8,0.4967216540989034,0.7954959503873904,0.009558528415722004,0.1459747091103799,0.09624511012746934,0.20046185825505103,0.2121798112945337,0.2626885354480646,0.22842468487488135,0.08644551081438208,68984,11.14162987263216,707.4893222787514,6.561722537217994,0.107,287.1498159571184,1
8091,8,0.5101675977653631,0.9474860335195531,0,0.034189944134078214,0.04082397003745318,0.1146067415730337,0.17715355805243446,0.3048689138576779,0.36254681647940074,0.05615212527964206,64601,11.075985169527042,8.262662183595431,2.111746833862066,0.19,NA,1
8103,8,0.5223042836041359,0.8518463810930577,0.004726735598227474,0.10812407680945348,0.1111111111111111,0.21407407407407408,0.18962962962962962,0.28,0.2051851851851852,0.1494094186224881,60128,11.004230902213191,2.1018747978070955,0.7428297073159466,0.141,NA,1
8123,8,0.5013795501970786,0.6741092820156117,0.008899451271350181,0.283530411932916,0.12626242856024428,0.23466818027610323,0.2301208277877815,0.22410553511312925,0.1848430282627417,0.1471386187310603,57180,10.953959465876302,64.90207005450891,4.172879519264687,0.14800000000000002,270.68267198148317,1
8021,8,0.49721414728682173,0.4286579457364341,7.267441860465116e-4,0.5500242248062015,0.10835419986341907,0.18939221488732075,0.19872524470748917,0.25517869337582516,0.24834964716594582,0.1941925998529772,34526,10.449467942376494,6.412970107760579,1.858322518961504,0.203,499.2653836270984,1
8023,8,0.5239301801801802,0.31390765765765766,0,0.651463963963964,0.08148947652455478,0.1117107393416082,0.19805720453318942,0.28062601187263897,0.3281165677280086,0.2219077271440702,29145,10.28003865047965,2.89497877667586,1.0629777799707496,0.276,NA,1
8067,8,0.5083687234574069,0.8005149983666097,0.0036895405369050133,0.12129364515075232,0.11764528847022,0.21542721280886026,0.19866373732205736,0.23345472055858188,0.2348090408402805,0.11353336926793237,58080,10.969576649498677,30.75449240519645,3.4260360780597012,0.163,272.4792991973866,1
8081,8,0.5227931880716888,0.8228601174983268,0.002379712947125753,0.1423365806499591,0.10563820477559695,0.21890236279534941,0.19502437804725592,0.25115639454931865,0.22927865983247905,0.11465112759194794,53231,10.882396212388988,2.8349521112982763,1.0420250450787647,0.14400000000000002,384.8010365983558,1
8105,8,0.49777553932678587,0.5404180307227399,0.00520439855619911,0.43263661546210025,0.09857464366091523,0.18649662415603901,0.20225056264066016,0.25476369092273066,0.25791447861965494,0.19238078783690393,38993,10.571137421822545,13.063101590204813,2.569791583417064,0.203,488.1334642355958,1
8011,8,0.6454974759811105,0.5429083211203387,0.1079628724963361,0.3082559843673669,0.06604226705091258,0.255283381364073,0.29394812680115273,0.19380403458213258,0.1909221902017291,0.19138521781693588,37340,10.527820417095713,4.05919644964078,1.4009850352174398,0.16,380.0719483993158,1
8025,8,0.6402558180849174,0.592645230058625,0.07319239651803162,0.2938354947592823,0.14089257913855735,0.2322262584327971,0.2542812662169175,0.2114686040477426,0.16113129216398547,0.29063049485054004,31477,10.357012399387852,7.148653642714634,1.9669240372566887,0.182,NA,1
8111,8,0.5842185128983308,0.7572078907435509,0,0.19423368740515934,0.146,0.276,0.126,0.262,0.19,0.17147192716236723,39583,10.58615501214069,1.7006978280617722,0.5310386539305514,0.19699999999999998,NA,1
8057,8,0.5353756382202771,0.8650619985412108,7.293946024799417e-4,0.12399708242159008,0.058365758754863814,0.15953307392996108,0.1893644617380026,0.3320363164721141,0.2607003891050584,0.08936484490398819,43606,10.682950034547993,0.8495881883074109,0,0.20600000000000002,NA,1
8075,8,0.5516875304109347,0.806077763524572,0.013004821515459813,0.15831379661166894,0.15365835614411483,0.20862617444699266,0.20477916697492046,0.23089442923725678,0.20204187319671524,0.1759814169570267,40415,10.606956282167944,12.29612297102005,2.5092840070825164,0.16699999999999998,318.29058180026703,1
8083,8,0.49541392285983066,0.746354656632173,3.527751646284102e-4,0.11547507055503292,0.08388687256043278,0.17975758405807027,0.20351982469355612,0.2524138875573512,0.2804218311305896,0.1925314841383708,43188,10.673317957867031,12.570416653732618,2.531346168730034,0.215,445.8347335279214,1
8119,8,0.509537721257948,0.9007131809589276,0.008936243340780203,0.057054476714212064,0.06008902077151335,0.125168599946048,0.18498786080388455,0.30604262206636096,0.32371189641219317,0.0702197085055471,59040,10.985970459274354,41.784024916749694,3.7325140874565674,0.138,349.2304332611514,1
8013,8,0.5022120954456077,0.7901731147366743,0.00737033002072594,0.13446617420417709,0.16464326513656663,0.20520303250597155,0.21233253712742756,0.2262280610655312,0.19159310416450306,0.1421173466761384,67956,11.126615715901805,414.5347100121302,6.027156710543775,0.109,197.4615550427198,1
8071,8,0.5126189217758985,0.5366675475687104,0.00885306553911205,0.41939746300211417,0.10564266910838961,0.1825569417420167,0.18576170310175116,0.2523749570790889,0.2736637289687536,0.17807468311065433,42261,10.651619953928417,3.17138910865863,1.1541696965297557,0.17,555.4187578625168,1
8073,8,0.6005145167217935,0.7383314957736127,0.09757442116868799,0.12679162072767364,0.09733753220727169,0.2728313770397939,0.22931577440595477,0.22101345548239335,0.1795018608645863,0.13725490196078433,41910,10.643279740919118,2.1112449983046413,0.747277820068809,0.155,NA,1
8107,8,0.5254816523559315,0.9070870178136614,0.00418642402494767,0.06651287966166859,0.09090336002017273,0.21383092731513584,0.21528084221143542,0.24711593015192587,0.23286894030133015,0.09070825211176088,62002,11.034921921571465,9.910559832956963,2.2936008384674866,0.121,227.6939218971854,1
8003,8,0.4915584008033641,0.49124458670683485,0.011360070294357623,0.45597188225695096,0.1746031746031746,0.21318342151675485,0.1857363315696649,0.22178130511463845,0.2046957671957672,0.2646880269814503,34520,10.449294145197364,22.048231284327116,3.0932323848128354,0.168,402.54355868144137,1
8019,8,0.5200044208664898,0.9161140583554377,0.004862953138815208,0.05106100795755968,0.06326194398682043,0.14217462932454694,0.21252059308072488,0.2827018121911038,0.29934102141680397,0.10245716862037872,67259,11.116306117506067,22.89317278424804,3.130838734417881,0.111,372.5571981380476,1
8043,8,0.5867235859124866,0.7648239060832444,0.062369263607257204,0.12580576307363928,0.08472477831688138,0.2433996988455747,0.2014723105236741,0.2432993140371424,0.22710389827672745,0.1764788772088042,39943,10.595208716817995,30.559635971789902,3.4196800523095026,0.16399999999999998,436.060452354881,1
17179,17,0.49321163635292126,0.947556852085129,0.009370372825918806,0.019926775545684252,0.08949088623507229,0.21986172218730357,0.21949717159019486,0.24653676932746701,0.2246134506599623,0.09138224100843875,56067,10.934302683138412,209.17170795748365,5.343155483836152,0.094,339.9981026131446,1
8035,8,0.49617083142784985,0.8485055321588729,0.009122431010122382,0.0776447541755684,0.06442362294151051,0.18659852356615558,0.29126064735945484,0.27421919363997727,0.18349801249290176,0.03852384621971059,101591,11.528710227525677,348.72323409279164,5.85427858206926,0.067,158.1353260291706,1
8037,8,0.5321662096604092,0.6730455791835248,0.004582845966520296,0.29968744607006575,0.09348914858096828,0.26934721711326787,0.2516623751450157,0.22028239155654905,0.1652188676041991,0.10921778017656811,74456,11.217963625865547,30.95878375570634,3.4326567635734646,0.153,141.8686669633944,1
8101,8,0.49193991802459264,0.5361454063780866,0.01735104468659402,0.4170998700389883,0.11475338327826305,0.21254948146694147,0.20557027731431501,0.2365295907351065,0.230597267205374,0.19079900341850628,41777,10.640101227841237,67.07503109671666,4.205811859922712,0.127,462.1616081050538,1
8085,8,0.4894685519258898,0.7719405168210629,0.003924914675767918,0.19948805460750854,0.08515322296583304,0.19452271926734765,0.2056181754138781,0.2555917576611483,0.2591141246917929,0.16030855193215812,45718,10.730247372419994,18.306819982193023,2.907273667043261,0.209,370.4487480945416,1
8087,8,0.4993994630493147,0.612477038293062,0.025787763176487212,0.3422000847816872,0.11343416370106761,0.2273767158108795,0.21225216065073715,0.24879257752923234,0.19814438230808337,0.13325364917237134,43774,10.68679531280403,22.108146228658587,3.095946148236214,0.17300000000000001,349.8320931435342,1
8093,8,0.5273076684644473,0.9128386336866903,3.0996218461347717e-4,0.050275866344305996,0.04503582395087001,0.13575881641388293,0.2007071740950963,0.30883037126639995,0.30966781427375084,0.09064217891054473,61570,11.027930017905256,7.352840627828936,1.995086718537322,0.16399999999999998,320.8999996157576,1
8109,8,0.5095161290322581,0.5587096774193548,0.002903225806451613,0.40338709677419354,0.08813192754798595,0.15112192484455259,0.18464449851311165,0.2587185725871857,0.3173830765071641,0.24731182795698925,34600,10.451608961045816,1.9567464356443456,0.6712831121318888,0.278,NA,1
8077,8,0.49738862662108635,0.8274187421997938,0.006192685441423843,0.13469938683596505,0.12004605079542283,0.22604428318913386,0.1945413526839706,0.23339380407479765,0.22597450925667503,0.1467340795916386,49471,10.809141918288724,44.28751921763282,3.7907029041205464,0.161,364.4123063896726,1
8099,8,0.49867714262807666,0.6197386354525776,0.0015232903070632566,0.3566904513749699,0.11499485974445586,0.1973858128946982,0.20766632398296372,0.24526362167719196,0.23468938170069026,0.2325658439622329,34391,10.445550181223961,7.612938271906348,2.0298492040429896,0.203,433.0019819318304,1
8053,8,0.45859085290482077,0.9616810877626699,0,0.02595797280593325,0.011013215859030838,0.19162995594713655,0.039647577092511016,0.34140969162995594,0.41629955947136565,0.05067985166872682,56667,10.944947309699929,0.7240987029772182,0,0.162,NA,1
8041,8,0.5004657775648108,0.7154958127306229,0.055485062805100065,0.15379644180617663,0.13363510507567627,0.2380393132878083,0.21113392546963874,0.23493863456064212,0.18225302160623455,0.12429341823143396,57125,10.952997128196506,298.2991826691825,5.698096951554437,0.12300000000000001,286.8861001988046,1
8121,8,0.5250208507089241,0.8869891576313594,0.006255212677231026,0.09090909090909091,0.09457943925233644,0.1936448598130841,0.1914018691588785,0.26093457943925236,0.2594392523364486,0.13068181818181818,44683,10.70734839506515,1.9046628099495202,0.6443049902606758,0.16,NA,1
8049,8,0.5419332645338837,0.8876504987960097,0.005985552115583075,0.07581699346405228,0.08110072689511942,0.1977154724818276,0.20301142263759087,0.2581516095534787,0.2600207684319834,0.11103410036041031,64664,11.076959911413681,7.8723738443290205,2.0633596490096444,0.155,213.6295661239576,1
8005,8,0.4909359287790027,0.6311535484929092,0.09719424669376235,0.1842387153979017,0.10028392424259196,0.24043623603900777,0.23128756599993358,0.2345474369333968,0.1934448367850699,0.12055287943677992,60651,11.012891402282436,733.4080942237814,6.597702292150882,0.134,255.8760784142734,1
8089,8,0.4951373757772227,0.560184939150768,0.005208056544613913,0.4077695700696179,0.10885482768720102,0.1871522015034658,0.2113638582446549,0.24514302450453967,0.24748608806013864,0.2516370439663237,33848,10.429635192399903,14.910920385019821,2.7020938562490544,0.183,522.3766423346838,1
8014,8,0.49511115775480574,0.7854331741617253,0.008710709975337147,0.11850413671266902,0.10017520063298294,0.24217248784898837,0.25497343732338645,0.23055838137221657,0.17212049282242567,0.07089729387561323,77998,11.264438464317351,1730.6714294363385,7.456264721697587,0.08800000000000001,198.4024011416696,1
10003,10,0.4839623128168848,0.6097950565970994,0.23432894116259875,0.08898751621271077,0.123734993812347,0.21955177906315018,0.2156826140500372,0.2451846208971043,0.19584599217736132,0.10741611146603389,64537,11.07499398172423,1273.2860098619237,7.149356247211972,0.08199999999999999,355.2499053360148,1
10005,10,0.4873699110809841,0.7522279596475139,0.12227859962518442,0.08844052793173572,0.09599730135198714,0.18623334428179567,0.1928645616028549,0.2507257055100356,0.2741790872533267,0.1340650864453139,52710,10.872560469849253,214.33233733477624,5.367527788598104,0.124,410.4205630837908,1
10001,10,0.48182754650669574,0.6462643155789857,0.23407865236623643,0.060970732594073804,0.13354709752644292,0.21643624552344465,0.21148080286499543,0.2404638960606313,0.1980719580244857,0.12949433462286025,55149,10.917793892150982,281.53516246743743,5.640257350853385,0.099,413.6339229505124,1
11001,11,0.47322848502755216,0.3508898543845288,0.49385101982495144,0.09603129626669638,0.14226139837909843,0.3174769983057027,0.20162137817144574,0.18094427882747954,0.1576959463162736,0.18649929550403485,65830,11.094830940461922,10145.639496789412,9.224799285935095,0.067,372.518569043456,1
9009,9,0.48202608128113367,0.6674932269586175,0.11832911938289681,0.15542579447746435,0.11447786834314119,0.2112861927471187,0.21351195892432204,0.2521444881988223,0.20857949178659577,0.12389097966900699,61996,11.034825145816942,1426.9684668142252,7.263307519695349,0.102,305.62531893705483,1
9005,9,0.4908524139978476,0.9088210190373697,0.011567680473310043,0.04746884095234561,0.07948611832662657,0.15828541741879243,0.20999938362376394,0.2953234654433066,0.2569056151875105,0.0643641818973722,71338,11.175184423756795,204.90679586338752,5.322555221426853,0.09300000000000001,303.43914906383543,1
9003,9,0.4839628633653596,0.6525634971930965,0.12345464023745656,0.15792223275252923,0.1044718050291518,0.20919119563355845,0.21576803651608004,0.25882372651660124,0.21174523630460845,0.11594121335884613,64967,11.081634727650705,1218.6514160716206,7.105500129663203,0.095,297.2258247733596,1
9011,9,0.49955489072932246,0.7767120288956182,0.051552409792403955,0.08911306505162538,0.1173673912524756,0.19903242740222865,0.20743754324846692,0.26112529528263617,0.21503734281419265,0.08703661943838219,66583,11.106204568690059,412.2410427176113,6.021608233411325,0.08199999999999999,302.1873094840606,1
9013,9,0.5014635811138968,0.8710670359529029,0.02801806177231141,0.0454432091148944,0.1778549588229654,0.168021478111716,0.19405942703727774,0.25650149686244844,0.20356263916559242,0.06529891581911836,80529,11.296372646979968,371.43052163017353,5.917361825483251,0.077,225.3452459220812,1
9001,9,0.48668747496580234,0.6550867870179534,0.10273764808638863,0.17388173386178207,0.09342048613898234,0.19613212297229257,0.23444968220725487,0.27314487116806163,0.2028528375134086,0.0913510614751526,82283,11.31791980396755,1482.2336731264702,7.301305467601172,0.106,223.675964758363,1
12031,12,0.4849896515921421,0.5614933795401778,0.28884434756898364,0.07866852777567677,0.12252537442639307,0.24320200134254283,0.21279854154363081,0.23175003759853569,0.18972404508889762,0.16928638847985178,48323,10.78566291677415,1144.8532653189748,7.043031755216251,0.172,439.25914411999423,0
12007,12,0.5580572531360566,0.7395375433329759,0.19516814981594655,0.036632000285908295,0.1027785734746491,0.24216556860498425,0.20446863362933257,0.24978516184474361,0.20080206244629045,0.18242067765719494,40259,10.603088860335872,95.18577231070682,4.555830480110693,0.179,534.4210098230756,0
12019,12,0.49024472530039187,0.7636311732800457,0.09824306438637012,0.0811927438818675,0.10195580835703347,0.1932443666593743,0.23542332093633778,0.26124699190549117,0.20812951214176328,0.09769690493774781,59482,10.993429024756606,318.7917797339334,5.764538161558318,0.139,364.59568364420403,0
12067,12,0.5913093196112064,0.727958833619211,0.14842767295597484,0.11778158947970269,0.1343172053054362,0.26919484401270316,0.22641509433962265,0.20679992527554641,0.16327293106669158,0.2016290559487248,39722,10.589660469358737,16.09279164389385,2.7783714477503603,0.24,396.2514291626464,0
12089,12,0.4907838140312555,0.8734544179712256,0.06453352750023597,0.03490959103596133,0.09581698750114041,0.16848371498950826,0.22053188577684518,0.2599671562813612,0.25520025545114494,0.12586466165413535,55315,10.920799398469011,114.33632575284557,4.739144330920743,0.154,446.986006969957,0
12103,12,0.4799063058754477,0.7642429742993321,0.10119291533290219,0.08241278674804216,0.09065767260018363,0.18695761632556349,0.20120583182774043,0.2674784527441282,0.2537004265023843,0.14051958903261744,45535,10.726236540001919,3360.183930547592,8.119750992693406,0.191,472.0308815956534,0
12111,12,0.4881732291870541,0.6068003487358327,0.1863316904791559,0.16815828336565664,0.09925548690639299,0.1963653284388491,0.22109195253729028,0.2516738619031616,0.23161337021430603,0.18410457347020281,43413,10.678514214406102,491.3485311036742,6.197153715292772,0.226,409.5070675950428,0
12051,12,0.540603974338914,0.34572054451572526,0.12392426850258176,0.49460178375841024,0.14022140221402213,0.24340576739100725,0.22422668671131155,0.22358890255569222,0.16855724112796683,0.2669839776406453,35425,10.47517306455888,33.26480156148341,3.504499827791522,0.27,382.3343177386626,0
12061,12,0.48207468641465023,0.7709248256264531,0.08821292229972158,0.11385946783776801,0.09321469224575918,0.17363058385851912,0.19277325855798327,0.25998778422499236,0.28039368111274604,0.15127142328268933,44772,10.709338223009158,277.12022144800267,5.624451424478842,0.233,423.9506292920836,0
12099,12,0.48412621964559993,0.5923144873026931,0.1703034823976028,0.19509774712314099,0.10292182966766422,0.20164427667817408,0.22055292095619608,0.2537112464170867,0.22116972628087891,0.1453658824606995,52432,10.867272370938595,679.8894080150759,6.521930149671655,0.19899999999999998,331.3788961685112,0
12109,12,0.48559470359942164,0.8493874134388555,0.05101590442127692,0.05504400984197042,0.09089406422090181,0.16881693302130546,0.2252603373728762,0.2722211105987977,0.24280755478611882,0.09630558066902277,64876,11.08023303460758,328.16675129650133,5.793521867297786,0.126,307.09355876566883,0
12086,12,0.4850779204221139,0.15564940223414375,0.17119347214185537,0.6486235202965782,0.11607052851727037,0.22444598134704977,0.23805161015359527,0.2405692097442461,0.1808626702378385,0.19929640020475042,43100,10.671278276091838,1343.2331286662493,7.202834769445369,0.358,265.324095748412,0
12035,12,0.4791112116011141,0.7576283902529265,0.10873475092753415,0.09018406799519019,0.08535308488773413,0.16382285647807035,0.22032419436149997,0.23963625082405862,0.2908636134486369,0.16575931974905378,47233,10.76284807982274,200.4301066409042,5.300465590665945,0.192,427.661582539673,0
12037,12,0.5860308118400553,0.79054872771334606,0.1475679418383244,0.04691016098320928,0.09001614639397201,0.24192680301399355,0.197524219590958,0.23694833153928957,0.23358449946178686,0.20597451430958846,38328,10.553935978562958,21.607368273411566,3.073034380289689,0.221,492.9291582501446,0
12047,12,0.5899010576595018,0.5496417604912999,0.34834527465029,0.08952575912657795,0.163638330088687,0.18581008003460955,0.2053861129136924,0.23350638113778932,0.21165909582522172,0.23551615168539325,37716,10.537839686585567,28.52332665096635,3.3507222314846152,0.18,454.8619804071834,0
12039,12,0.4941741357234315,0.33286384976525824,0.5503841229193341,0.09918907383696116,0.10595468118742316,0.20786931319163884,0.21155805375021958,0.24254347444229757,0.23207447742842086,0.26542946370396997,35380,10.473901967713775,90.75556037588218,4.508169742627531,0.195,536.4643761404789,0
12059,12,0.5336790173177608,0.8811921063229964,0.054470398711236406,0.025120821586790174,0.11420377867746288,0.20470647773279352,0.21508097165991902,0.23776990553306343,0.22823886639676114,0.23826694774215024,35511,10.477597786622002,41.48904395992289,3.7254293914165495,0.18899999999999997,562.872544623428,0
12071,12,0.49114150871968304,0.7042831814855008,0.08004978169245136,0.18617185725462485,0.09922069154168049,0.19648292680087767,0.20572521083232936,0.23915864950907642,0.25941252131603604,0.15446480709697546,47439,10.767199954191426,808.1038810064333,6.694690615859268,0.215,368.294086544292,0
12083,12,0.4796148760281017,0.7342632600006597,0.1222717636722908,0.11209194519989325,0.09928891681183426,0.18580118228289116,0.20123368649513093,0.24780535168632378,0.2658708627238199,0.18124498522851987,39453,10.582865369010074,210.47227407724358,5.349353929849889,0.221,503.1080320754652,0
12021,12,0.49306387088714815,0.6529711251062585,0.06460822219987873,0.2602000554524708,0.09589381557379474,0.19378184378864896,0.2099722467142832,0.2446253898182722,0.2557267041050009,0.1410087888069695,55843,10.93029946092149,164.2421349090538,5.101341771341818,0.237,295.28254903037663,0
12093,12,0.5342061449977297,0.6483023056354371,0.08836587457746835,0.2423187528378992,0.11453097896188232,0.2146065916470222,0.23093003602722056,0.23479962638437932,0.20513276697949562,0.26895955475103345,34570,10.45074153291567,51.55623299536485,3.942673114800008,0.248,520.7018831127618,0
12101,12,0.4856640623331354,0.7921096810296586,0.04280917739227756,0.12220148058283532,0.08926541522012965,0.19021705735967312,0.22963839134842853,0.2555608467234016,0.23531828934836707,0.13875351208852196,43888,10.689396213177384,626.8613951794517,6.440725455875633,0.203,486.2779352311266,0
12055,12,0.48754006614093104,0.7009005342152124,0.09182396336809973,0.17686084965657595,0.10063054947883156,0.18011409942950285,0.19274653626731866,0.24111011023892248,0.28539870458542443,0.2012628663552561,35560,10.47897668962784,96.6688471053447,4.571291190320208,0.256,498.75617272852077,0
12121,12,0.5136824915432171,0.7606672110113146,0.12026128543100431,0.08818383296395661,0.1205366189762088,0.20524459935962389,0.19794917521176994,0.2392088517812994,0.23706075467109797,0.23568000385886212,35698,10.482849943789454,62.253831228433,4.131220079289231,0.217,511.4656176269034,0
12027,12,0.5593200773426452,0.5583965830711957,0.12836570373149403,0.29970275028137716,0.12984666219216273,0.23098766069492488,0.2072383705921834,0.22153957354535597,0.21038773297537303,0.296312297484956,34963,10.462045638444781,54.39213636413582,3.9962195912833747,0.33,389.1663986091264,0
12013,12,0.5404081632653062,0.7751700680272109,0.14204081632653062,0.05340136054421769,0.10450751252086811,0.22337228714524207,0.2155815247634947,0.25097384529771843,0.2055648302726767,0.23480816585908332,32780,10.397573852297821,25.91066285468525,3.254654577214177,0.187,428.7156517588206,0
12023,12,0.5091907411792564,0.7412384560738812,0.17456488278475019,0.050837674638882314,0.1396158821773311,0.205667230570206,0.18733207284306896,0.24231266792715694,0.22507214648223703,0.19794304046297315,38070,10.547181849376543,84.71690401141461,4.439315156850796,0.172,518.7967613633195,0
12029,12,0.5208820992977701,0.8606012073426142,0.08451398299864482,0.023900455833436,0.10021008403361345,0.17205882352941176,0.2042016806722689,0.25493697478991595,0.2685924369747899,0.17402477596204532,33981,10.433556823868823,23.025219380670674,3.1365901100295597,0.191,614.7175390181499,0
12107,12,0.4950395613642224,0.7229075906247031,0.16044406443820147,0.09215151391772865,0.10248348809436768,0.184835855816334,0.19161122078428505,0.25617216251127195,0.2648972727937413,0.2642197509636984,32497,10.388903056364905,101.26549224734822,4.617745704132188,0.226,628.3416398899752,0
12125,12,0.6491147840857124,0.7098713007120925,0.20435095054550206,0.050761089697524006,0.10346172598732326,0.22613359336908825,0.2069234519746465,0.24144319843978548,0.2220380302291565,0.19587337478801584,42660,10.661016992025342,62.84796925553055,4.140718623544167,0.16399999999999998,999.970053478119,0
12081,12,0.4837307693475008,0.7305356508754518,0.08676518345185091,0.14989362251014457,0.09478539368924374,0.1894749306448339,0.20693777206396463,0.2487933328822428,0.2600085707197149,0.15119800522061558,47876,10.77636961399326,443.49609856097,6.094689004779644,0.213,419.092297435119,0
12075,12,0.4941547320608603,0.8060512795055722,0.09421926580456204,0.07572786616694382,0.08898717381689518,0.17249004865103937,0.1926581158779301,0.2681999115435648,0.27766475011057057,0.23660431800349288,34348,10.444299071792376,36.03003382203279,3.5843528634782067,0.264,618.876514498682,0
12003,12,0.5232553843880454,0.8227862130111936,0.139125937419188,0.021648380065757877,0.11638750843610038,0.21222160868764955,0.22621019694459782,0.24719307933002024,0.197987606601632,0.17333876885446392,49236,10.804380342230186,46.25353065712513,3.834137799577232,0.14800000000000002,482.4064726553352,0
12127,12,0.48748256990174665,0.7476343427341678,0.10199327782569095,0.11501648302933093,0.11087730942907277,0.18319381727927808,0.19500001765281155,0.25615994859501273,0.2547689070438249,0.16810633833762795,42457,10.656247078027217,450.7298607124952,6.110868181578879,0.205,502.1614479373282,0
12073,12,0.47593889973584474,0.5858935339382106,0.302787986677386,0.05813210635121167,0.26050611917787636,0.22051302029708206,0.16783633216645055,0.1822952899861421,0.16884923837244895,0.23223778783065388,46369,10.744386411485507,417.819846082789,6.035050349389209,0.133,262.259929473541,0
12079,12,0.5214997378080755,0.5468799160985842,0.3785527005768222,0.048557944415312006,0.11638497241439706,0.21534284963657063,0.19765303441632368,0.24187757246694105,0.2287415710657676,0.22518588457453087,33833,10.429191936530588,27.40147252380925,3.3105967536948517,0.177,467.8617511970644,0
12077,12,0.6237361579200771,0.7113625421280694,0.17176215695714975,0.070173326913818,0.14075018208302986,0.20284049526584122,0.2230517115804807,0.24708667152221414,0.18627093954843407,0.24136390708755212,39681,10.588627762694157,9.943008418286135,2.2968696326521227,0.188,370.6166525793606,0
12119,12,0.5156743793758701,0.8325153187208487,0.08987999065126157,0.05901899216535073,0.05965067742462048,0.14812396520765805,0.17244595760557796,0.1971177389641583,0.42266166079798523,0.12040933113407615,48493,10.789174736612106,179.928802979524,5.192561233641381,0.155,449.059436165832,0
29195,29,0.49798490824901387,0.8245583947864861,0.05556508317612759,0.08703481392557023,0.13819980514127259,0.208049164355842,0.197331934347598,0.24050063703814734,0.21591845911714008,0.18593886062605985,39519,10.584536847897937,30.872106567271647,3.429853076136319,0.152,393.9712124522372,1
29227,29,0.4913104744011273,0.9793330201972757,0,0.010803193987787695,0.12619669277632725,0.13838120104438642,0.17928633594429938,0.2898172323759791,0.26631853785900783,0.13226744186046513,39348,10.580200426632649,7.985357053106938,2.0776094961471605,0.175,NA,1
29079,29,0.4789924139272515,0.9571095117681385,0.010503793036374246,0.009628476950009726,0.11195834108238795,0.19936767714338852,0.19323042588804165,0.262971917426074,0.23247163846010788,0.15769423558897244,37964,10.544393621250382,23.621793988182212,3.1621697599672305,0.142,392.5753176099584,1
29141,29,0.49646920360925856,0.950323656335818,0.00691447626520204,0.018144370341310317,0.0964084890259387,0.1648830038091783,0.18456375838926176,0.262198440050789,0.29194630872483224,0.23350811485642947,34797,10.457286455149985,34.12138928536171,3.529924439419442,0.20199999999999999,599.0976179041586,1
29179,29,0.5098333583546014,0.9557123555021768,0.00780663564029425,0.01681429214832608,0.08431749519362812,0.1782477341389728,0.20818456468003296,0.2691568250480637,0.2600933809393024,0.244037544237575,34496,10.448598654268668,8.238937856070295,2.1088714346505943,0.174,603.823536241162,1
29189,29,0.47335317212233363,0.6851864262672235,0.2307294505989147,0.025485008377303758,0.10305842706553384,0.2106384207468908,0.2050484599156835,0.2564757598507985,0.2247789324210934,0.10892916195460911,58910,10.983766134515733,1968.7376920047261,7.585147850874262,0.102,339.6652335128178,1
29209,29,0.490178206619103,0.9035735613037056,8.800326869283716e-4,0.01804067008203162,0.07258807276076445,0.14575178448077367,0.1871977895463965,0.2692839051346995,0.3251784480773659,0.17068592517179945,40850,10.617662100288149,68.56624421107982,4.227800346733316,0.20800000000000002,412.5114581726922,1
29009,29,0.49921379232885943,0.8817880608749368,6.177345987532992e-4,0.07923850171280956,0.09204678960004087,0.19124482811462432,0.19650610410175207,0.2694999233794759,0.25070235480410685,0.19100193997489445,38710,10.563853243571694,45.761585915083955,3.8234450037062206,0.177,501.2224330825692,1
29019,29,0.4832545121127304,0.80675731107036,0.08658671942862659,0.030933307595791912,0.24448270023141616,0.23502850369701417,0.175584655039416,0.18524580910989444,0.15965833192225923,0.1995610386618718,48627,10.791934211180285,241.86258232250873,5.4883697232310364,0.106,246.8983919041418,1
29051,29,0.504014272970562,0.8252479403893582,0.11274072519284252,0.025226950726767068,0.1057384961922128,0.22524938324573635,0.21076906575136758,0.24972648289177304,0.2085165719189102,0.13309472282337273,53931,10.895460730714525,193.59492063492064,5.265767938108424,0.09699999999999999,337.08753195175177,1
29055,29,0.49395006272510217,0.962648213346283,0.002549471895107442,0.015782445064950832,0.09597721609113563,0.20555357778568886,0.20569597721609115,0.26585973656105377,0.22691349234603062,0.21056532301231112,35897,10.488409005524973,33.280046113422316,3.504958001571709,0.149,496.86487680884204,1
29093,29,0.4964302712993812,0.9516420752022846,0.015706806282722512,0.013612565445026177,0.09450766947055914,0.17994392215075045,0.2078179119247897,0.2624113475177305,0.2553191489361702,0.23656021623786164,36387,10.501966846976991,19.09100986989763,2.9492175368045643,0.153,647.7298458629728,1
29117,29,0.4507341704870108,0.9423958540960734,0.024649524948508406,0.012823068234668793,0.1042555645254296,0.2179679391073694,0.212316918463845,0.2386114634990197,0.2268481144043363,0.1779673374161563,40116,10.599530536208098,28.273868228107055,3.341937993901585,0.145,396.6301659020452,1
29135,29,0.5220668071788976,0.9023439994890464,0.0367886568308105,0.040876285367567225,0.10107363626504717,0.22253551675523262,0.21743845569894804,0.26558941546470016,0.193362975816072,0.11350857464155187,47118,10.76041037260293,37.72543822661286,3.630334620931383,0.156,311.4013084850402,1
29155,29,0.472136563876652,0.6941079295154186,0.2725220264317181,0.02092511013215859,0.1137093536732236,0.20172621437173827,0.22019269369731032,0.2473906061822561,0.2169811320754717,0.2930263746088511,28889,10.271216178807896,36.8698024948025,3.6073928554322072,0.115,833.5183038764162,1
29159,29,0.48906183267688513,0.8662269254496275,0.024486309495563043,0.07578417880700422,0.11054653612591399,0.22898335192299749,0.20184244226876524,0.25145619035816086,0.20717147932416244,0.18362066881060038,38580,10.56048928645972,61.77754455294611,4.1235399416851415,0.17800000000000002,408.6925941032094,1
29203,29,0.5034573199809251,0.9458750596089652,0.0029804482594182166,0.01776347162613257,0.10924904539669071,0.17585914297836233,0.18201103097157403,0.27195587611370386,0.26092490453966904,0.2522609429639455,31132,10.345991508079278,8.356079775258513,2.1229893907117567,0.201,522.2398077823258,1
29175,29,0.5210866035718529,0.8971607333782124,0.0637944006652675,0.01714647764622025,0.11398076162867309,0.22209777309263407,0.22236131242587956,0.24192910791935696,0.19963104493345632,0.19402268760907504,37203,10.524144682170881,52.31787256258753,3.9573380442921655,0.129,442.8104942218804,1
29069,29,0.48170196766512097,0.8238187742824915,0.10327108660233111,0.057306680035092115,0.10369528140989198,0.1992609437180216,0.21694144400227403,0.25235929505400795,0.22774303581580443,0.2564102564102564,31304,10.351501163890248,58.9869314264909,4.0773159181247784,0.149,769.4147340591489,1
29071,29,0.4968937372623537,0.9577331666157981,0.011775246384231408,0.014571375124299736,0.09944225502638435,0.19826664885445194,0.21079086233384545,0.27733618328768955,0.21416405049762874,0.12456757753696153,48857,10.796652943008546,110.08029860807798,4.701210086827412,0.122,413.750851628063,1
29089,29,0.49744697564807544,0.9092694422623724,0.05145326001571092,0.012961508248232521,0.1463121783876501,0.19090909090909092,0.17890222984562607,0.24802744425385934,0.2358490566037736,0.1817894404046791,42747,10.663054296463898,21.95542083738458,3.08901407200964,0.154,356.4513692433298,1
29095,29,0.4835245344791095,0.6320220353708552,0.23582346246009345,0.08406387415802179,0.11029048162274109,0.24508071109979584,0.21121730062130656,0.23662036651701127,0.19679114013914525,0.17366912644145058,47015,10.758221978711177,1117.7559548821928,7.0190783426616905,0.159,434.0033037555286,1
29131,29,0.4982504122591803,0.9565619595382697,0.0018501387604070306,0.015122873345935728,0.09393595919523945,0.19580617738736186,0.21663360725417966,0.26005950694247665,0.2335647492207424,0.20917596110634473,35507,10.477485139124067,41.956142053172904,3.7366248358590206,0.18100000000000002,495.46683516376123,1
29171,29,0.4997977346278317,0.9749190938511327,0.005865695792880259,0.00849514563106796,0.10030052592036064,0.16341096919609316,0.21337340345604808,0.26183320811419986,0.2610818933132983,0.18831302911418543,36713,10.510886194753596,9.557002766195582,2.257274159725832,0.19899999999999998,472.87349252885383,1
29213,29,0.48515607112874914,0.9069869495535373,0.005628482027016714,0.050217507441044036,0.11884749865519097,0.20330150618612158,0.19990586336740182,0.246301775147929,0.23164335664335664,0.18830886994949494,38461,10.557400019844792,82.87320772378548,4.417311822013177,0.21,435.67894963763837,1
29021,29,0.4993122267079703,0.8558360080072468,0.044229973495565816,0.05488766369563516,0.13476705194732208,0.2229070268447575,0.2032933066072198,0.2376875667372286,0.20134504786347202,0.16989944631088533,44363,10.700161067671738,219.14971313172904,5.389755117859759,0.135,416.7809901204318,1
29025,29,0.49875662233755,0.9555627635420045,0.006703427397556493,0.016866688290626014,0.08911656678909724,0.18867195051227528,0.2124492557510149,0.2675430117919969,0.2422192151556157,0.14292035398230088,41169,10.625440824937742,21.691256657590532,3.0769092603476964,0.158,463.8624071206968,1
29037,29,0.4895819774718398,0.8916245306633291,0.035264080100125154,0.04059073842302879,0.09400592437706917,0.20707440320613346,0.2324272521345182,0.2586164837079631,0.20787593657431608,0.08907996386043632,60350,11.007916226525678,143.3264067872498,4.965124594111703,0.11199999999999999,363.4666548611482,1
29049,29,0.501863594559272,0.942736821724188,0.016844958613679267,0.016990173774142022,0.08661084327158927,0.19411316924638417,0.21711917449040008,0.27598748202655843,0.22616933096506808,0.10217997212821023,53826,10.893511900787338,49.31066746866019,3.898140436316804,0.11800000000000001,431.1634636557594,1
29059,29,0.49931273531345244,0.9471105002091675,0.001075718639813542,0.01673340106376621,0.08713826366559485,0.1862808145766345,0.19689174705251875,0.2834941050375134,0.24619506966773846,0.22761962447001818,40120,10.599630242075872,30.94291473269597,3.4321440466773048,0.18600000000000003,446.5233329121702,1
29085,29,0.4900515843773029,0.9601010632698179,0.0017896620696915464,0.011685440572691863,0.052977325704598434,0.13774104683195593,0.18436109345200255,0.2748463657554567,0.3500741682559864,0.216302610548748,29325,10.286195673521677,23.80158911125533,3.169752347828929,0.228,558.41860654335,1
29113,29,0.4987653390134022,0.9386062468190987,0.017228704454204446,0.02043316808354225,0.09429176833183511,0.22823295235649158,0.2193399255168871,0.2637729549248748,0.19436239886991138,0.13576684185379836,52835,10.87492912887513,84.6708035674385,4.4387708381895035,0.13699999999999998,408.1743731530782,1
29137,29,0.4987497158445101,0.9421459422596045,0.031370766083200725,0.005569447601727665,0.08095828170177613,0.1852540272614622,0.1982651796778191,0.26848409748038,0.2670384138785626,0.14662349676225717,40657,10.612926301872958,13.584434874848105,2.608924642811576,0.16399999999999998,335.7953070570484,1
29145,29,0.49386869790955046,0.8742656100560185,0.00852233911736576,0.04590791091679191,0.10837964942283027,0.1957185610456239,0.2208514016979173,0.25013742136444145,0.22491296646918707,0.1503733226586839,42268,10.651785577560922,93.71843813273792,4.540294948250386,0.166,453.9260967056546,1
29163,29,0.5530975832929652,0.8884762366112278,0.0708326605307067,0.019645836697346465,0.11156278229448961,0.22231255645889791,0.2005420054200542,0.25808491418247514,0.2074977416440831,0.15094687653713723,39850,10.592877684218362,27.711734716707586,3.321855959467128,0.14800000000000002,423.4929354788364,1
29183,29,0.4908723887362675,0.8877817371083618,0.04413847127233286,0.0288084666982561,0.10030025119350985,0.21872459107241005,0.22762765218102285,0.25828870446833735,0.1950588010847199,0.05802273916771528,71077,11.171519075412782,651.4600265864909,6.479216038713997,0.08199999999999999,245.8893688115678,1
29031,29,0.48144702706952125,0.8764183328529127,0.0719451796336574,0.020767275490684207,0.16625085554059127,0.214801404190493,0.18874881328240567,0.22557569602366812,0.20462323096284193,0.1583950039891056,46516,10.747551618412935,131.92287415627405,4.882217465129487,0.11,323.2958796516012,1
29205,29,0.4945808096907874,0.9708320051004145,0.014026139623844438,0.007969397513547976,0.08649602824360106,0.19741100323624594,0.19270373639305677,0.2727272727272727,0.2506619593998235,0.18373048479868528,35938,10.4895505104864,12.526354459493994,2.527834781602731,0.179,422.6706521534158,1
29225,29,0.509924463803275,0.9502949771185973,0.011826652698902795,0.017285107790704086,0.09201762977473066,0.2040156709108717,0.22952987267384917,0.26111655239960824,0.21332027424094024,0.1892853110534041,44596,10.705399447887462,61.215535252007385,4.1144010012923955,0.184,384.0264537427628,1
29065,29,0.4945363921017317,0.9549491980318231,0.001661448015847658,0.011182823183590006,0.09672977624784854,0.18324727481353986,0.20206540447504304,0.27779690189328743,0.24016064257028114,0.20931295715778475,36311,10.499876004651563,20.788001966019742,3.034375991720933,0.18100000000000002,568.4511495151323,1
29005,29,0.49562890276538807,0.9703835860838537,0.005887600356824264,0.010704727921498661,0.09202851587815943,0.16882696046662346,0.20803629293583928,0.2615035644847699,0.2696046662346079,0.11553344389165285,44426,10.701580162617567,10.241146569901078,2.326413583060123,0.131,NA,1
29013,29,0.487320772603389,0.9526602678042422,0.01220523758739187,0.018426353833392584,0.08700783177770625,0.19847655830919428,0.2046990666237528,0.2706791116832958,0.23913743160605086,0.18618345170885692,38579,10.560463365957897,20.172369900883126,3.0043138413893584,0.159,478.27417256776704,1
29015,29,0.5019991582491582,0.9555976430976431,0.001473063973063973,0.016151094276094277,0.07331836376061701,0.1324807185394904,0.1824660743922679,0.26613296885678023,0.3456018744508445,0.2006837241600342,32951,10.402776888483789,26.99769905973923,3.2957516423632396,0.20199999999999999,638.40474204960606,1
29035,29,0.4806709265175719,0.9490415335463259,0.0044728434504792336,0.01437699680511182,0.10351673284174702,0.1888825865002836,0.20306296086216677,0.2597844583096994,0.24475326148610324,0.21878040869283166,30962,10.34051592510041,12.338354741495701,2.512712682318979,0.18600000000000003,628.3586320211936,1
29057,29,0.5036203775536592,0.9456943366951125,0.004266873545384018,0.016291698991466253,0.070254822576804,0.16408668730650156,0.2007620862110026,0.2795903786615861,0.28530602524410575,0.2056541748849441,35483,10.476808987527663,15.783286939911676,2.7589515915665217,0.16399999999999998,526.1300632218116,1
29115,29,0.47879606099110544,0.9607687420584498,0.004129606099110546,0.01628017789072427,0.09421560035056968,0.19047619047619047,0.19851007887817704,0.26818580192813324,0.2486123283669296,0.1506441223832528,38250,10.551898839254681,20.456037065195495,3.0182780499346187,0.15,451.4543316317376,1
29091,29,0.4840081071728706,0.9504671511196797,0.002743585940975827,0.017722082159276287,0.10838098641887062,0.21028413152251607,0.20796104360257325,0.24240528949249465,0.23096854896354538,0.23779614601914428,32533,10.390010237778945,43.63233999965489,3.7757986185108736,0.157,518.0158439422194,1
29101,29,0.5089971410953529,0.8747874507165947,0.045761160005231984,0.03372760057551806,0.24990907988847133,0.22784579949084738,0.1722936113468299,0.19381137107528185,0.15614013819856953,0.17583712613784136,47223,10.762636341022931,64.5341391709937,4.167194373250231,0.128,283.25794934820476,1
29105,29,0.4874067820458703,0.9434923315041508,0.0047277332207682566,0.02082453918671732,0.09693172849250198,0.21458168902920285,0.20733030781373324,0.25567284925019734,0.22548342541436464,0.19719396502457423,39013,10.571650202901903,46.46817057813544,3.8387675745176817,0.14800000000000002,440.6955732261892,1
29125,29,0.5023071852340145,0.9675895407602725,0.004174906613931004,0.00988793671720501,0.09548133595284872,0.18585461689587426,0.19842829076620824,0.2734774066797642,0.24675834970530452,0.1670199709918554,42566,10.658811091522749,17.272035508056298,2.849088749026529,0.171,451.3931727188262,1
29161,29,0.5216927216526941,0.8981520603082124,0.01994707465142654,0.02179279058907247,0.21817500468427956,0.19771407157579166,0.17845231403410156,0.21746299419149334,0.1881956155143339,0.1807139612175119,41964,10.644567386851376,66.93967108475343,4.203791782188101,0.14400000000000002,413.1949576260238,1
29165,29,0.4937914180665331,0.837112789238458,0.05953193456771097,0.0523436295986438,0.0920703740862835,0.21079977067507524,0.2315465099613014,0.25727389995700156,0.20830944532033827,0.07429848356828389,67721,11.1231516028244,216.19267474237844,5.376170022773466,0.083,263.3425595073878,1
29187,29,0.5380781073747751,0.925657754336758,0.04460229871040517,0.01277400079265876,0.11241598345520348,0.2368712608021272,0.21557475933722334,0.24191840854814486,0.19321958785730112,0.19397760323237953,37238,10.525085024255997,145.17346150696966,4.9779293136952925,0.132,505.6404749281556,1
29510,29,0.4830838206016523,0.4266683387938737,0.48408082644887207,0.035710366666144126,0.1326893599791769,0.28585957910364307,0.1943874058863792,0.20994688183860177,0.17711677319219904,0.27417571046061906,34582,10.451088594464734,5151.997286339628,8.547139741064258,0.162,516.227647322778,1
29003,29,0.4903862809631041,0.9566949592932618,0.006466886078872914,0.019400658236618743,0.09815705128205128,0.18058894230769232,0.21494391025641027,0.26612580128205127,0.24018429487179488,0.08170399336414268,54336,10.90294226967102,40.025144267546104,3.6895078633121625,0.11599999999999999,338.102925985139,1
29023,29,0.48160480603548644,0.8962883621291855,0.04943417314767382,0.016462534345457084,0.10202587258969978,0.20628915466601577,0.21470995037018956,0.24180294524448784,0.23517207712960703,0.21160851226993865,34969,10.462217233709174,61.82224915751243,4.124263318402427,0.129,603.2702276134312,1
29033,29,0.4854600694444444,0.9513888888888888,0.009765625,0.013129340277777778,0.1012457979038956,0.1858809570891833,0.21890448882736802,0.24995056357524223,0.24401819260431085,0.1360115095174856,46002,10.73644015278695,13.267666828385552,2.5853300098549568,0.14400000000000002,472.5100906426196,1
29061,29,0.5006589193722295,0.9692104947885468,0.0044327303222714744,0.011980352222355337,0.09573522878720568,0.18836072856508218,0.2136828076410484,0.24278098622834296,0.2594402487783207,0.14732470070852674,42393,10.654738533250855,14.819615084155954,2.6959516468016256,0.191,486.5510682519288,1
29087,29,0.49549360721022845,0.9706560469503249,0.006497589603856634,0.0025151959756864388,0.08591445427728614,0.17809734513274336,0.19727138643067846,0.2691740412979351,0.2695427728613569,0.12335561785637265,42979,10.668466903290184,10.311372767688296,2.3332474383106323,0.145,NA,1
29181,29,0.4915784237083363,0.9584251296993818,7.81749697960344e-4,0.010944495771444816,0.10107334525939177,0.19013544594939943,0.21134679274214158,0.2601584462049578,0.23728596984410938,0.24645567807532578,32291,10.382543832613134,22.351347101123523,3.106886592224153,0.162,701.847991637084,1
29219,29,0.49900511219273275,0.9256130039489393,0.018061040193467413,0.030060917745737287,0.08760558890718802,0.21866865005578282,0.2028900812835361,0.2712638792966052,0.21957180045688784,0.13363001421595896,50830,10.836242010440948,76.21774097587266,4.3335942567996275,0.127,391.0854703583666,1
29221,29,0.5111597374179431,0.9489556395464491,0.019574298786552615,0.010901133877063856,0.09499570304753091,0.2062537185165598,0.21835129239108877,0.26257684934223574,0.21782243670258478,0.23415492957746478,34702,10.454552601161618,33.07615477034871,3.4988126230831216,0.165,595.0224512912466,1
29043,29,0.4863446979320156,0.9401707230323663,0.005843199024439815,0.025938722625882833,0.09176424154716485,0.22573784151208173,0.24172258036223304,0.2428408542735605,0.19793448230495989,0.10579704555097003,52838,10.874985907806378,139.9177101013961,4.941054464805958,0.145,284.1562575444832,1
29063,29,0.6286801833294492,0.831663170978016,0.1022294725394236,0.0182552629534685,0.10091527810373152,0.23914574043651726,0.23762027693029805,0.24759446139403896,0.1747242431354142,0.09929994614970382,44092,10.694033639083207,30.551362743143564,3.4194092915996186,0.154,366.0117530450036,1
29081,29,0.5002818171570286,0.9638146770375381,0.0074399729455529254,0.017021756284522602,0.09067468844005157,0.2058444348947142,0.18972926514825955,0.2690159003008165,0.24473571121615814,0.1631099319414004,37739,10.538449321486167,12.278132716220256,2.5078198522171453,0.168,476.172941905829,1
29107,29,0.4964444980113294,0.9275340484512474,0.02681692177895625,0.0235024707725684,0.09591078066914498,0.1929368029739777,0.20902814657461496,0.2736590546999469,0.22846521508231546,0.09465502883755358,50527,10.830263125852557,52.810721270207004,3.9667142244594507,0.133,412.3095578750706,1
29001,29,0.47495405310288197,0.9235912876862316,0.01970828608297814,0.021976303132209753,0.26889474414089587,0.17826931077520455,0.1689779503536264,0.20177506587158509,0.18208292885868813,0.23651155513834876,34733,10.45544552265826,45.07653474910281,3.808361817297373,0.135,300.325458880979,1
29199,29,0.49866227618851616,0.9814776703025314,0.0010290183165260341,0.015435274747890512,0.1214171974522293,0.2074044585987261,0.19148089171974522,0.25437898089171973,0.22531847133757962,0.181509754028838,39028,10.57203461622784,11.127370491743212,2.4094078832639325,0.171,NA,1
29211,29,0.5130842535168658,0.770080169414612,0.01467251550446226,0.18378460142187264,0.08878127522195318,0.2111918213613129,0.20984665052461662,0.256120527306968,0.23405972558514931,0.169721238256584,36676,10.509877869169792,10.20245964002031,2.3226288323988262,0.171,NA,1
29045,29,0.5023454157782516,0.9751243781094527,0.0042643923240938165,0.005685856432125089,0.09058433273794335,0.185251339627456,0.20591987751977545,0.26511865271753,0.25312579739729524,0.1760888376117681,40204,10.60172177214463,13.93919459789337,2.6347046273284955,0.163,503.554135135294,1
29097,29,0.4881381471366318,0.8579402926294701,0.019442993758721952,0.07016943057969402,0.12689764846200285,0.2377159012265693,0.21505455509254487,0.22377159012265693,0.19656030509622605,0.1837134868016109,40399,10.606560311167646,182.93716238545187,5.209142718931861,0.16,468.6303917475958,1
29111,29,0.5009320121652114,0.9311292063180614,0.02629255371333268,0.01618757971156676,0.14769177368969108,0.1917736896910795,0.19333564734467198,0.2516487330787921,0.21555015619576537,0.1500475838003595,42071,10.647113946209364,20.18247987296106,3.004814895034514,0.13699999999999998,439.76338849062444,1
29119,29,0.5026646863533112,0.8026821597064476,0.011750829984273983,0.11257207758168793,0.10106586918181121,0.2115635304041101,0.22743654627712598,0.25097768576029444,0.20895636837665824,0.21817540455928391,37997,10.545262488223594,42.433454437606585,3.747937070880336,0.198,563.60319757870775,1
29157,29,0.5009210041576759,0.9610546813325614,0.004736592810904689,0.01852534077153834,0.10229049765430963,0.20136142029252138,0.21865513752184712,0.25443841412933493,0.22325453040198695,0.11950327921728847,47876,10.77636961399326,40.056582214970256,3.6902930099472324,0.11699999999999999,367.03626763292743,1
29167,29,0.49034997426659804,0.9459598558929491,0.007141019042717447,0.019750386001029335,0.1460759198882161,0.19061481136469494,0.20604331625523986,0.24807871448532837,0.20918723800652073,0.2360333791346895,39512,10.58435970222046,48.91719103793253,3.8901288896678032,0.156,485.059787710137,1
29177,29,0.49733791326749677,0.9468441391155002,0.010948905109489052,0.019665092314297982,0.08846925879116795,0.1857110995465021,0.2197606125938592,0.2792357445543082,0.2268232845141625,0.11631777174389069,52698,10.872332783145172,40.94549098548712,3.712241693991986,0.124,492.1776731428782,1
30041,30,0.5076989141770444,0.7184221826881786,0.002269799398809889,0.026624133488743023,0.13017687661777394,0.22260569456427956,0.18766177739430542,0.23792062122519414,0.22163503019844694,0.18887630552409715,43726,10.685698169836833,5.623060723605575,1.726876128399109,0.203,NA,1
30015,30,0.49648189462845377,0.7568216921228763,0,0.017676334305817745,0.11377245508982035,0.17270721714465806,0.19697447210841476,0.24298770879294043,0.2735581468641664,0.21700262927256792,40070,10.59838320363019,1.4668389180785444,0.38310968950454427,0.23199999999999998,NA,1
30053,30,0.5055921556611,0.9396353608089475,0.0013788876972575456,0.024462489147643124,0.06898086337338674,0.1443702714730752,0.17757009345794392,0.2744993324432577,0.33457943925233646,0.17914231027882677,33333,10.414303176252119,5.419721908840393,1.6900445058032065,0.212,NA,1
30067,30,0.49785545099545486,0.9489789386082838,0.0013443441521029385,0.02285385058574995,0.06458028051078082,0.17291186937408415,0.21415114088339962,0.26522922336194266,0.28312748586979275,0.12303614146246848,42426,10.655516660832296,5.572832290961708,1.7179034150001415,0.19,NA,1
30103,30,0.5203938115330521,0.8720112517580872,0,0.07172995780590717,0.05623471882640587,0.14425427872860636,0.1295843520782396,0.3105134474327628,0.3594132029339853,0.11251758087201125,37105,10.521507010404234,0.7274416358535621,0,0.214,NA,1
30005,30,0.5083969465648855,0.4781679389312977,0.0016793893129770992,0.019389312977099237,0.12171702908782829,0.21152216887884778,0.17961027958203898,0.264049703473595,0.2231008189776899,0.2883483111248838,37151,10.52274596768403,1.5493622068216406,0.43784336678033847,0.273,NA,1
30097,30,0.5203296703296704,0.95,0,0.016758241758241758,0.045454545454545456,0.1601010101010101,0.2318181818181818,0.2777777777777778,0.28484848484848485,0.13529248683116163,45938,10.7350479402497,1.9620473209160174,0.6739884795658864,0.17300000000000001,NA,1
30099,30,0.4913409203364671,0.9480455220188025,6.597394029358403e-4,0.013689592610918688,0.07436460621273926,0.17226231565735803,0.1973642924380295,0.2823972387825541,0.2736115469093191,0.15073775989268948,43327,10.676531276241942,2.668133560701909,0.9813791870335049,0.204,NA,1
30079,30,0.5269814502529511,0.9629005059021922,0,0.005902192242833052,0.07727975270479134,0.1267387944358578,0.1561051004636785,0.19783616692426584,0.4420401854714065,0.21514629948364888,38036,10.546288358659336,0.6828898100288069,0,0.20800000000000002,NA,1
30035,30,0.48055884092253104,0.3154937906564163,5.913660555884093e-4,0.020106445890005913,0.14618701158717326,0.21368903260576663,0.19738614928590675,0.2499326327135543,0.19280517380759904,0.33730039168424225,33519,10.419867721215448,4.515448756098676,1.5075045741997817,0.298,NA,1
30025,30,0.5089141004862237,0.9698541329011345,0,0.004862236628849271,0.1047887323943662,0.21352112676056337,0.18309859154929578,0.2535211267605634,0.24507042253521127,0.05919312169312169,51164,10.842791438719283,1.9034139286710285,0.643649078413837,0.11800000000000001,NA,1
30037,30,0.5162200282087447,0.9802538787023978,0,0.004231311706629055,0.10473815461346633,0.09725685785536159,0.1396508728179551,0.2593516209476309,0.39900249376558605,0.2073342736248237,39313,10.57931053196287,0.6032286772701052,0,0.278,NA,1
30093,30,0.5090612435172776,0.9186818949944642,0.0021560515121496417,0.038022259775071385,0.1293225727561751,0.1900709219858156,0.19002201027146,0.2495475666422108,0.24103692834433846,0.19141983451253147,38659,10.562534885899066,47.770492305251246,3.8664081330898434,0.14400000000000002,NA,1
30095,30,0.5111740978959991,0.9482175951161016,0.0022893273738144554,0.026054725825793087,0.05865973640245034,0.1590866901800631,0.18823092630406535,0.27677742713940967,0.3172452199740115,0.07809062912450505,57906,10.966576285135192,5.109310162363885,1.6310643975221664,0.136,NA,1
30043,30,0.5171418576176317,0.9380794122791674,0.00376071366101102,0.020552737449711388,0.05872899926953981,0.12680788897005113,0.1862673484295106,0.29773557341124907,0.33046018991964937,0.0777479892761394,60863,11.01638071569648,6.9035179926786725,1.9320311356832212,0.14400000000000002,NA,1
30039,30,0.5136876006441223,0.9581320450885669,0.0012882447665056361,0.01642512077294686,0.035403366221706326,0.1497388276262333,0.1625072547881602,0.2832269297736506,0.3691236215902496,0.15149523496549458,45236,10.719648508991218,1.7974835230677053,0.5863876439884117,0.22399999999999998,NA,1
30107,30,0.5023386342376053,0.9532273152478953,0,0.008886810102899906,0.11617100371747212,0.16728624535315986,0.16821561338289961,0.23234200743494424,0.3159851301115242,0.11232227488151658,31867,10.36932627056772,1.5022537319200813,0.40696646844920487,0.24100000000000002,NA,1
30057,30,0.5153206959231369,0.9489742923915866,0.005193456245131135,0.026746299662425345,0.07704126426690079,0.1442054433713784,0.17339771729587358,0.2607550482879719,0.34460052677787534,0.08678552700576822,47762,10.773985623236607,2.1469085297662653,0.7640289142472368,0.188,NA,1
30091,30,0.4909300316729053,0.943276706017852,2.8793550244745177e-4,0.015836452634609848,0.05124056094929881,0.1645091693635383,0.1871628910463862,0.28694714131607335,0.31014023732470336,0.11773384479197403,48667,10.792756461313976,2.070861258854676,0.7279645878249253,0.154,NA,1
30011,30,0.49476228847703463,0.9798549556809025,0,0.009669621273166801,0.06626506024096386,0.17620481927710843,0.14006024096385541,0.26506024096385544,0.35240963855421686,0.13741721854304637,39659,10.588073187434166,0.3714732491367213,0,0.258,NA,1
30003,30,0.5012752144678878,0.30118247159749595,0,0.04467114923873561,0.14991334488734837,0.2241478913922588,0.17865395725014444,0.23902368573079144,0.20826112073945696,0.25502087107190674,39966,10.595784371641235,2.590150820885035,0.9517161060179732,0.268,NA,1
30047,30,0.49344404082338694,0.674174018335928,0.0016260162601626016,0.03760595052759038,0.1096155044556615,0.1838973016763258,0.1878855860908581,0.24552875926964543,0.2730728485075092,0.2235252808988764,38019,10.545841313750174,19.39737610307687,2.965137804503131,0.27,NA,1
30049,30,0.4966714996180409,0.9216594172396052,0.004069033253823488,0.026440921066990943,0.09747894844937359,0.2014273978229616,0.19010577120558636,0.2537995481618402,0.25718833436023825,0.10376332042625364,56243,10.93743686787837,18.544720928591996,2.9201851624914164,0.138,NA,1
35027,35,0.4966845129917972,0.6501792818900732,0.00550125251731421,0.3043862665160371,0.08595442336019408,0.1664500476561823,0.16809635213586344,0.25881639372671345,0.3206827831210467,0.14666203749628012,43014,10.669280923080928,4.214161977077227,1.4384507524879018,0.258,451.7718085726034,0
29127,29,0.48021108179419525,0.9085890848493264,0.05492292737119844,0.01437300374947924,0.11585772283827182,0.2093558746894504,0.2088105192995213,0.2414106526086166,0.22456523056413985,0.16215919085312225,42046,10.646519536025071,65.92450861019309,4.188510278441273,0.11800000000000001,434.6811204692952,1
29151,29,0.5229013148388961,0.9823724895246352,0.008524779656119058,0.006357462794393874,0.10733816609436601,0.18873203611852982,0.22586798931705457,0.2675823477044385,0.21047946076561108,0.08718287138876668,51408,10.84754908135564,22.904097983605418,3.131315845799474,0.131,331.1584746724286,1
35005,35,0.493562100964542,0.4314992304996419,0.015770947933015374,0.5281667606320569,0.12379196692922183,0.2252388134741076,0.20610580414501983,0.23074129936875035,0.2141221160829004,0.21331909950076924,39131,10.574670270717423,10.82011945047834,2.381407313142826,0.20600000000000002,459.00424058273103,0
35025,35,0.5139081317275924,0.41856853580183007,0.029140847429241334,0.5230279685144867,0.12662424469279718,0.25790064702422333,0.21437356291107426,0.22303620127265922,0.17806534409924604,0.1495940332326284,50694,10.8335628393809,14.9583277536523,2.7052681851253757,0.18100000000000002,405.2279208187614,0
35049,35,0.48730398899587346,0.4366643741403026,0.006299862448418157,0.5080880330123796,0.08949297495418448,0.18584130862689202,0.20526482499604062,0.24394217063734475,0.2754587207855381,0.17044831512799966,52917,10.876479927279586,76.14901744723774,4.33269217639828,0.182,361.346383700801,0
35059,35,0.5630327501121579,0.5536114849708389,0.01973979362943024,0.4015253476895469,0.1350337584396099,0.23518379594898725,0.20330082520630158,0.22768192048012004,0.19879969992498125,0.11913719588663155,38902,10.568800942166638,1.1658730291567636,0.15347018762217393,0.179,NA,0
35051,35,0.49134308287107076,0.6775088250126071,0.0032778618255168935,0.2850899310808539,0.08337569903406203,0.16115912557193696,0.1137095407558041,0.2836807320793086,0.3580749025588883,0.2255146868808683,27430,10.219392583931649,2.8471225827694764,1.0463088641900136,0.231,891.1646326453646,0
35053,35,0.521682811444019,0.37193061500337915,0.009461590448299166,0.4882293309303897,0.15013676425894032,0.20342417181643196,0.16786546449194611,0.2424273123290447,0.23614628710363691,0.2507696776067383,34036,10.435174066969449,2.6714092857500717,0.9826061555412278,0.217,533.8937105894207,0
35041,35,0.5082065652522018,0.5489891913530824,0.0222177742193755,0.3992193755004003,0.2199965010496851,0.23198040587823654,0.18491952414275717,0.18876836948915326,0.17433519944016795,0.25421044295443745,38764,10.565247259854441,8.165296590588254,2.099893050390783,0.198,350.2322353349218,0
35013,35,0.4911282111992423,0.29735527406179707,0.01449508701314076,0.6599834260684266,0.17328293952743293,0.22757308770524629,0.1940745561340275,0.21565044720331064,0.18941896942998265,0.27020015546055187,37933,10.543576724621428,55.462741932984564,4.015711478795754,0.215,332.2767365487718,0
35028,35,0.5072584682129151,0.7534345625451916,0.003782190333166472,0.15367929250792592,0.05944818431781549,0.16981132075471697,0.21570114724566228,0.2921209822698398,0.2629183654119655,0.044016352130817046,106686,11.577645219684003,164.6926268927423,5.104080869288645,0.037000000000000005,215.1724654327824,0
35039,35,0.49266497588144614,0.13217962106519468,0.003903724700382913,0.713635685513949,0.10295817457939124,0.20377584656877434,0.207371890919988,0.24864078085534483,0.23725330707650155,0.2115331509050285,40250,10.60286528284671,6.862159790487262,1.9260222304500771,0.239,641.0805196851762,0
35047,35,0.49338328807616955,0.19420479153060874,0.011927267727632076,0.7686041315780429,0.12075449524033377,0.18909390057586084,0.18392290515924314,0.2576095898460454,0.24861910917851687,0.29388553017413027,28275,10.249733300984321,6.169233310594274,1.8195745693525625,0.193,571.0311051957366,0
35061,35,0.5049894717568434,0.3569793751062633,0.011522213939132369,0.5853703195092923,0.11122689380210221,0.20077473722363176,0.2111045668720551,0.2535338890902501,0.22335991301196084,0.23597835159805056,42506,10.657400521418637,71.71524374516379,4.272703329543493,0.18,434.7563619953262,0
35057,35,0.5081248069199876,0.5535372258263824,0.011244979919678716,0.3959221501390176,0.10964912280701754,0.17763157894736842,0.1908939014202172,0.2593984962406015,0.26242690058479534,0.2857613711272248,31161,10.346922591895922,4.838789241354981,1.576664532689284,0.23199999999999998,524.9842696368,0
35001,35,0.49016177678641026,0.4115579260431845,0.025180934563748328,0.48172066221750526,0.12264081246675466,0.242301857798617,0.20708642802261668,0.2272306389014756,0.20074026281053606,0.1796384632791013,48801,10.795506083434564,574.6691154934236,6.35379442384591,0.161,355.3578773119738,0
35035,35,0.5074652214862507,0.5217935059521053,0.03514135284944493,0.34985409236185094,0.14511645480797777,0.23209996491512158,0.1895662969260249,0.22743097724880576,0.20578630610207002,0.21805018220345784,39263,10.57803787856365,9.793581300696832,2.28172720177377,0.22,435.7975950194898,0
35006,35,0.5036635404454866,0.21351113716295428,0.004835873388042204,0.36957796014067995,0.10483870967741936,0.2303970223325062,0.22251861042183624,0.23691066997518612,0.2053349875930521,0.2756617937574081,37237,10.525058169606785,6.013023518112207,1.79392770326086,0.239,503.2361817313076,0
35019,35,0.5890618244703848,0.18093385214007782,0.01707738867271941,0.7689148292261133,0.10387655250282274,0.249529544599172,0.1836657884832518,0.26194956718103124,0.20097854723372224,0.1746151905122382,29071,10.277496392686066,1.5264898455097242,0.42297088103160946,0.2,NA,0
35003,35,0.5571544936193321,0.7521042628292153,0.005973391257127342,0.20689655172413793,0.017952450266860747,0.07132459970887918,0.14556040756914118,0.2867540029112082,0.4784085395439107,0.19695712309820193,39826,10.592275244318621,0.5319417824888174,0,0.278,NA,0
36005,36,0.4701481054737121,0.10734873668428378,0.3002286528091375,0.5392320271377606,0.14057130931948777,0.24793557927915286,0.2219019896398163,0.22445785343422459,0.16513326832731848,0.2980293086225741,34388,10.445462945294334,33193.53382744204,10.41011037170189,0.122,351.434866035095,1
36067,36,0.48230101754701393,0.7883378067730874,0.10486684560425683,0.04201608725990043,0.12522862450854733,0.20782507884845255,0.20120396906548382,0.25339876434753805,0.21234356322997824,0.1478566015427935,54242,10.90121079509082,600.2158301108699,6.397289307385001,0.094,307.1033589834896,1
36019,36,0.5146155255603738,0.90887436633481955,0.03814817076894888,0.02599401453612655,0.14438678697285365,0.20063509274677613,0.1984277582000542,0.2556441931611354,0.2009061689191806,0.14503207296938858,50282,10.825402439160504,78.87926216840165,4.367918356401769,0.09,292.433502572008,1
36099,36,0.5218473373115755,0.9021182725755819,0.04281795299640827,0.029242908453293363,0.11266238269150756,0.21399842818177617,0.1983727058388424,0.24631316166612732,0.22865332162174656,0.12330000621002297,47618,10.770966119998848,109.23217126704871,4.693475628594799,0.087,314.0122238789582,1
36079,36,0.4998395475240177,0.8222788262901382,0.02016687057502156,0.12001845203473796,0.08668448152251841,0.15648830085380955,0.2272860587890243,0.30289056898911554,0.22665058984553216,0.057740865808767604,95117,11.4628629917588,432.9691896210358,6.070666569861192,0.076,247.437635124038,1
36043,36,0.49059415161110076,0.954367666232073,0.009933569255603155,0.01757000062084808,0.10428625073762138,0.1831983262700499,0.2039590150742986,0.26380022530980096,0.24475618260822918,0.14976067454908548,45047,10.715461668144288,45.646028608472015,3.820916606728017,0.102,338.054165953556,1
36069,36,0.4893962755398805,0.9137206747237123,0.019776384670070445,0.03698608636241933,0.10696532966517648,0.17099134023196924,0.20794385218995218,0.26968768562228407,0.24441179229061807,0.09525854254334488,56479,10.941624166627946,168.1678091496976,5.124962344856873,0.076,323.4765515953202,1
36101,36,0.49529565138300774,0.9424866853291023,0.018109973623308507,0.014401067194874231,0.0946985446985447,0.19118156618156618,0.2076056826056826,0.26488218988218987,0.24163201663201664,0.15491787300838197,47476,10.767979599176396,71.159152542251,4.2649189535396905,0.1,355.5520229116144,1
36041,36,0.5156866819031789,0.9638479119052566,0.006233118637024725,0.010804072304176189,0.050753953659433616,0.1290915777859507,0.1835233541743288,0.28613460831187937,0.3504965060684075,0.09436325678496868,51522,10.84976417990054,2.8025361991832876,1.0305247926276933,0.11900000000000001,NA,1
36013,36,0.494170965145055,0.8889352693878768,0.022667640657145414,0.06351560869435582,0.13020316027088036,0.18210899709771042,0.1965301515640116,0.25412447597549176,0.23703321509190584,0.19068170978662852,42429,10.65558736968861,126.53528587301197,4.840521208978732,0.10300000000000001,380.5674518703142,1
36047,36,0.47285187864031225,0.35783641869462385,0.318600088432543,0.1971427547721484,0.12398141493486117,0.2782008877506605,0.22010864063812774,0.20484947716851065,0.17285957950783995,0.23154772110981983,46085,10.738242796427764,35864.62098960687,10.487506600809363,0.138,280.844340105934,1
36107,36,0.49221288074189296,0.957313591525724,0.006556537832995334,0.014530705467719389,0.08775241883828339,0.17789839193608198,0.20217105484947578,0.2931935407747025,0.23898459360145635,0.09346965567998727,55726,10.928202103359991,97.93444683977309,4.584298345052363,0.083,326.5922320240544,1
36073,36,0.4934017767151865,0.8729343927993812,0.057239294001828284,0.042425520943206056,0.1091526208199946,0.18903074015505072,0.2090484822771628,0.2731129710340572,0.2196551857137347,0.13447303489601692,48502,10.78936031318875,109.04030322625167,4.6917175682561245,0.102,336.2384897995838,1
36091,36,0.4923791308908572,0.9238591303482857,0.013907916570586295,0.02579927566702386,0.09348117136242261,0.18714726354175143,0.2293092097963652,0.26843105782104104,0.22163129747841975,0.06542926428960011,69826,11.153761712228906,273.0535417983565,5.609667899758705,0.065,247.7167711218104,1
36021,36,0.5040048504962186,0.8800619076491049,0.04011232728085011,0.04012828286051632,0.09266670272024229,0.15664377264615217,0.20188199664701748,0.27932507706451787,0.2694824509220702,0.09792422510478273,57336,10.956683977673755,98.74508629993461,4.592541643555208,0.09300000000000001,358.3266711265866,1
36049,36,0.503393832079091,0.9643278736904235,0.008927253947174266,0.014423786336136933,0.09905660377358491,0.1923125956144824,0.20429627740948494,0.27434982151963283,0.2299847016828149,0.13539174641148324,46840,10.754492817711654,21.266530632418043,3.0571345050674132,0.114,317.433981725785,1
36119,36,0.48187722672054195,0.5675307414227797,0.1331750119995859,0.22342340081335754,0.09698219446655519,0.1940302759955624,0.23324732400586218,0.26518474198092123,0.21055546355109897,0.09453529003695893,81946,11.313815772730564,2221.346490219444,7.705868818128965,0.087,225.871257815703,1
36025,36,0.502284643406119,0.9298814512223369,0.01711903307995199,0.032869385778358004,0.11230342275670675,0.16210915818686403,0.1820536540240518,0.2690841813135985,0.2744495837187789,0.1418857960171636,44470,10.702570083504742,32.924073098361106,3.494204095323007,0.102,389.9283587650456,1
36057,36,0.489593954297367,0.8450588776265019,0.01215538095523701,0.11667566324796577,0.10181780337195587,0.19950738916256158,0.21133698744189275,0.2503295635884271,0.2370082564351627,0.18721349550760957,44156,10.695484097138243,124.10338350994807,4.821114956222038,0.098,366.86633117039463,1
36085,36,0.4845296805983544,0.6371700235845545,0.09691146541109219,0.17443638443887263,0.11189959553526481,0.20876976756296978,0.2237228114638846,0.24700817608971132,0.2085996493481695,0.11852011602704422,72569,11.192293112378426,8055.902004454343,8.994160270031257,0.086,301.6342794404602,1
36089,36,0.5074087620542923,0.9264030259507391,0.020910461475329403,0.02020571469352436,0.1669863342124191,0.18910333253416448,0.1949922081035723,0.23754795013186286,0.2113701750179813,0.19584212112081953,43647,10.683889830383498,41.821355727198075,3.7334071116289778,0.11,330.6043599995094,1
36109,36,0.4922753495648773,0.7932922655715263,0.03644274958443336,0.044226068250708905,0.26949679151899325,0.20731002825961373,0.16128276788084123,0.182157410732408,0.17975300160814375,0.20502129769444005,51393,10.847257255398569,215.4644800684295,5.372796070290018,0.083,212.1905299300532,1
36113,36,0.48707001707733594,0.949499878019029,0.010612344474262014,0.019212002927543305,0.09059536286714896,0.1787366752728853,0.20169227229734912,0.27769114752422097,0.2512845420383957,0.10945736434108527,55904,10.931391212933782,75.64894019507423,4.326103430817981,0.091,315.6287703930912,1
36023,36,0.4861480383998701,0.9322522376245662,0.014268027845994602,0.023847699458099083,0.1971467391304348,0.18162364130434783,0.18766983695652173,0.23026494565217392,0.20329483695652173,0.14655889954877996,47151,10.76111049674444,98.786991739514,4.592965933530021,0.078,339.2198245052538,1
36027,36,0.4974830606789179,0.7397212367806043,0.09136977318963634,0.10767523580543739,0.12227342720092169,0.17802346320442233,0.21214370381858666,0.2750168939503041,0.21254251182576522,0.08956897933023554,72525,11.191686608989604,373.7729849301811,5.923648620954916,0.081,292.2258744845904,1
36055,36,0.48264679565145174,0.7235810691342017,0.14480917502960292,0.07499852655154123,0.12965340753030813,0.2111375852189622,0.20190613576527913,0.24717239408061775,0.2101304774048328,0.15042491582118034,52394,10.866547359936277,1135.943883567532,7.0352191997929445,0.079,291.9782883184606,1
36065,36,0.49828783207945143,0.8432106777793907,0.05393115462456129,0.04817980751987567,0.11840584870969383,0.19756836696874341,0.20492285778653083,0.25660777744671265,0.2224951490883193,0.15899723412332556,48729,10.794029614387506,193.17089907945123,5.263575284550442,0.096,349.898143437062,1
36111,36,0.4975945432378107,0.8117098513889042,0.05189855343079644,0.09025405577584218,0.11187782502875177,0.17946454839658724,0.20861750782315655,0.26711064751664926,0.23292947123485516,0.12514384843956647,58590,10.978319312538835,161.96435798565247,5.087376298591854,0.10800000000000001,327.4219899879614,1
36015,36,0.49888608848283,0.8715513749493676,0.06071380350150772,0.026745128043566317,0.11092386055935316,0.197477798185984,0.20916097025240954,0.2546060479824279,0.22783132301982542,0.15663099675363712,48804,10.795567555695225,218.17985427836368,5.385319742272989,0.083,360.15362760739697,1
36051,36,0.5000691382303686,0.9182939757555272,0.021955229154823543,0.029514342341788683,0.16045323486266377,0.16219839142091153,0.2006930041984926,0.2588143052253528,0.2178410642925793,0.1339192158188271,53518,10.887773324896092,103.02439364128637,4.63496579165829,0.08,280.8352208925706,1
36077,36,0.4826452143352303,0.9237937093939931,0.01707265956246272,0.03243644101952313,0.18862086904142594,0.15143881937409304,0.17684746598034115,0.24661172411904828,0.2364811214850916,0.15500183217295713,47765,10.77404843270411,61.92372965957871,4.125903460987834,0.10800000000000001,320.26157883917523,1
36039,36,0.521562295618051,0.8684597776324395,0.05694081098757358,0.05066628515369523,0.11241376966731233,0.16386311890440752,0.20528766099160634,0.2751554694668162,0.24327998096985762,0.1512839679887433,49655,10.812854369337458,75.60406143139033,4.325510004379916,0.095,415.8222558886738,1
36001,36,0.48354783656917116,0.753432106368273,0.11966758276854943,0.05157249597908798,0.154085920218452,0.21084216208206769,0.1906268852597822,0.23459775832689478,0.20984727411280335,0.12966634429400387,59394,10.991948490147863,583.9262897759007,6.369774758725144,0.07400000000000001,290.9306791338176,1
36003,36,0.5060471430334444,0.9523838907400551,0.013081574725410341,0.014521370685754247,0.16878842676311032,0.17511754068716093,0.1816998191681736,0.2416998191681736,0.23269439421338156,0.16473264551115605,42445,10.655964399172069,47.23367544019866,3.8551071009140525,0.092,317.1473110587174,1
36009,36,0.4965197215777262,0.9166112748479338,0.014084153759327773,0.018059823164231516,0.1131785629286657,0.1846859516648997,0.1987710681754257,0.26017438715679697,0.24319003007421192,0.17945027875016206,42603,10.659679952313123,60.94317269843697,4.109941834861309,0.105,413.421237198526,1
36053,36,0.4926207114320625,0.9369431211301638,0.018149617649885364,0.018890978733920014,0.14622433592390674,0.16793875420484863,0.19278505973784943,0.2695742953253683,0.22347755480802692,0.11253751745861935,53589,10.889099102116994,111.23141154660209,4.71161281986417,0.086,303.2078494027844,1
36093,36,0.4841009940511946,0.7649995801603142,0.09124731141124266,0.05965598982050239,0.10964169381107491,0.2067100977198697,0.2107600434310532,0.25803474484256245,0.21485342019543974,0.12675701646840518,56061,10.934195662590366,757.0116763480609,6.629378677820554,0.08900000000000001,332.7195207623088,1
36037,36,0.4975447621592731,0.9131814537680385,0.025587920897915555,0.027859433458043828,0.11073834884956248,0.18815175151667646,0.20716262685565714,0.2737566048813218,0.22019066789678213,0.12649694259532157,49922,10.818217066343328,121.45998669198435,4.7995848809023585,0.094,353.871485520614,1
36123,36,0.4868936069268177,0.959356343652394,0.008105009291108212,0.018147313485944727,0.12968114701476569,0.1761894571652757,0.17832941008631142,0.25765033169270274,0.2581496540409444,0.15895556573522676,49335,10.806389047291267,74.79971491351293,4.314814073656496,0.109,314.8576076779414,1
37079,37,0.537040501356281,0.47404358806472735,0.3576372649892433,0.1445140772612478,0.10243791641429437,0.2130526953361599,0.2343276801938219,0.24492731677771049,0.20525439127801332,0.2326027255298202,40853,10.617735537004092,80.40522246623146,4.387079130123023,0.187,353.1220025397016,1
37121,37,0.49019607843137253,0.9374878664337022,0.008995017148773701,0.043292564550572704,0.09748107985993448,0.18118152038856886,0.20377273240709365,0.25607138822997855,0.2614932791144245,0.18343391471582995,37680,10.5368847286903,69.78886756238003,4.245474506538049,0.17300000000000001,508.8523205913806,1
37041,37,0.481666892166148,0.6088485996482208,0.3278987958327696,0.031930726559328916,0.08176257645737112,0.19598052677568342,0.16052927225065536,0.28261140931219575,0.27911621520409435,0.2895648558758315,34420,10.44639306976553,85.7061685017365,4.450924800863354,0.16,481.61212731437377,1
35011,35,0.48658227848101265,0.5539240506329114,0,0.41164556962025317,0.027944111776447105,0.14171656686626746,0.18662674650698602,0.23552894211576847,0.40818363273453095,0.2346311475409836,37660,10.536353802211144,0.8503317154785774,0,0.26,NA,0
37005,37,0.4996378779648742,0.8763353250045265,0.010682600036212204,0.0933369545536846,0.09901147959183673,0.14971301020408162,0.20998086734693877,0.2627551020408163,0.27853954081632654,0.19833564493758668,35170,10.467948725468029,46.99245721286996,3.8499871039984357,0.226,490.2267069851322,1
37027,37,0.49324693290618515,0.8838569538995473,0.046112587522904605,0.04711978351353647,0.10296281160604823,0.16612178177360032,0.236657131181038,0.2605435226808337,0.23371475275847978,0.19481382978723405,34357,10.444561061459837,174.75178447979712,5.163366592677216,0.16899999999999998,505.816320682648,1
37035,37,0.4892250310816411,0.7771705346042271,0.08284552424368007,0.08500181309573146,0.09914930422501286,0.19395206761772338,0.23493217425577806,0.253522668797968,0.21844378510351775,0.1523150493004532,44332,10.699462042895544,387.3184507462612,5.959247224803133,0.14400000000000002,438.1069753767858,1
37045,37,0.48011671956588514,0.7406163612163408,0.20732056926384765,0.029384662639500358,0.11083787106973476,0.18261022308097663,0.222483751976111,0.2531354294747936,0.23093272439838397,0.19301147307595679,38989,10.571034834045788,210.3814307746655,5.348922220194293,0.14300000000000002,539.7104198676338,1
37049,37,0.5031093511211926,0.6697648042598591,0.21257965609711557,0.06436885458617275,0.1689862797354654,0.2289507452373902,0.18504260849537724,0.2131411838252229,0.20387918270654426,0.16625206054248465,47141,10.760898389671993,146.75199377114018,4.988744044790635,0.134,387.3786854282854,1
37065,37,0.4634873057503256,0.37488626023657873,0.5715356206176738,0.03832360969865653,0.11122011036174126,0.19892703862660943,0.1990803188228081,0.2496934396076027,0.2410790925812385,0.25239768650706496,33960,10.432938640425284,110.91432235186093,4.708758032562809,0.158,544.6447570361288,1
37077,37,0.5181652574413969,0.5850862720835911,0.3102873444696501,0.07345157077060563,0.10816647035728308,0.18049245611083067,0.23974984575691288,0.26083908239385273,0.21075214538112064,0.15400219298245615,49852,10.816813894946268,109.4644167278063,4.695599535055265,0.141,387.1966799695914,1
37085,37,0.49157778656991574,0.6383709477831185,0.20624110848282307,0.11122709250545065,0.11981804875948858,0.24656689004003501,0.24177416808965546,0.2191307092941497,0.17271018381667122,0.17223782242430039,44625,10.70604951908194,199.6564630823867,5.29659820504831,0.168,374.7111370335316,1
37093,37,0.49027476352319727,0.4094017444003112,0.3249662175996069,0.12325457597968961,0.11001991157908947,0.29536633930680706,0.2353953629644629,0.19894704869899768,0.1602713374506429,0.22881676184077931,45489,10.725225817469049,124.99744077964088,4.828293263329837,0.19699999999999998,358.9942032081634,1
37089,37,0.4843423217422827,0.8427818521513623,0.03216121506185922,0.09771060483533643,0.08649333108222185,0.18755698125949688,0.21587033597838934,0.24945129157521526,0.2606280601046767,0.14078746968016095,44815,10.710298183791462,288.37370130914474,5.664257213004435,0.17600000000000002,405.1414847778664,1
37095,37,0.5529370992895513,0.5742505631606307,0.37393865881129784,0.044359729682897246,0.07288037166085946,0.24709639953542392,0.19018583042973286,0.24390243902439024,0.2459349593495935,0.25641531780497434,42279,10.65204578785962,9.418965235841357,2.2427252349793574,0.20199999999999999,NA,1
37097,37,0.49235881634500334,0.7752717037514647,0.12066560444397602,0.06921393454310991,0.09483327226090144,0.18982358791812803,0.24762602732555097,0.26436685337381566,0.20335025912160393,0.1377569238672171,50329,10.82633673070753,281.0870061498729,5.638664251834732,0.156,393.543794684222,1
37119,37,0.4828192390736273,0.5009475945878887,0.30275515106083084,0.1226794490753694,0.10915030709774215,0.26437029892633,0.24916109068258083,0.21801427987756278,0.15930402341578423,0.1540904295678136,55444,10.923128781333244,1808.0547187892532,7.500006805311216,0.17300000000000001,258.0407693498242,1
37159,37,0.49345098181029184,0.7341626586627129,0.1600260369580154,0.07786496944273677,0.11062098710973876,0.20136744596382886,0.22073959711807087,0.24946086359849043,0.2178111062098711,0.18849480449276232,41495,10.633328217032549,270.3794091995291,5.59982619185927,0.16699999999999998,492.565911834749,1
37181,37,0.46846187943262413,0.41777482269503546,0.49532358156028367,0.06812943262411347,0.1139602239814636,0.19594516315891097,0.21444294265302183,0.2393126086117011,0.23633906159490248,0.2795063171619981,34987,10.462731842903445,177.97623039086136,5.181650004245216,0.163,602.8394966324372,1
37039,37,0.48478508240648976,0.9182542304445178,0.013544763792533861,0.02628198069228793,0.07400240224209262,0.15634592286133725,0.19865207527025225,0.25050046710262913,0.3204991325236888,0.17881828316610926,34432,10.446741643521456,59.818719177209914,4.091318641692235,0.212,577.105736383378,1
37053,37,0.49899497487437183,0.8828308207705192,0.06126465661641541,0.031825795644891124,0.08402044293015332,0.17137989778534923,0.23039182282793866,0.28926746166950595,0.2249403747870528,0.09750232047928445,57159,10.953592137139195,91.19655377847029,4.513017108849547,0.149,408.0964805210868,1
37179,37,0.49400757450371424,0.7423987226543864,0.11692288220575779,0.10598950473649879,0.08752142845019265,0.17971892662559194,0.2846292241628053,0.26859819746422936,0.17953222329718077,0.09417607623472894,65892,11.095772317066873,325.2881935647327,5.784711538829678,0.136,266.1229529254998,1
37193,37,0.4907059435707678,0.8871270814061054,0.04193166049953746,0.055417437557816834,0.09364381371177294,0.18184089546272236,0.223740755546672,0.2584449330401759,0.2423296022386568,0.22748223827138747,33159,10.409069451979065,91.72215018865722,4.518763900678913,0.175,486.35583163644037,1
37127,37,0.4819662868443356,0.5333940211988992,0.37242468949786023,0.0638582833704785,0.10062048118227297,0.18902579151125173,0.22204741112623522,0.25586451943644045,0.2324417967437996,0.1695857569817142,43084,10.670906977470661,176.85004080258025,5.17530214637004,0.149,478.1805261589858,1
37003,37,0.5048150845674516,0.8761835396941005,0.055029537913733106,0.04299857031102479,0.09166211541962498,0.1947023484434735,0.23839432004369196,0.2528217731658474,0.2224194429273621,0.17152549852442286,40637,10.612434260629977,142.58405963214534,4.959931717946126,0.14800000000000002,460.3532348763864,1
37055,37,0.4995479599871679,0.8822362856892881,0.02960132987255388,0.06596867800169151,0.07037489429672085,0.18786996147702714,0.21699708728741895,0.26284882082119704,0.261909236117636,0.08753892250749075,55481,10.923795898779666,89.42934640863804,4.493448887918524,0.166,389.1351083932892,1
37185,37,0.5060119276644863,0.380290496344748,0.5083686033089649,0.03573489803770681,0.10521091811414392,0.17882547559966916,0.1870967741935484,0.2522746071133168,0.27659222497932173,0.2622115672759964,34285,10.442463219718466,48.52773680377915,3.882135527336462,0.171,482.1440708294096,1
37195,37,0.47778528851471763,0.49124316352239905,0.3808148466785473,0.09639279788606894,0.10106214498384611,0.2078678970373968,0.21614544840255928,0.2467850581751378,0.22813945140106004,0.23216032506458653,39204,10.57653406138907,220.99605078033758,5.398144831585858,0.17,456.9867579006854,1
37073,37,0.4958270739442497,0.6259389083625438,0.34009347354364883,0.01602403605408112,0.10289977477477477,0.16469594594594594,0.212134009009009,0.2865990990990991,0.23367117117117117,0.1962829030359095,46592,10.749184131556358,35.195112279516515,3.5609072172671534,0.146,445.33463097989437,1
37075,37,0.4950924446473408,0.8905501027162748,0.004451038575667656,0.024537776763296052,0.12709098327213383,0.15891472868217055,0.20685434516523868,0.24541003671970624,0.2617299061607507,0.2107638888888889,33903,10.43125878502826,29.998733219437206,3.401155154751852,0.218,553.9313402883354,1
37115,37,0.49184339314845027,0.9457825544573457,0.01429805201036369,0.022214758660397276,0.11449001397221995,0.16914605079312894,0.2108161420235062,0.24369195364510562,0.2618558395660393,0.17281210592686003,38598,10.560955740639056,46.359854972529305,3.8364338901778163,0.159,368.7114942382496,1
37137,37,0.5134578726648875,0.7444147922226458,0.19283263438810522,0.0323293938238658,0.09026948095048454,0.17390150006637461,0.17589273861675295,0.26045400238948624,0.29948227797690163,0.13775673940949937,43853,10.688598410511437,38.97045495740439,3.6628037938373694,0.175,436.18962729777,1
37149,37,0.48083999803738775,0.8838624208821942,0.05092978754722536,0.05490407732692213,0.08435152502488913,0.1549461489727577,0.19015295501855373,0.2686215947144538,0.30192777626934564,0.16652573986570504,44745,10.708734985616958,85.71044076891698,4.450974647458728,0.18,447.0548393095222,1
37151,37,0.49254445868123514,0.8100139395390096,0.053413779023105845,0.10578561270610101,0.09784401367210842,0.18944953032005163,0.23975189425628032,0.25400960871955447,0.21894495303200517,0.17766450417052826,41208,10.626387691245421,181.51937913169937,5.201362420080652,0.18899999999999997,420.7487844798668,1
37169,37,0.48605061300809554,0.9165586554193316,0.03835284618490109,0.026836368272315832,0.08892383573394332,0.1700561135137067,0.2242396082776368,0.27649308409878837,0.2402873583759248,0.15828389648353539,42703,10.662024454360006,104.8507653885313,4.652538057164216,0.151,471.09578589543423,1
37187,37,0.45585738539898135,0.45269331686988734,0.5004630344188918,0.03827751196172249,0.09301994301994301,0.15527065527065528,0.19572649572649573,0.26282051282051283,0.2931623931623932,0.23716648463098766,34936,10.461273095165398,37.221192928030796,3.616878301426735,0.17,481.042563777317,1
37043,37,0.4892914425889235,0.9533918294178696,0.008680064156995944,0.026700632135107087,0.09783368273934312,0.13382250174703006,0.19758909853249476,0.24353598881900768,0.3272187281621244,0.24253695755841678,38828,10.566896914832117,49.35483420333316,3.8990357185963163,0.201,498.8980313590146,1
37051,37,0.4854254067129766,0.4652970347759391,0.35156334909776327,0.09961090944095792,0.1602891156462585,0.26668920580280303,0.203005901155643,0.20796451110564707,0.1620512662896484,0.1700221399828698,45231,10.719537971447028,493.67713451323357,6.201881729655571,0.14,405.8104738206736,1
37081,37,0.4760258900199061,0.5360954199860294,0.32374840004360766,0.07228370810335012,0.13181550225976094,0.21953485893563096,0.22350151372342658,0.2315380695613366,0.19361005551984492,0.18095044215065736,45431,10.72394997039761,767.1100070620595,6.642630216196364,0.155,319.1746538866082,1
37099,37,0.49184876864377386,0.8153708934145979,0.019424210891432536,0.05069124423963134,0.21437940646007542,0.20474667978357108,0.16703557960321364,0.19675356615838663,0.21708476799475324,0.21755932941432615,36951,10.517347989609593,82.24470458782896,4.409699005661983,0.217,360.2199323828868,1
37139,37,0.4846483089636062,0.5494693089883471,0.3737103837304238,0.04203468665726515,0.14757537120059228,0.21836054785505696,0.2034302636449636,0.2362110804919179,0.19442273680746924,0.1838246886331389,46053,10.73754818614131,178.15144569816644,5.182634007080194,0.139,393.822762003238,1
37155,37,0.4857026052700041,0.2692979522057457,0.2396699743561155,0.08071505556174972,0.12958110163750017,0.21797543110611153,0.22177197714402588,0.22734535785961726,0.20332613225274515,0.31742622838057827,29806,10.302464994508737,141.73200972165597,4.953938019009529,0.22399999999999998,548.7923512024154,1
37173,37,0.49539844474566597,0.648854961832061,0.0253977313262467,0.04137832631804238,0.08440090429540316,0.21414217533283095,0.2150213514192414,0.24654609394624466,0.23988947500627983,0.27233576642335766,36094,10.493881925521244,26.547549602648505,3.278937449743068,0.187,699.7814911569147,1
37183,37,0.48706648845153,0.6178835015400113,0.204647153400616,0.09794944975000376,0.1074405936073846,0.24109528625155266,0.2565039943078744,0.2327896756143068,0.16217045021888152,0.10994063940034986,66006,11.097500925967491,1112.5393459679437,7.014400380577189,0.12,207.8260158134766,1
37007,37,0.5209454627573488,0.4562460009785841,0.48564116075125147,0.031653430689901764,0.10983798435286146,0.21388529538594223,0.22146245302778292,0.2410521776627857,0.21376208957062773,0.24186866822525738,33870,10.430284945811817,49.99322610508569,3.9118875183519006,0.179,514.2548615193538,1
37111,37,0.5012788292596134,0.8867068478526788,0.03700820674777039,0.054066677045570805,0.09351546082257581,0.19168417892524767,0.23041128790153106,0.25138847193035124,0.23300060042029422,0.2193909965510982,35297,10.471553253474193,102.047625099862,4.62543961705818,0.16899999999999998,461.6969870638798,1
37069,37,0.49689308957713313,0.6365895934852994,0.25614023612519216,0.07809791673480067,0.09607928793753072,0.18877300278490688,0.24174083984055042,0.2561295254737072,0.21727734396330475,0.16079005859769652,41696,10.638160479924572,124.37713806891446,4.8233183858348365,0.166,422.414790078729,1
37103,37,0.4856778497155189,0.6155581714734157,0.3153815970178536,0.04080831861879537,0.09473142268748927,0.17779303243521538,0.20542303071906642,0.253646816543676,0.26840569761455296,0.1674589027530204,36213,10.497173449369237,21.656738360087356,3.0753166466738615,0.179,511.58947555213,1
37113,37,0.48253049410791815,0.9009126081691722,0.011990903452553235,0.06538881833485927,0.08839479392624729,0.17678958785249457,0.18655097613882862,0.2509761388286334,0.2972885032537961,0.21254532921749034,37892,10.542495286995425,65.67447309517067,4.1847103126261445,0.218,494.9331061994836,1
37019,37,0.4877451869040281,0.8105398643994054,0.10732932090932164,0.049825967151299805,0.07942026224719814,0.18025526240594342,0.19638378258246816,0.22697399752357367,0.3169666952408166,0.16607628681505285,46438,10.745873368562311,130.2568086585995,4.869507953037688,0.157,470.8106936337802,1
37175,37,0.4775642974402627,0.8927767982002797,0.03310634158205144,0.029306256460144706,0.11073691420743192,0.15982647411381928,0.18077515839945202,0.25834807922826647,0.2903133740510303,0.14269610145608266,41781,10.640196969721202,86.89978020120043,4.464755502937888,0.18600000000000003,388.5761524112548,1
37013,37,0.47960063058328956,0.6617551234892275,0.2547346295323174,0.07020493956910141,0.09507747053154422,0.17640299503298984,0.20802135073022462,0.246015271702869,0.2744829120023723,0.20966029723991508,40429,10.607302628220587,57.51385409916924,4.052025859636836,0.16,550.587685268954,1
37047,37,0.49244299787053547,0.6037291598137151,0.301916518065823,0.04603452156299233,0.10954658165072617,0.19686503719447396,0.21797142519778015,0.24631007202739402,0.2293068839296257,0.2498138833911354,35761,10.484613193102275,61.62534020845136,4.121073152971573,0.188,622.4365994586302,1
37109,37,0.4956514010741357,0.8561470778684882,0.05148487195439367,0.06856185167786087,0.08963655765488669,0.17690875232774675,0.24179273115309774,0.26531081957608854,0.22635113928818026,0.15632617453108563,48940,10.798350336996663,264.35365747236006,5.577287818304907,0.155,393.4413611391982,1
37123,37,0.4844985021835637,0.6386833652145667,0.18778647995091494,0.1445122171292453,0.09858621560212068,0.19717243120424136,0.22216611966675082,0.2357359252713961,0.24633930825549102,0.2559508190576152,31830,10.368164520276139,56.342524808849845,4.031449575232721,0.20600000000000002,447.312082548624,1
37135,37,0.4773955033552114,0.7045135494682376,0.11523846623106491,0.08159080385426697,0.20181587788744348,0.1989676699333868,0.19681698229460934,0.21799834920192052,0.1844011206826399,0.17802900990020404,55569,10.925380770790833,341.8878374099779,5.834482722482166,0.122,218.2497038372178,1
37153,37,0.48989985816822107,0.5847337430695835,0.30169338548158336,0.060385954355954785,0.11810878537735849,0.19494398584905662,0.2202240566037736,0.2404186320754717,0.22630454009433962,0.2594870887084283,32384,10.385419752647138,98.21008355476013,4.587108893945822,0.187,552.4957140376756,1
37163,37,0.49189002465181275,0.5294330083062477,0.259582018308289,0.17030163141614457,0.10223180181163374,0.20410891629379024,0.23103786969333187,0.2423605805958747,0.2202608316053694,0.22841256691307674,36496,10.50495794452417,67.41219806507611,4.2108259817373295,0.188,471.245892630463,1
37171,37,0.4884331709441254,0.8479982581716246,0.03510872819312522,0.0981683585989168,0.09492278950977842,0.17856551658902264,0.2357462104192778,0.2556814150921087,0.23508406838981247,0.1986821748259476,35641,10.481251939552509,138.08849118508132,4.927894720121985,0.159,450.4536059651396,1
37011,37,0.5470826762784411,0.851712097319216,0.03936697454381617,0.045280468574003155,0.1146917715216801,0.20385625056576445,0.22250384719833438,0.23870734135964516,0.22024078935457592,0.18042695473251028,36969,10.517835002606233,71.86132819614144,4.27473826462257,0.21100000000000002,382.3412191088458,1
37021,37,0.4811229068531561,0.8428790617077679,0.06113705071525759,0.06091372657681316,0.10267763305103708,0.21905194567435804,0.2181636956624921,0.23087719774072593,0.2292295278713868,0.1705262622149837,44713,10.708019566059964,368.2218824618683,5.908685697945221,0.161,372.500077345008,1
37025,37,0.48792547474023645,0.7088774357136951,0.1543312295014194,0.095339415153102,0.0920127675905385,0.20917693970964027,0.26698679247049134,0.24831278724738612,0.18351071298194377,0.1324705685897971,53551,10.888389749837856,501.4941299077537,6.217591902264201,0.149,330.7702359947898,1
37131,37,0.48145068145068143,0.3882189882189882,0.5613305613305614,0.016308616308616308,0.10347080440996324,0.15777868517762353,0.19689669252756228,0.26868109432421394,0.273172723560637,0.2630239592836222,31433,10.355613575443341,40.338135891716,3.697297321535598,0.14400000000000002,543.6675120637116,1
37147,37,0.4722350939965393,0.5693697392732499,0.33675103381529164,0.055694049329853064,0.2170374491922631,0.22437451078397164,0.19576185671039353,0.1946961909522148,0.16812999236115694,0.2426138507796998,40718,10.614425534104623,261.4900878101154,5.566396377662719,0.154,323.4797784513982,1
37033,37,0.5076719802233398,0.6127354871707442,0.3347114482993777,0.03252067172449066,0.09437259699405802,0.1730863334498427,0.21363159734358617,0.2637539321915414,0.2551555400209717,0.22624311885208917,35315,10.472063081843023,55.21483942935409,4.011231747396597,0.145,507.95605385881,1
37059,37,0.489271632114952,0.85115750260045,0.06712789375650112,0.061902803647886986,0.07911485774499473,0.16332982086406744,0.23658587987355112,0.2732982086406744,0.24767123287671233,0.13354706083892123,50139,10.822554427357035,156.52486700365384,5.053214891949836,0.16,357.573355536959,1
37057,37,0.48970701027764996,0.8184077312471237,0.09192820984813621,0.06416321521705783,0.09097132899049833,0.18910003734284883,0.23682627276876478,0.26225052902369195,0.2208518318741961,0.16267128622793298,43083,10.670883766728728,294.88397340208985,5.686581968471567,0.172,454.4719931857078,1
37061,37,0.4922848113032162,0.5257651810914499,0.2521421690412209,0.20870726224881272,0.11260621175651771,0.20920453556825103,0.22019545863178958,0.23756633703564076,0.22042745700780095,0.2625699282698974,34433,10.446770685850653,72.4915739525789,4.283470333762666,0.21600000000000003,382.271477132354,1
37063,37,0.48016593488466297,0.42115561278002417,0.3706192539440277,0.1338944063885654,0.12461792205891459,0.28568453168361974,0.22303782219795437,0.1976954297004734,0.16896429435903787,0.18491664200453783,51853,10.856168071193151,966.846752338491,6.874040005478177,0.13699999999999998,286.9930593543802,1
37091,37,0.49865394028389626,0.3380649371838799,0.5858215043237069,0.03116332191222059,0.1122749366741973,0.19175737660026015,0.20127336208667077,0.25563086191552,0.23906346272335183,0.26008989176297925,33406,10.416490803549893,69.43862233048208,4.240443230444486,0.171,461.0390166366026,1
37105,37,0.48981016429726737,0.5892738571550183,0.1924065718906955,0.18818421724695666,0.10095897709110283,0.22399810572426448,0.23204877760018944,0.23397265139406856,0.20902148819037472,0.18863632417038567,44819,10.71038743563792,230.37037327570314,5.439688332340469,0.18,420.1567156380072,1
37129,37,0.4838398666686046,0.7672272205345853,0.1451771534328474,0.05302248513829741,0.15031237372952475,0.2270537407142635,0.20887079227924035,0.2132222671183912,0.20054082615858018,0.1689723614350221,49835,10.816472827401556,1077.63112554429,6.9825205088144,0.14800000000000002,338.7682221966418,1
37141,37,0.5022841309069123,0.7401145809930353,0.17621508275293943,0.06174642402456377,0.09021484251219976,0.1867355345712656,0.22485582102794854,0.2615818492933646,0.2366119525952215,0.19293123319247021,44524,10.703783648613117,61.40757304882185,4.117533167104758,0.177,410.66586382419683,1
40041,40,0.4929699956515437,0.6559163163743538,0.002609073778808523,0.030874039715900855,0.090856763338499,0.17746291786584015,0.19769758689395617,0.2551250830197033,0.2788576488820013,0.2123151622158464,36588,10.507475596776255,56.07598177672834,4.026707588531708,0.239,554.219206072243,0
40045,40,0.49781553398058254,0.8939320388349514,0.002184466019417476,0.06771844660194175,0.07059874888293119,0.1867739052725648,0.19928507596067918,0.2515638963360143,0.29177837354781055,0.1599215109148884,47344,10.76519537463999,3.345472852543412,1.2076080445891924,0.142,NA,0
40051,40,0.4950525021284647,0.8309904455586037,0.019449437139343488,0.04833979755936051,0.10284492255848617,0.20990214503272633,0.21528092800207374,0.25270559263819586,0.2192664117685179,0.13919815402365157,49637,10.81249180235931,48.0282999408449,3.8717904192735837,0.16399999999999998,484.9331967119134,0
40119,40,0.5087615697652028,0.7899534000025675,0.03445575567736883,0.040194102468644494,0.31932704645905047,0.22064484591726582,0.14978511925372223,0.16528504796627086,0.14495794040369064,0.2572295710931684,36812,10.513579157958748,113.76757513841768,4.734157552607491,0.162,300.1252975683792,0
40125,40,0.4779026003649635,0.7417740647810219,0.02543339416058394,0.04380987682481752,0.12083354031096319,0.216308181411753,0.21476826784561123,0.24020167900253342,0.20788833142913915,0.18633989191142156,42764,10.66345190613339,89.05229587950313,4.489223791318013,0.19399999999999998,552.8026044384516,0
40037,40,0.4958289439968112,0.778934031830994,0.023431939185149332,0.033738575861970786,0.09688778673279604,0.20138871667699937,0.21274643521388717,0.25587104773713576,0.23310601363918165,0.14720812182741116,43026,10.66955986311063,73.93218480204517,4.303148251439194,0.187,581.9932401814034,0
40141,40,0.5025322866548493,0.6364902506963789,0.07229678399594834,0.23309698657888073,0.11882107217451846,0.2037595729867719,0.1919238802506382,0.24970990949176142,0.23578556509631005,0.20216845167261668,36354,10.501059518173044,9.066343409854282,2.2045690306733516,0.223,514.7949493951786,0
40149,40,0.4901556186054509,0.8511735878256383,0.008941621528673373,0.08503138165248043,0.10300563556668754,0.22072636192861617,0.19160926737633063,0.2683155917345022,0.21634314339386349,0.16311188811188812,46686,10.751199612844985,11.594280912350586,2.4505119517382683,0.175,480.9423756670028,0
40033,40,0.49740512487836525,0.7834901070385988,0.014433992864093416,0.06211482322413234,0.09950248756218906,0.20076090137547556,0.21480831138425519,0.24524436640327774,0.23968393327480245,0.14712260216847373,46317,10.743264343310036,9.746243602348203,2.2768819392195723,0.198,622.3615004734548,0
40075,40,0.49025455320055383,0.7642986473532858,0.03876877196719566,0.0942592395356268,0.08736559139784947,0.195852534562212,0.2054531490015361,0.26017665130568357,0.2511520737327189,0.225743006993007,36281,10.499049467245019,9.248187103167176,2.224427543469218,0.205,710.1153015062242,0
40079,40,0.5033558387599377,0.7288761935200352,0.021792976708880987,0.06809556150373537,0.1075850043591979,0.21370531822144725,0.21255448997384482,0.24,0.22615518744551003,0.22235932872655478,36542,10.50621756297161,31.501106836461297,3.450022682879712,0.24100000000000002,600.3655118003002,0
40089,40,0.49105391787104363,0.6516911565036357,0.08740910599523279,0.048879099659053196,0.10895110196566848,0.19954513456435805,0.2143282612227216,0.2444901716575513,0.23268533058970053,0.26088294108598675,31790,10.366907053904848,17.915086715981847,2.885643191157251,0.221,658.7991310358526,0
40093,40,0.5039452919516044,0.8701998947922146,0.0019726459758022093,0.08048395581273014,0.09032411820781697,0.2023355576739752,0.18398474737845566,0.2688274547187798,0.25452812202097236,0.12624717307436478,49905,10.817876477120686,7.962403716067636,2.0747309286515616,0.16,459.3270176024812,0
40097,40,0.49654585259061057,0.6648017513986865,0.003381172464120652,0.0290683531987351,0.10063628100246721,0.2005800112539497,0.21404146647621522,0.25087650954421503,0.23386573172315284,0.19718100890207715,42751,10.663147865904188,62.72639330104702,4.138782304856274,0.21,568.3275840930254,0
40109,40,0.4892298782436711,0.5891481974217271,0.14766881841451787,0.15394376316386157,0.12599619628967418,0.2578255076358915,0.20632964730266828,0.22013688801831247,0.18971176075345353,0.18460410924929427,45215,10.71918416917458,1032.870168547965,6.9400967773368905,0.17800000000000002,453.44730204187357,0
40039,40,0.49626228107646303,0.7221984906735014,0.029581375480563863,0.14897479709525843,0.22299085659287776,0.23826997112608278,0.16482194417709337,0.19941049085659288,0.17450673724735322,0.19145254128889055,44972,10.713795352869651,28.409705739282394,3.3467308381666405,0.18,414.4200551186696,0
40085,40,0.49168070766638583,0.7485256950294861,0.019797809604043808,0.12805391743892164,0.10755489393375511,0.21213248976553778,0.202270189802754,0.24283587644212876,0.23520655005582433,0.16601084760182921,43260,10.67498369950705,18.474887888014475,2.9164123985081116,0.193,601.3342370051114,0
40009,40,0.5364296720228924,0.7782522562183579,0.035747303543913714,0.12555580013207132,0.12043213457076567,0.2580481438515081,0.21338457076566125,0.22208526682134572,0.18604988399071926,0.15105550456499686,48989,10.799351062095239,25.18837220906959,3.2263824677552684,0.151,492.6371797815064,0
40023,40,0.48078064218368827,0.6312388738709039,0.10239335399221995,0.03158172347860486,0.09729467426907679,0.19422540337255853,0.2101176756035424,0.24699745238384083,0.2513647943709814,0.2707929073268652,30201,10.315630315397533,19.688274397454688,2.9800232502861608,0.209,724.606376209797,0
40065,40,0.49570015220700153,0.6527397260273973,0.06792237442922375,0.21449771689497718,0.144564152791381,0.23539014038524322,0.2069213189683317,0.21906627489389488,0.1940581129611492,0.16506778720367873,42824,10.664853972073217,32.741502844947554,3.4886434733008542,0.166,421.8457886961652,0
40081,40,0.4956481102868158,0.8422220924119399,0.017962497809451486,0.02605292365208248,0.08480565371024736,0.1913323633340262,0.21414466846809396,0.27130534192475575,0.23841197256287674,0.15930510828138386,42668,10.661204503745374,35.95242745565013,3.5821966049931793,0.20600000000000002,538.1492372433408,0
40117,40,0.4979508196721312,0.790079556412729,0.009582931533269045,0.0233847637415622,0.08630696474634565,0.1850816852966466,0.2171109200343938,0.2583834909716251,0.2531169389509888,0.1414640092643384,44375,10.700431526777717,29.213582061959134,3.374633740238764,0.198,654.1051058851422,0
40133,40,0.4869315725346854,0.6662343277129269,0.04826474865385371,0.03973588020280627,0.10741724707402886,0.20269979177137934,0.20471027500538522,0.2541107201838156,0.23106196596539097,0.22939068100358423,33819,10.42877805371264,40.204665656401254,3.693983049994915,0.204,758.0405776873503,0
40025,40,0.5020559210526315,0.7685032894736842,0.004111842105263158,0.203125,0.09090909090909091,0.18730407523510972,0.19827586206896552,0.2445141065830721,0.27899686520376177,0.20033458803847762,38301,10.55323128448846,1.3255298576690513,0.2818122720828734,0.243,NA,0
40011,40,0.5430476564032163,0.7273975289272406,0.05510884487154344,0.12100411845459894,0.10462046204620462,0.22062706270627064,0.20478547854785478,0.24686468646864687,0.22310231023102312,0.15,44206,10.696615805459388,10.984205492318166,2.3964583766226237,0.205,555.249732655746,0
40029,40,0.49164838872954275,0.7207693605533997,0.003880546650919521,0.030706934368145773,0.10352492854874563,0.18005716100349317,0.208955223880597,0.2562718323277231,0.2511908542394411,0.21595762856654707,34867,10.459296102128597,11.471272465462315,2.4398458635636664,0.225,679.1239461178512,0
40053,40,0.4984520123839009,0.9068996019460416,0.005528527200353826,0.036930561698363555,0.0802980132450331,0.17798013245033112,0.19701986754966888,0.2893211920529801,0.25538079470198677,0.08798723501253704,46625,10.749892156946117,4.518064765589172,1.5080837529561633,0.149,NA,0
40073,40,0.4942597385360674,0.7938814785320858,0.005375273740792355,0.13769991373017454,0.09132256134051467,0.22130460801915022,0.21735487731897069,0.25960502692998205,0.2104129263913824,0.08306946035168093,54666,10.908997222941913,16.777615594531493,2.8200455928808803,0.179,406.591293758454,0
40087,40,0.4966292134831461,0.8050632911392405,0.00896031858910539,0.07179633053619684,0.09284438269154427,0.1881202858277094,0.23665144898769352,0.26736800317586346,0.21501587931718935,0.11590713671539123,54426,10.904597259843,61.59968179484528,4.120656704858036,0.16399999999999998,424.1240797257088,0
40095,40,0.4950189155107188,0.6879571248423707,0.014943253467843632,0.1469735182849937,0.10065466448445172,0.18693009118541035,0.19943885901332709,0.26163198503624036,0.2513444002805705,0.1728268528601627,37319,10.52725785931825,42.740109949337075,3.755137822403768,0.242,582.830884919851,0
40103,40,0.4911961141469338,0.8286928614797467,0.0191690519559372,0.02792956891317547,0.09996956786366402,0.20024345709068778,0.21606816798539258,0.25669506999391356,0.22702373706634205,0.1405205768554344,44842,10.710900479224417,15.752259545426599,2.75698381818347,0.155,528.9165412709882,0
40105,40,0.5008506616257089,0.6770321361058601,0.01786389413988658,0.025897920604914935,0.0909400544959128,0.19754768392370572,0.20827656675749318,0.26634877384196187,0.23688692098092642,0.16557187017001546,39430,10.582282226871673,18.699947152323265,2.9285206977775777,0.217,527.7050665707939,0
40131,40,0.49702496295451953,0.7347087655306053,0.008947908355180669,0.03870967741935484,0.10374116066843124,0.19618377908584522,0.22792636194840596,0.2610516335479793,0.2110970647493383,0.09255253935391342,58525,10.977209292359111,129.84879342600706,4.866370646005571,0.151,362.9524981428988,0
40135,40,0.4939044796098867,0.6501888416120859,0.01881244920399675,0.03552134627336616,0.09792147806004618,0.20058786479109805,0.22914129750157464,0.2524039470921688,0.21994541255511232,0.21446069514176913,35742,10.484081746856743,62.13545511391401,4.129316761829411,0.22,639.706911860205,0
40003,40,0.5942897426859358,0.8172365174480085,0.020091646105040536,0.045470567500881215,0.066334018197828,0.16759612562371587,0.24713824479013796,0.28265336072791314,0.23627825066040506,0.12791702679343128,44811,10.710208923978403,6.548522427592893,1.8792394406257549,0.157,394.3136885376934,0
40151,40,0.5307944400497231,0.8503785738501526,0.03695332805966776,0.05096621087128489,0.2188751191611058,0.2274547187797903,0.1544327931363203,0.203813155386082,0.1954242135367016,0.15381654906991662,51619,10.851645100748655,6.878598068799973,1.9284148621117434,0.127,329.0841706628804,0
40027,40,0.4996341654951024,0.7498381517504511,0.042371680195520345,0.0731515780683172,0.1745922043290255,0.24501990813511845,0.19973578143252946,0.20627396774331655,0.17437813836001004,0.12867139029186878,54989,10.914888444211941,484.527605676676,6.183174407368494,0.139,310.3366087842158,0
40107,40,0.5374144114770134,0.6269970655363547,0.07719269644603848,0.0345614607107923,0.10459543276007895,0.20693543839864675,0.2169438962503524,0.2596560473639696,0.21186918522695236,0.28397367484880826,35170,10.467948725468029,19.832936448274804,2.987344012671897,0.22899999999999998,683.6560871522014,0
40005,40,0.5230987917555082,0.7243070362473347,0.03972992181947406,0.03169864960909737,0.09776192818494835,0.22011805213969504,0.21261682242990654,0.24335956714215445,0.22614363010329563,0.21775147928994082,37012,10.51899746336892,14.423121278255529,2.6688325632365832,0.243,502.9835132766036,0
37191,37,0.49037136697411293,0.5524711870451119,0.31009385485727253,0.10161125609894474,0.12643411592977094,0.22034568844385632,0.21171029835068142,0.23520183348566906,0.20630806379002223,0.22123635757727234,41731,10.638999536873841,223.07882846640763,5.407525199877688,0.151,443.6282031299616,1
41061,41,0.4920166271706616,0.9028009789829455,0.0054387941416417385,0.04121828988772775,0.1345264017419706,0.20223189983669027,0.18828252585737615,0.22325802939575395,0.251701143168209,0.18595765005572362,42542,10.658247102223596,12.63916535648034,2.5368003546144844,0.141,383.2589069224986,1
41047,41,0.49800748019256313,0.6783988242720002,0.009088025725330596,0.2463439067205542,0.11952191235059761,0.2374273398210437,0.21624431236801428,0.22015217817255567,0.20665425728778875,0.1858683930138641,46885,10.755453073853726,269.33434602639204,5.5959535298448975,0.16899999999999998,328.8135264607728,1
41019,41,0.49372704733143186,0.8924183956900248,0.002619167458941521,0.0483194452211845,0.09347945753890807,0.1815710020183823,0.18617491534470967,0.2509466379756126,0.2878279871223874,0.18748762621263115,40524,10.609649670173567,21.303495281543665,3.058871156977875,0.16399999999999998,482.8980736000624,1
41031,41,0.5136293742136899,0.6103629840175202,0.006337076557476352,0.19677554633987232,0.1119907636483589,0.20105558304469734,0.2049315520369454,0.2309087910275441,0.25111331024245426,0.1975081204246861,43373,10.677592406675998,12.051426758423952,2.4891830561162696,0.22399999999999998,501.4637360653814,1
41053,41,0.48161464506782564,0.8020018438035033,0.0041617279072830235,0.12395627551692348,0.14896937230697566,0.19634330965412833,0.20773261907534646,0.2195178758588564,0.22743682310469315,0.1645808609342971,52808,10.874417973368606,102.49909893127173,4.629854007625401,0.142,305.337885813791,1
41017,41,0.493152305919721,0.8819854887428767,0.003244791828854358,0.07524678479120606,0.0863927723693704,0.20924785377432475,0.22181673690044232,0.23827549067790407,0.24426714627795845,0.14522636714460516,50209,10.823949572479094,53.19917327825389,3.9740428563444077,0.16,288.771981181177,1
41043,41,0.4940330477356181,0.8675710594315246,0.004530463756289949,0.07965286277709778,0.10449251736646546,0.2159463071477875,0.21067395103611344,0.23252705937642273,0.23636016507321084,0.17830010926517023,46939,10.75660416538601,51.371778620331,3.9390889675965695,0.158,384.3661556879416,1
41071,41,0.5025650788561351,0.7892126410292379,0.008256347568185007,0.14919540690567323,0.12249697388898495,0.20869790766038387,0.21976482794397373,0.2357081099775203,0.21333218052913713,0.14635337587462705,54535,10.906597976362843,139.4155281759003,4.937458885063152,0.168,293.4341638686434,1
41001,41,0.5035191529118654,0.9234506384303955,0.002802865151043289,0.03544067268763625,0.09097042617789272,0.17912965253570223,0.17058360508264928,0.2643652310806252,0.29495108512313056,0.1796088489900609,41500,10.63344870621879,5.232441987682659,1.654878088354944,0.152,481.1306817980822,1
41035,41,0.4978175831810424,0.8046699188956518,0.00684176345320264,0.10898491187264955,0.11305465226056854,0.18776880310500368,0.197498164271478,0.23911675233399768,0.26256162802895205,0.1893450184501845,39627,10.587265983091973,11.144659228702258,2.4109603902108616,0.21100000000000002,460.23152948496244,1
41041,41,0.4867158671586716,0.8384632081614933,0.0031473844150206208,0.08109398741046234,0.07495893683738987,0.17582499626698522,0.17018814394505002,0.2438778557563088,0.3351500671942661,0.16020609515457138,42365,10.654077828632564,47.021479640526046,3.850604510939351,0.183,533.701143512846,1
41003,41,0.5014711183988649,0.8312458570282245,0.0100710556001349,0.06614799567386526,0.26230502122030536,0.1937202594205295,0.15805912289404545,0.18747358944680226,0.19844200701831743,0.22546025544331655,48604,10.791461111028502,127.21376569848552,4.845868865950606,0.11599999999999999,202.0597469370658,1
41013,41,0.4983727385852398,0.890734182061836,0.0014358188953766632,0.07236527232698382,0.07397827211588205,0.17632350405242284,0.20287980686325227,0.2567684083462666,0.2900500086221762,0.1946185745973575,38795,10.56604665132805,7.013560535009732,1.9478454943529633,0.191,364.8872781799698,1
41055,41,0.4932975871313673,0.9024128686327078,0.0010723860589812334,0.04504021447721179,0.0963855421686747,0.17369477911646586,0.16265060240963855,0.28012048192771083,0.28714859437751006,0.22089875473741202,42639,10.66052460640712,2.2641903425301146,0.8172172303626576,0.157,NA,1
41025,41,0.5047853431774678,0.889937106918239,0.004648619086683074,0.04293136450642603,0.07940019665683383,0.17158308751229107,0.1875614552605703,0.26720747295968533,0.2942477876106195,0.185612912202588,38113,10.548310710265884,0.7217879498715605,0,0.214,513.8254238575668,1
41045,41,0.5445336267719594,0.6298142274580879,0.008608971454463071,0.32053854618421906,0.12195679506229283,0.23842724882843755,0.21556749342782033,0.2207109383929592,0.2033375242884901,0.27427280226677664,35578,10.479482748285214,3.1249456386083,1.1394168873917148,0.207,367.2040138914766,1
41063,41,0.49393414211438474,0.9422299248989023,0.004332755632582322,0.02440785673021375,0.05624178712220762,0.16005256241787122,0.15742444152431012,0.26307490144546647,0.36320630749014454,0.13394683026584867,41994,10.645282029917595,2.2007578057135158,0.7888017581950356,0.18600000000000003,348.87495465014763,1
41069,41,0.47987616099071206,0.9427244582043344,0,0.02631578947368421,0.04302670623145401,0.142433234421365,0.16468842729970326,0.2744807121661721,0.37537091988130566,0.1561014263074485,37974,10.544656994003361,0.7534630432792204,0,0.226,NA,1
41049,41,0.5140845070422535,0.6367445177393475,0.0016937065430558031,0.3228739525762168,0.10172441069451037,0.19284923271634236,0.2260718240784686,0.23635500711912671,0.24299952539155198,0.1796337650736936,49940,10.818577563833765,5.521731789926113,1.708691541145098,0.168,343.0195753105254,1
41011,41,0.49278918936146476,0.8653928895829681,0.0032349051041384476,0.056188548754641215,0.09512969676530927,0.17780962819323834,0.17766911165444174,0.254110108759801,0.2952814546272096,0.1782364892320195,37940,10.543761243489005,39.31466075419143,3.6715974964908598,0.174,544.9675436130866,1
37083,37,0.47982525667729625,0.3932830731230761,0.5119536967060515,0.023225378334039926,0.10718267240006371,0.18213091256569516,0.2043956043956044,0.2602962255136168,0.2459945851250199,0.2740991333434697,32329,10.383719939217288,74.9234206986463,4.316466534550761,0.141,595.0184974077014,1
37001,37,0.47617267432708954,0.668791646990923,0.17922634975602078,0.11295844482921455,0.12143715804019818,0.194789290970576,0.2286735049264681,0.24724466065229359,0.2078553854104641,0.18341605328197289,43043,10.669954895008782,359.6521230448433,5.88513723938184,0.159,399.585209072113,1
37177,37,0.5465823970037453,0.5650749063670412,0.2808988764044944,0.10065543071161048,0.0719370550768078,0.20457100037467216,0.255526414387411,0.23679280629449231,0.23117272386661672,0.20751096491228072,34216,10.440448649906745,10.98101713213464,2.396168066775969,0.205,NA,1
38089,38,0.5085716512117198,0.9285825605859892,0.008337878905945608,0.026766929011143147,0.143053106016069,0.2310405643738977,0.18675289045659416,0.23796459598928735,0.2011888431641518,0.07577764398956452,62559,11.043865390436705,19.229285213918867,2.95643438854682,0.07,272.4667728359368,1
38103,38,0.4938388625592417,0.9779620853080568,0,0.0014218009478672985,0.0758206195099399,0.14331946370781323,0.17059639389736478,0.31299121590383727,0.29727230698104484,0.08925539655590589,44132,10.694940421880197,3.320097525897941,1.1999941577674165,0.105,NA,1
38013,38,0.5114613180515759,0.9302769818529131,0.009073543457497613,0.04297994269340974,0.11278195488721804,0.23308270676691728,0.19298245614035087,0.24394319131161235,0.2172096908939014,0.12416427889207259,53693,10.891037918182654,1.897481623243878,0.6405275455207918,0.094,NA,1
38061,38,0.542512077294686,0.6440821256038647,0.003260869565217391,0.04384057971014493,0.135515873015873,0.22420634920634921,0.18531746031746033,0.24206349206349206,0.2128968253968254,0.12304663467454165,68722,11.137824659843483,4.536245588391594,1.5120997070214615,0.10300000000000001,446.0828500260028,1
38105,38,0.5252157928388747,0.8934223145780051,0.007113171355498721,0.029411764705882353,0.12348098784790279,0.2530380243041944,0.18561348490787927,0.2359205540310989,0.20194694890892462,0.08599037755850934,76210,11.241247966660163,12.045820715403528,2.488717771180498,0.064,367.2868573853238,1
38007,38,0.5525114155251142,0.9680365296803652,0,0.003424657534246575,0.06203007518796992,0.21052631578947367,0.10714285714285714,0.29699248120300753,0.3233082706766917,0.08447488584474885,57083,10.952261628023255,0.7624996409462307,0,0.115,NA,1
38043,38,0.5199670646356526,0.9349526554137505,0,0.043227665706051875,0.05995864920744314,0.18401102687801515,0.17849758787043418,0.253618194348725,0.3239145416953825,0.10384774513860157,50000,10.819778284410283,1.7976759727913711,0.5864947044535017,0.142,NA,1
38019,38,0.5035425101214575,0.9681174089068826,2.5303643724696357e-4,0,0.08192883895131087,0.13670411985018727,0.17883895131086142,0.2897940074906367,0.31273408239700373,0.04879958246346555,55904,10.931391212933782,2.6545742034766056,0.9762842664940241,0.09300000000000001,NA,1
38037,38,0.4911467116357504,0.93929173693086,0.002951096121416526,0.0037942664418212477,0.039662447257383965,0.1358649789029536,0.17383966244725738,0.3341772151898734,0.31645569620253167,0.1419939577039275,41694,10.638112512542383,1.4296571896628312,0.3574346880240739,0.209,NA,1
38049,38,0.5261934561058466,0.9599499374217773,5.363847666726265e-4,0.019309851600214555,0.08325358851674641,0.18660287081339713,0.2,0.2704944178628389,0.2596491228070175,0.14151284835323924,45343,10.722011088612783,2.9845983412613117,1.0934651787492489,0.125,NA,1
38091,38,0.5192307692307693,0.972165991902834,0,0.02783400809716599,0.0857392825896763,0.12773403324584426,0.21959755030621173,0.2852143482064742,0.28171478565179353,0.06217882836587873,55735,10.928363594823724,2.774443110577564,1.0204500461863473,0.091,NA,1
38005,38,0.5097455735753608,0.42969796161285523,7.4393691414968e-4,0.014283588751673858,0.11862917398945519,0.21382542472173405,0.19830111306385473,0.2466315172817809,0.22261277094317516,0.35828073339344757,36491,10.504820933823419,4.839750329082859,1.576863134497758,0.188,784.86835341388,1
38045,38,0.5193423597678917,0.9830754352030948,4.8355899419729207e-4,0.006769825918762089,0.06848072562358276,0.16961451247165532,0.18594104308390022,0.2943310657596372,0.2816326530612245,0.08688118811881188,53691,10.891000668685518,3.609254561527057,1.2835012583704617,0.098,NA,1
38059,38,0.503336442562962,0.923548826863744,0.002618928033292674,0.01783023606228026,0.09525519057021481,0.23077843594806438,0.20008376712738588,0.25100221384550947,0.22288039250882546,0.08488771852827152,60065,11.003182588155475,14.470453259408078,2.6721088642307635,0.099,330.9150404122168,1
38025,38,0.5192815636555732,0.8409931325937665,0.0013206550449022716,0.02694136291600634,0.08427219468228932,0.20369535826949076,0.19333032897701669,0.2609283461018477,0.2577737719693556,0.10067294751009422,60500,11.010398644018933,1.8850263385877737,0.6339417935279659,0.113,NA,1
38051,38,0.48298101039054103,0.9666786098172698,3.5829451809387314e-4,0.002866356144750985,0.05483625285605483,0.1843107387661843,0.17364813404417365,0.31226199543031224,0.27494287890327496,0.13813813813813813,36066,10.493105872267217,2.863348219461124,1.0519916461950258,0.145,NA,1
38063,38,0.5285391809093841,0.9584005159625927,0.012576588197355692,0.012899064817800709,0.06541490006056935,0.17080557238037553,0.15808600847970927,0.3010296789824349,0.30466384009691094,0.0768716577540107,49839,10.816553089054588,3.1585648442871332,1.1501177612352036,0.11599999999999999,NA,1
38079,38,0.49562641083521447,0.20153781038374718,0.0033154627539503387,0.005925507900677201,0.12585481325618095,0.22435560231457127,0.20489216201998947,0.2513150973172015,0.1935823250920568,0.3595553961993546,31336,10.352522875345667,15.697408532365387,2.753495637097314,0.18,673.6177957360594,1
38099,38,0.5037831021437579,0.872725635020717,0.001711403350747613,0.09556836606016934,0.08522079191787518,0.1841290532833632,0.18526967573733094,0.2833632067785563,0.26201727228287436,0.1056208670095518,48592,10.79121418728553,8.660372516149465,2.1587577373708413,0.10300000000000001,415.7689736337034,1
38009,38,0.5192219329146883,0.9365905958033389,0.0038290703017307397,0.0150099555827845,0.11568260753406359,0.15388725621159496,0.1851456051295752,0.25728025647876035,0.28800427464600586,0.1103082851637765,51667,10.852574558825365,3.913280880545138,1.3643761220334438,0.115,NA,1
38003,38,0.49607577807848446,0.9499323410013532,0.004961659900766802,0.013170951736580965,0.09715564077980185,0.20134228187919462,0.18456375838926176,0.2609459891339086,0.25599232981783315,0.0926347760060744,50274,10.825243323841342,7.43184624894573,2.005774313588412,0.092,358.6135122169966,1
38035,38,0.5144379945662663,0.8780527636325846,0.022699942099559067,0.032453939456923556,0.2627372160418809,0.22763391605122932,0.15347761054501263,0.19098812751238664,0.1651631298494905,0.15974928811186587,46745,10.752462577125415,46.893710281987445,3.8478835573327337,0.098,248.2326789940418,1
38053,38,0.5232479327639962,0.7606072929375085,0.0023044598075098277,0.03321133251999458,0.10736052508204406,0.22808251289263948,0.19338959212376933,0.2515236755743085,0.21964369432723863,0.13751375137513752,64866,11.080078882520827,2.672513325433292,0.9830193500349569,0.08199999999999999,487.883743439604,1
38055,38,0.5069300447451708,0.9012332205609517,2.1826912583215103e-4,0.01615191531157918,0.07130501633672881,0.15952335191235825,0.18412454353257737,0.2654237939650202,0.31962329425331537,0.10878054222916435,53565,10.888651148696658,4.340851854869731,1.4680706087758306,0.11599999999999999,454.0435170576078,1
38069,38,0.5169356671970903,0.93134803364401,0.0011366219595362582,0.014548761082064106,0.10817717206132879,0.12691652470187392,0.21890971039182283,0.29557069846678025,0.2504258943781942,0.14320096269554752,42975,10.66837383025105,4.318672688003142,1.4629481068982155,0.129,NA,1
38075,38,0.5222929936305732,0.9749203821656051,0.0023885350318471337,0.0011942675159235668,0.08945908460471567,0.18723994452149792,0.18446601941747573,0.28085991678224687,0.2579750346740638,0.07003257328990228,60847,11.016117795639095,2.864137058991874,1.0522671037465994,0.08800000000000001,NA,1
38011,38,0.48674242424242425,0.9526515151515151,9.46969696969697e-4,0.03345959595959596,0.07727797001153403,0.20069204152249134,0.1782006920415225,0.26528258362168394,0.27854671280276816,0.08160621761658031,56964,10.950174768339318,2.726786807103073,1.0031239222606216,0.10300000000000001,NA,1
38015,38,0.4917288394155364,0.9195647510309155,0.005982885610087479,0.014206373799251543,0.1251809538714347,0.24243906256113307,0.1951563050197582,0.23079932704722406,0.20642435150044994,0.08238629360285961,61811,11.031836621134321,51.39242692721601,3.9394908255597167,0.085,255.871558606921,1
38047,38,0.4811800610376399,0.9684638860630722,0.003051881993896236,0.011190233977619531,0.04940923737916219,0.11278195488721804,0.20300751879699247,0.32116004296455425,0.31364124597207305,0.1013655462184874,49076,10.801125395911074,1.9802219540741606,0.6832089364411834,0.18,NA,1
38065,38,0.5135869565217391,0.9532608695652174,0,0.02010869565217391,0.07342995169082125,0.16328502415458937,0.18840579710144928,0.2492753623188406,0.32560386473429953,0.07427937915742794,71250,11.173950098130897,2.5466740298763617,0.934788205818847,0.121,NA,1
38093,38,0.505511736196902,0.9434571890145396,0.006319490639551458,0.01791314263993158,0.11916807195053401,0.20115634786798361,0.18164297759576006,0.2556813619208223,0.24235124066490002,0.11965680230168516,50120,10.822175409010004,9.472823807097551,2.248427047237426,0.08900000000000001,322.89622233347603,1
38071,38,0.5086725355181732,0.8655974897585635,0.006798570556959819,0.015950492460559573,0.1161042944785276,0.19279141104294478,0.18880368098159508,0.2665644171779141,0.2357361963190184,0.12121212121212122,48604,10.791461111028502,9.666732386628851,2.2686903399120317,0.109,364.5779394218396,1
38031,38,0.496274217585693,0.9731743666169895,2.9806259314456036e-4,0.014903129657228018,0.09170785282811642,0.16529379461834157,0.20647995606809447,0.2954420647995607,0.24107633168588688,0.11121295447601588,50677,10.833227437734287,5.2796981051313,1.6638689190250338,0.094,NA,1
38039,38,0.4978902953586498,0.9835443037974684,0.0016877637130801688,0.0037974683544303796,0.05468102734051367,0.188069594034797,0.12013256006628004,0.2899751449875725,0.3471416735708368,0.06977758395115569,45542,10.72639025608861,3.3436086990258387,1.207050672534012,0.107,NA,1
37165,37,0.4880251926742355,0.45396536007292615,0.3858180713239966,0.02378387337366371,0.11963219262489336,0.19091857048061428,0.21897810218978103,0.2344772016304863,0.23599393307422503,0.3232261447046487,29592,10.29525933351229,113.53792595148111,4.732136930458252,0.171,570.8577691437509,1
37189,37,0.49958298582151794,0.8896367127645131,0.021044669007118336,0.033884826502705745,0.3408102886124864,0.16767298635430503,0.1421024030914141,0.1709032725516242,0.17851104939017026,0.3125474131391291,34293,10.442696530693889,164.9528404509912,5.105659617599023,0.155,235.14633116274382,1
38083,38,0.5019040365575019,0.9657273419649657,0.0030464584920030465,0.002284843869002285,0.05834464043419267,0.12754409769335143,0.14925373134328357,0.35006784260515605,0.3147896879240163,0.1370906321401371,43250,10.674752512360026,1.3502965407521141,0.3003242281450338,0.183,NA,1
38087,38,0.5420054200542005,0.9932249322493225,0,0.006775067750677507,0.05714285714285714,0.2153846153846154,0.14725274725274726,0.23076923076923078,0.34945054945054943,0.08943089430894309,61667,11.02950422078315,0.6074464039666744,0,0.09300000000000001,NA,1
39159,39,0.47527665470834995,0.9191769641060684,0.021505988649089838,0.013116185486779416,0.08557297499066815,0.2110240139355481,0.2676993903197711,0.26070051014059975,0.17500311061341298,0.07820478912782536,65086,11.083464751305844,122.02765617399763,4.804247708993772,0.095,256.7305211734908,1
39131,39,0.5018364991079861,0.9605764858152307,0.007136110819603316,0.007625843915066289,0.09749220062395009,0.19252459803215743,0.22942164626829853,0.2525797936165107,0.22798176145908328,0.23541383989145184,42165,10.649345772008742,64.92884106095639,4.173291917307601,0.134,574.0258103420306,1
39125,39,0.49678514479707836,0.9335425132452034,0.0063782727225965745,0.043516280026747595,0.09199211752060193,0.19222500895736294,0.21112504478681476,0.26137585094948046,0.24328197778573987,0.1369249205439483,44861,10.711324099399532,46.68402019028043,3.8434019260382417,0.11599999999999999,401.7774364033928,1
39061,39,0.4806743087998345,0.6736795014461402,0.25484840139517323,0.026466670238921543,0.12206639983899045,0.23001541624910002,0.19983027601932946,0.24157656564147573,0.20651134225110435,0.1795647833797175,48593,10.791234766593037,1976.9924367470621,7.589331997542187,0.124,399.6774735589784,1
39049,39,0.4870589867865266,0.668768784522907,0.20933658480450557,0.04841922316690133,0.1340539712980347,0.2665286093003392,0.21480678683566606,0.21349067575589095,0.17111995681006906,0.18054619292678514,50877,10.83716623401151,2220.68892947605,7.705572755317182,0.142,352.192139962413,1
39101,39,0.5314445968970041,0.8952098065527796,0.05182214314792757,0.02296337620433334,0.10670701942790198,0.20960656057795568,0.21365810797617885,0.2495606755833252,0.2204676364346383,0.1854803892265285,42572,10.658952039160935,164.26464432814788,5.101478812161381,0.127,410.9297015689752,1
39157,39,0.4927589486425731,0.956251080753934,0.008786529482967318,0.02012363825004323,0.09568057667398773,0.200878526778172,0.20810572356441592,0.25400311614199095,0.2413320568414334,0.14571284612688398,43739,10.685995431600869,163.00586995891734,5.093786212176243,0.139,366.3431840500718,1
39169,39,0.49437037037037035,0.9462832244008714,0.015607843137254902,0.015808278867102395,0.12043643760883971,0.19625822558523015,0.20815546548721664,0.2490098475858774,0.22614002373283607,0.12388175456316283,49135,10.802326890796527,206.7832101043557,5.33167095028776,0.13,345.4068008381992,1
39015,39,0.4955833557528473,0.9677831584611246,0.009147161689534571,0.006793112725316115,0.09223543904222967,0.1906686684374639,0.22323593948492898,0.2653501174115564,0.22850983562382107,0.1412743015100633,44341,10.699665035915537,91.02559916410893,4.511140776452455,0.145,529.115762583802,1
39017,39,0.4908372785066955,0.8379385905586365,0.07377248748816448,0.04070336805085892,0.13537926620579463,0.2021951186299119,0.21769621482749074,0.2437825398194338,0.20094686051736893,0.13617861728823327,56610,10.943940927030706,791.4468500565243,6.673862726158604,0.11,377.451389790949,1
39067,39,0.49346695420525183,0.9539515412913865,0.024927058226563492,0.006406190536597742,0.0830400351957765,0.17410910690717113,0.19940607127144744,0.2738671359436868,0.2695776506819182,0.18367479253112035,39002,10.571368205848186,39.1858606796756,3.6683159847825753,0.14,478.8730519564248,1
39083,39,0.4886663931062782,0.9582601559294214,0.007386130488305293,0.01295034878949528,0.1363505912065205,0.18878429571805763,0.20195729537366547,0.24466192170818504,0.22824589599357134,0.1422188222612445,49750,10.814765742586738,115.9385264151446,4.7530601059390145,0.122,405.790990829557,1
39089,39,0.4892347289976955,0.9218926765031574,0.0318259360129291,0.01485649298177356,0.10047599232728786,0.19283271254732012,0.22371639382529357,0.26289188174280176,0.2200830195572967,0.12004736370663951,55114,10.917159046351838,244.78388278388277,5.500375710169602,0.12,371.2906211180022,1
39139,39,0.5060500701046301,0.8649533581333528,0.08628137486120904,0.014912429996677122,0.10064863066858853,0.20822707617252467,0.2101397050670806,0.2503049118527553,0.2306796762390509,0.15712784829748025,41835,10.641488588729699,249.1312801729969,5.517979987138438,0.127,429.0843989699892,1
39163,39,0.501010101010101,0.9728395061728395,0,7.482229704451927e-5,0.09697892866209698,0.18456461030718457,0.22493018532622494,0.25958365067275957,0.23394262503173394,0.20642582396862508,36705,10.510668264544881,32.41100009700262,3.4784978743448356,0.13,501.529833657262,1
39019,39,0.5007842727177664,0.9709644811600265,0.0064833211335355015,0.009341559482728572,0.08304248405343603,0.17126007943194127,0.21151763148393307,0.2762666987603803,0.2579131062703093,0.15512806961913822,43779,10.686909529335855,72.7023458664146,4.286373651782493,0.134,395.505124334843,1
39063,39,0.4851606214861973,0.9060194845758184,0.014527040497614269,0.04705006711944603,0.12255896811437333,0.2124205114328237,0.20851937040544807,0.2422315428674514,0.21426960717990348,0.14002790163306617,49589,10.811524313923938,141.59756698873454,4.9529889988290545,0.10800000000000001,310.3350481605036,1
39039,39,0.4947187170722932,0.8749453881935699,0.016293593071367993,0.09110534296214438,0.10774834734901291,0.20227548680127716,0.20906597112919909,0.24724558168817737,0.2336646130323335,0.13936475355911687,47593,10.770440970581772,94.56812326836145,4.549320455936371,0.11199999999999999,361.6889609186676,1
39071,39,0.4923608710680954,0.9594884203249222,0.01011637285401544,0.007581518608134578,0.098816305094332,0.20037975194925867,0.22385165434492788,0.2546762008645417,0.22227608774693977,0.19531341261126556,39091,10.573647540450066,78.46005308416082,4.362589617357278,0.154,508.8870680478976,1
39069,39,0.49531316574350237,0.9126189461724187,0.002591961369123704,0.06842067888084079,0.094889597798211045,0.20416588478138487,0.21154688184149623,0.25689622818540064,0.23250140739350722,0.13454597950050526,49439,10.808494865389797,67.70029566596956,4.215090547205141,0.107,302.1883093854212,1
39081,39,0.4794713324048282,0.9088904363974002,0.05607300371402043,0.011823932219127205,0.11494480962420935,0.17095373930298896,0.1962296911819422,0.2567034602505271,0.2611682996403324,0.16646656261255854,40577,10.610956682603621,168.80505670672423,5.128744538506551,0.129,608.0892525240536,1
39133,39,0.48615862951152783,0.9091176164566336,0.03833230305960694,0.014125970854474347,0.18832156219363358,0.17747744142774255,0.1896120525799804,0.23983113583161603,0.20475780796702747,0.16108017568198238,52697,10.872313806912903,335.2346521509866,5.814830740803582,0.098,319.8531523843752,1
39137,39,0.49940301115349894,0.9329333993418562,0.003640175893299164,0.05597134453536795,0.0921039121059657,0.20238217476126913,0.20407639388027518,0.276055036451381,0.22538248280110895,0.06902242786832101,61192,11.021771741001702,71.16566705766783,4.265010497873837,0.09699999999999999,283.574480666406,1
39013,39,0.5074296328046863,0.9347763966280898,0.035705100728675526,0.007115302186026576,0.09821470852867357,0.19815788227494435,0.2034616659563385,0.2517876592318985,0.2483780840081451,0.1456019395408743,41534,10.634267647902924,131.52825724589337,4.879221712532749,0.124,417.4485434869272,1
39027,39,0.48984838026325184,0.9356627710470569,0.025706328993406802,0.014590721919405898,0.11359752624298153,0.19240784441370332,0.21283261453332247,0.2570998453901863,0.22406216941980633,0.16504282523866787,46048,10.737439609687094,102.80069687093206,4.6327921318982055,0.127,473.79747318718063,1
39047,39,0.49179987544114595,0.935125596844509,0.0179572347934399,0.018061033838488685,0.092303102625298325,0.20310262529832934,0.22231503579952266,0.2510143198090692,0.23126491646778044,0.20101106515360412,37619,10.535264520896195,71.12465147641113,4.264433992278582,0.142,521.9794755645894,1
39127,39,0.4985159912346398,0.9743141660425508,0.0017475243405176,0.006074727469418324,0.10389671805542419,0.19559254705381632,0.22089284025347583,0.25697531448027994,0.2226425801570037,0.1958153604840065,41446,10.632146654097433,88.36657507518916,4.481493788132812,0.149,412.2247195074254,1
39129,39,0.5242631682425065,0.9353160914404189,0.03310157464834045,0.011617723283704803,0.1046986571067556,0.20769298580705828,0.2403984602274397,0.24671622932032558,0.20049366753842085,0.13324618056233048,54003,10.896794879558815,111.60336711082742,4.714951220736041,0.11800000000000001,406.8693263494,1
39097,39,0.5453136206936443,0.8977811711899308,0.06286296013511951,0.014877027370953935,0.09604686291124784,0.2065357550749733,0.24485134288766902,0.25568286482702723,0.19688317429908264,0.10999714293135243,54956,10.914288144043839,92.77381271800375,4.53016440943016,0.11,390.3694077775252,1
39119,39,0.48378982671883736,0.9230831935904602,0.03191960126700205,0.008128377119433575,0.11112678895383996,0.19578713968957873,0.21566216488611167,0.25067526708324933,0.2267486393872203,0.18067272269089077,40524,10.609649670173567,129.2126293488058,4.8614593369489985,0.135,451.5961663255274,1
39143,39,0.4920074564080569,0.8597469440274501,0.027499628829244956,0.09081311140071595,0.09716299960202399,0.19637273295809882,0.20814145204389106,0.261242822218432,0.23707999317755415,0.1425520824575858,46140,10.739435531727745,148.41120030946033,4.999986801668703,0.105,387.7266758497554,1
39161,39,0.48928011155656265,0.9499738539306257,0.012166637615478473,0.026285515077566674,0.09529134053919741,0.19971425021741832,0.20928065598210957,0.26158529009814885,0.23412846316312586,0.1247200995201706,45355,10.722275703049045,70.10739127671951,4.250028227522461,0.111,371.0071425572032,1
39167,39,0.48930194805194804,0.9574350649350649,0.007743506493506493,0.008392857142857143,0.10591262485128518,0.18067122264338875,0.20349721937857954,0.2608803917771076,0.24903854134963893,0.152948670667516,42834,10.665087458730515,97.47267283993595,4.579572060153664,0.136,424.1555956635056,1
39011,39,0.4967106696292424,0.9678255565721257,0.003289330370757635,0.012569163072365268,0.09187927934820028,0.19366560838465363,0.21512450751635237,0.26542477909956774,0.23390582565122595,0.08839644735097875,52239,10.863584621347492,114.36871241149417,4.739427548633173,0.10099999999999999,337.6999948971478,1
39037,39,0.49025937037177686,0.9682527626931986,0.006000075950328485,0.012816617931872555,0.09215612492730818,0.19306947627681045,0.21595457188793488,0.263606198474327,0.23521362843361954,0.13670228125902398,43425,10.678790591109305,88.05550911218859,4.477967400982519,0.129,385.7062068414282,1
39123,39,0.49734119694479356,0.9308469496277676,0.008701537271584646,0.044788746011795416,0.07665549036043588,0.16596814752724226,0.19052808046940486,0.2833612740989103,0.2834870075440067,0.11001299752311353,53202,10.881851268608061,162.29596299972147,5.089421600518778,0.10300000000000001,386.2964193014442,1
39065,39,0.4959856990528759,0.9567521796399674,0.008812645047983441,0.013799159505739195,0.18760496234898966,0.18608808711197788,0.19995666070751394,0.22260144103147517,0.20374884880004335,0.1812948665853989,40415,10.606956282167944,67.78414345085618,4.216328295187683,0.135,428.834936100984,1
39079,39,0.4876490888175819,0.9629169946116123,0.005479203245141369,0.009021008657746564,0.10068188862485794,0.2062713090195268,0.22202706891207769,0.24134724661638599,0.22967248682715158,0.24598602769947298,36356,10.501114531238661,78.59549278617382,4.364314354103593,0.131,580.7597453891144,1
39077,39,0.4932143458494696,0.9134029297861593,0.008402087893584778,0.05718134366054892,0.09422139707588768,0.20645741471339057,0.2242689719192388,0.24927477372940357,0.22577744256207938,0.13536946149768284,49404,10.807786671557905,120.83541032970834,4.794429374414409,0.133,396.29075715734064,1
39009,39,0.5002391569332366,0.9054327197543627,0.023637962691518414,0.016771844285692245,0.3322932156700227,0.18931766656102972,0.14924063284659078,0.17166816996172693,0.15748031496062992,0.31666093628417874,33823,10.428896323426862,128.69590427285254,4.857452290263932,0.139,322.3146404739886,1
39001,39,0.49232556502147434,0.9695134830669577,0.0030275293951981977,0.008660142223473914,0.0934619638687477,0.19442054811355536,0.22932284625783458,0.25482364507803856,0.22797099668182377,0.22736030828516376,35678,10.482289531311213,48.65149083609795,3.884682452275503,0.147,549.0613585022118,1
39103,39,0.4925830582042343,0.9452589291898507,0.013333179414956249,0.01710802761295685,0.08015639320606073,0.17678087400791717,0.23796337824925412,0.27675942356818317,0.22833993096858485,0.07361473576288563,65951,11.096667321032777,411.17529511721625,6.019019632368223,0.092,272.6447494565212,1
39095,39,0.48461585716853506,0.7070585264077577,0.18658236085103672,0.06264689620965118,0.128274932511927,0.21592375846694511,0.2048172586706468,0.23774458477225394,0.21323946557822715,0.20793317373524728,41556,10.634797194190423,1289.436857314694,7.161960857325041,0.132,431.251570393728,1
39121,39,0.5991529476057108,0.9152947605710773,0.06270920144818636,0.009836737482068448,0.09871043376318875,0.25498241500586166,0.16494724501758498,0.15287221570926143,0.32848769050410315,0.15238174411838057,38290,10.55294404447134,36.78029808146488,3.60496232358773,0.126,381.3200819575736,1
39147,39,0.5014190435646374,0.9103696608485881,0.025205761316872428,0.04542713211295587,0.1266266418797428,0.19300277329107365,0.19742175357327887,0.25188187608569773,0.23106695517020692,0.15471810864815402,43764,10.686566840596681,102.31263282258078,4.628033153335332,0.126,395.36896440313,1
39151,39,0.4841666933086096,0.875398297047007,0.07170678943273975,0.016771103083005636,0.10572826475358016,0.1927837790788232,0.2080481570050301,0.25498199609686373,0.2384578030657028,0.1495002730748225,45641,10.72856171434071,652.471617724516,6.480767640510589,0.122,385.2970034898358,1
39031,39,0.49302805056697957,0.9627529705387662,0.011692257609462318,0.00830123162063914,0.09772372343949648,0.19435899862760872,0.2111116369315224,0.25540674837915855,0.2413988926222138,0.16915764602450684,41274,10.627988040754069,65.36823942700381,4.180036504831233,0.146,444.9783659907876,1
39041,39,0.4938110127484717,0.8785948051802245,0.03529827831075733,0.02214562785240739,0.07250152695067949,0.18162123988395174,0.285530233623454,0.26535539777065204,0.1949916017712628,0.04897590636858227,89757,11.404861297738087,402.03070201174455,5.996528458866283,0.07,218.960159492522,1
39055,39,0.4903963251789339,0.9602606559128298,0.010906954385215255,0.011515863689776733,0.08410215269421045,0.1391515290432258,0.21408515271331155,0.2981300021011212,0.26453116344813093,0.08071256246768913,67663,11.122294780695517,233.92908907347987,5.455018031284842,0.10099999999999999,242.657391954035,1
39073,39,0.5028016946836135,0.9691130244635779,0.007960912942462758,0.007345906792401258,0.09096251028322952,0.18574450581736984,0.21771065930191563,0.2627218239511106,0.24286050064637443,0.1591538920265198,42089,10.647541702869878,69.46689357096575,4.240850287582433,0.14,505.3990571971812,1
39085,39,0.4877441809876006,0.9046421579290842,0.03452686534696541,0.03543180335001088,0.08800939001577229,0.1899717565931849,0.21426108645416866,0.2691266551736786,0.23863111176319554,0.09200823375398354,56018,10.933428346641618,1010.3607583530043,6.91806273254752,0.10400000000000001,370.2146377374988,1
39141,39,0.526567440425696,0.8998611860877612,0.044664661576823216,0.010372483997840673,0.09114273177458786,0.20848743183100357,0.23090745732255166,0.2572347938736706,0.21222758519818635,0.1971498098008503,43264,10.675076159402636,112.8893712600916,4.726408323766331,0.115,489.203154103091,1
39035,39,0.4749605707671235,0.6109083222203275,0.29269103433859867,0.049333101774177955,0.10568791045666306,0.21217105481149642,0.2052458929482634,0.25295860144865107,0.22393654033492602,0.18334028725026077,43804,10.68748041639565,2783.372813550573,7.93141871358538,0.135,422.31218745924963,1
39075,39,0.5004318293223781,0.9810695361919657,0.003968161340771691,0.008543217945426111,0.13702359346642468,0.23334845735027224,0.21347549909255897,0.2235934664246824,0.1925589836660617,0.15767397521449,45477,10.724961982628129,101.39089727902909,4.618983316703701,0.18,258.7687567624614,1
39109,39,0.49055576618351854,0.9347506975026004,0.02249506644502124,0.013765347487532446,0.08949501038108633,0.19553278414037908,0.22223896590985198,0.2573002478065769,0.2354329917621057,0.12970085680277796,52040,10.859767932626442,253.00555856166068,5.533411459085619,0.124,382.8452358293998,1
39025,39,0.49283579531995747,0.9463705226870681,0.013053317004087352,0.015779897891813704,0.09387240480793477,0.19780616962259392,0.22674623854753298,0.26436076321761787,0.2172144238043204,0.10193334148229638,60365,11.008164745766488,438.87856668878567,6.08422276134543,0.1,388.2889203960498,1
39045,39,0.4956155257970226,0.8876690911562776,0.05889470464278431,0.018027326490381346,0.09402684177178734,0.20006912044237082,0.23798168308277173,0.2562870802373135,0.21163527446575658,0.1185435836274503,58786,10.981659010299452,291.6470893775116,5.675544473302468,0.10400000000000001,326.8975611319816,1
39111,39,0.49938549774682506,0.9772634166325277,0.004096681687832855,0.0060084664754881875,0.08381712626995645,0.17888243831640058,0.20319303338171263,0.2578616352201258,0.27624576681180457,0.18988740761207432,40573,10.610858099732317,32.13808448590256,3.470041759463656,0.11800000000000001,414.234496407336,1
39155,39,0.48589505345032374,0.8802252959883521,0.08178474271044868,0.01429173531552933,0.09772419711522592,0.18352477142951448,0.2067118856652474,0.2583011519292339,0.2537379938607783,0.17383293584079446,42880,10.666160795744684,337.6888453283778,5.822124895541203,0.133,464.939671557029,1
39173,39,0.48865501668957395,0.8963518554879246,0.024394266640486943,0.047516198704103674,0.191592300508457,0.18963370343467884,0.19300612223721075,0.2242009961606309,0.2015668776590225,0.14671541357140477,52069,10.86032504105607,206.29288485997358,5.329296930194864,0.105,288.87972840977056,1
39005,39,0.4883908780102942,0.9644963744975016,0.007232220009768193,0.010350527858135778,0.12696469342510175,0.19172098871645543,0.20710764038251547,0.2443995896892889,0.22980708778663844,0.16267012313674659,46548,10.748239317227968,125.86357725499468,4.835198600188081,0.128,371.5327470511386,1
40043,40,0.5070833333333333,0.8477083333333333,0.0033333333333333335,0.054375,0.07427894112998815,0.2070327933623074,0.20189648360331885,0.26669300671671275,0.2500987751876729,0.14181973515591628,46488,10.746949493754942,4.802516518655776,1.5691400552498234,0.183,NA,0
40059,40,0.49433962264150944,0.7935309973045822,2.6954177897574127e-4,0.1830188679245283,0.07085828343313373,0.21357285429141717,0.21906187624750498,0.26996007984031933,0.22654690618762474,0.14856361149110808,46117,10.738936924565653,3.5706826741044657,1.2727568027496783,0.191,NA,0
40083,40,0.49672272631849035,0.7827202537846096,0.09038744139394929,0.053089501061323506,0.12007325423998726,0.20984951031133053,0.21187992674576,0.2441675292618839,0.2140297794410383,0.13082140888281682,53591,10.889136422512594,57.635171288217535,4.054132993996465,0.16699999999999998,369.4039987328454,0
40143,40,0.4876593231738324,0.648321057725431,0.1017716244812257,0.11197322878561704,0.11740458141385549,0.2434058535698846,0.21757998474514198,0.22682652142426404,0.1947830588468539,0.15898519520416007,48181,10.782720031453678,1069.029857289661,6.974506840746944,0.168,433.2995260665352,0
40147,40,0.47828712813419316,0.7513101755342984,0.02519043815387013,0.05215375323890978,0.1037798292980317,0.2050513847761714,0.21055565232537884,0.2438599547117227,0.23675317888869535,0.1475588491717524,48687,10.793167332983991,123.54917752627246,4.816639275401311,0.16699999999999998,480.4592997911938,0
40057,40,0.45991706979958535,0.6219765031098825,0.06427090532135453,0.2598479612992398,0.095703125,0.17317708333333334,0.24348958333333334,0.2513020833333333,0.236328125,0.2878842676311031,26688,10.191969305158473,5.387253022185654,1.6840356116292925,0.218,NA,0
40061,40,0.4932679585959997,0.728305704724103,0.007860533893688225,0.035333488987469845,0.10535381082244868,0.2066886751830056,0.21199942586479115,0.2374049088560356,0.23855317927371897,0.17362533480384434,35334,10.472600952172625,22.287132645645173,3.1040095005248807,0.245,599.494853877188,0
40111,40,0.4998616247767127,0.6417088082119405,0.08662288977784487,0.034367373638262005,0.1182073078463661,0.2019226489830433,0.20886554808847746,0.2405536516978949,0.23045084338421826,0.19480924765297897,39156,10.575308946381321,56.99728543383585,4.0430036427327005,0.22,627.2217434771222,0
40113,40,0.5028661087866109,0.6447907949790795,0.11156903765690376,0.030271966527196652,0.08773539884732572,0.19246723688557688,0.201497742373628,0.2715759333357806,0.24672368855768878,0.14485486415803922,44195,10.696366939495048,21.278887870944878,3.057715401404035,0.175,472.4957469119478,0
40067,40,0.5045686851479015,0.798358370760415,0.004955861855350782,0.08672758246863868,0.09722222222222222,0.19160997732426305,0.20691609977324263,0.2494331065759637,0.2548185941043084,0.2072273744803326,34701,10.454523783963511,8.509129820566343,2.1411396836045253,0.233,717.4170496960381,0
40047,40,0.49484874335586326,0.7949832666185446,0.027724916333092722,0.09433033663626222,0.11417504913862875,0.24017227425135854,0.191496126719852,0.24181986356804255,0.21233668632211816,0.1386760520687739,44530,10.703918398315748,57.589001441709044,4.053331602276558,0.15,483.7210174182086,0
40049,40,0.4894564027727107,0.7836920831813207,0.02251003283473185,0.0661802261948194,0.09541761455963602,0.21059473513162172,0.2173545661358466,0.24361390965225868,0.23301917452063697,0.19058919500166857,38245,10.551768111755967,34.17190174549725,3.531403719992521,0.20600000000000002,708.6099216771252,0
40121,40,0.5092366294559306,0.7134553140894379,0.03364378977035031,0.04165840984653324,0.0971710651224606,0.22099867097019177,0.20820201253085246,0.24446554015568636,0.2291627112208088,0.185143710339679,41252,10.62745487543596,34.789982397036454,3.549329483186041,0.203,593.3310779442896,0
40123,40,0.48649867374005307,0.6876923076923077,0.02517241379310345,0.04206896551724138,0.1599067172710229,0.22817687137043302,0.19305866752023412,0.22246101787918973,0.19639672595912022,0.18827669635983724,41881,10.642587542445344,52.32949537432246,3.957560177194538,0.17300000000000001,553.1177417695944,0
40129,40,0.4990573660113116,0.8639913816321034,8.079719903043361e-4,0.052248855373013735,0.06388329979879276,0.21327967806841047,0.20724346076458752,0.2595573440643863,0.2560362173038229,0.13198800109080994,53885,10.894607425030932,3.2537751854292565,1.179815917728262,0.16899999999999998,NA,0
40153,40,0.5279988282966362,0.8249279890641019,0.011082360982277986,0.10730849973148465,0.1072768192048012,0.2557305993164958,0.21405351337834458,0.23280820205051264,0.1901308660498458,0.15234435049961567,51867,10.856438028772885,16.486652033686443,2.8025510858602565,0.159,475.2617967998854,0
40021,40,0.4913451819407008,0.4990523921832884,0.011518699460916442,0.063910882749326145,0.17404280098995487,0.2093099432231766,0.1918765468044839,0.21862716552627748,0.20614354345610714,0.22790228055927478,37260,10.52567564415558,63.367351295956276,4.148948765017613,0.22699999999999998,492.62134396325223,0
30073,30,0.4896204995134609,0.8151151475835225,0.005838469023678235,0.016217969510217322,0.11411411411411411,0.16486486486486487,0.2003003003003003,0.27417417417417417,0.24654654654654654,0.1751393899639226,41277,10.628060723095926,3.7994581181529186,1.33485845607785,0.239,NA,1
30111,30,0.48894483070939554,0.8773741975012653,0.005161298915794241,0.048802578651535734,0.10536972815751203,0.22974605660588432,0.20467613827050005,0.24136928068016555,0.21883879628593803,0.12302264320908458,51342,10.84626440964611,57.022117545553215,4.043439219686467,0.151,NA,1
30063,30,0.5026350879420916,0.9062162676995364,0.004090962691508758,0.027611730450005895,0.17970538259538554,0.24316467961410457,0.17918579994663747,0.19994102034797995,0.1980031174958925,0.1653994510792968,46117,10.738936924565653,42.508668077414264,3.7497080098971147,0.155,NA,1
30081,30,0.4981322514410113,0.9355317517255028,0.0025975311085273236,0.030551913514583282,0.07496594454453574,0.16135694511578855,0.1949729753482445,0.2668629432702026,0.30184119172122864,0.16829487115585903,38688,10.56328475341452,16.90758111962376,2.827762108303963,0.22899999999999998,NA,1
30105,30,0.4997990622906899,0.8606831882116543,0.0014735432016075016,0.016075016744809108,0.08050221565731167,0.172575086164451,0.189561792220581,0.2708025603151157,0.2865583456425406,0.13520619983393303,47181,10.761746548158834,1.5154840240780263,0.4157348757762415,0.19899999999999998,NA,1
30013,30,0.4989402237169356,0.8693228458362431,0.012067972703103369,0.0357996103943838,0.1273000375516335,0.22718738265114533,0.18623524012183418,0.2393082154629282,0.2199691242124588,0.14948939216942383,44963,10.713595208320141,30.250637657246166,3.409517263833065,0.16899999999999998,NA,1
30027,30,0.5015194929235044,0.952331336285491,8.682816705739342e-5,0.016844664409134322,0.06597168196670297,0.17659872413256575,0.18453399719931537,0.25610704838960635,0.3167885483118095,0.138398430533262,38344,10.554353340839468,2.6538070967737477,0.9759952493097607,0.179,NA,1
30033,30,0.47161572052401746,0.9790393013100437,0,0.0034934497816593887,0.08877721943048576,0.19765494137353434,0.18760469011725292,0.24120603015075376,0.2847571189279732,0.10535557506584724,45096,10.716548829761411,0.2449011369401603,0,0.295,NA,1
30061,30,0.5081772931974402,0.9651576202891681,0.006399620763214032,0.01753970135103105,0.07268063274903805,0.129115006412997,0.17015818725951262,0.28388200085506626,0.34416417272338606,0.18430034129692832,33033,10.4052623407817,3.459793330856781,1.2412088563194195,0.226,NA,1
30069,30,0.5148698884758365,0.9349442379182156,0.026022304832713755,0.026022304832713755,0.057692307692307696,0.08653846153846154,0.21794871794871795,0.32051282051282054,0.3173076923076923,0.11069418386491557,41705,10.638376304675711,0.32510086888947837,0,0.23800000000000002,NA,1
30077,30,0.6205331820760068,0.90981281905842315,0.0035450935904707886,0.026091888825865002,0.07800956106040852,0.1875271621034333,0.21012603215993048,0.288135593220339,0.23620165145588876,0.15295186194368757,40802,10.616486378798674,3.0313034088837996,1.1089926949740194,0.205,NA,1
30089,30,0.5082456140350877,0.9042105263157895,0.0011403508771929824,0.02236842105263158,0.06506903666084748,0.14156483097920966,0.17362323440723695,0.25773686716394223,0.3620060307887637,0.22004999107302267,32881,10.400650262332935,4.129650747466785,1.418192838619121,0.27399999999999997,NA,1
30109,30,0.5032327586206896,0.9806034482758621,0,0.01939655172413793,0.06924643584521385,0.17922606924643583,0.164969450101833,0.28105906313645623,0.3054989816700611,0.13303769401330376,41875,10.642444269127367,1.0435584443332415,0.04263645395258646,0.209,NA,1
30031,30,0.5162570082733144,0.9305894053486924,0.0034863769002939924,0.028874632509644914,0.1864879392595579,0.25426661291406305,0.191560841228247,0.19374454075119263,0.17394006584693947,0.14080535227026225,52833,10.874891274463195,35.15556411081001,3.559782901911517,0.147,NA,1
30059,30,0.516010498687664,0.9658792650918635,0,0.015223097112860892,0.05028462998102467,0.20588235294117646,0.18785578747628084,0.23434535104364326,0.3216318785578748,0.13551151580074985,38182,10.550119479354604,0.796433649551635,0,0.255,NA,1
30009,30,0.5025676476397393,0.9545723879123049,8.888011060635987e-4,0.021429982223977878,0.05971150620597115,0.1578329419657833,0.18651459241865145,0.28564240187856427,0.31029855753102986,0.11092252396166134,47831,10.775429243836092,4.9424342586934324,1.5978579747487671,0.203,NA,1
30001,30,0.5043112739814615,0.9215348135374003,0.002478982539340375,0.036538046992886396,0.13731399510265588,0.16556790355999246,0.17046524769259747,0.24373705029195705,0.28291580335279715,0.1505032021957914,41614,10.636191928094528,1.6742384542870465,0.5153584077335035,0.20199999999999999,NA,1
30029,30,0.49974873273903164,0.9374126026918371,0.0022395560216745326,0.02415443104352386,0.08786964837428277,0.19539870531116668,0.19536192437840225,0.25798146240988673,0.2633882595262616,0.14162411864818866,46581,10.74894801164928,17.99176831785143,2.889914337620539,0.198,NA,1
30065,30,0.5037005709452316,0.9357157961514062,0.0057094523155001055,0.01733981814337069,0.06418295831796385,0.14902250092216895,0.17373662855035044,0.283659166359277,0.32939874585023976,0.13007083065035416,43409,10.67842207186152,2.5313745379799855,0.9287624508520465,0.21899999999999997,NA,1
31083,31,0.518432510885341,0.9637155297532656,0.001451378809869376,0.018867924528301886,0.05597416576964478,0.158772874058127,0.1883745963401507,0.25672766415500536,0.3401506996770721,0.12052117263843648,45920,10.734656030993449,6.224411255614617,1.8284788604667395,0.122,NA,0
31185,31,0.48953640459235576,0.9280627815724458,0.0076297049847405905,0.04207237320156954,0.11803661862095832,0.19698740423321648,0.1871185560316842,0.2549019607843137,0.2429554603298273,0.0887241513850956,49633,10.812411214064715,24.03800806972804,3.179636247237673,0.09699999999999999,331.12910119541436,0
31019,31,0.4949984003412605,0.887256052042231,0.007721019515836622,0.07765809960541752,0.20065990029767242,0.22734282537747014,0.18717498117132303,0.20141304737653767,0.18340924577699674,0.1363492851021605,50963,10.838855158215019,48.42931396367363,3.8801052907908256,0.10099999999999999,236.1251857462516,0
31037,31,0.5099571224392568,0.5620771796093378,0.010767031919961886,0.41743687470223917,0.09060283687943263,0.23812056737588652,0.199645390070922,0.2714539007092199,0.200177304964539,0.15457015330875218,51765,10.854469524200214,25.494339989311566,3.238456466323879,0.141,247.5032578556508,0
31087,31,0.5090152565880721,0.9642857142857143,0.0017337031900138697,0.017337031900138695,0.08632640201638311,0.18399495904221802,0.1695022054190296,0.27473219911783237,0.28544423440453687,0.15450338198647207,39702,10.589156843240115,4.06229795913193,1.4017488132823668,0.14300000000000002,NA,0
31141,31,0.49765069551777436,0.8342812982998454,0.0022256568778979907,0.1459969088098918,0.10387528332135552,0.20570512466139643,0.20089557189452154,0.26717894853225715,0.22234507159046935,0.10672234607052027,51213,10.843748685048862,47.992831488044814,3.871051655755899,0.1,265.3676274993918,0
31143,31,0.4917633845001872,0.9498315237738675,0.0020591538749532012,0.030887308124298015,0.06822880771881461,0.15506547208821503,0.21157822191592005,0.271881461061337,0.2932460372157133,0.0830763299922899,52848,10.875175147630571,12.1867478812351,2.5003491221107677,0.1,NA,0
31013,31,0.4823196605374823,0.8377828854314003,0.001326025459688826,0.1082036775106082,0.09365228267667292,0.20419011882426516,0.1887116948092558,0.24343339587242027,0.2700125078173859,0.23882480173035328,46373,10.744472672295117,10.51992340692258,2.3532709265722778,0.113,363.936456279053,0
31017,31,0.4910009472687086,0.9766340385222608,3.1575623618566466e-4,0.020208399115882538,0.05885959534028203,0.18270999386879216,0.19251992642550583,0.269773145309626,0.296137339055794,0.15628027123022278,33647,10.423679178052442,2.5930683933046925,0.9528418823385301,0.16,NA,0
31161,31,0.48849721706864563,0.8339517625231911,0.0025974025974025974,0.0339517625231911,0.0611587982832618,0.18812589413447783,0.19027181688125894,0.25143061516452075,0.3090128755364807,0.16028072837632776,38548,10.559659496971179,2.2082362706289826,0.7921941293154934,0.183,NA,0
31109,31,0.5006951320060854,0.8401230883869832,0.03622620940894806,0.06041611326339466,0.17802397851203672,0.24370522177610748,0.1944582498031573,0.2025218202225858,0.18129072968611268,0.15182597546532223,51574,10.850772948512507,346.09717890795514,5.846719599518668,0.098,229.1642265982358,0
31129,31,0.4905871806364859,0.9616763783056925,4.4822949350067237e-4,0.02218735992828328,0.07228400342172797,0.1800684345594525,0.18562874251497005,0.2797262617621899,0.2822925577416595,0.11100938429846646,37594,10.53459974217654,7.757908737644636,2.048712805303911,0.133,NA,0
31007,31,0.47671568627450983,0.9129901960784313,0.012254901960784314,0.05514705882352941,0.06762295081967214,0.1168032786885246,0.12090163934426229,0.42213114754098363,0.2725409836065574,0.15441176470588236,36875,10.51528909364212,1.093666651476852,0.08953595142196608,0.21,NA,0
31063,31,0.5062305295950156,0.9758566978193146,0,0.009735202492211837,0.12508833922261484,0.15335689045936396,0.18091872791519434,0.2784452296819788,0.26219081272084804,0.11960132890365449,50227,10.82430800969668,2.6349487785658,0.968863742929929,0.132,NA,0
31055,31,0.4914798445579068,0.7172368052418825,0.11153675359302608,0.1133797220109892,0.11893983069803195,0.2630481285107161,0.21406271166683993,0.2208518024957391,0.18309752662867296,0.14278921110071718,53325,10.88416054333955,1597.4699730556697,7.376176389865756,0.10400000000000001,305.8867790392738,0
31147,31,0.4917360357099771,0.9319580166485704,3.619254433586681e-4,0.014959584992158282,0.06693620844564241,0.1725067385444744,0.2028301886792453,0.2834681042228212,0.2742587601078167,0.17187307074947525,38582,10.560541125447834,15.020658161786024,2.7094264644029953,0.13699999999999998,368.3611498229862,0
31151,31,0.5066211318650683,0.7508363534987454,0.007875662113186507,0.21124895455812656,0.1618460764587525,0.18649396378269617,0.2107645875251509,0.23968812877263582,0.2012072434607646,0.16810019616719482,44109,10.694419122245767,24.995731841161774,3.218705083939269,0.115,282.6113437445448,0
31173,31,0.4963123644251627,0.38756326825741144,0.004483007953723789,0.03557483731019523,0.13861094761624485,0.21748087110064743,0.2004120070629782,0.2442613301942319,0.19923484402589758,0.2691176470588235,41400,10.631036159813405,17.569311760640677,2.8661537301535143,0.174,680.9476123589944,0
31177,31,0.5002965305920728,0.9570030641494515,0.004892754769200356,0.022239794405456162,0.09506320464639563,0.17236077895456098,0.20515886573283226,0.28536043730782373,0.24205671335838744,0.07707158461616624,65409,11.088415142656158,51.88763918165546,3.9490805957490687,0.075,298.8798276626572,0
31031,31,0.4854402789886661,0.8959023539668701,0.0015693112467306015,0.014472537053182214,0.08447561364360855,0.21294230156200192,0.18999043672298374,0.25980235894166404,0.2527892891297418,0.12987246272678282,45464,10.724676082976957,0.9621801946238036,0,0.155,NA,0
31053,31,0.4895160190865712,0.8710020449897751,0.0019359236537150647,0.10301295160190865,0.10156557699881844,0.22183930681370617,0.2170145726664041,0.24305829066561638,0.2165222528554549,0.10680566483084186,48626,10.791913646261978,69.36747455107376,4.239418091243289,0.10400000000000001,351.665918881667,0
31069,31,0.49949135300101727,0.9237029501525941,0,0.04781281790437437,0.0456754130223518,0.16423712342079688,0.19630709426627793,0.27405247813411077,0.3197278911564626,0.09361924686192469,39400,10.581521095286025,1.1535642848048124,0.14285652729536957,0.16399999999999998,NA,0
31123,31,0.5108914885034288,0.8396530859217426,0.001008471157724889,0.13856393707139975,0.08486407053637031,0.17670830271858928,0.21160911094783247,0.275165319617928,0.25165319617927995,0.13820969747202652,43886,10.689350641595816,3.48213771510523,1.2476463911397784,0.13699999999999998,NA,0
31127,31,0.4863327320660469,0.9508810878312751,0.008741501318162898,0.020951852365755516,0.14303575893973494,0.19854963740935233,0.1625406351587897,0.24756189047261815,0.2483120780195049,0.10379746835443038,42672,10.661298246421795,17.691012366771236,2.8730567347293183,0.096,NA,0
31171,31,0.494550408719346,0.9495912806539509,0.008174386920980926,0,0.09601873536299765,0.1451990632318501,0.19672131147540983,0.20374707259953162,0.3583138173302108,0.07660738714090287,55089,10.91670533818729,1.0291123835588782,0.02869666717481592,0.19399999999999998,NA,0
31043,31,0.4969885277246654,0.5411089866156787,0.040439770554493305,0.3575525812619503,0.1217214158390629,0.24420677361853832,0.20634920634920634,0.23121976063152533,0.19650284356166708,0.1694134755210858,47069,10.759369889215188,79.16595712474692,4.371546372131646,0.152,290.6868498123922,0
31003,31,0.49803030303030305,0.9598484848484848,9.090909090909091e-4,0.028484848484848484,0.08567415730337079,0.17387640449438202,0.17359550561797754,0.2817415730337079,0.2851123595505618,0.109504767763765,43518,10.680929924591467,7.699325025839402,2.041132666035469,0.131,NA,0
31029,31,0.48343373493975905,0.8674698795180723,2.51004016064257e-4,0.11872489959839358,0.07685009487666034,0.20018975332068312,0.23624288425047438,0.2476280834914611,0.23908918406072105,0.12814586543400103,45610,10.727882269705747,4.454288202732724,1.4938672732376976,0.14300000000000002,NA,0
31035,31,0.5070335445973102,0.9030762096150874,0.00896583706909878,0.07945586643994434,0.08154020385050963,0.17525481313703284,0.1896942242355606,0.2817100792751982,0.2718006795016987,0.08963231813160802,46784,10.75329654310945,11.303729409441733,2.4251327075020988,0.11800000000000001,NA,0
31041,31,0.49613686534216334,0.960448859455482,0.0051508462104488595,0.022259013980868287,0.07959602875727491,0.1809311879493324,0.19719274221157138,0.2783293392673742,0.26395070181444713,0.09553245293621804,44873,10.71159155655226,4.2212801909671125,1.440138444831149,0.14800000000000002,383.4944863233668,0
31061,31,0.5011002829298963,0.9717070103740962,0.002514932411191449,0.012574662055957246,0.0955451348182884,0.15474794841735054,0.17819460726846426,0.2889800703399766,0.2825322391559203,0.129366106080207,43011,10.669211175914377,5.524334162301846,1.7091627265309424,0.11800000000000001,NA,0
31081,31,0.49955995599559955,0.9642464246424642,0.0034103410341034105,0.02299229922992299,0.07140007977662545,0.1757080175508576,0.20881531711208615,0.28520143597925807,0.2588751495811727,0.10108707833688221,56065,10.934267010894981,16.744093516407,2.818045570197799,0.085,321.01822723193243,0
31095,31,0.49067830226100756,0.9517387280179823,1.322226629644321e-4,0.029882321829961655,0.0714635340186001,0.1744982868330886,0.19823788546255505,0.2687224669603524,0.28707782672540383,0.13564583614522877,44843,10.710922779497595,13.264116032515764,2.5850623462825837,0.11199999999999999,414.3814267916316,0
31101,31,0.49836304110585666,0.9204559233660725,0.0012125621438098702,0.05868800776039772,0.05510249063257659,0.17875247961207846,0.18823010800088164,0.2990963191536257,0.2788186026008376,0.11249691281797974,41970,10.644710356327636,7.76846269781462,2.0500722938153575,0.127,439.3217908844486,0
31115,31,0.5524956970740104,0.9345955249569707,0,0.043029259896729774,0.06875,0.146875,0.2125,0.30625,0.265625,0.25817555938037867,38125,10.548625513909712,1.022365341638952,0.022118905043614155,0.17300000000000001,NA,0
31135,31,0.4933875890132248,0.9647338080705324,0,0.032892505934214986,0.09683313032886723,0.18757612667478685,0.18392204628501826,0.26431181485992694,0.2673568818514007,0.05757891085674644,58625,10.97891650574858,3.338484267010817,1.2055168917124452,0.109,NA,0
31155,31,0.5067307692307692,0.9604326923076923,0.005865384615384615,0.02048076923076923,0.07696267696267696,0.18326898326898328,0.20892320892320893,0.2920634920634921,0.23878163878163877,0.08037456106125634,59870,10.999930823919398,27.724683232164896,3.3223231078209317,0.09300000000000001,334.20202871608,0
31157,31,0.48304096738334734,0.7485562454247214,0.00520565029959602,0.21584469809939538,0.103647859922179,0.22285992217898834,0.198784046692607,0.2389105058365759,0.2357976653696498,0.13739522708919272,43444,10.679228031399926,49.88226956685209,3.9096656203150513,0.122,424.370687206423,0
31103,31,0.49426934097421205,0.9785100286532952,0.0014326647564469914,0,0.028645833333333332,0.12760416666666666,0.19791666666666666,0.3411458333333333,0.3046875,0.15517241379310345,36923,10.516589942087034,0.9028913218949852,0,0.245,NA,0
31105,31,0.5059539560730352,0.9026197406721355,0.004763164858428155,0.06562582693834347,0.07438449449973808,0.2210581456259822,0.16291251964379255,0.26191723415400736,0.27972760607647984,0.13038793103448276,42180,10.649701454032765,3.9701800501341604,1.3788114463493273,0.135,NA,0
31111,31,0.4941873339238264,0.8971158104517272,0.0075011071744907,0.07531554472984943,0.08958282507928764,0.22390827030983165,0.2012686020980727,0.24479141253964382,0.2404488899731642,0.11351382030762246,48158,10.782242550881179,14.090109934681918,2.6454731281996624,0.10099999999999999,373.1574400881328,0
31139,31,0.5093606989321869,0.9733740119262239,0.0015254472333934266,0.014145056164193592,0.07900792636154436,0.19534645870621326,0.20122730759396573,0.2904627972385579,0.23395551009971874,0.055784244144783536,51924,10.857536390012886,12.579175890407136,2.532042739619866,0.11599999999999999,NA,0
31165,31,0.500406834825061,0.9471114727420668,0,0.043938161106590726,0.07060518731988473,0.13544668587896252,0.21613832853025935,0.2665706051873199,0.3112391930835735,0.09313725490196079,42014,10.645758175055626,0.5946563186467577,0,0.152,NA,0
31021,31,0.49036751630112624,0.9432424422050978,0.011707172495554238,0.011855364552459988,0.06819468024900963,0.16921335597057158,0.1941143180531975,0.279003961516695,0.2894736842105263,0.09655587306361858,46817,10.754001663810453,13.727137541931034,2.6193747160292635,0.11900000000000001,NA,0
31025,31,0.5014669732772976,0.9508762191737372,0.006978035048766949,0.026405518991356753,0.0753886366762966,0.1788416563488788,0.21791167973586464,0.27775484936029715,0.2501031778786628,0.06382551413881749,64697,11.077470111562347,45.2456381425286,3.812106270859421,0.08800000000000001,336.2636100892828,0
31039,31,0.49697636063771305,0.8985156679494227,2.1990104452996153e-4,0.08609125893347994,0.10508617065994115,0.17486338797814208,0.20155527532576714,0.271332492643968,0.2471626733921816,0.11586253218403672,47500,10.768484990022733,15.938831339299952,2.7687583544446888,0.126,NA,0
31051,31,0.4945405677809508,0.8736771375776919,0.0025197379472534855,0.11019653955988577,0.07723704866562009,0.19497645211930925,0.20722135007849293,0.2555729984301413,0.26499215070643645,0.11175865615358245,47325,10.764793976077524,12.500209981689595,2.525745442702329,0.122,NA,0
31057,31,0.5055165496489469,0.9277833500501504,0.0015045135406218655,0.059679037111334,0.07325684024713151,0.13945278022947927,0.1915269196822595,0.27007943512797883,0.32568402471315094,0.08127572016460906,47431,10.767031302351667,2.168150156902742,0.7738743417429931,0.175,NA,0
31075,31,0.503257328990228,0.9853420195439739,0,0.014657980456026058,0.1130952380952381,0.09523809523809523,0.14285714285714285,0.3630952380952381,0.2857142857142857,0.1875,44167,10.695733182881636,0.7910087809704415,0,0.183,NA,0
31077,31,0.4974072596729158,0.9756681292381332,0.002792181890706023,0.019146390107698443,0.059205190592051905,0.18572587185725872,0.18004866180048662,0.2871046228710462,0.28791565287915655,0.12079448723145521,44950,10.713306039899766,4.399704463409797,1.4815373712615199,0.17800000000000002,NA,0
31079,31,0.49926805875721425,0.7152664434386095,0.01938382325722266,0.2417930036512931,0.10850431250183981,0.2320803037885255,0.2164493244237732,0.23740837773394954,0.20555768155191192,0.13742383935467262,48712,10.79368068528841,108.79040214977786,4.689423114995493,0.129,310.5087025429352,0
31085,31,0.5350262697022767,0.9518388791593695,0.002626970227670753,0.0446584938704028,0.1349206349206349,0.19365079365079366,0.12698412698412698,0.23492063492063492,0.30952380952380953,0.05866900175131348,49125,10.802123349171563,1.6015437647778172,0.4709680170604196,0.28,NA,0
31131,31,0.4918293380810072,0.915686399186113,0.0012716983531506326,0.060214917021682454,0.09757793487078456,0.1831034882373392,0.20141383706107313,0.2756982269092595,0.24220651292154363,0.10490374609781478,50881,10.837244851908915,25.546146961410326,3.2404865014189728,0.08900000000000001,310.0723725767314,0
31145,31,0.4958692691783931,0.930458465728552,0.006627326373127553,0.04430322287789378,0.10969556585043018,0.19374586366644606,0.18630046326935804,0.2690271343481138,0.2412309728656519,0.1266560180400263,42345,10.653605629355699,15.362943436752513,2.731958339357752,0.09699999999999999,305.9939729382002,0
31089,31,0.49075227599425014,0.95563009103977,3.833253473885961e-4,0.03277431720172497,0.07142857142857142,0.16910714285714284,0.18678571428571428,0.30089285714285713,0.2717857142857143,0.10171473109898675,44427,10.701602671705613,4.325569692244111,1.4645438524595098,0.126,303.3008517891156,0
31065,31,0.48800813008130084,0.9538617886178862,2.032520325203252e-4,0.028658536585365855,0.08436055469953775,0.16486902927580893,0.19568567026194145,0.2630970724191063,0.29198767334360554,0.16177079023582955,39603,10.58666015194887,6.841581239605525,1.923018880298473,0.124,NA,0
31027,31,0.5054607508532423,0.9749715585893061,0.0015927189988623437,0.014562002275312855,0.08214364155501867,0.1678014495936745,0.19327915660004394,0.2984845157039315,0.25829123654733144,0.1009738001391143,48038,10.779747643353929,11.873372307891808,2.4742982717168065,0.12300000000000001,NA,0
31045,31,0.4801569995638901,0.8720017444395988,0.018207588312254688,0.03597906672481466,0.22237093690248566,0.1948374760994264,0.16195028680688336,0.1977055449330784,0.2231357552581262,0.1930391547545059,40359,10.605569697153653,6.568017507075012,1.8822120376573865,0.14,342.7716970773066,0
31097,31,0.5721729062138171,0.8247780779621767,0.05268236202238518,0.08992666923967581,0.0920283164050477,0.2219144352108341,0.18313327177593106,0.3044013542628501,0.19852262234533702,0.13688760806916425,42364,10.65405422396356,13.780045791661237,2.6232215886323305,0.138,NA,0
31033,31,0.49501097585312315,0.9046098583117143,0.0029934144881261227,0.06146477748952305,0.07961399276236429,0.22471135619507152,0.19800103394795796,0.2689987937273824,0.22867482336722386,0.13978930307941653,51529,10.849900034962806,8.377588321197171,2.1255600832412775,0.095,337.972383124082,0
31047,31,0.5036279683377308,0.6277622031662269,0.03434201846965699,0.3215699208443272,0.10465638568648002,0.21417876927683785,0.22136547387333433,0.23746069770923792,0.2223386734541099,0.1478976771537783,46078,10.738090891650067,23.942449679003765,3.175653020667825,0.155,315.10811073268917,0
31071,31,0.49666153055983564,0.987673343605547,0.00667693888032871,0.0030816640986132513,0.061224489795918366,0.1540816326530612,0.1653061224489796,0.32755102040816325,0.29183673469387755,0.1300684570826751,41892,10.642850156893036,3.417048386247565,1.228777133479945,0.191,NA,0
31117,31,0.4895287958115183,1,0,0,0.03636363636363636,0.29545454545454547,0.1409090909090909,0.3181818181818182,0.20909090909090908,0.13612565445026178,54926,10.913742103732497,0.4447155683045859,0,0.161,NA,0
31125,31,0.49770704073374694,0.9724844888049636,8.092797410304828e-4,0.022120312921499866,0.08325266214908035,0.18393030009680542,0.17473378509196516,0.2836398838334947,0.2744433688286544,0.12562120375483157,44286,10.698423878998108,8.393847380064443,2.1274989827189947,0.13699999999999998,NA,0
31167,31,0.5035783994795056,0.9282693558880937,0.002114508783344177,0.048145738451528954,0.08042973286875726,0.20121951219512196,0.2221254355400697,0.2697444831591173,0.2264808362369338,0.08479292846619742,51493,10.849201155083453,14.36619784133156,2.6648780750551775,0.1,NA,0
31175,31,0.4830827067669173,0.9729793233082706,2.3496240601503758e-4,0.017857142857142856,0.08367254635911352,0.1754862053369516,0.18995929443690637,0.26142017186793304,0.28946178199909545,0.15184743742550655,40445,10.607698305452052,7.492324592287976,2.0138791088285943,0.14,NA,0
32001,32,0.49340713006674264,0.7544766400781378,0.02010418362363666,0.1261598567475175,0.11854125035683699,0.21053382814730232,0.19754496146160433,0.2489294890094205,0.22445047102483587,0.14997306369400357,49830,10.81637249127545,4.983715508782349,1.6061756989535574,0.182,442.0402497412038,0
32005,32,0.5012224938875306,0.8237907940895078,0.00510258318273626,0.11293717444456255,0.08175209692451071,0.15929170549860205,0.19213420316868593,0.26680335507921715,0.30001863932898415,0.10201586961183787,60100,11.0037651205233,66.27270793088532,4.193778167358034,0.16899999999999998,329.3907352277544,0
32027,32,0.6537322274881516,0.6750592417061612,0.03658175355450237,0.22571090047393366,0.07726663689146941,0.22599374720857526,0.2615006699419384,0.2474318892362662,0.18780705672175077,0.17993858751279426,52101,10.860939421415225,1.1185172754761277,0.11200394704658752,0.18899999999999997,NA,0
32011,32,0.532150776053215,0.9290465631929047,0.005543237250554324,0.0393569844789357,0.047898338220918865,0.2873900293255132,0.1739980449657869,0.2482893450635386,0.24242424242424243,0.1393258426966292,64632,11.076464923159545,0.4320250287138586,0,0.094,NA,0
32013,32,0.5248809523809523,0.6836904761904762,0.00505952380952381,0.24660714285714286,0.09831683168316832,0.21693069306930693,0.2025742574257426,0.2589108910891089,0.22326732673267327,0.12283684498148036,59472,10.993260892537034,1.7426017479747702,0.5553792538988859,0.165,406.17139762605063,0
32033,32,0.5604110545744787,0.7539658784794971,0.028434600419036216,0.1381821809837374,0.08749365374851921,0.19275681164325606,0.21611101709257066,0.26941952953122356,0.23421898798443053,0.12878038051248214,48586,10.791090702546029,1.1292696600856638,0.12157110526214131,0.146,453.2066183923114,0
32007,32,0.5196809467644883,0.6848449713131959,0.008975871099294324,0.23293285088859125,0.11736463056815151,0.22956121632435317,0.21652440650840224,0.24439850626833823,0.19215124033075487,0.08776126664909685,70238,11.159644754099512,2.913423624247037,1.0693288928235578,0.14800000000000002,351.5975175531258,0
32023,32,0.5062257885998893,0.7828122117690463,0.026240546024718685,0.13846615015679764,0.08327160224846399,0.14471218789489737,0.18562900344241579,0.2790535535317443,0.30733365288247855,0.18919549345711553,39876,10.593529918142595,2.3852261179839935,0.8692939282253072,0.213,744.5383229063624,0
32029,32,0.48153730218538054,0.9138407435317759,0.005023863350916855,0.02185380557648832,0.029154518950437316,0.0849645980841316,0.1836734693877551,0.2694710537276135,0.4327363598500625,0.11001016260162602,61573,11.027978741746653,15.141487905066178,2.7174385196049418,0.163,NA,0
33005,33,0.48654026217228463,0.9510247607157719,0.006411256762380358,0.015189346650020807,0.1344750687422868,0.1760019052980276,0.19165566068374218,0.25838439387706497,0.23948297139887847,0.1135845383759733,55155,10.917902682403483,108.81612090680102,4.689659493545012,0.125,NA,1
33009,33,0.49348406343225,0.9200367853217594,0.0062355606397057175,0.019256218738084023,0.15308628399677443,0.18098013342130342,0.17962392786452605,0.24635290667839602,0.23995674803900008,0.11188633307896363,54912,10.913487182847634,52.18203492730647,3.9547382771717525,0.14,NA,1
33015,33,0.4941931396140443,0.9389790979987732,0.007175162949332362,0.022438813958034227,0.08472058847444397,0.16442158101009882,0.22299256817923102,0.2969584284219713,0.2309068339142549,0.05521174078330828,77348,11.256069999170483,427.10444495624137,6.057028585089546,0.10099999999999999,NA,1
33019,33,0.4921655375823771,0.9587308170883451,0.003640720770542421,0.012304714502972488,0.0812535830307663,0.17156506783871583,0.21024269061723677,0.27498566787693485,0.26195299063634625,0.09903816901078842,54463,10.90527685101243,80.7685650635663,4.391587843585935,0.135,NA,1
33011,33,0.4953098998301067,0.8719059144265043,0.019586236402938183,0.05488076374879669,0.09748603015801065,0.19986200644237365,0.22442405741173826,0.2721722352148327,0.20605567077304474,0.08594958606516774,69829,11.153804675244917,458.8507074790644,6.128724901116431,0.10300000000000001,NA,1
33007,33,0.5100861008610086,0.958179581795818,0.0063960639606396065,0.013038130381303813,0.07763847497687802,0.16185386907820368,0.20373034631589765,0.27993012023430275,0.2768471893947179,0.13370027840890908,41985,10.645067690617664,18.12017150642035,2.8970257656042757,0.154,NA,1
33003,33,0.49872101312534073,0.9654883213821445,0.002474105757537636,0.01153184886987881,0.07306214770401752,0.14239040677844397,0.19114637561483502,0.29106379923168063,0.3023372706710229,0.10081183627615152,50866,10.836950002918602,51.225429912755445,3.936236086725284,0.166,NA,1
34021,34,0.4893505463278402,0.536534146169185,0.19483338495058328,0.1551234195613077,0.12326090528400588,0.20807854735355635,0.22673398789461296,0.2461310277144976,0.1957955317533272,0.11176000527007714,73480,11.204768539329063,1639.200737451961,7.401964046809875,0.114,296.090810733853,0
34011,34,0.5146813946689377,0.4963582514522505,0.18939634681140446,0.2758386190591196,0.11344374954167845,0.2388090972898792,0.22992551620101198,0.2313607173910766,0.18646091957635375,0.1748096316114427,50750,10.834666896904034,325.2863844135761,5.784705977127092,0.154,389.5065641563898,0
34035,34,0.4879325091123121,0.6134846891697603,0.0860373934342304,0.13311486264856365,0.07738249278186256,0.18343963911849923,0.2416820163086775,0.29063849436503225,0.20685735742592845,0.04994561697617993,99020,11.503077128915415,1080.824881632004,6.985479807876191,0.08199999999999999,208.1408574276974,0
34029,34,0.4797202289852168,0.8562364614390692,0.029025638190920054,0.084625722488435,0.10163805589654658,0.20019095496970052,0.21116437066048335,0.2530543052551587,0.23395231321811086,0.1039138878139069,61136,11.020856169686681,920.6734936329184,6.825105460515762,0.114,370.13464014700116,0
34001,34,0.4854196974105324,0.5798588885656095,0.14783604887983706,0.1734725050916497,0.11062802226951479,0.1941387027336866,0.21435932459708154,0.2652645572013098,0.21560939319840722,0.14358618010101915,54235,10.901081735474317,494.79579056476115,6.20414513313526,0.14400000000000002,406.3000969120638,0
34023,34,0.4914617160286209,0.480865969993611,0.09001427127166088,0.1881592507459983,0.11458230056909441,0.22418552081061252,0.23232337252880172,0.2412524042751482,0.18765640181634313,0.0850563376373758,79596,11.284719119313555,2644.8331898198203,7.880363276072949,0.127,239.0549545451762,0
34033,34,0.4857424990505127,0.7632510444360046,0.13769844284086594,0.07150778579567034,0.09812491917755076,0.19301694038536144,0.21132807448596921,0.26473554894607526,0.23279451700504333,0.12407879490150638,59718,10.997388761474118,198.3284071359058,5.289924278598829,0.11199999999999999,451.3206312042884,0
34009,34,0.48727814322948987,0.8659757560713252,0.043936949236688595,0.06481941169169667,0.09803742749790245,0.1702659322219385,0.1798234414328968,0.2694706890891183,0.28240250975814396,0.10112537812281852,56494,10.941889716805212,384.5440986377647,5.952058473234652,0.124,470.6062099948114,0
34007,34,0.4829702129648382,0.5963482839738896,0.1810337440994563,0.14683006434124227,0.10732441979593882,0.2205082461532495,0.21982955041255006,0.2493980615156892,0.20293972212257244,0.12985085818701333,61683,11.029763645186712,2320.82182741805,7.749676637889668,0.129,379.1093628563728,0
34039,34,0.48593146468159415,0.4414467745038552,0.20493073951843246,0.28100257506918647,0.10131592631791458,0.2139221456144966,0.23766816143497757,0.2551985513186793,0.19189521531393194,0.10796092553468693,68507,11.134691208810318,5255.631714549609,8.567055488179326,0.155,265.9574855095134,0
34017,34,0.49583388276541446,0.30125735915793395,0.11212447933230428,0.4244630432590501,0.11054329158463536,0.3138738789055046,0.23095826526480404,0.19507626002410905,0.14954830422094695,0.16789078541088698,58442,10.975790088413877,13955.207724448484,9.54360803116587,0.22399999999999998,243.454450938902,0
34019,34,0.49798893322943477,0.8758333530110903,0.023668406180389935,0.05479074673152455,0.08409953063717611,0.1330032791101395,0.21432521057030798,0.3233716967787565,0.2452002829036199,0.03979002881797327,106143,11.572542520538697,296.96437044638037,5.693612166779342,0.07200000000000001,227.020961441043,0
34027,34,0.4895883180787504,0.7419804910945945,0.029556133028847416,0.11813569007048809,0.08308367071524966,0.17812753036437248,0.23474358974358975,0.28807692307692306,0.21596828609986504,0.044159202142395416,98633,11.499161170194373,1076.2402293030725,6.981228977236687,0.083,216.22090192553821,0
35023,35,0.5006206040546132,0.42035581299131153,0.007240380637153496,0.5635084815887463,0.07830404889228419,0.22345301757066463,0.23720397249809014,0.2131398013750955,0.24789915966386555,0.2430658479779801,34080,10.436465980943252,1.4065160039931788,0.3411157274775491,0.193,NA,0
35031,35,0.4871844472386111,0.10246915286087353,0.0042142788056319345,0.1362386525361668,0.14157482670922056,0.22732259512292424,0.21672567695606643,0.23026479828454596,0.1841121029272428,0.3495359709720187,30458,10.324103964411636,13.279914947477975,2.586252739470397,0.32799999999999996,546.9013420425282,0
35043,35,0.4894197134146798,0.4676898646472364,0.020441488206257536,0.35873351160648076,0.09394184064490498,0.20322452484396428,0.2267163930434337,0.2504902149256027,0.2256270265420944,0.1417046438928854,58017,10.968491350030408,35.97833263713905,3.5829168860683542,0.17300000000000001,329.9426865122892,0
35017,35,0.4962505513895015,0.4802687387601371,0.0023412846527094433,0.4863425061925282,0.1076001261431725,0.17653736991485336,0.1771680857773573,0.23639230526647745,0.3023021128981394,0.2024680231550487,37899,10.542680005498147,7.439119048370302,2.0067524343571717,0.16699999999999998,482.2103106968748,0
35009,35,0.5106486552269685,0.5067745730396332,0.058070666504401444,0.3957445945397753,0.15309778027535825,0.27044113515032314,0.20086400674346727,0.20781820736161843,0.16777887046923293,0.18852134812748506,39871,10.593404521575788,35.095462191334406,3.5580718398159785,0.18600000000000003,341.361045252637,0
35015,35,0.5025421855427014,0.5108134993736644,0.011108245523542849,0.4469456930218849,0.10815163129247318,0.22528905922896067,0.20155238493993366,0.2411349801925988,0.2238719443460337,0.12476465653835399,49165,10.802937267214256,12.999895108060253,2.5649412888182357,0.139,489.5057272822524,0
35033,35,0.4899749373433584,0.1727234753550543,0.0010442773600668337,0.816624895572264,0.11686879823594266,0.17236310180080852,0.175303197353914,0.30429988974641675,0.23116501286291805,0.19653299916457811,28481,10.256992477269039,2.4791924915884542,0.9079328989245591,0.245,NA,0
35045,35,0.49652853451228246,0.41743204956567764,0.006265761698683023,0.19207478439552914,0.12118174552646194,0.2433523427658047,0.2025655960879401,0.23328772875662057,0.19961258686317274,0.2236253638220841,48196,10.783031309043167,23.303906881596035,3.1486210238371024,0.228,406.3082824032446,0
28009,28,0.47373876986869384,0.6014743146740382,0.35498733010827,0.019120018428933426,0.11880986346036275,0.1933971876910536,0.2571836152435297,0.22233543916853474,0.20827389443651925,0.2412270508947246,31060,10.343676096702678,21.351840557184175,3.06113794472628,0.2,565.7875728461942,0
28037,28,0.4855859228753276,0.6375889180082366,0.35342568326469487,0.0011231748408835642,0.0963323022536456,0.21696862571807335,0.19133893062306673,0.24988952717631463,0.24547061422889968,0.23014770862264866,32372,10.385049130615592,14.21301609318545,2.654158171042553,0.193,573.0983166159514,0
28027,28,0.4599263993802053,0.22676738330428045,0.7597908192911098,0.0052682548905675,0.13536260345069434,0.22576798990040678,0.19610043484359657,0.2350960864076308,0.20767288539767148,0.38203891173679216,26407,10.181384405503108,46.728887376412366,3.8443625468079174,0.193,766.7356052264962,0
28061,28,0.48338979021810186,0.4598561835145896,0.5196410530694717,0.011172520354192667,0.10570802462694355,0.1940937076072211,0.2055723677345299,0.2510696024209538,0.24355629761035166,0.22053459307540513,31170,10.347211372761382,24.88306718147175,3.214187539270808,0.19699999999999998,611.5513517327446,0
28067,28,0.4871505265937161,0.655088450142283,0.2841259131047027,0.04519318215155338,0.11929228154214633,0.2204280305956888,0.20469236910556543,0.23971773674315588,0.21586958201344356,0.22978653135977423,38074,10.547286913465735,98.12102850481078,4.586201701447162,0.188,501.9766017495328,0
28147,28,0.49276121847363247,0.5287258434326891,0.4483458892892237,0.015853259089420244,0.086573291475489,0.2191499637768655,0.21359574981888432,0.24160830717218063,0.23907268775658053,0.2529281841911519,31090,10.344641503052799,37.789891668152016,3.6320416506770035,0.233,615.5759981901977,0
28095,28,0.47519917057732186,0.6730601331441668,0.3100240096038415,0.00998581250682091,0.1062368872782758,0.19902727446118634,0.218815563608621,0.2475205035285142,0.22839977112340262,0.2161115414407436,36308,10.499793381646517,47.905224717485694,3.8692245739901896,0.19699999999999998,479.4050492705058,0
28115,28,0.49356109511040486,0.7832621577779985,0.14099380938193135,0.060317145032608335,0.11007012300264399,0.22324405104034947,0.21945051155305206,0.2439935624784458,0.20324175192550867,0.13951232565140315,39899,10.594106539907239,60.694530118206345,4.105853580631133,0.204,436.6325824694958,0
28051,28,0.471343299350272,0.15778352966034548,0.8295916750303735,0.002165759864772067,0.14527750730282377,0.2133398247322298,0.19688412852969814,0.2403115871470302,0.20418695228821812,0.4352651722252597,22325,10.0134624057447,25.01787368557379,3.2195905168379935,0.214,685.4366464577408,0
28005,28,0.4851083377995559,0.5701707373095475,0.42370415741520556,0.003675063165148151,0.10257801899592944,0.17435549525101765,0.19240162822252374,0.26594301221166894,0.2647218453188602,0.2566255778120185,30750,10.333645273234664,17.88933022873579,2.884204458515481,0.22699999999999998,550.5516229314396,0
32003,32,0.5028911061370562,0.47231483237856775,0.10217534807845517,0.2944390910125574,0.11007701543625496,0.24504142647712424,0.23911684322947416,0.22185470550385078,0.18391000935329588,0.15148173172032298,52873,10.875648090574092,250.51540081893893,5.5235203989502075,0.207,353.2995202918104,0
32019,32,0.5067185563816605,0.7757318773234201,0.008848358116480793,0.15146762701363073,0.08623287671232877,0.19051369863013698,0.2115068493150685,0.2586301369863014,0.2531164383561644,0.1498005149269865,46137,10.739370510108033,25.80868254690841,3.250710968139009,0.22,481.435197386606,0
28089,28,0.4798818334345503,0.5590884293522455,0.3823429506644296,0.028625541682535435,0.09776358924188593,0.22776032816710434,0.2283438889174948,0.24691485162109744,0.19921734205241748,0.12741437908496733,59904,11.000498559837263,135.96946701637216,4.912430353297973,0.127,414.9301222596648,0
28013,28,0.47892436974789915,0.655327731092437,0.27838655462184875,0.05492436974789916,0.10611467999048299,0.195455626933143,0.2270996906971211,0.24149417083035926,0.22983583154889364,0.23696037042080895,30000,10.308952660644293,25.359162457187768,3.2331401028875213,0.22699999999999998,560.0871443829238,0
28091,28,0.48466671665292044,0.6513458798830322,0.3242108420184449,0.013196370997975557,0.10647112981717743,0.22057082730501118,0.21175851637511509,0.2417466789425227,0.2194528475601736,0.2819974332049936,29400,10.288749953326773,49.1791793268238,3.8954703495163177,0.205,738.0261079645304,0
28141,28,0.48452660606679604,0.9345827801041773,0.027729547543662546,0.027474211010111327,0.09795440209065513,0.18293232405154547,0.22276290889429576,0.2578174281337298,0.2385329368297738,0.17553964300539643,32592,10.391822138466587,46.15631202062915,3.832033723441064,0.184,639.3888735415416,0
28153,28,0.4796130592503023,0.5902781136638452,0.3897944377267231,0.012769044740024185,0.12212715987250461,0.21305150142593524,0.2055024324777722,0.2474417044120114,0.21187720181177655,0.28429403986483176,29925,10.306449530426175,25.50107924761024,3.238720774704465,0.19899999999999998,612.9219235930268,0
28041,28,0.6026365348399246,0.713677896352096,0.25723652089000487,0.010462439840970915,0.10547667342799188,0.2581402797053486,0.2526956336073449,0.21511689975445714,0.16857051350485747,0.1818342776203966,36888,10.515641573886542,20.114906244081066,3.0014611443956647,0.18899999999999997,418.2344072720532,0
28093,28,0.4933058143008446,0.4864079515520191,0.4728837954539282,0.03245254324742688,0.12180491517077756,0.20685796141277588,0.20224719101123595,0.24848918931017502,0.22060074309503558,0.22235949890817147,36022,10.491885141897002,52.142969414876674,3.9539893576868788,0.205,617.6175895480512,0
28119,28,0.47595914299950176,0.28749377179870456,0.6979322371699054,0.007847533632286996,0.1253001528050644,0.18838681510587207,0.2154551407989522,0.2475442043222004,0.22331368696791093,0.40744078269824924,22863,10.037275162334227,19.821634914521052,2.9867740136190086,0.21,765.0933883431994,0
28109,28,0.48984145836707516,0.8204754449423239,0.12649138908384172,0.029854775144415053,0.1041371270126351,0.1909443236600813,0.22305195828213126,0.24356429404165486,0.2383022970034975,0.22157879255827634,42510,10.657494621352836,68.53068890799062,4.227281658195543,0.20600000000000002,570.2806624312202,0
28079,28,0.5041030656065308,0.4865853140014456,0.40975381606360817,0.04307155916493048,0.1229559748427673,0.23632075471698114,0.2014937106918239,0.2330188679245283,0.20621069182389937,0.2765280516221545,32521,10.389641313496469,40.341337907375646,3.6973766977513947,0.23199999999999998,572.3038064799885,0
28099,28,0.4783678974877761,0.5960209070982971,0.2105209914011128,0.017265216658236385,0.11027492868847484,0.2203070947381198,0.22504096619530253,0.2237057716817382,0.22067123869636462,0.24082110628917822,37050,10.520023630724232,52.0134493046457,3.951502325613702,0.223,663.3924671592374,0
28121,28,0.48211464170117985,0.7599136880938294,0.1898722723001427,0.026171997354957715,0.09737613987833689,0.24603111197343042,0.23711752017256532,0.22786153688127003,0.19161369109439733,0.11548059049451384,57380,10.957451089535356,185.25825773548166,5.22175083935265,0.147,385.4074099003818,0
28151,28,0.4660326624223971,0.26681561153070504,0.7089841433034125,0.0117442366246194,0.11921955283988335,0.21441466462991252,0.19893070406887933,0.24097347590612414,0.22646160255520068,0.37281459748402396,28093,10.243275713968423,69.78768967120668,4.245457628472036,0.203,701.8590124216781,0
28077,28,0.4867284435369876,0.6575310193183603,0.3258991675828491,0.008010051829747135,0.0989433237271854,0.1970632633456841,0.21517771373679154,0.25620968848634557,0.23260601070399342,0.1875198223913733,38393,10.555630430292005,29.568019913251042,3.3866933689320935,0.20800000000000002,583.2878623566064,0
28111,28,0.4885822244126828,0.7758337440446854,0.21365204534253326,0,0.10292032889140913,0.20640771193648993,0.2106606180890275,0.25219733484547774,0.22781400623759568,0.20966407413536323,36124,10.49471274337069,18.808748370032074,2.934322100430859,0.228,606.406391440227,0
28017,28,0.4765270355685801,0.5246796529334022,0.4253289662701833,0.03752226627592944,0.1219045701630763,0.1997181397221663,0.21461646869337628,0.24390980471109322,0.2198510167102879,0.25275369111788143,31061,10.343708291934567,34.682599311649156,3.5462381004199277,0.198,494.6807271249424,0
28015,28,0.5060470431387487,0.6488905818493477,0.32692124559565755,0.0030473288258261117,0.09594663930220626,0.1788951599110655,0.23174277407217375,0.2228493244398837,0.27056610227467076,0.24389286765427254,31039,10.342999757283348,16.714869883150307,2.8162987354056463,0.23399999999999999,497.7778572215026,0
28039,28,0.5144351188645252,0.8825855780638925,0.08164520806784725,0.021268181218965593,0.11353745132473085,0.21760708559212033,0.22959456364052835,0.24455982286019698,0.19470107658242344,0.18631540763580304,43958,10.69098991157722,47.538374123682914,3.861537261172259,0.19699999999999998,547.9284264629022,0
28101,28,0.4810810810810811,0.6259644259644259,0.3051513051513052,0.01446061446061446,0.11037932471863277,0.20125052105043767,0.23551479783243018,0.23468111713213838,0.21817423926636098,0.18631704410011918,39190,10.576176891193677,37.441360032104946,3.6227759765934597,0.215,619.0302697861696,0
28117,28,0.49053403802161394,0.8358444426914885,0.13520549025794745,0.012700165654334622,0.13236829285266893,0.19716055397035284,0.22249286658779316,0.23794279351381445,0.2100354930753706,0.2420723169425912,32503,10.389087671750044,61.09692033351005,4.112461461200367,0.179,524.85648655320006,0
28125,28,0.43996727347105746,0.29085702597668234,0.6995295561464512,0.009613417876866434,0.11924023918396061,0.19908547309180444,0.18255364052057685,0.2409426661976785,0.2581779810059796,0.31219819441528446,35125,10.466668406636046,11.32446956360604,2.4269658326215,0.196,739.8004705428208,0
28019,28,0.4824644549763033,0.6741706161137441,0.3188388625592417,0.0033175355450236967,0.11158252015273654,0.15210012728044123,0.22295290623674163,0.26516758591429784,0.2481968604157828,0.24134199134199133,29876,10.304810761476958,20.182841237083817,3.0048327997166933,0.204,513.1095034773645,0
28045,28,0.48633316142341415,0.856671973451129,0.07545350584120009,0.034015740969123485,0.09679142344817061,0.18587615886459882,0.21826713975048645,0.2569150356720461,0.24215024226469803,0.18701434040914341,44522,10.703738728010274,94.136545167473,4.54474633641996,0.20199999999999999,483.1830521205094,0
28057,28,0.4876743986989643,0.9148335187879826,0.06201318154583583,0.013438329196268082,0.11659260375084733,0.19469759734879868,0.23363711681855842,0.23491752654967238,0.22015515553212323,0.1565345474022496,36073,10.493299942049775,43.85617516943919,3.780915533747984,0.192,526.0991846116068,0
28055,28,0.6080983369486623,0.2856109906001446,0.7136659436008677,7.230657989877079e-4,0.13356562137049943,0.22531939605110338,0.1997677119628339,0.2613240418118467,0.1800232288037166,0.32515894641235243,24767,10.117267400897372,3.348303453618855,1.208453785801536,0.19,NA,0
28059,28,0.4926164710591397,0.6946092376309808,0.2163381127328349,0.04836104241419239,0.10763693082968384,0.2172655828184054,0.22322874797528347,0.24547363369128322,0.20639510468534406,0.15890300172579375,48943,10.798411634668392,193.57347036474374,5.2656571322126045,0.184,471.376910792158,0
28083,28,0.47769824649142,0.245397430687963,0.7170631075547776,0.02391148063638921,0.13844544753935925,0.23951337663767477,0.2075305515798745,0.21595287900473412,0.19855774523835737,0.40351341515863304,24480,10.105611736626262,53.993070498313195,3.9888557142247207,0.19899999999999998,625.0545051518378,0
28143,28,0.48198874296435273,0.22091932457786118,0.7374296435272045,0.023170731707317073,0.11346371423953451,0.26523355422660416,0.23209956360109907,0.20171326975917245,0.1874898981735898,0.30348067887621055,31446,10.35602706803022,23.445679044929488,3.154686215437518,0.168,691.0647241045422,0
28021,28,0.4682298754318015,0.13901392232806448,0.83816602114519,0.00931644509578143,0.21870424597364568,0.1824670571010249,0.1619692532942899,0.2029648609077599,0.23389458272327965,0.33116811626114717,23689,10.072766084358127,19.599676655601286,2.9755130689371923,0.217,550.4718310722584,0
28047,28,0.49651387112331985,0.6641940489421041,0.22401392354631047,0.053329908364612384,0.12667644684415663,0.2383006796934001,0.20697228274550994,0.23547079401730917,0.19257979669962413,0.19901475703822138,43124,10.67183496565901,332.3309999756095,5.806131460132499,0.207,486.580274593663,0
28075,28,0.4822808917435304,0.53802108617449,0.42027957230167917,0.018858060420478735,0.1207760503661827,0.22352134995074735,0.2111653604008737,0.2316159150284809,0.21292132425371535,0.24087237056077218,36203,10.496897267308269,114.174414539377,4.737727231309958,0.174,491.6758319560448,0
28085,28,0.47797533696587324,0.6758244909664468,0.3071121307714368,0.010696874103814168,0.11210941399620646,0.20490166716581812,0.21932714385544574,0.24203853449136467,0.22162324049116502,0.2349937261081444,36498,10.505012743548761,59.49344411932812,4.085866123612571,0.19699999999999998,543.4524495213816,0
28127,28,0.48729909982142205,0.6206494405772806,0.3531105360982543,0.0156346805641605,0.10975453026603264,0.20267317825472303,0.21321166945122735,0.2433491839095232,0.23101143811849376,0.2258690138743846,38362,10.554822665281634,46.572849958330714,3.8410177524233045,0.2,581.2040960357918,0
28159,28,0.4856183077892085,0.5149065714885577,0.4666701658618518,0.009972706277556162,0.11706550863900951,0.2009609165665712,0.206227478517971,0.2397671625242539,0.2359789337521944,0.29842196281885,30821,10.335951554811068,31.374486409933386,3.445995027913454,0.2,565.7294838844234,0
28007,28,0.4738688541505443,0.5532683279162153,0.4187690244028272,0.017644327503482434,0.10803639120545869,0.20081501137225172,0.21540940106141016,0.24175511751326761,0.23398407884761183,0.2770465152865908,31641,10.362209026944724,26.372074418149015,3.2723056631092367,0.188,510.0497187475266,0
28073,28,0.48318446875605586,0.7570424396173564,0.19829818719940806,0.02247943202438208,0.13596925406160834,0.2545856868339836,0.22360682466662785,0.2141734117510045,0.17166482268677574,0.17431323327814274,51154,10.842595969690729,114.1986299302894,4.737939300042146,0.174,326.6887037589188,0
28081,28,0.4769663188985756,0.6797794292792149,0.27414129865180314,0.02423657758086799,0.10435732541841866,0.23153186577623877,0.2297180311649765,0.2377566163739797,0.19663616126638633,0.18304613338170386,42074,10.647185251693974,186.60698609404133,5.229004726587246,0.152,495.76220957268737,0
28135,28,0.5501936839340819,0.36261571794366754,0.512704352964349,0.10439235769155013,0.13978938674375388,0.2616147016312203,0.21587858765228166,0.2087549039851332,0.17396241998761097,0.302158273381295,29853,10.304040616283272,23.603414289433555,3.161391374848477,0.204,528.6146612544218,0
28129,28,0.4840380163275253,0.7476544413305715,0.23467771414646033,0.012915803582307785,0.11571056062581486,0.1767709691438505,0.2183833116036506,0.2582572794437201,0.23087787918296393,0.2358241892968798,34753,10.456021178201889,25.797954269691886,3.2502951969113973,0.191,477.105945266991,0
28149,28,0.47733989129760895,0.49252929384777533,0.4711814668623034,0.01930190745830664,0.10373634120549877,0.21582657737046176,0.2038068382093761,0.24888967218893196,0.22774057102573142,0.2442106586751053,41025,10.621936915958292,82.22415934722287,4.409449168212858,0.174,571.832658396625,0
28023,28,0.4785120982304081,0.636150234741784,0.3546406644998194,0.00662092211387986,0.09807467290713753,0.19423465588767153,0.21667907669396871,0.24997340708435273,0.24103818742686947,0.23381425800193986,31362,10.353352247940977,24.02415429597689,3.179059753236865,0.19399999999999998,579.523513589188,0
28097,28,0.4630835038125349,0.5275246419936768,0.47247535800632323,0,0.1330006882312457,0.11424638678596008,0.23158981417756366,0.2701307639366827,0.2510323468685478,0.3112115221688789,30466,10.324366586696646,26.423837967865822,3.274266556063399,0.18600000000000003,734.907369059428,0
28105,28,0.497655504377775,0.5785302294701025,0.368148055935931,0.015208099921158555,0.3623179084799177,0.20793002540437985,0.138277004212625,0.15557770846062322,0.13589735344245427,0.3374020768810348,30987,10.341323040674743,105.1896438462596,4.655764852931776,0.17,270.1289527985008,0
28155,28,0.49175634317306743,0.7803336953302399,0.19409615954190937,0.011353539342481983,0.10804794520547945,0.18767123287671234,0.21523972602739727,0.25616438356164384,0.2328767123287671,0.2486698122678446,33524,10.420016879218796,24.06281180215708,3.1806675699757716,0.18899999999999997,586.9608986729368,0
28003,28,0.490029333405097,0.8400387523883851,0.11542291234963266,0.027288140154471327,0.10319467865842233,0.2062019861345325,0.2372587596027731,0.2356192617575417,0.21772531384673038,0.20755235530148958,33600,10.422281345951296,92.8886755758203,4.531401739313289,0.196,582.3097037061476,0
28025,28,0.4693023029358781,0.3946151224499732,0.5823555187691708,0.006037294902380836,0.1189890594521245,0.2061742006615215,0.2026969722669833,0.2412009159528454,0.2309388516665253,0.26436781609195403,30764,10.334100454176944,50.08571560950748,3.9137358498623747,0.20199999999999999,570.2094273920616,0
28031,28,0.4875,0.6191598360655738,0.35932377049180325,0.010809426229508196,0.1288464999100234,0.20100773798812308,0.22332193629656288,0.23528882490552455,0.21153500089976607,0.29921300880804713,33381,10.41574215482581,47.17345912922435,3.8538314278536423,0.20199999999999999,595.345196765384,0
28053,28,0.474400518470512,0.22434651112551307,0.7498379779650033,0.023115143659537696,0.127063339731286,0.21497120921305182,0.1980806142034549,0.25028790786948174,0.20959692898272553,0.44853749725093467,23600,10.069001991013701,22.122339548520756,3.0965879372692737,0.221,752.836074653642,0
42043,42,0.4839296002378873,0.6948575464158938,0.17062835690523537,0.07341052279443196,0.09997481278527592,0.21877860438257538,0.2083535547760488,0.24951929279215634,0.22337373526394358,0.13276402821971278,54066,10.897960801463093,512.4017468912307,6.239108979250239,0.08800000000000001,NA,1
42055,42,0.4882664647993944,0.8983558441903395,0.03312216954194722,0.045021714012510455,0.09535275141427836,0.20325868437047082,0.22772219365094207,0.2505844125485062,0.22308195801580252,0.10952194092256065,52637,10.871174573493699,195.01336399801093,5.273068089538579,0.095,NA,1
42119,42,0.5509436481794712,0.8491720822576337,0.06650048962877236,0.05405946763998932,0.14378492126841302,0.21682025977795516,0.22476598214933605,0.22803134750743778,0.186597489296858,0.12305627027631726,48528,10.789896229928363,142.1979733022767,4.957220264822262,0.102,NA,1
42127,42,0.5268520646594652,0.9170114150003831,0.03150616716463648,0.03654332337393702,0.08303121691424172,0.16551702011614103,0.21415508999326255,0.27620392056209697,0.2610927524142578,0.12235027783494547,49313,10.80594301695381,71.95660442886202,4.2760632210437866,0.111,NA,1
42009,42,0.4974338250151546,0.9739947464134169,0.0053950292988482525,0.009739341281066882,0.08677379480840544,0.17298251809994702,0.22242627582553418,0.2742009535581847,0.24361645770792867,0.1263179529339225,43290,10.675676940436027,48.88886254613275,3.8895496107468395,0.106,NA,1
42089,42,0.4941135385653489,0.696910865537713,0.12158842713987227,0.13565792822601172,0.11755652894518764,0.15932678268418768,0.2113669547373821,0.2859003196401089,0.22584941399313366,0.11965367546585728,57408,10.957938945418467,277.7427065557978,5.626695169149935,0.135,NA,1
42061,42,0.5296028251297031,0.9159654706369621,0.05229541788376858,0.016545319788987226,0.11066652247575791,0.198875310911647,0.2160340290544681,0.24811650625428067,0.2263076313038463,0.12736834344973336,44183,10.696095378697706,52.449067558158276,3.9598425569561257,0.11199999999999999,NA,1
42125,42,0.48697650050229035,0.933019942609122,0.03077669949578701,0.01237220435766918,0.10435646305025686,0.1713764664696448,0.20847682550537738,0.2653689275334001,0.25042131744132085,0.10546175492453314,53693,10.891037918182654,242.76507633120144,5.492094211653628,0.081,NA,1
28043,28,0.46967118877902964,0.5608185789836744,0.42639687284433203,1.839503334099793e-4,0.12042732275817417,0.16858206539333118,0.22968598251861444,0.2529135642602784,0.2283910650696018,0.21877631209654785,34129,10.437902741735204,51.51537406392218,3.9418802886328677,0.182,688.3677625868546,0
28063,28,0.4799739921976593,0.13732119635890766,0.8618985695708713,0,0.13497728747566515,0.1836469824789098,0.2046290287691975,0.24810728963876272,0.22863941163746485,0.40002790567880564,26028,10.166928160614875,14.79036722039186,2.6939761053794418,0.213,608.8978101596239,0
42101,42,0.4719796395402107,0.36586226104702013,0.4201863208529424,0.126708852192745,0.14992267153051533,0.27087133215099224,0.19867007640388995,0.20572314726870802,0.17481277264589445,0.26489064089521874,37192,10.52384896337042,11459.303062616982,9.346557173639068,0.134,NA,1
42133,42,0.49376287702909893,0.8580530275771819,0.04950967023346527,0.05871810679311269,0.09798840881911011,0.19557817914200729,0.2249739351752476,0.2618594952623348,0.21959998160130018,0.10097392191312607,58745,10.980961322001672,482.5792623379611,6.179145181563066,0.084,NA,1
42063,42,0.5003619745712864,0.9419709515406542,0.024523777204651372,0.011933849147097416,0.19729442164462685,0.1715686274509804,0.17785757713938288,0.2309811521507828,0.22229822161422708,0.1765631758542798,43997,10.69187672875773,106.89334123308707,4.671831526409785,0.10400000000000001,NA,1
42041,42,0.4913139242532081,0.8878496013880876,0.03129514127244166,0.029412631765136935,0.11698831662439668,0.20527051616212,0.21183231580944084,0.2453649386324198,0.22054391277162266,0.08277245057011295,60826,11.01577260812488,435.31961155650566,6.07608050051033,0.08,NA,1
42003,42,0.47962195164691146,0.803006358130395,0.12892146514927874,0.016592593075579514,0.11598053837052402,0.22299538114590997,0.19294000045558757,0.24273974291460815,0.2253443371133703,0.1285938758997777,51366,10.846731753970541,1680.557476971544,7.42688084888408,0.08800000000000001,NA,1
42129,42,0.4873685077865363,0.9460545469526765,0.022925650251311488,0.009494905105880413,0.09062790556419924,0.16929014292455696,0.20695793560685702,0.2743927224815329,0.2587312934228539,0.10218910447258142,50736,10.83439099677813,354.32687722494387,5.870219869070245,0.079,NA,1
42053,42,0.6760654885654885,0.7506496881496881,0.1778846153846154,0.055873180873180876,0.14641148325358852,0.2447846889952153,0.23004784688995214,0.1705263157894737,0.20822966507177035,0.16281490734957318,36556,10.506600610392093,18.01561384411906,2.8912388176755615,0.129,NA,1
42013,42,0.4868835670395462,0.9544351662202616,0.017929730581377028,0.010178036867811565,0.10977694562031912,0.19260827092152394,0.2063253012048193,0.24976934766091394,0.24152013459242375,0.14138497253836135,42992,10.668769330855273,241.42259414225944,5.486548900564681,0.092,NA,1
42073,42,0.48207449045079337,0.9280766592161462,0.039070971739659635,0.010843826764334876,0.09812056190182154,0.1823479468971905,0.20669959864155604,0.25953226304414945,0.2532996295152825,0.14408399117319198,43546,10.681573129612264,252.31800097717596,5.530690200613496,0.1,NA,1
42015,42,0.49362864077669905,0.9649335717935615,0.005541006642820644,0.012774655084312723,0.0906374780107782,0.17951581827827884,0.20637757238991428,0.2721916622455533,0.2512774690754754,0.1326295273672243,46963,10.7571153366182,54.57909585070233,3.9996509495640575,0.102,NA,1
42021,42,0.49507188588116363,0.9308449399078962,0.03433533640345951,0.014952824890486353,0.11147659063625451,0.18066026410564226,0.20031212484994,0.253781512605042,0.25376950780312124,0.14850661457211406,41730,10.638975573585599,206.94093565637297,5.332433417556227,0.08900000000000001,NA,1
42029,42,0.49150921830740946,0.8167728469910053,0.058462455896238136,0.06653679868806837,0.10150200859726535,0.1864125682236227,0.22586416588768607,0.27163807054046174,0.2145831867509641,0.0691026744029586,86050,11.362683801639685,670.312641570776,6.507744232757572,0.068,NA,1
42011,42,0.49089978110940163,0.7607734458039498,0.039820131140221024,0.16992171385029048,0.11631714320143272,0.1947220363914386,0.21777521077366088,0.2580725584951446,0.2131130511383232,0.1386855095341903,55170,10.918174606266476,481.1151352121293,6.176106607807592,0.091,NA,1
42087,42,0.4915199794423744,0.9674718403357746,0.006831127671420617,0.011949119876654247,0.0932991466074777,0.1878228923500823,0.21855267689717195,0.2588879109104129,0.24143737323485515,0.15263397799049294,40384,10.606188945900884,113.61186869116928,4.732787978744836,0.11900000000000001,NA,1
29129,29,0.4990664177113897,0.9709255801547079,0.00480128034142438,0.010402774073086157,0.08387418871692462,0.17523714428357465,0.2076884672990514,0.2770843734398402,0.2561158262606091,0.20282378495791475,40272,10.603411717375097,8.260711492062093,2.111510720876826,0.17800000000000002,NA,1
29229,29,0.4885479804752454,0.959073110550877,0.005095746392747949,0.014589926513973074,0.10117878192534381,0.19076620825147347,0.2036345776031434,0.26719056974459726,0.23722986247544203,0.2753875441936361,28645,10.262734186842678,27.344958937825165,3.3085321951638607,0.196,561.2208479499968,1
29047,29,0.4893610405302155,0.8349961797473303,0.050374029389292634,0.06083530268839176,0.09771817395257439,0.23673212007449662,0.23577891510609905,0.23838189790441555,0.1913888929624144,0.09020597683772913,60936,11.017579412052624,566.6175012207461,6.339684475060485,0.10400000000000001,300.07157491338,1
55105,55,0.4910411924288253,0.8435872649599302,0.03540490816676541,0.07701518600517634,0.10345338355410724,0.2121968767192856,0.22178255533454652,0.25178805704854207,0.21077912734351856,0.14328533721903738,49435,10.808413954331233,223.27756906015802,5.408415701763558,0.105,343.14424756171337,0
55137,55,0.5258750970060858,0.9056488175468692,0.018706857819711636,0.058326185516480826,0.07703180212014134,0.1701060070671378,0.1976678445229682,0.28431095406360424,0.27088339222614843,0.11565007333275817,43070,10.670581978048157,39.10066708935356,3.6661395279545674,0.124,404.3183386778214,0
55007,55,0.5137018114259173,0.8585362616946454,0.005042797425519209,0.012275230575277022,0.0606234242493697,0.14359385743754297,0.1776300710520284,0.28913591565436625,0.32901673160669265,0.1353150850763333,44944,10.713172549344025,10.197832952039532,2.322175242035921,0.147,351.4639788187372,0
55065,55,0.5091146606496051,0.9517249569502999,0.0029095659402648298,0.033311561071195296,0.09153533034130049,0.19382110426886545,0.20237970984239642,0.2794071600041749,0.23285669554326272,0.11714577206985537,49107,10.801756869812465,26.580364527105946,3.2801727675291303,0.124,267.8967499634384,0
55093,55,0.4956936628333741,0.953266454612185,0.005652067531196477,0.016320039148519698,0.18262672994855023,0.1854983448330874,0.19343516930562757,0.2428907589837674,0.1955489969289674,0.1240021984349237,59226,10.989115913645943,71.23336377643146,4.265961301028423,0.068,210.6233153814214,0
55141,55,0.4933327961970753,0.9363627818286804,0.004270233251420054,0.02358028172796734,0.08747800314902288,0.19533203667685467,0.19767064925442251,0.28169861998703344,0.23782069093266647,0.11035741527732375,47685,10.772372162013014,93.8942096742469,4.542168719501863,0.086,297.8688785659894,0
55015,55,0.504828761564681,0.9235919493588703,0.0025766920954390523,0.035789644538224315,0.07790562290254092,0.19625368125470857,0.24309978768577495,0.27956989247311825,0.20317101568385726,0.0635931345537664,65130,11.084140551540447,154.87876921529934,5.042642676797953,0.068,228.5461790359068,0
55037,55,0.5144069689524235,0.9504132231404959,0,0.007594371230734867,0.05538694992412747,0.1441578148710167,0.16957511380880122,0.3315629742033384,0.29931714719271624,0.14337403889642697,47960,10.77812260914145,9.17051587992503,2.215993542038772,0.134,NA,0
55059,55,0.4947625154308041,0.7767357407385213,0.06824310557666263,0.11980296511140141,0.11273908839916674,0.20840434968952148,0.22534860309581478,0.26233691156096445,0.1911710472545326,0.14019451442227737,54930,10.913814926336666,613.5299091878378,6.419229014695056,0.10800000000000001,346.2686580665842,0
56023,56,0.5138121546961326,0.9319337016574586,8.287292817679558e-4,0.04276243093922652,0.07537154989384288,0.21154217332561281,0.21453387376954255,0.253329473074696,0.24522292993630573,0.06926671859352398,64205,11.069836368265374,4.440487531184612,1.4907641747369387,0.132,323.0144318013246,0
56019,56,0.52065154159395,0.9299592786503781,1.1634671320535195e-4,0.03781268179173938,0.0572134183988475,0.17596213212595185,0.2263840296357275,0.24470055566989093,0.2957398641695822,0.07542063772208495,57004,10.950876719793103,2.069013827848902,0.727072082089986,0.159,367.1101116246834,0
56021,56,0.5011227745962846,0.8006618460778099,0.026592029912004555,0.1345288107184683,0.12070373526487715,0.22953060644794773,0.20172915779008663,0.2331877574208209,0.21484874307626758,0.10774750655592008,55864,10.930675444525871,34.652289427203876,3.5453637963883686,0.122,369.3144407188,0
56009,56,0.5081437899117457,0.9039248044772906,0.0016502834182392193,0.06744636578890723,0.08796240510904928,0.2037594890950717,0.2101458006988794,0.26461019399927704,0.2335221110977226,0.08622815287548045,63918,11.065356290839253,3.2755307255217123,1.186479909552366,0.115,393.3129432583758,0
56039,56,0.5244959443800695,0.8191425260718425,0.0012977983777520278,0.14859791425260718,0.08115358819584172,0.289738430583501,0.21911468812877263,0.2210596914822267,0.18893360160965794,0.08214585079631181,68078,11.128409385612446,5.399988336525771,1.686396793665261,0.131,157.8879171476728,0
47177,47,0.4962996412533554,0.8700484182534307,0.027018890644991345,0.08195981034093475,0.09498965160400138,0.20985684718868575,0.24232493963435667,0.2382286995515695,0.21459986202138667,0.2147492174975189,34641,10.452793230619966,92.12582046778219,4.523155256497328,0.196,562.0415093485752,1
47179,47,0.48641144231622957,0.9004366741732652,0.03711326892187487,0.030123253505097224,0.14181135865112715,0.20279341420227806,0.21621871613943286,0.22624805095272074,0.2129284600544412,0.1833780250440652,42075,10.647209019059007,379.4924417625167,5.9388346803330485,0.125,451.5699934742792,1
47183,47,0.4870467811035395,0.8749820293855487,0.08999683717185658,0.02078840679720521,0.20241138172172654,0.1795997106341934,0.19855317096696407,0.2085845189293465,0.21085121774776946,0.20925908710607047,35273,10.470873077735911,59.92618425677678,4.093113542441017,0.14400000000000002,459.61575265074083,1
47005,47,0.49274301744115134,0.9388340041468471,0.02512501524576168,0.019270642761312354,0.07849865951742627,0.16611260053619303,0.21544235924932975,0.26595174262734583,0.2739946380697051,0.22093956417062782,33033,10.4052623407817,41.60429489879282,3.7282034046974935,0.179,802.5375840034018,1
47007,47,0.5408075935579242,0.9239088150626313,0.039679452267953004,0.021395783085660935,0.08892574636386834,0.1773411584587905,0.23590201582036233,0.2616738964021434,0.23615718295483543,0.22403854426568012,33443,10.417597776093334,31.624530971273913,3.453933115989844,0.21899999999999997,545.5659172944596,1
47013,47,0.4872635809927749,0.9673020491702217,0.0054249993835227975,0.012304884965353981,0.09537462579584265,0.18598473668676477,0.23308175570266054,0.2426951132099338,0.24286376860479825,0.2376034093757834,31943,10.371708343469681,84.45181188318816,4.436181098123571,0.153,692.1334483049718,1
47015,47,0.49137055837563454,0.9533720087019579,0.015155910079767947,0.01595358955765047,0.1000121817517359,0.18638080155926423,0.23157510049945182,0.26288220246071387,0.2191497137288342,0.17776797529775032,40689,10.613713064630824,51.9133397330924,3.9495757847584754,0.16,551.5621293361784,1
47083,47,0.49934328358208957,0.934089552238806,0.022805970149253733,0.018388059701492536,0.09475249628213299,0.18908009347779903,0.21691098364138517,0.24580412152113873,0.25345230507754407,0.2347815414825724,35271,10.47081637553585,41.815204257911184,3.733260011621539,0.16899999999999998,583.9250201497674,1
47119,47,0.4829322545556764,0.8000391097639971,0.12015252807958837,0.049779396487454323,0.09830074913210306,0.2230545912256126,0.21109689993300446,0.2429096372089246,0.22463812250035528,0.1543364019231486,45336,10.721856697849455,133.44630409467362,4.893699180410245,0.151,456.213315261012,1
48373,48,0.5352038579570364,0.7202981148619026,0.11185883384480491,0.13459009206488382,0.0975554032442312,0.1987662782727896,0.20927575965273018,0.2441550529281852,0.2502475059020638,0.2017392571720067,37855,10.541518350537407,43.15608938854008,3.764823528975763,0.243,692.360775902829,0
48391,48,0.49583731404394704,0.4442473044902416,0.055547973249624676,0.47959601474000274,0.12307692307692308,0.16721311475409836,0.2080706179066835,0.2617906683480454,0.2398486759142497,0.16170212765957448,44548,10.70432253851299,9.5101006692245,2.2523544621189897,0.204,583.8737427886861,0
48467,48,0.4923355231838522,0.8521565267066552,0.02532609730553175,0.09500142816338189,0.08952702702702703,0.18026061776061775,0.21818119139547712,0.260238554881412,0.25179260893546607,0.1642479316424793,43439,10.67911293408502,62.328127355181906,4.1324128063325585,0.226,558.1598867873804,0
48055,48,0.5033147016768491,0.4362147406733394,0.07066164045235929,0.47799298063174317,0.13933661915545492,0.2103814217841126,0.22139336619155456,0.23449225167621332,0.19439634119266463,0.18658519650048605,44152,10.695393505119338,70.54471561117052,4.256246772746066,0.21899999999999997,336.284600465152,0
48487,48,0.5022062672948919,0.6226908982125495,0.07837858051005908,0.26662179343355025,0.12214151197202044,0.18792036588646757,0.1946462200699489,0.26298089857411894,0.23231100349744419,0.20703004026014246,41658,10.637248705981328,13.772552541911985,2.6226776653447135,0.177,490.3452093397654,0
48317,48,0.4979822437449556,0.5121065375302664,0.022195318805488296,0.45984665052461665,0.11436070491188602,0.20584926884139482,0.2204724409448819,0.265466816647919,0.19385076865391826,0.15788394504818537,42607,10.659773838007359,5.416724958030218,1.6894913815322343,0.174,NA,0
48383,48,0.5300784655623365,0.33507701249636734,0.025283347863993024,0.6355710549258936,0.12632642748863063,0.2157655381505811,0.2228398180899444,0.22435573521980798,0.21071248105103588,0.09494232475598935,61250,11.022719128406973,2.9277606332335293,1.0742378418124416,0.195,NA,0
48501,48,0.489247311827957,0.37609402350587645,0.008252063015753939,0.6000250062515629,0.07631954350927246,0.24607703281027105,0.2662862577270566,0.2230147408464099,0.18830242510699002,0.11700507614213199,49340,10.806490390083347,10.001150419903265,2.3027001283675497,0.20800000000000002,330.4800971556338,0
48189,48,0.5175103734439834,0.3658921161825726,0.04439834024896266,0.5679391424619641,0.14739397542608007,0.23999207292905272,0.21313912009512484,0.22542608006341658,0.17404875148632581,0.22311649016641452,41191,10.625975064872742,35.98149864186017,3.5830048797355682,0.22,358.3336724146854,0
48419,48,0.49078942244031626,0.6457919538886941,0.1709311835494801,0.16777660941698797,0.1281835992163448,0.19584382871536524,0.21879373075846628,0.24027427931710046,0.2169045619927232,0.22072000634366823,37081,10.52085998803243,32.274445281007765,3.4742757493195584,0.23399999999999999,556.6829136424919,0
48387,48,0.47871587064285154,0.7359351640569675,0.16948619088834685,0.06845542528916516,0.07320872274143302,0.19102237326536392,0.2199093741149816,0.25502690455961485,0.2608326253186066,0.1606425702811245,31712,10.364450437129715,12.260534180737002,2.50638550058147,0.24100000000000002,683.293611894814,0
48399,48,0.5011016380879395,0.6400038317846537,0.016476674010920588,0.3287671232876712,0.11115127417314297,0.16157599855412977,0.22338695102114586,0.24543647207663113,0.2584493041749503,0.21935864646862088,37667,10.536539658544733,9.932965093320774,2.2958590330138935,0.218,466.29216499091183,0
48435,48,0.4948250369640217,0.39847215377033024,0.015278462296697881,0.5803351404632824,0.08753907994640464,0.22554711924966503,0.21929432782492184,0.2635104957570344,0.2041089772219741,0.07274539113104135,53806,10.893140264095088,2.7910636442294865,1.0264227576727254,0.195,NA,0
48451,48,0.49178790558100904,0.5703275013619841,0.03959131545338442,0.3628950870330181,0.16407346390871927,0.24058819940203796,0.18181402159985355,0.216684971627311,0.19683934346207824,0.16196870962570376,44545,10.704255193154744,73.56837050878728,4.298215184844558,0.183,395.8051922866442,0
48469,48,0.4886905572966344,0.4742244629150202,0.0571490212108825,0.44261252668392603,0.11296406591224935,0.22997816160412946,0.20498312487591822,0.238872344649593,0.21320230295811,0.16881753912511965,50364,10.82703191312159,99.83415387301152,4.603510347948892,0.174,410.7271571020994,0
48481,48,0.49003277892436564,0.4696127230787908,0.14085225203350735,0.38008983853344663,0.10896179148695159,0.21696510260096719,0.20480982878055157,0.2467215614516621,0.22254171567986755,0.1884082959751712,40411,10.606857304116247,37.91833540487041,3.6354347788724097,0.23399999999999999,435.3232649263694,0
48485,48,0.5143881605992783,0.6796845262564899,0.10153169201723534,0.17075473134487432,0.16362036198517876,0.24083876481167332,0.19066083340773715,0.22082626497111008,0.18405377482430071,0.155989747468381,45086,10.716327056014078,209.24342440615763,5.343498284293541,0.204,445.470437879575,0
48033,48,0.50231124807396,0.9090909090909091,0,0.08012326656394453,0.05161290322580645,0.24516129032258063,0.26129032258064516,0.24838709677419354,0.1935483870967742,0.009244992295839754,71607,11.178948113533144,0.7231657052314187,0,0.136,NA,0
48315,48,0.49592872880544114,0.7142446594501389,0.2359421400517291,0.03439026726697959,0.06069802731411229,0.16675096948238072,0.19844882819086157,0.2829202495363345,0.2911819254763109,0.2319502477893305,31967,10.37245939967773,27.407582440663727,3.310819706522035,0.21600000000000003,748.8639198982308,0
48323,48,0.4887572886297376,0.030666909620991254,8.746355685131195e-4,0.9538447521865889,0.13979092140450805,0.22866668982044247,0.2375924703921092,0.21428819504740734,0.17966172333553293,0.30489290989660267,31395,10.35440392354821,42.89986851753125,3.7588687610698632,0.307,287.9521283523482,0
48181,48,0.48652837779903046,0.7810407941166772,0.057060647033604854,0.11610823467335027,0.11186494389467468,0.20039468187776385,0.20890771070106448,0.25279806404217625,0.22603459948432075,0.15748264270148826,46429,10.745679542983188,130.02945956492468,4.867761036820835,0.201,499.6110386004782,0
48297,48,0.5449452727742825,0.5809704386796518,0.039903473239679396,0.3612858743428424,0.076497833557448075,0.20663379650380995,0.21963245181532945,0.2598236963992231,0.23741222172418947,0.17134549829556847,42829,10.664970722216369,11.15999292100768,2.4123353226346556,0.18600000000000003,425.4127306209986,0
48363,48,0.4929864011136096,0.7736017417996217,0.023450048185030516,0.18417389442124424,0.10677017052685162,0.19006108424535506,0.20399592771697633,0.2618987019597862,0.23727411555103078,0.18490073902332996,41670,10.637536724416499,29.436084182346754,3.382221274903542,0.237,558.0512903489098,0
48255,48,0.5975462590506838,0.3982971305980156,0.08856261732367927,0.5033521051220167,0.13341737577476626,0.2562243933186259,0.214833490912911,0.2190356129845572,0.17648912700913963,0.23292714999561673,42862,10.665740931494621,19.953020241961806,2.9933805224520027,0.145,426.8274336069034,0
48123,48,0.5274557205584883,0.5708224382061275,0.08964428437515418,0.32828457249987664,0.07209949556444599,0.20525308749347712,0.214993911984693,0.27056879457296923,0.23708471038441467,0.13546530567922685,46454,10.746217854635562,22.29874308974394,3.104530313188968,0.154,427.574920790816,0
48059,48,0.4857037310676025,0.8812707794606576,0.007979312892500923,0.08289619504987071,0.08480424684804247,0.17571333775713338,0.21247511612475117,0.26662242866622426,0.2603848706038487,0.15152870991797165,44902,10.71223761616816,15.049390018813128,2.711337460062089,0.212,532.16261251521,0
48067,48,0.47867782757711574,0.7697073556551542,0.16609543896651727,0.03786580543105721,0.09078379674017258,0.18851869606903163,0.212607861936721,0.25221716203259825,0.2558724832214765,0.20910436713545522,35598,10.480044735486699,32.3854837384187,3.477710289636761,0.17800000000000002,604.0261427219751,0
48183,48,0.4901274354234488,0.604164962620033,0.2007721376106267,0.16843887516563333,0.12891675394152113,0.23535905346882166,0.20790285601064282,0.23141045599932067,0.19641088057969375,0.17627528175320617,45525,10.72601690459581,447.3350091290619,6.103307775046654,0.187,475.7645882640632,0
48313,48,0.6025275768865512,0.5785667324128863,0.20286361312002338,0.2052743078384104,0.17139777218828603,0.27009222661396576,0.21703197987782968,0.16612767996167205,0.1753503413582465,0.25170532060027284,41732,10.63902349958786,29.371439606063532,3.3800227602184507,0.22699999999999998,322.396602635563,0
48303,48,0.4944468621852367,0.5671595319725581,0.06864378894184331,0.3249585151061624,0.21019900497512436,0.24124048006413432,0.18386739289335313,0.1983506637428969,0.1663424583244913,0.2039079991858335,44397,10.700927178569957,315.5798521436491,5.754411747084848,0.203,381.2975662536846,0
48257,48,0.4913514540961794,0.6930146360007603,0.09302413989735792,0.17691503516441742,0.09437531597058008,0.2194425871263393,0.24741107976320553,0.24605750256853504,0.19271351457134003,0.1327216771342846,61194,11.021804424478573,134.7766552794355,4.903619003061128,0.201,402.176074792715,0
48259,48,0.4915739177705931,0.7633257989757088,0.004205888243540957,0.20975079396869903,0.08529787778061877,0.14073127077473793,0.22730759396573766,0.277218102787011,0.2694451546918947,0.0929955896007428,73410,11.203815445104826,52.75996938650742,3.9657527476083736,0.145,271.7434956706904,0
48153,48,0.4875215821692042,0.41720295087113485,0.02385810704755925,0.5415162454873647,0.1004594180704441,0.21990811638591118,0.21316998468606432,0.24042879019908117,0.22603369065849924,0.2027156549520767,42279,10.65204578785962,6.421453359041993,1.8596444719948868,0.249,NA,0
48017,48,0.5207133829518326,0.39783738239011374,0.01614941721668305,0.5801151523662407,0.11703008556444935,0.2061827215015181,0.280982611095777,0.17168092740822521,0.22412365443003035,0.13036045020658213,46139,10.73941385832426,8.61275500515846,2.153244244628119,0.27899999999999997,NA,0
48071,48,0.5035985380938993,0.6983131852684846,0.07731234186111892,0.19707618779870678,0.09035004730368969,0.20690633869441816,0.24602649006622518,0.2561494796594134,0.20056764427625354,0.09693834039287035,72489,11.191190105193563,59.56756992114038,4.087111297139558,0.151,375.0191981498802,0
48027,48,0.49753276987701806,0.5000189786932537,0.20269877018067717,0.22276241206538794,0.1607936617001147,0.28438839528750154,0.2119091538538787,0.19569870876695966,0.1472100803915454,0.15320172446991479,50060,10.820977564985766,300.79846548482607,5.70644049061595,0.156,306.7120689173206,0
48061,48,0.48222833629568307,0.10482822429451438,0.0037203866475128437,0.8820749433907137,0.13195519828411092,0.2375711294266656,0.24104266147708836,0.21239212133258756,0.17703888947954755,0.347864295631111,33179,10.409672424652523,460.99434069424706,6.1333857667699885,0.353,292.1392961546008,0
48117,48,0.49505360749987054,0.2962138084632517,0.008183560366706377,0.6830165225047911,0.14148312013080697,0.24574396460517456,0.21448494758103298,0.21246513417331922,0.18582283350966625,0.18936405239072115,41444,10.632098397371642,12.898264910466388,2.557092799256657,0.24100000000000002,373.2732069779424,0
48141,48,0.4873120422132433,0.13419924601637115,0.028263931169781615,0.815797986507014,0.14428023774274637,0.2423274129195556,0.2282847008461662,0.21767397637333774,0.1674336721181941,0.23318741093766826,40157,10.600552050380118,802.8247455053013,6.688136440444769,0.316,274.783788120787,0
48283,48,0.540962288686606,0.15633578962577663,0.010258633145499206,0.8323941626932524,0.12121212121212122,0.26521626521626523,0.2419062419062419,0.18829318829318828,0.18337218337218336,0.21689909762100082,26756,10.194514026238298,4.6553049692235975,1.5380074229168084,0.209,360.8953074681214,0
48443,48,0.5005973715651135,0.3847072879330944,0,0.6021505376344086,0.01593625498007968,0.1952191235059761,0.3187250996015936,0.20318725099601595,0.26693227091633465,0.1003584229390681,39479,10.583524163945977,0.3549579181908936,0,0.247,NA,0
48457,48,0.546186225079791,0.7987418474490032,0.10939451408483279,0.07067856977658542,0.10944957047406936,0.20824053452115812,0.2098313713013045,0.2406936048361438,0.23178491886732422,0.1744071402625707,39940,10.595133606969807,23.38450688533598,3.1520737041621048,0.22399999999999998,566.8188703034834,0
48483,48,0.5025334781035107,0.70123054650741945,0.016829533116178068,0.25479551212450235,0.0970464135021097,0.21908471275559882,0.1937682570593963,0.24472573839662448,0.2453748782862707,0.1432248575105718,51766,10.854488842085678,6.04249428390538,1.7988168876133208,0.212,506.9040169517848,0
48009,48,0.501637862871343,0.895741556534508,0.0055348469445385745,0.07974697842539252,0.08680142687277051,0.15576694411414982,0.2148236226714229,0.30103051922314705,0.2415774871185097,0.11284980011422044,56452,10.941145998533898,9.80279257233338,2.282667301444723,0.196,402.379500993497,0
48043,48,0.49015577672003463,0.5350497620077889,0.010168758113370835,0.430116832540026,0.1353477561237261,0.17521902377972465,0.21151439299123906,0.22617557661362417,0.25174325049168605,0.12391328271156597,40477,10.608489190543079,1.494889899030246,0.40205255799702533,0.20199999999999999,345.638480246264,0
48215,48,0.48779732016604144,0.0761693602446607,0.003758951540891878,0.9075603999767279,0.14344461151918983,0.25970061059680916,0.2502173839938124,0.19713245290814146,0.1495049409820472,0.3478496012192284,34146,10.438400727831178,503.31887208639824,6.221223909773943,0.389,250.793708148073,0
48423,48,0.48285090963920707,0.6185546608113011,0.1786436221592917,0.17588713971360853,0.13410764731710145,0.22816028630839458,0.21159151347455452,0.2244074592615298,0.20173309363841968,0.16705712219812002,47432,10.767052385387204,230.31751991960533,5.439458878269241,0.19899999999999998,383.9879592974584,0
48105,48,0.5109375,0.36875,0,0.6239583333333333,0.07606679035250463,0.22634508348794063,0.24443413729128013,0.17068645640074212,0.2824675324675325,0.16666666666666666,50475,10.829233443181039,1.3678492031744074,0.31323958152675424,0.204,NA,0
48207,48,0.5276125743415463,0.6980458793542905,0.04350042480883602,0.24367034834324555,0.1132596685082873,0.19459791282995703,0.2019643953345611,0.2501534683855126,0.240024554941682,0.18911174785100288,36857,10.514800838871937,6.516219684630469,1.874294404817033,0.22699999999999998,563.3064597586376,0
48227,48,0.5638722837634926,0.5276935716916452,0.049890925574411424,0.38618012862282913,0.11421857722078879,0.2374216734242536,0.2318005897530409,0.23553262071507555,0.18102653888684114,0.15286086045489877,45612,10.72792611877725,39.18445011106905,3.668279987257684,0.174,524.287176981464,0
48333,48,0.48456348395011245,0.8178286648947045,0.003271314659578818,0.1766509916172562,0.0746938775510204,0.1346938775510204,0.22040816326530613,0.3036734693877551,0.26653061224489794,0.131053525913339,44213,10.696774142468731,6.53648927312796,1.8774002129456797,0.3,NA,0
48337,48,0.4951189749847468,0.8736526337197478,0.001525320317266626,0.099908480780964,0.08847639687176105,0.19042683501366248,0.21398285122020164,0.25506454348440594,0.2520493734099689,0.15648009886205655,44231,10.697181179695644,21.127804525913465,3.050589923054714,0.21,637.2812186570357,0
48365,48,0.4841479247811702,0.73581270678896,0.17116890731666456,0.08430707375298405,0.10924554586113351,0.20961947356844343,0.20536696238727178,0.2382139453039079,0.23755407287924335,0.12697662426950843,52453,10.86767280951953,29.781140980531312,3.393875340173066,0.17800000000000002,520.0698670303073,0
48403,48,0.4938702376461713,0.8722180309317239,0.08619388909845341,0.03376084496416447,0.11136890951276102,0.14831340353382116,0.1684811708013564,0.2559343208995181,0.31590219525254326,0.2581998474446987,32963,10.403140999298868,21.57960072447547,3.071748457549252,0.22,730.1611804180028,0
48421,48,0.5141076115485564,0.5810367454068242,0.0016404199475065617,0.4104330708661417,0.11479435236341314,0.16390423572744015,0.26028238182934316,0.28299570288520565,0.1780233271945979,0.13657561625582945,48185,10.782803048285388,3.302149972644591,1.194573763195971,0.276,NA,0
48437,48,0.5365697451005508,0.5044191110541821,0.057768669143076726,0.4086076597924939,0.15881529850746268,0.2140858208955224,0.1756063432835821,0.23763992537313433,0.2138526119402985,0.23147889292703383,36753,10.511975133962281,8.770343275751861,2.171375947665024,0.257,NA,0
48231,48,0.495448499219247,0.7437279509571454,0.08450639060783066,0.13996876988028453,0.1224591173723846,0.2004888032268961,0.21404017724084487,0.24903133506865102,0.2139805670912234,0.19890604660050398,44858,10.71125722393277,102.88367022960355,4.633598934713042,0.22,478.389781687512,0
48063,48,0.49126057188884414,0.5809907370116795,0.1829238824003222,0.2202174788562223,0.10503767173880928,0.24567882996011228,0.1938247894814596,0.21805288816664203,0.2374058206529768,0.21767540635465163,37079,10.52080605059984,63.39811873806339,4.149434188101723,0.235,605.5719586282892,0
48195,48,0.5077254761049227,0.5481494789795185,8.983111749910168e-4,0.4407114624505929,0.09838274932614555,0.19305929919137466,0.25,0.24359838274932616,0.21495956873315364,0.17018950437317784,49150,10.802632125575313,6.0512497146149755,1.8002648151104317,0.218,NA,0
48187,48,0.49146682359864646,0.5395689274680006,0.06207885831984699,0.36073267618066795,0.09980911173326547,0.2101679816747264,0.24406973784678035,0.2540977347925681,0.19185543395265972,0.09740914831448919,61958,11.034212015120223,191.11486011528189,5.25287460916116,0.183,301.6347079802628,0
48077,48,0.49995305605107504,0.9165336588113792,0.005539385973148061,0.047788940005633274,0.07441166721909181,0.16788200198873052,0.19091813059330462,0.2835598276433543,0.28322837255551875,0.10258859489922628,53776,10.892582549964887,9.78303899713517,2.2806501716817156,0.198,508.8969006180298,0
48205,48,0.6135615536537196,0.673798551678736,0.07883475971033575,0.2404542462146149,0.04886160143259145,0.26784343821949347,0.27398311588641594,0.2478894858019954,0.16142235865950372,0.08633879781420765,65750,11.093614950040012,4.155856947141412,1.424518651841254,0.171,NA,0
48217,48,0.4899717554420701,0.7295654902855838,0.06733046132777952,0.18695614961056745,0.10245665496830968,0.19517049918809912,0.2041799800953329,0.24948928814624693,0.24870357760201142,0.17007124486357053,40769,10.615677267673389,36.554714745782505,3.5988101722893777,0.226,526.3832189818864,0
48293,48,0.5187257120895076,0.6129734808045437,0.17444591536063545,0.19562710851091086,0.10441737599060757,0.23693865570883474,0.19731435280305254,0.23348987378925742,0.22783974170824772,0.2149437526040461,38823,10.566768133489779,25.866906443032494,3.2529644081829643,0.19,601.1880341620374,0
48347,48,0.47734501037105326,0.6118153184297457,0.18236152723361757,0.17904279019743413,0.2350565857287073,0.20835768556399767,0.17400775729238616,0.1978375219170076,0.18474044949790128,0.2568034118602762,36777,10.512627928763104,68.76117890795605,4.230639325625902,0.21,421.3022968626444,0
48369,48,0.5132394920759917,0.37789152475637366,0.01476523279850379,0.6048823703120386,0.1258158085569253,0.2374909354604786,0.2155547498187092,0.23875997099347354,0.18237853517041333,0.21349325337331335,44943,10.713150299185491,11.534120970323963,2.4453096832883823,0.247,NA,0
48367,48,0.5048025793818262,0.8472205810361417,0.018830500177248098,0.10854335826060535,0.1000456243405857,0.186988508369215,0.22311728307051812,0.2721777068065813,0.2176708774130999,0.1092401141743247,64515,11.074653033885946,131.135456535743,4.876230808328191,0.17800000000000002,369.7585380080406,0
48377,48,0.4870035624752606,0.15226283150811454,0.003430531732418525,0.8212165193297268,0.0607764390896921,0.20080321285140562,0.2431057563587684,0.24123159303882197,0.2540829986613119,0.24790975447909755,29634,10.29667762976868,1.9658972976239852,0.6759487811051091,0.294,NA,0
48465,48,0.5024830699774266,0.1735070798276216,0.011286681715575621,0.801970038990355,0.14321070986612666,0.23954700566242923,0.23215959800502495,0.20530993362582967,0.1797727528405895,0.22133175445645048,40450,10.607821922486638,15.495667382144845,2.7405604611185703,0.27699999999999997,324.3850402908052,0
48109,48,0.4869936034115139,0.20085287846481875,0.005970149253731343,0.774413646055437,0.09940209267563528,0.21300448430493274,0.23766816143497757,0.23318385650224216,0.21674140508221226,0.2517241379310345,37105,10.521507010404234,0.6150338937441743,0,0.27699999999999997,NA,0
48135,48,0.4971881137754165,0.39470969747495444,0.040051716098401885,0.5420157974311511,0.14149696495006853,0.26108772273350306,0.20424172704131585,0.21907430977090267,0.17409927550420992,0.15888664215245346,51466,10.848676674452932,157.67411135507143,5.060530316605952,0.21100000000000002,461.603119409055,0
48169,48,0.617526746381372,0.40103838892385146,0.04782882315921964,0.5481434864694776,0.08930190389845875,0.2472801450589302,0.25770625566636446,0.24388032638259294,0.16183136899365366,0.15498885862837336,47540,10.769326740914185,7.1142988900977375,1.9621066869953492,0.21,NA,0
48173,48,0.5382653061224489,0.7117346938775511,0.030612244897959183,0.2576530612244898,0.06869009584664537,0.21565495207667731,0.19968051118210864,0.268370607028754,0.2476038338658147,0.041666666666666664,69107,11.143411307085216,1.3063502396086282,0.26723717224310545,0.133,NA,0
48185,48,0.5410493942917151,0.6025203465476503,0.1624348347897836,0.2180924877170611,0.0996772591857001,0.21449851042701093,0.2140640516385303,0.2490690168818272,0.22269116186693147,0.190587734241908,43994,10.691808539965669,33.859540623702316,3.5222208096815435,0.231,498.0637143031466,0
48085,48,0.4917417306374398,0.6228115586189216,0.08505277896926938,0.1481841668022502,0.08486716636359605,0.22278311567352238,0.28023482261296606,0.24891438893301668,0.16320050641689884,0.07801727661661716,82762,11.323724297831376,964.4363874112157,6.8715438762165695,0.136,178.266576724402,0
48005,48,0.48991291560396133,0.6280416350727235,0.14839962317042346,0.20147744766894143,0.11913364687834319,0.21882884883228032,0.22254294422801316,0.2333622655981914,0.2061322944631719,0.1934897534897535,41354,10.629924430960715,109.10554063912517,4.692315676509414,0.203,480.888223916812,0
48101,48,0.43919793014230274,0.6681759379042691,0.1461836998706339,0.17335058214747737,0.1433778857837181,0.1591737545565006,0.11907654921020656,0.29404617253948967,0.284325637910085,0.15434924787442772,34639,10.452735493899395,1.716703884125819,0.5404061058458184,0.325,NA,0
48209,48,0.4971853981869578,0.57840676479189,0.03320864606686812,0.3588495467394483,0.20458669204913887,0.22158105039808837,0.2092368402788106,0.19834022427793807,0.16625519299602406,0.17047554711498017,58651,10.979359904234647,242.10815100194992,5.489384531291139,0.159,229.1960266016722,0
48039,48,0.5080737293148833,0.5225967392086838,0.12292601089851733,0.28139583652849987,0.09743787404486716,0.23000796920656913,0.24917052539468407,0.24280557740287204,0.18057805395100762,0.1118562928705051,67603,11.121407639744575,235.31911665381406,5.460942536180839,0.17600000000000002,321.4690263796262,0
48129,48,0.4889502762430939,0.8400552486187846,0.05165745856353591,0.09337016574585635,0.10809342748506247,0.16023900054318305,0.21890277023356872,0.25203693644758285,0.26072786529060293,0.1674180943793207,42411,10.655163041535141,3.905550412887885,1.362398724162574,0.263,NA,0
48013,48,0.4938530865817911,0.35761473509209435,0.006453165332283327,0.6224351402196264,0.10448998933775619,0.211191407021285,0.22513130355803024,0.2441653832484303,0.21502191683449828,0.16406457319770013,47543,10.769389843677056,37.4845024041773,3.6239275783351665,0.203,453.7271989793024,0
48353,48,0.4992377543580566,0.5955458341618612,0.04036587790813283,0.3432756677934646,0.12045866022933012,0.1875678937839469,0.2351237175618588,0.22570911285455642,0.2311406155703078,0.1845531798245614,36806,10.51341615434514,16.542817575057814,2.8059520242448377,0.204,550.4164953170608,0
48229,48,0.5035356511490866,0.1991750147318798,0.005008839127872717,0.7902180318208604,0.07526881720430108,0.23548387096774193,0.19032258064516128,0.2618279569892473,0.23709677419354838,0.44090056285178236,22545,10.023268590855185,0.7425098715090386,0,0.335,NA,0
48475,48,0.4955703211517165,0.44868955334071614,0.046234772978959025,0.48901808785529716,0.10267253044654939,0.22496617050067658,0.2124492557510149,0.2425575101488498,0.21735453315290934,0.20383489184849343,42568,10.658858076276205,12.96789619938679,2.5624767800357313,0.17800000000000002,494.701498569553,0
48203,48,0.4897919268208284,0.6448312696526096,0.22564580919854965,0.11437254577459491,0.12674856759407424,0.20732462705827698,0.21083466680431528,0.23700511020492437,0.21808702833840912,0.15963490732979416,45675,10.729306381246207,73.8562432843566,4.302120545476612,0.174,482.7919747072458,0
48327,48,0.5155896972435607,0.6213285133303208,0.009941256213285133,0.3384545865341166,0.06834170854271357,0.19698492462311556,0.18090452261306533,0.2904522613065327,0.2633165829145729,0.23466542750929367,31215,10.348654027495844,2.4533552099154132,0.8974565611180051,0.311,NA,0
48149,48,0.49257967723623386,0.73339550725813,0.07059443678533776,0.1898467277593058,0.07826873774694616,0.17176896395717087,0.18300407178404463,0.2841954456341427,0.2827627808776957,0.11563044741429401,48015,10.779268741072073,25.9597813913146,3.2565484708187147,0.215,434.4677833140618,0
48491,48,0.49203864581091644,0.631251911336633,0.060224943084642484,0.2342307648744464,0.08852043710061633,0.244749877112716,0.27679131848602867,0.22798427042764774,0.16195409687299125,0.07012386238326417,71803,11.181681536893247,394.74543124716644,5.978241079280723,0.146,201.3272187303594,0
48233,48,0.4990448467206404,0.7325115982898208,0.022741744746656963,0.2076776130264714,0.09957542257470159,0.2145317631979492,0.21180805896018584,0.23928542818232795,0.23479932708483536,0.1580477003275361,44731,10.70842205253738,24.77521892138888,3.2098439165600134,0.193,568.8674718027644,0
48343,48,0.49110264977853757,0.6636879322402673,0.23032092625689643,0.08174683347579455,0.09799426934097422,0.19398280802292264,0.1851002865329513,0.2686246418338109,0.25429799426934097,0.20601028074337682,37849,10.541359838437318,51.07050022818818,3.9332070355633775,0.195,644.7308287686802,0
48361,48,0.49605448453357937,0.8256931967173311,0.08313504588937988,0.061756422085174574,0.10819017511750759,0.20394326359136475,0.21756582504887484,0.25535543446612036,0.21494530177613244,0.14431291563717716,49507,10.809869352700158,246.8674045236447,5.508851368695586,0.156,575.4754250978808,0
48495,48,0.5,0.41446280991735535,0.022865013774104683,0.5515151515151515,0.11841779975278122,0.2222496909765142,0.21359703337453648,0.2531520395550062,0.19258343634116193,0.12765061086925994,48992,10.79941229845741,8.631482082541222,2.155416226450175,0.201,528.220569278496,0
48201,48,0.49813008917374113,0.32555600586760586,0.18509498993971,0.4107658851560809,0.11951690855321327,0.2645677440989594,0.23510063882806959,0.21618808427187036,0.16462662424788738,0.1850416299457303,53137,10.880628763072082,2455.1447098230797,7.805940983429554,0.235,304.6819743703216,0
48053,48,0.4953735831598427,0.7568586629655332,0.02102706453851492,0.20589868147120055,0.08624513537264092,0.19266016654810228,0.20153157300079508,0.2579821734945809,0.26158095158388084,0.1632150479630368,48115,10.7813492577905,43.47966020891961,3.772293247340219,0.217,409.4414591534996,0
48171,48,0.4863416390033196,0.776066871975363,0.0033995920489541254,0.20581530216374036,0.10229208610809974,0.14131949821898715,0.18963915130865727,0.2638222084559393,0.30292705590831653,0.12036055143160128,53668,10.890572199710363,23.62754603511199,3.1624132362551682,0.231,373.0889132497782,0
48113,48,0.49468078712329755,0.32580277316173684,0.21749684246217899,0.3848395075443081,0.118423685553854,0.2655096137485111,0.23656763654925983,0.21877352390675514,0.16072554024161986,0.19108556355258544,49481,10.809344036488135,2768.8960711781187,7.9262039894864875,0.242,316.996285600023,0
48311,48,0.5746753246753247,0.4237012987012987,0,0.5681818181818182,0.1111111111111111,0.30277777777777776,0.1361111111111111,0.30277777777777776,0.14722222222222223,0.19155844155844157,39500,10.584055950889214,0.5406230856589195,0,0.11,NA,0
48503,48,0.4960043490078826,0.8015221527589019,0.012122859472682794,0.16689317749388421,0.09468042874156411,0.19084954346963082,0.19164350932909885,0.2700476379515681,0.2527788805081381,0.15975582930048393,44429,10.701647688361783,20.11552071805684,3.0014916921189787,0.214,583.1322642492509,0
48251,48,0.5009056068878622,0.7594760604787905,0.025435741285174295,0.18563628727425452,0.1039435766906249,0.21574739580413307,0.23152394514649652,0.24991310003027484,0.19887198232847067,0.11971259316905614,57535,10.960148737257558,210.27415784912762,5.348412192842871,0.184,399.09761360183717,0
48223,48,0.49397931718373705,0.7509845587193653,0.07224819379515512,0.15500779147187987,0.10140688820533508,0.20457868992990771,0.21582371035247844,0.25208007664767285,0.22611063486460592,0.1927157103627692,43657,10.684118914962527,46.00651221235339,3.8287829563028013,0.239,479.7657380915338,0
48357,48,0.5137097544664183,0.4832330180567498,0.002006305531670966,0.49660838826788956,0.11551155115511551,0.23936077818308146,0.23745006079555325,0.2291123849227028,0.17856522494354699,0.1732525718680896,49964,10.8190580250858,11.4065954903245,2.4341917398867414,0.205,420.0405157099322,0
48275,48,0.49825783972125437,0.6175288126507639,0.06593406593406594,0.31117662824979897,0.06772703950743972,0.26013340174448435,0.2314007183170857,0.21446895844022576,0.2262698819907645,0.20785734187796043,34295,10.442754849933422,4.386207253289068,1.4784649022511716,0.261,NA,0
48309,48,0.4863978829914544,0.5851733553574138,0.14393045559507156,0.2401692258423368,0.17538942174338312,0.22336092497700696,0.19526562431568345,0.2175725193068512,0.1884115096570753,0.2203475228264489,41922,10.643566027780505,228.8263148912208,5.4329632655286515,0.18100000000000002,393.0847947253728,0
48095,48,0.6734643734643735,0.45454545454545453,0.004914004914004914,0.5388206388206388,0.04767025089605735,0.26666666666666666,0.2956989247311828,0.23835125448028674,0.15161290322580645,0.16530394596516174,51411,10.847607436328959,4.137023924602485,1.4199766705426795,0.223,NA,0
48137,48,0.49516908212560384,0.4681159420289855,0.002898550724637681,0.5289855072463768,0.13264346190028223,0.11006585136406397,0.2558795860771402,0.2361241768579492,0.26528692380056446,0.18442822384428223,43839,10.688279111142762,0.9774026398370428,0,0.303,NA,0
48133,48,0.49228269699431354,0.8133225020308692,0.015542919036014081,0.14920119144327104,0.12374346602332127,0.18657016485725775,0.17983514274225976,0.2620627261761158,0.24778850020104543,0.18967697436486952,34914,10.460643173884725,19.93003709696047,2.9922279955857642,0.26,593.9761707948254,0
48243,48,0.49286023366508,0.5672868887927304,0.0012981393336218088,0.4080484638684552,0.07047619047619047,0.1180952380952381,0.15047619047619049,0.31142857142857144,0.3495238095238095,0.07400802496656264,49056,10.80071778167154,1.0205095482335382,0.020302059650780403,0.266,NA,0
48247,48,0.5285524568393094,0.02542212103965092,0.01745399354961108,0.9476380193511668,0.2185148838730782,0.1730454694144586,0.16813869807000328,0.20215897939156036,0.2381419692508996,0.14012982054219167,36121,10.494629692640487,4.639401199502173,1.5345853060788317,0.22699999999999998,NA,0
48339,48,0.4952601014058734,0.7052685307161525,0.04089274443940851,0.21180018722387656,0.0956366109460572,0.21563159967068762,0.23962487024376275,0.24902817052654186,0.20007874861295058,0.12432593920382404,67766,11.12381587322163,453.24578707636783,6.116434554669242,0.155,324.4570368760788,0
48127,48,0.47604673807205455,0.13709834469328142,0.005063291139240506,0.857838364167478,0.14358693669038497,0.17369093231162197,0.2140120415982485,0.23535851122058019,0.23335157817916438,0.26494043516786453,36681,10.510014188812299,7.7282893013987675,2.044887531690734,0.204,465.4719640192928,0
48479,48,0.4867420897935478,0.03565528256203179,0.002652759301335405,0.9550365146823948,0.142029388927143,0.2571091609651757,0.253878723061371,0.20355421421978698,0.14342851282652327,0.31354819195593514,39449,10.582763977410282,75.80852731027565,4.3282107838179975,0.368,272.3487706127354,0
48011,48,0.485053581500282,0.8448956570783982,0.014664410603496898,0.11957134799774394,0.09249183895538629,0.20348204570184983,0.21545157780195864,0.235038084874864,0.2535364526659412,0.11058823529411765,61635,11.028985169985619,1.9502611898023228,0.667963307094398,0.23199999999999998,NA,0
48069,48,0.5085756897837435,0.3201590852597564,0.02274422073079791,0.6062639821029083,0.12149091766926162,0.2083038452465204,0.21750412833215382,0.23779193205944799,0.2149091766926162,0.24057495902156095,36402,10.502378997170354,8.995632992484634,2.1967392365201546,0.337,346.9297423847446,0
48273,48,0.5105453637838513,0.22675652065393737,0.03640958442530887,0.7056657930862349,0.2331848193676526,0.238445434537549,0.18213538032100487,0.18090074614847818,0.16533361962531537,0.2446607101338559,40566,10.610685556318733,36.368670203833396,3.593707695334398,0.187,361.1258451536038,0
48097,48,0.49485500467726845,0.7790510341960295,0.025984824862280428,0.16004053632678517,0.11422105214539745,0.20165350330238788,0.19712715348020876,0.24183640478499838,0.24516188628700752,0.14777763035690594,50067,10.821117387411512,43.993831443860536,3.7840494296323843,0.19899999999999998,461.799481169762,0
48107,48,0.48348745046235136,0.4238771466314399,0.03533685601056803,0.529887714663144,0.10467706013363029,0.21794463888005092,0.20171810372255808,0.24657970092268533,0.2290804963410754,0.2650420168067227,38187,10.550250422538545,6.727408858939922,1.9061900559894251,0.264,NA,0
48151,48,0.49337410805300713,0.65927624872579,0.031855249745158,0.2958715596330275,0.10770750988142293,0.17144268774703558,0.24555335968379446,0.22628458498023715,0.2490118577075099,0.17085166968677193,42125,10.648396667654662,4.365136310391894,1.4736494168433605,0.192,NA,0
48131,48,0.5239352640545145,0.10332197614991483,0.004940374787052811,0.882793867120954,0.15417363539607723,0.21499163752470732,0.2095180173331306,0.23734225330697886,0.18397445643910598,0.19727148703956343,34131,10.437961341207826,6.545929396519952,1.878843390276849,0.212,577.6040638696824,0
48031,48,0.5069115697784511,0.7814807801552737,0.006532853626207158,0.18992615035031243,0.07281393819855358,0.13954635108481261,0.18852728468113084,0.2940499671268902,0.3050624589086128,0.09271204390103013,49487,10.809465287801839,14.891766102550438,2.700808449638834,0.239,379.5238513508556,0
48241,48,0.4913540240802302,0.7520462608598486,0.16571221052043467,0.05975361063776294,0.08936384209202916,0.20331908473723911,0.21478501382951973,0.2500377168720141,0.24249434246919788,0.17803991693585602,40417,10.60700576752029,38.12876459905522,3.6409689736345254,0.191,544.5251687262146,0
48245,48,0.5111101416974345,0.43971811212855483,0.33313768802769705,0.17585075964577623,0.12642379494725225,0.23714807467451424,0.2058738520961152,0.2363532456612846,0.1942010326208337,0.20978285753046014,42568,10.658858076276205,287.75355331252604,5.662104396135743,0.19399999999999998,443.5071913940806,0
48271,48,0.5224296461409863,0.3811646698244636,0.012259682362775146,0.603789356366676,0.06420233463035019,0.19698443579766536,0.1561284046692607,0.2446498054474708,0.33803501945525294,0.25686977299880526,33257,10.412020550242234,2.6388638694758666,0.9703484720587613,0.221,NA,0
48359,48,0.4883720930232558,0.8032945736434108,0.022771317829457363,0.12209302325581395,0.0824074074074074,0.21296296296296297,0.19814814814814816,0.24722222222222223,0.25925925925925924,0.1424759871931697,48929,10.79812554671483,1.3755112350078273,0.31882546929375655,0.166,NA,0
48279,48,0.5019035988793908,0.4219524459449752,0.04238201278643776,0.5256806263917821,0.11720594361894181,0.21524788223857796,0.21302596861547007,0.24496597694764616,0.20955422857936398,0.22097871406627168,36727,10.511267458374771,13.699331123097163,2.6173470085105977,0.249,475.62491069399016,0
48295,48,0.5244155075466114,0.6845220479431785,0.0017756732761171944,0.27759692216632137,0.1076017130620985,0.21680942184154176,0.215203426124197,0.26873661670235544,0.19164882226980728,0.1093421447882247,57978,10.967818907227363,3.6248402935487714,1.287810230384039,0.22399999999999998,NA,0
48307,48,0.48879788002890867,0.6632136834497712,0.00963623223319682,0.3054685617923392,0.06422636424882101,0.2119919155625421,0.2099708061980687,0.22726251964967437,0.2865483943408938,0.16644213104715247,39194,10.576278952838999,7.790930538533293,2.0529603057054975,0.22899999999999998,591.3863843647222,0
48319,48,0.5047099652949926,0.7793753098661378,0,0.21393158155676748,0.10900473933649289,0.16729857819905214,0.17867298578199053,0.21943127962085307,0.32559241706161135,0.1359801488833747,46865,10.755026407180587,4.343224558921537,1.4686170581615314,0.325,NA,0
48125,48,0.5499580184718724,0.6738035264483627,0.04324097397145256,0.27204030226700254,0.06776034236804565,0.19044222539229672,0.23823109843081314,0.2524964336661912,0.25106990014265335,0.1881282910483485,38401,10.555838779903407,2.6416065226166765,0.9713872633723333,0.271,NA,0
48287,48,0.49828344275131,0.6478347286634946,0.11377461904475095,0.22622417635367104,0.10175173010380623,0.1708477508650519,0.22285899653979238,0.26924740484429066,0.23529411764705882,0.12362810647155292,51534,10.84999706299428,26.39519503478449,3.2731819873289583,0.22399999999999998,372.8559701268706,0
48439,48,0.49052841259819857,0.5114576046716579,0.14727418994461766,0.2699777053196157,0.11361072293081954,0.24435343523851322,0.238288847423156,0.23371235885270958,0.17003463555480164,0.1517833108095143,56853,10.94822426823492,2140.3495567433374,7.668724438949262,0.191,304.67461218408164,0
48001,48,0.5985891318526655,0.6081150664240843,0.20951906903298892,0.16305653770896983,0.10688267627488625,0.2347526497120164,0.24516739867974646,0.23435815164505694,0.17883912368829394,0.20270675403657545,40653,10.612827912990824,54.82955989166216,4.0042294626039165,0.201,564.3385702308228,0
48139,48,0.4937574003420603,0.6501249835547954,0.08665307196421523,0.23918563346928035,0.10837627267704728,0.20873594840513693,0.237273229527235,0.2487400074415668,0.196874541949014,0.11855766407772172,61952,11.034115170636248,162.50359438452912,5.090700120814574,0.163,327.09149111925143,0
48239,48,0.48214914442644885,0.6182663192732906,0.07365678473346947,0.29800718259277514,0.08679004467134652,0.20893426930440331,0.2,0.2639438417358009,0.24033184428844925,0.12719581271958127,49528,10.810293445199068,17.12129341057467,2.8403229175429625,0.196,450.904804073848,0
48265,48,0.48462652929813266,0.7158523824855119,0.017285093367675468,0.24488892466194462,0.10515088045923512,0.1784190520518191,0.18377162361337368,0.2542083624233962,0.2784500814521759,0.14933754861789972,43601,10.682835364853922,45.04231780864628,3.8076024436229496,0.22399999999999998,510.0013910642088,0
48331,48,0.4905113659551892,0.6496755499326613,0.08782598049218462,0.23899114394155818,0.07343950486829194,0.215487961355574,0.19654313533096837,0.2646237451883161,0.24990565325684957,0.1918713377384366,37391,10.529185312732531,24.09507045716028,3.1820072742283103,0.203,498.641663265608,0
48093,48,0.493672716754646,0.7213102899703522,0.0029647841492515727,0.2613348759852484,0.10900863842040312,0.16426710544357603,0.20855614973262032,0.2549019607843137,0.2632661456190868,0.2644962151833615,36020,10.491829618729946,14.74693789629263,2.6910354609825666,0.26,459.2343310063858,0
48145,48,0.4670692477002088,0.5227721654720922,0.24222585924713586,0.21333032338168068,0.11215943005680178,0.21690574756907674,0.21392124771348803,0.24501781072494463,0.21199576393568884,0.20884088911214366,32908,10.40147106828882,23.14747682182361,3.1418857820143065,0.242,456.2728051245128,0
48047,48,0.5373010380622837,0.08235294117647059,4.152249134948097e-4,0.9075432525951557,0.14357482813326283,0.2911158117398202,0.16525647805393973,0.2382337387625595,0.16181914331041777,0.3828490432317505,21865,9.992642463847021,7.6587616232970515,2.0358503027059376,0.225,660.5735162468571,0
48015,48,0.4985825779582123,0.6487943163126028,0.09438980856052917,0.24313162776047317,0.10967822711906848,0.16595718041817953,0.21829222486540628,0.2626768498810567,0.24339551771628898,0.1012282930961457,53265,10.883034734045298,44.19589548775885,3.788631922503786,0.214,387.68790745865977,0
48261,48,0.4961832061068702,0.21374045801526717,0,0.7862595419847328,0.07665505226480836,0.32752613240418116,0.1289198606271777,0.25435540069686413,0.21254355400696864,0.3282442748091603,43438,10.679089913032266,0.35931535339419296,0,0.17600000000000002,NA,0
48089,48,0.4912398921832884,0.5931363111282248,0.13443396226415094,0.26713515594917214,0.10028878970858493,0.1874507744814912,0.19331408068609435,0.25632274437735186,0.26262361074647766,0.16550642219825473,45146,10.717656961343524,21.635491536790543,3.074335092937624,0.237,440.2172481093112,0
48409,48,0.49806778101518173,0.4165618770127281,0.01771200736083423,0.5474007054132801,0.11205743455354462,0.21731771899653318,0.21797286599514099,0.24469740398001802,0.2079545764747632,0.16957245283605768,50657,10.832832703483993,94.03692546409191,4.5436875292209065,0.184,437.9673824560436,0
48381,48,0.48841234499683084,0.7699208529034145,0.02343534153516114,0.17332726593099412,0.12646587939079626,0.23712694481314742,0.20919826489141888,0.22448309363839133,0.2027258172662461,0.10307989167791572,58529,10.977277636883887,135.00390546150268,4.905303707364449,0.14300000000000002,308.3959973093604,0
48411,48,0.5413223140495868,0.6771900826446281,0.025454545454545455,0.2859504132231405,0.09973676513600468,0.22053231939163498,0.21351272301842644,0.22287218484937116,0.24334600760456274,0.15189179309084264,37743,10.53855530701924,5.329002014450844,1.6731639813312456,0.302,NA,0
48413,48,0.4945717732207479,0.5153799758745476,0.0012062726176115801,0.4761761158021713,0.12946690099589925,0.1540714704159344,0.24428822495606328,0.22437024018746338,0.2478031634446397,0.2276595744680851,50648,10.832655022223962,2.5300809534346076,0.9282512996325061,0.21100000000000002,NA,0
48507,48,0.4966663853489746,0.06456241032998565,0.0027850451514895773,0.9321461726727994,0.1573015873015873,0.22285714285714286,0.21603174603174602,0.20539682539682538,0.1984126984126984,0.3498653695822114,25625,10.151323716440709,9.132838910872927,2.2118765894145955,0.242,410.5233507342184,0
48057,48,0.5056503743663675,0.4498907129237781,0.025531321210993815,0.47039947914244523,0.11223726842236438,0.21076680235939188,0.20686217496053835,0.25230539170889754,0.21782836254880783,0.17562605912257578,47027,10.758477183833678,42.42561755189014,3.747752367334681,0.19,416.6903427716578,0
48155,48,0.4916151809355693,0.855251544571933,0.0088261253309797,0.1297440423654016,0,0.1801470588235294,0.34375,0.24080882352941177,0.23529411764705882,0.15405651777575205,33750,10.426735696300677,1.6084679520213743,0.4752821433588065,0.271,NA,0
48175,48,0.49553632742755116,0.5881060293915671,0.03145172366433182,0.349951929679989,0.07701863354037267,0.13217391304347825,0.24869565217391304,0.2524223602484472,0.2896894409937888,0.14699269252388983,50923,10.838069966882449,8.545634226667637,2.145420535775515,0.16,NA,0
48193,48,0.48977407847800236,0.8832342449464923,0.0064209274673008325,0.1070154577883472,0.08515130190007038,0.1684259910860896,0.20736570490265072,0.26577527562749237,0.2732817264836969,0.12578230457724873,40655,10.612877108641937,10.060843579602686,2.3086510159872544,0.244,523.6482411178661,0
48335,48,0.6086493395824457,0.49467405198125264,0.09512143161482745,0.376011930123562,0.15571817562968004,0.27382573179033354,0.2159632402995235,0.17937372362151124,0.17511912865895166,0.11704430653773994,42045,10.646495752266999,10.30414119351546,2.3325458720549417,0.21100000000000002,407.7426438482404,0
48449,48,0.4939431396786156,0.48627935723114957,0.09604449938195303,0.40015451174289246,0.13869431213224992,0.2202857943401513,0.23082095825161109,0.2202297562342393,0.1899691790417484,0.21955974842767295,42939,10.667535782852326,79.69383382505775,4.378192215488958,0.231,395.6137732812502,0
48285,48,0.4878300863004496,0.7547413570358121,0.07198594387886931,0.1667614076791897,0.08336545875096377,0.1878373168851195,0.19574016962220508,0.26233616037008484,0.27072089437162683,0.0830338266384778,44149,10.695325555718965,19.955491756281273,2.9935043814584588,0.201,369.93294201674803,0
48445,48,0.5401771591268586,0.43672888326478965,0.04500158177791838,0.5064062005694401,0.09582204477399116,0.25153286753172677,0.19392556680450593,0.2600884072436903,0.19863111364608585,0.14038745547736947,37679,10.536858189059995,14.22529839487241,2.655021956584821,0.243,412.3816887982924,0
48497,48,0.5045914448859652,0.79174875613584,0.010501886666444051,0.17462517113567302,0.09930288803528241,0.20210556266894295,0.21755584009105136,0.2686584151372884,0.2123772940674349,0.10819873027760285,56005,10.93319625144584,66.22351070628534,4.193035546513953,0.198,424.9378873833918,0
48321,48,0.4990037937716641,0.46870820710172223,0.10254100821528972,0.38953028194000927,0.11296788215406907,0.20565080898333735,0.19908234725911617,0.24834581019077517,0.23395315141270226,0.21090415211486224,43096,10.67118546436037,33.29982658896495,3.5055521894342485,0.22,481.9582908093518,0
48371,48,0.563566388710712,0.2588838999358563,0.05388069275176395,0.6737652341244388,0.09581918505942275,0.2527589134125637,0.22644312393887947,0.24119269949066213,0.183786078098472,0.1670318047896049,47019,10.758307054322177,3.2725652188241985,1.1855741479613748,0.221,309.7433632022852,0
48397,48,0.49210071587262405,0.7364107627746236,0.05345593680572698,0.16240434460627007,0.07313385156000426,0.2153551272494942,0.2671706953466085,0.2597380470663401,0.18460227877755297,0.05865322218339739,86119,11.363485339706285,637.7719701501936,6.457980805899651,0.138,253.5582040314576,0
48441,48,0.487683651612514,0.6638081877696322,0.06901831236612664,0.22496002654840558,0.1838956796764618,0.23895938921798643,0.18405122687855652,0.21348853487497893,0.1796051693520163,0.17406415633861783,44891,10.711992608204175,144.817552689525,4.975474692836563,0.179,413.0888468510118,0
48447,48,0.5064695009242144,0.8903265557609366,0.0012322858903265558,0.09426987060998152,0.09658421672555949,0.15783274440518258,0.2249705535924617,0.2579505300353357,0.2626619552414605,0.136875,39286,10.578623500294222,1.7785287852089524,0.5757864973802324,0.272,NA,0
48471,48,0.595521949787109,0.5807957715460285,0.22695639406841872,0.17085596828659522,0.20157056705280055,0.21538895396763416,0.2113323788450692,0.21302442622239576,0.1586836739121003,0.2599099099099099,37617,10.535211354858648,86.85627715454194,4.464254765890449,0.192,368.4764188526808,0
48499,48,0.49362066098030366,0.8445674641830407,0.04754211314120079,0.08793271401078667,0.0950830053829104,0.1682272583344642,0.18971366535486497,0.25028271588184736,0.29669335504591304,0.14617882551250588,43649,10.683935651497876,65.23059851154774,4.177928661169065,0.244,603.6571121917558,0
48007,48,0.4887205315952089,0.6969145469166631,0.012231768739154358,0.25204215516146783,0.08172422081563978,0.14894639852575917,0.18868680394199183,0.2812274657479369,0.2994151109686724,0.1955287899137819,42476,10.656694489523737,93.73041249791727,4.540422709665357,0.237,701.9555070203342,0
48079,48,0.5013037809647979,0.4064537157757497,0.03617992177314211,0.5423728813559322,0.11014851485148515,0.23391089108910892,0.20297029702970298,0.23886138613861385,0.2141089108910891,0.1513531573671901,38650,10.562302054015568,3.957943623814746,1.3757246034747757,0.28,NA,0
48081,48,0.49678997248547846,0.779883827575665,0.011617242433506572,0.19749312136961175,0.0501813784764208,0.1596130592503023,0.1989117291414752,0.2950423216444982,0.2962515114873035,0.10985093972780298,40795,10.6163148038629,3.5887083502474026,1.2777923467424337,0.215,NA,0
48099,48,0.4923123502619593,0.6120106363373088,0.15181791854250587,0.16540294342205725,0.16467028117513555,0.29580128609254824,0.2314966586811247,0.18509645694111715,0.1229353171100744,0.13401742737304792,49819,10.816151716354584,72.20649655059664,4.279530021775991,0.183,263.7414895884326,0
48211,48,0.48951755493811566,0.661278100530437,0.0010103561505430665,0.3223036120232382,0.07358490566037736,0.2438679245283019,0.2608490566037736,0.20330188679245284,0.21839622641509435,0.11716551547710412,56379,10.93985202772471,4.368378194080015,1.474391817588298,0.168,NA,0
48341,48,0.5150483453629306,0.369785283035998,0.019020382223432747,0.5259430750374506,0.1261666939577534,0.24398231537579826,0.23481251023415753,0.22269526772556084,0.17234321270672998,0.1540681693238043,51181,10.843123648405275,24.48507320846824,3.1980636750811255,0.23800000000000002,312.180147799642,0
48375,48,0.5126310419169561,0.48262923160475946,0.09451475404440202,0.35891907904481346,0.12589106900270297,0.2572861084268168,0.21581726258000364,0.2243323109673263,0.1766732490231503,0.2311341428829247,37951,10.544051132937742,133.78469126016932,4.896231726052327,0.24,464.3706413958022,0
48405,48,0.47476002258610955,0.6930547713156409,0.2328627893845285,0.0634669678147939,0.08201687946331963,0.18134602899805238,0.17290629733823848,0.2778619346461805,0.28586885955420904,0.2636786961583236,28390,10.253792249467017,16.686861758160166,2.814621688727032,0.23,788.9366824500091,0
48417,48,0.48483045806067815,0.8720999405116002,0.013979773944080905,0.10261748958953004,0.10206240084611316,0.15547329455314648,0.22263352723426758,0.2681121099947118,0.25171866737176096,0.16083283041641522,47277,10.76377919829018,3.6771863508792655,1.3021478811761598,0.205,NA,0
48427,48,0.484213786246353,0.012518133363759351,4.889895845218497e-4,0.984319733989666,0.14675085174882005,0.24358453411683806,0.24474103710186604,0.20551370612321446,0.1594098709092614,0.39194591126684103,24927,10.123706832333092,50.15700890875333,3.915158263540951,0.322,308.1978728014242,0
48461,48,0.4826963587120072,0.47095997592536865,0.027986758952753536,0.4947336743906109,0.08807733619763695,0.24704618689581095,0.19924812030075187,0.26745435016111707,0.19817400644468314,0.17078443483631872,51750,10.854179711127616,2.6769803854593963,0.984689437451005,0.203,NA,0
48049,48,0.4957303252332507,0.7422117969532445,0.038058088661641454,0.2007537820884508,0.10967865157809292,0.2077066322876379,0.2047462159194003,0.2405577042448551,0.23731079597001384,0.1840603513069621,39776,10.591018994310438,40.17436917176761,3.6932292094907804,0.18600000000000003,523.9499448626896,0
48191,48,0.4761329305135952,0.5833836858006042,0.053172205438066465,0.33595166163141993,0.10810810810810811,0.1511056511056511,0.22972972972972974,0.26105651105651106,0.25,0.23837388358484754,33006,10.404444642103513,3.7464968556591347,1.3208212315476562,0.342,NA,0
48159,48,0.5068325322778249,0.8052963905381209,0.04580152671755725,0.12911129959476014,0.09861351819757366,0.17694974003466205,0.2273830155979203,0.248526863084922,0.248526863084922,0.14351320321469574,45523,10.725972971725227,37.31130731985189,3.619296426014856,0.203,428.0056321613482,0
48163,48,0.5876612258874557,0.18331240725944528,0.0291062664079443,0.7794772286268691,0.16021093000958772,0.29827420901246404,0.19769894534995205,0.19578139980824544,0.14803451581975072,0.24020993136859103,35849,10.487070951635932,15.458314953683281,2.7381470432787256,0.19899999999999998,377.4805335102306,0
48281,48,0.4965140191603551,0.7470030596378593,0.03872197421878919,0.17981642172844461,0.09781347612672914,0.17795626952253457,0.22838018741633198,0.2615796519410977,0.23427041499330656,0.16915067374438547,49277,10.805212719730967,27.96840805790921,3.3310755895379285,0.21600000000000003,408.4254207621608,0
50019,50,0.4992642731018246,0.9592775161859918,0.007798705120659211,0.011734844025897587,0.09261482089835113,0.18106007960073284,0.20386632130898982,0.2551645713563712,0.267294206835555,0.1537672403966716,41953,10.644305223045162,39.2113872268733,3.6689671950936877,0.094,391.3536700390492,0
50013,50,0.4992840778923253,0.9437285223367697,0.003150057273768614,0.01331615120274914,0.06987788331071913,0.1485753052917232,0.2028493894165536,0.2885572139303483,0.2901402080506558,0.06892104886086832,59509,10.993882840599206,85.36749336886237,4.44696538862397,0.085,321.3172423919872,0
50007,50,0.48792478923095467,0.9083590781352093,0.019487810602840702,0.019303843640769616,0.16689626257786297,0.20955118990576585,0.19520643667145823,0.23524596709790768,0.19310014374700527,0.11241015682942945,63989,11.066466472569608,293.7820782812564,5.682838262155789,0.066,217.2420751898588,0
50015,50,0.4982164572355087,0.9531414673692744,0.004945277665180381,0.013984596676124847,0.10509554140127389,0.19546178343949044,0.220276008492569,0.2547107218683652,0.2244559447983015,0.1259957459231764,52686,10.87210504458805,53.771057788084924,3.984735363086426,0.091,298.1606185820264,0
50011,50,0.4962618963327016,0.945688165101314,0.00435244382431954,0.012744955121930902,0.08429000956676233,0.1961186278529452,0.23189148558152248,0.26961186278529453,0.21808801421347546,0.10192169918664924,56240,10.937383526484547,75.7748861459415,4.3277669204147475,0.087,296.4853721098628,0
50005,50,0.49642134993741377,0.9556760920499406,0.0055525243123535645,0.011746958949834707,0.1056311311040052,0.18036962766245732,0.1991761964121186,0.2536989865047965,0.2611240583166224,0.1409556768268335,45395,10.723157245805858,48.017766434876954,3.871571076485114,0.091,345.940561717623,0
50025,50,0.4907951872625294,0.9399538628550751,0.00945359146010494,0.019291659127917495,0.09249046966949184,0.1714349161701025,0.18883008253451275,0.2691069247566527,0.27813760686924016,0.12393721386527141,50234,10.824447367258546,56.30423848059035,4.030769816159034,0.085,392.98844073662,0
50003,50,0.4856119985896775,0.9525372243768816,0.0050174934230153775,0.015323696129749667,0.1035719341291936,0.16000566224696833,0.1927995092719294,0.2763648374463266,0.267258056905582,0.13851590106007067,50221,10.824188544898831,54.62532223176983,4.000497552378123,0.083,339.6669029617978,0
50001,50,0.49998641710358316,0.9397191057020999,0.008231235228600147,0.01904322077639836,0.1381259737369241,0.15593144892054306,0.19603828177164478,0.26182951257511683,0.2480747829957712,0.11324780080077154,57565,10.960670023107765,48.03575506475712,3.871945630792122,0.079,293.3416617372114,0
50009,50,0.5044614404079031,0.9617590822179732,0.0082855321861058,0.011153601019757807,0.07273222555162082,0.14600926178153092,0.20457640969763008,0.28166712067556526,0.29501498229365297,0.1592,35916,10.4889381576407,9.457533024511829,2.246811569404949,0.136,NA,0
50023,50,0.4956164706278291,0.9471957191175728,0.00822858296733808,0.017584599592777694,0.10078770307970024,0.1729391171161315,0.21139434385427494,0.2628959028499535,0.25198293309993985,0.09557363510165352,57281,10.955724259582695,86.4728556399358,4.4598305570591155,0.07,301.377606439045,0
49027,49,0.5119987243881049,0.8448537032607829,0.004225464402455553,0.12947460735071353,0.09254253458419462,0.22769915725870568,0.20034981714103992,0.2404197805692479,0.23898871044681189,0.1334409035901573,49238,10.80442096208924,1.908428015534601,0.6462798746687057,0.16399999999999998,344.1722527992228,0
49045,49,0.5024526387009473,0.8402571041948579,0.008964817320703653,0.11696549391069012,0.09858847723802698,0.2644813510734428,0.26438787274483533,0.2091110210949428,0.16343127784875205,0.08740329027499014,61412,11.02536053477879,8.517072754702543,2.142072708414644,0.106,313.418393526718,0
49053,49,0.49405928034840946,0.8555763837014277,0.0040732336401178276,0.09786331411819425,0.13175138999205718,0.26053840916827414,0.20354873482355612,0.19462725519119484,0.20953421082491774,0.15334109695718337,49279,10.80525330579372,58.48353787858181,4.06874531085141,0.171,291.1414203340874,0
49025,49,0.48968784838350055,0.9258639910813824,0.0036231884057971015,0.039576365663322184,0.08477987421383648,0.19220125786163522,0.17635220125786163,0.21861635220125786,0.32805031446540883,0.0783149561775516,48540,10.790143479280593,1.7983930245607458,0.5868935020179566,0.159,446.303530674182,0
49043,49,0.5142619252256124,0.8527879243661367,0.003357327030511388,0.11393425010743446,0.07779367763756992,0.19777980139629678,0.23420493473830276,0.27461948744633796,0.21560209878149256,0.08471971310701863,83336,11.330635907664284,19.891949188764084,2.9903150864939154,0.099,193.5245682729952,0
49019,49,0.5117056856187291,0.8373071528751753,0.0026971625849606215,0.09666630704498867,0.08280254777070063,0.2222222222222222,0.22151450813871196,0.22416843595187544,0.24929228591648975,0.1365475019131956,45888,10.733958923959293,2.524551666697081,0.9260634892183505,0.188,458.9328511853274,0
49031,49,0.5002791736460078,0.8994974874371859,0.002233389168062535,0.0893355667225014,0.06053268765133172,0.18886198547215496,0.25786924939467315,0.23123486682808717,0.26150121065375304,0.25447201384881707,38500,10.558413520275876,2.3634484970130285,0.8601217800312979,0.217,NA,0
49033,49,0.5063624396665204,0.9719175076788065,0.0013163668275559457,0.02369460289600702,0.08311688311688312,0.23203463203463204,0.20692640692640693,0.21385281385281385,0.26406926406926406,0.06953055801594331,50000,10.819778284410283,2.2152560083594564,0.7953679762131037,0.156,NA,0
49051,49,0.5034634504115394,0.8452856327927635,0.0033412109852497757,0.13116290440876865,0.10091131362525005,0.23279247240127435,0.26309550270430465,0.22671704823294064,0.17648366303623028,0.0953454992823457,65050,11.082911483940652,20.87790652666395,3.0386914958549016,0.15,216.8292871628834,0
49001,49,0.5235104916526268,0.8607750038290704,0.0016847909327615256,0.10583550313983765,0.09528076463560335,0.251194743130227,0.22939068100358423,0.20340501792114696,0.22072879330943848,0.1410887160768132,46660,10.75064254557542,2.520966222373237,0.9246422496127444,0.168,430.04892078542383,0
49003,49,0.5043859649122807,0.8801036682615629,0.003369218500797448,0.0854665071770335,0.11062098338213484,0.2531467467771989,0.2267559037152527,0.22683195801802486,0.1826444081073887,0.0882287830304494,57292,10.955916276899755,8.73023318390177,2.166792080136457,0.115,280.0130357970774,0
49021,49,0.5026596317432971,0.8700333799935394,0.0050823732098632494,0.07853989447614945,0.21811496797659524,0.24365462164940302,0.18791017632640153,0.18217759152368151,0.16814264252391872,0.20863580028328613,42369,10.654172241737173,14.085378597443913,2.645137280444825,0.168,289.66294820435223,0
49039,49,0.5266022198353025,0.8667382742570713,0.008485499462943072,0.09377013963480128,0.18488023952095808,0.22516330974414805,0.2063826891671203,0.19746869896570496,0.18610506260206858,0.15677442500099653,48369,10.786614391631849,17.564358627351346,2.8658717708098167,0.16699999999999998,295.290329477211,0
49041,49,0.5063948456582363,0.9248004615828445,0.0052889700932782,0.04649485527454563,0.10499671885253586,0.24730477172588355,0.21139964376113246,0.22677416330739664,0.20952470235305146,0.15385378926993895,46229,10.74136258577276,10.885716723272603,2.3874515375599423,0.14,393.3975902423782,0
49057,49,0.5026959306626303,0.7784547891786497,0.01271641203911558,0.1697773558927785,0.13163794520752686,0.2766003557176379,0.21514191340218514,0.20694396699896872,0.16967581867368137,0.12786880980977944,54974,10.914615625171118,405.9668381694337,6.006271476880158,0.126,307.55731825383657,0
49037,49,0.5001689760054072,0.4525853328827307,0.0010814464346062859,0.0483947279486313,0.1291759465478842,0.21957290711384778,0.21957290711384778,0.23463906720817504,0.19703917201624524,0.27107849923854355,40492,10.608859702718643,1.8919466372582667,0.6376062658229847,0.2,354.7177854617214,0
49035,49,0.5028502910387537,0.7367315518060429,0.014842881045183028,0.17244260784459617,0.12831256479319852,0.2873877785807105,0.2255612472981136,0.19797116171901663,0.16076724760896072,0.1267599229958112,60555,11.011307321955151,1412.285357855909,7.252964492433587,0.131,267.846795433903,0
49009,49,0.572289156626506,0.9397590361445783,0,0.04096385542168675,0.13692946058091288,0.22821576763485477,0.10580912863070539,0.21369294605809128,0.3153526970954357,0.0856353591160221,46917,10.756135362104326,1.1908536699097103,0.17467041960883156,0.131,NA,0
49055,49,0.5166666666666667,0.9282608695652174,0.008333333333333333,0.04673913043478261,0.0748587570621469,0.18573446327683615,0.2231638418079096,0.2507062146892655,0.2655367231638418,0.1824844265298644,41458,10.632436145559456,1.1216429956646061,0.11479457078653067,0.179,NA,0
49007,49,0.49502991473123853,0.837000047109813,0.005653177556885099,0.12611296933151175,0.12914102672173985,0.23644946472224565,0.18587203911320913,0.2211076456208379,0.22742982382196747,0.15065277981516798,44724,10.708265549267258,14.357186675892278,2.6642506304913582,0.107,540.1703726481383,0
49029,49,0.5068097399917457,0.9554271564176641,0,0.026104003301692116,0.10540104796453043,0.20495767835550183,0.24385328496573963,0.24103184199919386,0.20475614671503425,0.04026014245896562,80337,11.293985565916593,15.909493824647567,2.766916026925147,0.085,NA,0
49005,49,0.4980425815153134,0.8516478223171982,0.005745264098230003,0.10042826740000525,0.24214189842994038,0.27900552486187846,0.18650310578393733,0.1606267752910697,0.13172269563317415,0.16581426404193275,49506,10.809849153332399,98.02517657340705,4.585224349486714,0.124,147.59290619880701,0
49023,49,0.5168932038834951,0.9346601941747573,8.737864077669903e-4,0.04058252427184466,0.10422369964802503,0.2497066875244427,0.25205318732890103,0.2059053578412202,0.18811106765741104,0.14679531357684356,55247,10.91956931926324,3.036307755437497,1.1106422231171,0.12300000000000001,385.03175854652596,0
51095,51,0.48363673702894194,0.7715597541476581,0.13457335230523243,0.048759736544865116,0.08896390409866567,0.1844931157301579,0.20565094891287014,0.26476529690074957,0.25612673435755673,0.08681447600944475,76960,11.251041085339589,478.6045760581871,6.170874736770367,0.096,291.7937022328884,1
51167,51,0.49183132025413673,0.9707463520212246,0.01364937513090833,0.002722893248621099,0.09223273144167383,0.18607050730868444,0.21312697047864718,0.25657781599312124,0.25199197477787333,0.19293976583439132,33872,10.430343993374647,60.45730253133033,4.101937372598975,0.155,586.7497096785332,1
51173,51,0.4881015666531161,0.9493730260483442,0.01988805153381907,0.016886081490978453,0.0955965374482499,0.18081617291252217,0.2231840421528039,0.2533469541373192,0.24705629334910478,0.18406023673547522,37239,10.525111878184058,70.91819536600079,4.261527034830372,0.142,584.0697429471104,1
51515,51,0.45026437541308656,0.7533046926635822,0.2096827495042961,0.018175809649702578,0.1332547169811321,0.17069575471698112,0.1704009433962264,0.29923349056603776,0.22641509433962265,0.18725372622922734,35593,10.47990426829258,879.9069496946787,6.779816162898172,0.13699999999999998,NA,1
51678,51,0.6332194705380018,0.7764019356675207,0.08653572445203529,0.06134358098491318,0.629863813229572,0.07611867704280155,0.09946498054474708,0.07076848249027237,0.12378404669260701,0.2515705311250714,36505,10.505204516490187,2813.7765318382058,7.942282821528136,0.11800000000000001,NA,1
51031,51,0.48332635945203484,0.8098495460912911,0.13831935524951333,0.017774300944202886,0.11266268565303936,0.18263665594855305,0.21959883631909355,0.256714132598377,0.22838768948093707,0.14656202326906465,47162,10.761343762573114,109.09029565341648,4.692175939784895,0.136,365.0624101711096,1
51089,51,0.479186544685787,0.7110437597051505,0.2162915567529139,0.049035565284091975,0.09119640297145835,0.17427994265606672,0.21481167731004822,0.2707220122507494,0.24898996481167732,0.17099984862246442,34984,10.462646093092756,139.8018486454252,4.940226053213176,0.16899999999999998,588.6077956774238,1
51099,51,0.49989648461761416,0.7439857562833837,0.18264254068154528,0.03780381764730239,0.09510286070513264,0.20246588626445938,0.24291750363648956,0.27554201011290436,0.18397173928101407,0.07147962830593281,81753,11.311457785333879,134.44409806497583,4.901148484875035,0.091,317.045496600248,1
51103,51,0.4710253914889852,0.692647969565602,0.28107582057860747,0.01327081305848005,0.08253358925143954,0.1462222997731635,0.17204676321758855,0.2570232071191764,0.342174140638632,0.11745631417762566,49248,10.804624036638605,84.82551594746717,4.440596393144777,0.126,553.7643040420523,1
51105,51,0.5229242655998745,0.9452876809036357,0.027885633603953405,0.01655096678040554,0.0931899641577061,0.20801331285202254,0.23143881208397338,0.23771121351766514,0.22964669738863286,0.2676068090787717,31308,10.35162893492473,58.54407854554806,4.069779949925788,0.133,559.3919429713,1
51115,51,0.47948115844794814,0.8698423347869843,0.094040031309404,0.014760147601476014,0.07686017988552739,0.13327882256745707,0.2027800490596893,0.28699918233851185,0.3000817661488144,0.10105001693575703,55192,10.918573294225945,104.07429389379604,4.645105008468026,0.13,326.222240298646,1
51147,51,0.4920141586808253,0.6212121212121212,0.335362168695502,0.023007856341189674,0.27991469266509256,0.1392337573310991,0.1861527915302003,0.20298575672176097,0.19171300175184705,0.19782655709342561,37436,10.530388087277148,66.1961367013373,4.1926221032542275,0.141,337.004370731685,1
51149,51,0.5487082441994405,0.5758049476166969,0.3149854643190171,0.06428610608304536,0.1014280798348245,0.2264280798348245,0.24535443909153476,0.24376290433585684,0.18302649690295938,0.08145296178243444,63074,11.052063919241686,137.5120212705776,4.923711340707454,0.10400000000000001,279.0086475692518,1
51165,51,0.4888729921311049,0.9089419262534955,0.015438642127853288,0.05561552968719516,0.10615237488045903,0.18819162985564006,0.21535589052324788,0.26242087526754404,0.22787922947310899,0.10446848666897046,52195,10.8627419838424,90.5503093915104,4.505905601126571,0.14800000000000002,298.5557443088496,1
51169,51,0.5007410636442895,0.9722319093286835,0.005666957279860506,0.011333914559721011,0.09125334125334125,0.1836946836946837,0.2202999702999703,0.2531185031185031,0.2516335016335016,0.18332368784222944,38355,10.554640176393397,42.83606894104906,3.757380479955791,0.134,537.8896372721786,1
51181,51,0.49263218722912455,0.5111239526148512,0.45882692863334296,0.013868824039295001,0.08669403525718425,0.14223617483699588,0.21395798116397005,0.29799565322385896,0.25911615551799083,0.1152845998266397,47292,10.764096426983004,24.81457183929679,3.2114310547820186,0.12300000000000001,480.9971645368346,1
51011,51,0.47575395243789026,0.76637438554537,0.20360037199415437,0.011558389796731766,0.0878919661249714,0.20130464637216755,0.202563515678645,0.2618448157473106,0.24639505607690548,0.17722712275267657,50167,10.823112718999155,45.14024240316167,3.8097741414051365,0.14,441.41279637848777,1
51067,51,0.4936738143962986,0.8744728178663582,0.08317465966723019,0.025909778450040038,0.09334885573358659,0.16987837382433135,0.20844949603259705,0.2635642290371006,0.2647590453723844,0.13965498296890452,45624,10.728189172836375,81.39177840927195,4.399274265564318,0.156,411.8046124529552,1
51117,51,0.4895891429633761,0.5923653715064758,0.36766437379934314,0.024911693623350065,0.09664276401564537,0.17546718817905257,0.19388309430682313,0.26352672750977835,0.2704802259887006,0.19580009767214715,36261,10.498498062527567,51.598359672893835,3.943489882697224,0.17,514.9872627073177,1
51121,51,0.519492150458329,0.8540090612158887,0.04003793067116215,0.027668317353282058,0.3212049108544424,0.20276276871726234,0.16371717972868025,0.16365108478329118,0.1486640559163238,0.24525813857655854,45543,10.726412213600824,245.23660642767445,5.502223485038487,0.126,234.4247695256592,1
51015,51,0.5097794536527142,0.9208691642025879,0.04101673765021838,0.021810487480671676,0.08745032514450866,0.18097453034682082,0.21969833815028902,0.2682216401734104,0.2436551661849711,0.0949215063910097,52027,10.859518093579142,76.24206436614722,4.333913336184865,0.135,366.93561333178917,1
51049,51,0.4944181836467867,0.6317006939555466,0.33621643367193,0.011767072312179423,0.1344206008583691,0.1582832618025751,0.2272961373390558,0.24188841201716738,0.2381115879828326,0.16276015356637705,40557,10.610463671032514,33.42623066553262,3.5093409410247283,0.161,432.5341546906328,1
51075,51,0.49719452817064685,0.7693484813354974,0.2038024576860654,0.021145374449339206,0.0649613682394419,0.14380016502888004,0.22278898807291275,0.29307628835046134,0.27537319030830393,0.05590897336436514,80976,11.301908093453859,76.6305989375122,4.33899646091826,0.064,318.3797692431358,1
51083,51,0.4762646780566531,0.6019533641271078,0.3678835772719684,0.017279759585953586,0.0914609872611465,0.1695859872611465,0.20501592356687898,0.25696656050955413,0.27697054140127386,0.213023811555859,34659,10.453312711151128,43.94263418594613,3.782885014771441,0.149,529.597287806737,1
51113,51,0.4938485923465922,0.8463280247565854,0.10574382972299796,0.008151558608196845,0.07322345312077817,0.1711699540664685,0.19832477708727372,0.30302620913266687,0.25425560659281277,0.1334301881021563,53459,10.886670283943698,41.31494341764297,3.721224260616762,0.151,383.1299677542868,1
51153,51,0.49751360795645455,0.4778240709629729,0.19513137557959814,0.20715293711060126,0.10121873394866686,0.2394897816240447,0.25754120814979686,0.24375457219792362,0.15799570407956792,0.06337476397189075,98071,11.493446985132584,1238.6014351876624,7.121738147220924,0.11699999999999999,196.739701982404,1
51175,51,0.5213619605291694,0.5982433311646064,0.36450878334417697,0.011873780091086533,0.09201695513952667,0.15657011656658423,0.20460967855881315,0.30554574355351466,0.24125750618156128,0.15980671828608023,46150,10.739652239930999,30.78386701048995,3.426990754388529,0.152,440.0086954839184,1
51025,51,0.5231707317073171,0.4020905923344948,0.5707317073170731,0.018060394889663184,0.11788929323884313,0.20963416969929133,0.19919555640681863,0.2414288450488412,0.2318521356062057,0.23971353286940073,36293,10.499380164191843,30.414731892901994,3.4149270927708706,0.158,491.3984490428586,1
51033,51,0.4915672705775985,0.6354974441005669,0.2926244044928191,0.036617171471293945,0.10222069597069597,0.20684523809523808,0.22790750915750915,0.24702380952380953,0.21600274725274726,0.1265664620925361,57218,10.954623813179536,54.51429633013783,3.998462985254032,0.14400000000000002,378.4864651447562,1
51131,51,0.48212983223924144,0.5430748034686765,0.3768538779479699,0.07431720560823406,0.0775647592565491,0.1953753841650812,0.1804478267232548,0.25889067759402895,0.2877213522610859,0.24345809870818153,33635,10.423322470459706,58.30954766270344,4.065765847747337,0.184,583.6575521644672,1
51141,51,0.4897262130658715,0.9011114123068582,0.06527514231499051,0.025155868799132557,0.08208103481072855,0.14713715046604528,0.22807684991439986,0.27011603576184134,0.27258892904698495,0.17073304758764699,34864,10.459210057184402,38.18081706327521,3.6423332183639356,0.175,525.3263280723404,1
51163,51,0.49304094875811144,0.9345714925039159,0.026493622734392482,0.014007607965987916,0.09754206404590214,0.16197565325269442,0.1938435295029852,0.2656431728308909,0.2809955803675273,0.1258203213396696,48313,10.78545595456471,37.39385967554614,3.6215065111432763,0.145,364.92600807174483,1
51171,51,0.48608942512420156,0.8992902767920511,0.019280813815945114,0.06285781878400758,0.0909956136721013,0.18985351320036414,0.21232309856823636,0.26260034759579576,0.24422742696350244,0.11693345775608356,49625,10.812250017989491,83.08174913911033,4.4198250524587746,0.142,385.9202079254088,1
51720,51,0.4084542271135568,0.903951975987994,0.0670335167583792,0.02276138069034517,0.14178217821782177,0.15405940594059406,0.22455445544554456,0.24158415841584158,0.238019801980198,0.181058495821727,39416,10.5819271042238,534.4205320144366,6.281183042170078,0.1,NA,1
51790,51,0.4449122514485806,0.8231272666638876,0.11976322481137187,0.023552461544874736,0.11937917029300842,0.22410791993037424,0.19604003481288076,0.2273716275021758,0.23310124746156077,0.17994529733545087,38501,10.55843949396453,1200.9511889862326,7.0908691792775835,0.12300000000000001,451.9579687529112,1
51065,51,0.45444702242846097,0.7885150812064965,0.14779582366589328,0.031051817478731633,0.08924411079471913,0.2061869013719907,0.2328501164897748,0.2586073000258866,0.21311157131762878,0.07055039895782446,68288,11.131489334661426,90.41799968532018,4.504443359141331,0.133,295.3118777756568,1
51007,51,0.4918974197608559,0.7203429830081812,0.24394273127753305,0.006686595342983008,0.07624867162592987,0.15382571732199787,0.2288788522848034,0.29383634431455896,0.2472104144527099,0.08337961126537088,52885,10.875875023762154,35.7813375217089,3.5774264592071807,0.155,450.4209287118622,1
51750,51,0.47261299012271774,0.8475306794372942,0.07997605507333133,0.025621071535468422,0.4928986750548089,0.15222571728147935,0.1238204175007149,0.12934896578019256,0.10170622438280431,0.37722419928825623,30714,10.332473855685638,1692.1596434359806,7.433760887627825,0.128,245.419279417337,1
51840,51,0.487456275623425,0.6892466242900666,0.10787226840185053,0.156016098093053,0.1456607064980375,0.24073266463148713,0.1986169086038253,0.2247835025855087,0.19020621768114135,0.20136385013324973,44200,10.696480068065789,2879.5624390772227,7.965393630711363,0.149,416.2390629067972,1
51001,51,0.48568596232989875,0.6109225269608579,0.28453843612003965,0.08783682297455615,0.09797086368366285,0.19250780437044746,0.18569198751300728,0.25515088449531736,0.26867845993756506,0.2054689886953865,39328,10.579692012365761,74.05850107676153,4.304855335971461,0.18600000000000003,577.7334273922904,1
51045,51,0.48509328717060973,0.9696095402962108,0.0019234468166955184,0,0.03513606613847744,0.15260075783672064,0.2332070272132277,0.25456424388563553,0.32449190492593866,0.08693126815101646,47806,10.774906433614746,15.776824242718506,2.7585420431180956,0.152,461.4174828869714,1
51063,51,0.49580378635092054,0.9406674907292955,0.014442781861947824,0.02673866371738989,0.07500833425936215,0.18535392821424604,0.2228025336148461,0.2504722746971886,0.26636292921435717,0.12652847708101747,44618,10.705892644032595,40.40534146469691,3.698961990700237,0.16899999999999998,384.6828314907544,1
51071,51,0.48588627198877915,0.9572205014318275,0.011629945648997721,0.01279878440769096,0.1021662468513854,0.17279596977329975,0.22639798488664986,0.2500755667506297,0.24856423173803527,0.13312474172029046,45141,10.717546203426988,48.094192775893035,3.873161437513067,0.125,540.7282862424404,1
51077,51,0.48514014437146386,0.9400403199583794,0.02035507576250244,0.02744358457436431,0.08025882620047678,0.16619366556930412,0.206379838801226,0.26643205812237486,0.2807356113066182,0.19124668435013262,30710,10.332343613434867,34.7758240515633,3.5489224341948358,0.16399999999999998,487.873238032129,1
51135,51,0.5179044256714159,0.5545958895473458,0.3881603833060144,0.03952843273231623,0.10270498732037193,0.20931952662721892,0.22115384615384615,0.25486052409129334,0.21196111580726965,0.16795550128883463,36607,10.507994757932803,50.45293773378457,3.9210409757045714,0.152,481.0127113285406,1
51157,51,0.49006444683136413,0.8941997851772288,0.04457572502685284,0.0322234156820623,0.08885819521178637,0.12546040515653775,0.20004604051565378,0.2767034990791897,0.30893186003683243,0.10840108401084012,56438,10.940897969477794,27.976125637144243,3.331351490641191,0.156,NA,1
51036,51,0.490353920888272,0.4081887578070784,0.48369188063844554,0.015128383067314365,0.07702612190221031,0.16097343156954677,0.19290020093770932,0.28979682964947534,0.2793034159410583,0.11821974965229486,48428,10.787833437827631,39.4109956951487,3.6740448559257852,0.174,575.6566360803132,1
51047,51,0.5042045214451722,0.7171138812592436,0.1437354743291781,0.08808366786393408,0.08925572587272662,0.20870404116196806,0.23435880944724335,0.2619073141101226,0.2057741094079394,0.09146769662921349,64423,11.073225991189258,124.80421059293208,4.826746194091607,0.15,344.1402237139488,1
51053,51,0.49172534581978056,0.6293026414554813,0.3253744146977875,0.02602137470064696,0.10654249399636853,0.17887893164645932,0.22169507409359807,0.27622561939905116,0.21665788086452292,0.13183361939889712,52027,10.859518093579142,55.54121767027452,4.01712540584204,0.13,434.5398544162964,1
51079,51,0.4915756042418044,0.8559509070355816,0.0617430155568714,0.04424826398234376,0.09015496809480401,0.20355515041020966,0.2309936189608022,0.26226071103008203,0.21303555150410208,0.12008034308669453,59358,10.991342184551277,118.89584373359958,4.778247847102579,0.149,331.4088898605076,1
51085,51,0.4895542620205725,0.8498524838529623,0.09087194003667969,0.022765329718523245,0.09520274032701685,0.15262474056325195,0.23059919342591498,0.29421392774581107,0.22735939793800516,0.05121115033773443,75070,11.226176290567048,214.13082452575682,5.366587157795669,0.10300000000000001,286.8902467612652,1
51111,51,0.5368759307155733,0.5983227525668156,0.34140606630613685,0.03918802413982287,0.0968835571782501,0.1701656017733733,0.2168470465510497,0.2538792541400443,0.26222454035728254,0.22580359514743648,35237,10.469851945892822,29.556410606857348,3.38630066133421,0.17300000000000001,443.717375812669,1
51137,51,0.4877998467613603,0.802440030647728,0.13113691283078918,0.036512052808392766,0.0923542382441926,0.198605199733347,0.2106558638018563,0.2694220809189272,0.22896261730167683,0.1255407354001442,60287,11.006871770749637,99.57656338491063,4.600926829521012,0.14,373.8408125070496,1
51595,51,0.47583578728564,0.32859864888272994,0.6350251169236099,0.01524337432877187,0.12578616352201258,0.20275531596286314,0.18089248277927522,0.252470799640611,0.23809523809523808,0.2898341744772891,32155,10.378323238568964,837.394836089353,6.73029568696626,0.134,NA,1
51197,51,0.4932021589123454,0.9431577509052401,0.037678486028557764,0.010077201612352258,0.08732264390356442,0.1811050870919368,0.23122620832852694,0.2495674241550352,0.2507786365209367,0.14377548904403126,41275,10.628012268788328,63.387784090909086,4.149271162923898,0.14800000000000002,472.4522176802496,1
51570,51,0.4664492877981809,0.7918883359075568,0.12476402951776214,0.04261769921629197,0.10162475421711684,0.20252509572596503,0.222291213908724,0.24205733209148297,0.23150160405671116,0.09267303793802491,50835,10.83634037270926,2324.6010638297876,7.751303717849436,0.11800000000000001,395.7398384071162,1
51660,51,0.4730400993470336,0.7096703120618515,0.06207186636221608,0.16710731883187116,0.40448150741613087,0.22105162645617163,0.1474314087465784,0.11926284295626711,0.10777261442485199,0.3351759981100874,38048,10.546603799490509,2866.3451601791253,7.960793033857938,0.166,154.59062890625898,1
51021,51,0.565121412803532,0.9446651949963208,0.04885945548197204,0.003384841795437822,0.08743296805782233,0.18442527395663325,0.2469107017952903,0.23898344602471439,0.24224761016553975,0.16555612506406972,42139,10.648728956654207,18.995038087916694,2.944177791792445,0.135,511.0281570956842,1
51023,51,0.4922904825250937,0.938414560406337,0.035433546982706496,0.012335227959850042,0.07386658367050523,0.13901857039111942,0.2130407718643013,0.2981118373275236,0.27596223674655046,0.07703821364205639,65935,11.0964246872418,61.11581258014568,4.112770631060752,0.10300000000000001,361.3309749088448,1
51029,51,0.5507999532873993,0.6119350694849935,0.35110358519210555,0.018276305033282727,0.0937243829128336,0.21167683759905273,0.22442845432188724,0.2512979324164314,0.21887239274979506,0.22995951417004049,38648,10.562250306234242,29.54505854324195,3.385916506289733,0.171,349.1439383986676,1
51520,51,0.4648563202167899,0.8999040252921583,0.06543216846384012,0.008976457968723536,0.10483082339135537,0.21631136319186386,0.21523567377273617,0.24163895951496187,0.22198318012908272,0.20975581529915518,32221,10.380373692872555,1361.1772842542073,7.216105254457976,0.131,593.1621058354918,1
51580,51,0.503061224489796,0.8227891156462585,0.12278911564625851,0.02414965986394558,0.12157688835389709,0.12699368040926873,0.21817634667469155,0.32049352994282276,0.2127595546193199,0.2127476313522825,34319,10.443454415648254,1075.3474762253109,6.98039912203097,0.139,571.5290243893185,1
51830,51,0.4645037382536525,0.7038891556348172,0.1479525344673846,0.0691405446189725,0.43391294465280145,0.19649960222752585,0.10637572451414934,0.11808160018183884,0.1451301284236845,0.19506369426751594,48616,10.79170797381519,1615.9388162270006,7.387671377118617,0.11900000000000001,NA,1
51810,51,0.4903799833088696,0.6405684935689391,0.18616264579295308,0.06941746145547562,0.12846875371893673,0.2529670353447747,0.21249057869360288,0.23005658193200793,0.17601705031067771,0.07870647458649407,65219,11.085506116505739,1775.5927329970766,7.4818895802488,0.11800000000000001,260.6994520913694,1
51035,51,0.5002835318055973,0.9554688281797258,0.007738750458654391,0.0283198238767137,0.0825968925085196,0.1633454629469185,0.2254375324900364,0.25818748916998785,0.2704326228845376,0.18145539906103286,32853,10.39979834394387,63.15490109334513,4.145590456130898,0.18,491.58124426946523,1
51191,51,0.49109554047149845,0.9597657105320779,0.012699802934092402,0.013411429822640684,0.09230532944248196,0.1795115957610198,0.2195361695592075,0.2581170327138688,0.2505298725234219,0.12101707637455432,41897,10.642969504301549,97.69419314586212,4.581842121723133,0.138,448.9990543058242,1
51193,51,0.4826602783481634,0.6352384211727128,0.29637234770704995,0.058806753365274925,0.11162140575079872,0.16882987220447285,0.17162539936102236,0.26807108626198084,0.27985223642172524,0.12901372853121948,49157,10.802774536594097,76.43378746594006,4.3364248427298655,0.166,496.8675071000614,1
51139,51,0.494014598540146,0.9487799791449426,0.014139728884254433,0.016934306569343065,0.09464961782984499,0.18608472033716694,0.21751553682405886,0.26059004214586756,0.24116008286306165,0.15086624794503226,42906,10.66676695527645,77.12574310934967,4.345437117308466,0.132,454.81814599075983,1
51155,51,0.4982455131155085,0.9135124252185918,0.05404394845835251,0.013431891394385642,0.0912483850901957,0.1763242260395234,0.22972391023493946,0.2501076606536198,0.2525958179817216,0.13891850272447287,44312,10.69901079971294,108.69823484171101,4.688575555188606,0.131,543.2265178505293,1
51510,51,0.4833384371259152,0.5308733053088722,0.2112691740207678,0.16384566131232425,0.0768050193050193,0.3383011583011583,0.2475868725868726,0.18476833976833976,0.15253861003861005,0.0841759121984809,85706,11.35867811380378,9561.72223331337,9.165523139748574,0.114,193.1936548431382,1
51590,51,0.45671690389803704,0.46081030793562194,0.483091450367476,0.029584147362545353,0.12552816179185297,0.19891701193748204,0.1846822824793863,0.2398572424826681,0.25101530130861055,0.27375516416612306,30786,10.33481532017002,1001.4440769553269,6.909198314261057,0.141,659.8249621002008,1
51650,51,0.48023832297728486,0.40839095482523713,0.4937024029439897,0.048168403221449066,0.1494943521201727,0.2314980188065527,0.18775799869891774,0.23718729670589628,0.1940623336684606,0.14856831279771596,50705,10.833779804046097,2663.859335187599,7.8875312281594425,0.13,385.358665516253,1
51009,51,0.4769259397097134,0.759304056568664,0.18539883389157671,0.019910681056940827,0.11095192613817256,0.17345855884537834,0.20487106017191978,0.26812055608617213,0.24259789875835722,0.11387296197828245,44945,10.7131947990075,68.03478965425565,4.220019186909603,0.13699999999999998,512.3803773260582,1
51017,51,0.4694835680751174,0.8952198036705079,0.05121638924455826,0.03627827571489543,0.08271513353115727,0.12425816023738873,0.22403560830860533,0.3427299703264095,0.22626112759643918,0.16375404530744336,51365,10.846712285650364,8.855578107106005,2.18104755505588,0.142,NA,1
51027,51,0.5049749163879599,0.959071906354515,0.021321070234113712,0.005434782608695652,0.0885897004375631,0.18552675866711546,0.20841467519353754,0.263682261864692,0.2537866038370919,0.25921064146320116,29848,10.303873114900993,47.57708900615201,3.8623513219639154,0.136,672.306484594899,1
51700,51,0.4822041154536666,0.4575776826405193,0.3946029553929015,0.07758596878884132,0.15351324978993686,0.26224013154922704,0.19492053740027648,0.221510467017826,0.1678156142427336,0.151688031586454,51027,10.840110183382201,2634.4704135983934,7.876437459219376,0.136,357.1977895363946,1
51179,51,0.5026348712893809,0.670690374189635,0.16797209690260453,0.09663722182204193,0.11437625331121729,0.20509741786943284,0.24162602431114302,0.2741564132399178,0.16474389126828906,0.051164861950967984,97110,11.4835996355884,490.359017831913,6.195137812271677,0.086,218.4789426168364,1
51680,51,0.4703989956451803,0.6306772856264794,0.2817555285286463,0.03145147580001831,0.2732439844302902,0.21165074309978768,0.1578202406227884,0.18575283085633404,0.17153220099079972,0.24726957613064202,38138,10.548966439394572,1556.4851001465559,7.350185417170606,0.14400000000000002,339.486378070669,1
51760,51,0.47556740010967974,0.39438997873752873,0.4890993755953011,0.062392364752402854,0.1815366637452527,0.2804192229038855,0.1747297692082968,0.19073911773298277,0.17257522640958223,0.2560525837156195,40496,10.608958482784905,3475.930106178413,8.153617378639513,0.18600000000000003,456.84576513336,1
51690,51,0.4554606025492468,0.4789252607184241,0.445973348783314,0.041352838933951336,0.10587782340862423,0.17428131416837783,0.21303901437371664,0.27258726899383984,0.2342145790554415,0.2716040137786431,28116,10.244094088295796,1260.3139832055494,7.139116161922377,0.145,699.5708290804616,1
51057,51,0.47325581395348837,0.5564400715563507,0.37191413237924864,0.03255813953488372,0.12914619164619165,0.1226965601965602,0.2371007371007371,0.25752457002457,0.25353194103194104,0.1114324446452779,44885,10.711858942190789,43.48113548768488,3.772327177084159,0.146,505.41887708953783,1
51185,51,0.4946489342647322,0.9440041196489343,0.0253895754970446,0.007343722013254523,0.08861043575836917,0.19495043949878438,0.21357770712549093,0.24462315317000188,0.25823826444735365,0.18296588107908862,35693,10.482709870110469,86.08334650358681,4.455315972325859,0.138,715.91746628669,1
51530,51,0.45514255859083447,0.8941633079564114,0.07538438572921331,0.009255112703388566,0.1279415742493914,0.21747362726535027,0.23992426291587773,0.1931295645117663,0.2215309710576143,0.20615433673469388,36591,10.507557587511348,999.2541766109786,6.907009177328486,0.142,432.800941634466,1
51685,51,0.516495867768595,0.41282644628099174,0.13110743801652894,0.3348099173553719,0.11208166701747001,0.2814144390654599,0.26846979583245634,0.21395495685118923,0.12407914123342455,0.07032181168057211,71227,11.173627238999952,5968.823993685873,8.694305201000095,0.16399999999999998,NA,1
51730,51,0.46461053022334964,0.15417929839757472,0.7812906019922045,0.039349130730681185,0.14752866943762832,0.2134308177675397,0.17682407731984576,0.24322700185287194,0.2189894336221143,0.26687960532557475,34424,10.446509274518435,1409.6459096459098,7.251093823923617,0.152,688.923252770531,1
51183,51,0.6189722661780628,0.3884400766219705,0.5704172566003165,0.022486882651786458,0.09859847553479223,0.2487091222030981,0.21821981804770102,0.23469387755102042,0.19977870666338823,0.15291607396870555,39635,10.587467845271256,24.49308473746481,3.198390822095387,0.138,501.90134761083976,1
51600,51,0.49511443088548224,0.6081990706561862,0.04833456377296218,0.1608980761714509,0.11820379965457686,0.22487046632124352,0.22797927461139897,0.22735751295336787,0.20158894645941278,0.07209012378662392,97242,11.484957995886175,3690.8158358711335,8.21360280632897,0.11699999999999999,298.9718603029366,1
51683,51,0.49998728285474475,0.46412493323498744,0.1361751913930361,0.31869166009614164,0.12766131005791664,0.2547108247002203,0.2348070805122767,0.2278326127742883,0.15498817195529815,0.1170709312112633,71036,11.170942069774485,3979.050703370104,8.288798553087661,0.152,247.8320353451852,1
51770,51,0.4772328077653947,0.6169585537465975,0.27284679780185916,0.05552873504185712,0.10572217968776006,0.24584734196597982,0.21012948969741355,0.22752238607236777,0.21077860257647882,0.2237984975325587,38145,10.549149966524329,2287.369014613975,7.735157534139241,0.158,535.5989087120472,1
51800,51,0.48091747012093067,0.5070130359963225,0.4155489026661323,0.03139954267933335,0.100096740439478,0.19819944324889932,0.2394227162346252,0.2664508104479675,0.19583028962903004,0.11369114383218386,66085,11.098697071191907,212.01595329961415,5.356661523254041,0.11599999999999999,370.0546441957388,1
51037,51,0.49591280653950953,0.6665330982529252,0.29836512261580383,0.020355826254207406,0.11006423982869379,0.16059957173447537,0.20413990007137758,0.2729478943611706,0.25224839400428267,0.17897819720143182,33015,10.404717282628672,26.254494804017074,3.2678372050085636,0.179,521.9655031142494,1
51041,51,0.4814717723059639,0.6474081702711981,0.22003245638673033,0.07368848110351715,0.0963903377047655,0.19728823021612485,0.23608835220958063,0.2574320377559407,0.2128010421135883,0.06736954287671754,72088,11.185642873914873,756.9862295267861,6.629345062422305,0.09699999999999999,284.2753018901998,1
51081,51,0.6223712535187945,0.37663520450405696,0.5948004636529227,0.017304189435336976,0.10930486473371345,0.20441586800921993,0.25027295887419626,0.24432852116947712,0.19167778721339318,0.2161743687470224,39697,10.58903089706934,40.91103087126473,3.711399730139223,0.125,469.8835304129202,1
53047,53,0.5034635296405221,0.6773205648591498,0.00490970517463481,0.1812458984517415,0.09384277784949012,0.17602512800654016,0.2039068886880943,0.24112559700529237,0.285099608450583,0.20663586728265435,40368,10.605792670880838,7.810017429837406,2.055407195582447,0.23399999999999999,428.3500747023688,1
53067,53,0.4880662293033427,0.7813808184942206,0.025952827241487036,0.0746954076850984,0.11082738462910015,0.22184580703910545,0.21379038061093883,0.22956373338767297,0.22397269433318262,0.1169223828500647,62229,11.038576408014254,354.70060017092334,5.871274053830367,0.111,286.6128749702724,1
53013,53,0.5125403526198162,0.8887509312143035,9.932952570151478e-4,0.06332257263471566,0.053051643192488264,0.16150234741784036,0.19342723004694837,0.2704225352112676,0.3215962441314554,0.17147922998986828,42519,10.657706313835016,4.636041393966814,1.533860854248432,0.147,NA,1
53011,53,0.49402495439823,0.8130986316001193,0.019167770587840915,0.0786176826209285,0.0999509204365744,0.21571247166239493,0.23430427771242493,0.24005359799942352,0.20997873218918225,0.1241505574211507,58225,10.972070094752542,687.6728923822424,6.533313277753691,0.121,290.4621379123444,1
53003,53,0.4789927529584442,0.9212916246215943,0.005091276029722044,0.03261168700119255,0.10695230396119644,0.19248181083265967,0.1973322554567502,0.2481002425222312,0.2551333872271625,0.13556559400176965,43175,10.67301690301488,34.26839753353044,3.534223574756187,0.134,389.9156607615668,1
53001,53,0.5082969896819487,0.378576747154558,6.914158068290607e-4,0.6005212211466865,0.13092064793930694,0.2521017018659012,0.23139224933360672,0.20432643018248922,0.18125897067869592,0.22856371490280777,43926,10.690261678874698,9.767384354522493,2.2790487080533466,0.204,306.2061417357414,1
53023,53,0.509115162294353,0.9293019119608715,0,0.030680302356602934,0.040749796251018745,0.1401792991035045,0.18744906275468623,0.2241238793806031,0.40749796251018744,0.12063492063492064,51548,10.850268691408282,3.1645480563849575,1.1520102512089117,0.132,NA,1
53045,53,0.5145843982389896,0.8263228189358088,0.010404471779313074,0.08211453163388131,0.09762916573473496,0.186954819950794,0.19570565868933124,0.2457783493625587,0.2739320062625811,0.17275328745656468,48755,10.794563035269219,63.21234666469324,4.146499640691366,0.17300000000000001,443.08982112669497,1
53057,53,0.49575403133261364,0.7634838194167,0.0055507858654720715,0.17098630579474844,0.10247747747747747,0.2110597439544808,0.20320649596965387,0.23808677098150782,0.24516951161688003,0.13460229964256493,55925,10.931766786358331,67.95332494225114,4.218821071589138,0.166,334.333194471687,1
53065,53,0.5039183692229908,0.877852595775975,0.005538574678831613,0.0292556247558201,0.07152806226956165,0.1553871364195002,0.19356820975010242,0.2720606308889799,0.3074559606718558,0.16465404699738903,41742,10.639263095151696,17.561391011657683,2.865702799856529,0.198,428.3245951033436,1
53063,53,0.4948462746289824,0.8639032399669081,0.017702476827229904,0.0472846916206588,0.13353641110003556,0.22419646031270257,0.20061480980628613,0.23026091078287175,0.211391407998104,0.15364719969520493,49233,10.804319409347737,268.64407404278626,5.593387358650457,0.133,341.2239207273116,1
53043,53,0.5005247590878733,0.9294914607384791,0.0023852685812422478,0.024806793244919377,0.07438162544169612,0.15600706713780918,0.18374558303886926,0.27014134275618373,0.3157243816254417,0.1416996238063085,47195,10.762043233759044,4.536259345404056,1.5121027397037385,0.14400000000000002,402.7519810098572,1
53007,53,0.49780278450860405,0.6993579476227634,0.003354004955713445,0.26352896080605637,0.10957299287524506,0.207861139004447,0.19418543489695406,0.24370009085257974,0.24468034237077416,0.1324228110758661,51354,10.846498109109664,25.011598941971048,3.219339674951957,0.18100000000000002,311.731046659868,1
53031,53,0.49461214108828055,0.8899337393748745,0.009504049260424335,0.0303861856636102,0.06951458618026261,0.14431703404432297,0.15952706315726933,0.25060899530628006,0.37603232131186504,0.13293760353395914,46320,10.743329112246878,16.56705660586572,2.8074161817348764,0.17300000000000001,370.419714004468,1
53035,53,0.5079129515962436,0.7853431320170804,0.027223402865996272,0.06589179498747462,0.12716722054769816,0.20876162506118454,0.19258958703660767,0.24034572481129401,0.2311358425432156,0.1044969067708482,62413,11.041528865992477,639.8094905314972,6.461170460996363,0.1,294.6506019785884,1
53033,53,0.498846582567216,0.6415553384615462,0.05991794656752594,0.09036715391273124,0.10256637760478687,0.25254388463675803,0.23423351903652267,0.22612359769186346,0.18453262103006898,0.11453202160355008,71811,11.181792946644501,933.3516420664731,6.838782023802577,0.109,228.779145668989,1
53049,53,0.5036331264135508,0.8401424378037631,0.00486020884461768,0.08358596795149416,0.08394672274798458,0.1565019277953032,0.167192429022082,0.25157728706624605,0.3407816333683842,0.17151757032999124,39830,10.59237567617569,22.281479384726232,3.103755812528252,0.188,561.3569234154936,1
53051,53,0.5118092003704847,0.8961870947823403,0.001312133374498302,0.03210867551713492,0.04875,0.14819444444444443,0.18625,0.28180555555555553,0.335,0.20409279075216746,40567,10.61071020720062,9.254358427101927,2.2250946218615946,0.161,511.96433113841283,1
53055,53,0.48447991891549474,0.8995945774737109,0.005004434308881287,0.05637907006208032,0.054377379010331704,0.1393148450244698,0.16693855356171833,0.26231647634584015,0.37705274605764,0.10756614773528093,53376,10.885116485718418,90.7684788546129,4.5083120761587505,0.18,326.0296218233294,1
53059,53,0.5104260291209779,0.8896278986158548,0.004044580262448319,0.054107495955419735,0.07695709862892526,0.15450390682588824,0.19578357658853016,0.28409258440218194,0.2886628335544744,0.12530601142442652,53712,10.891391719219817,6.719909740849212,1.9050747230236076,0.135,387.3995319648476,1
53075,53,0.5044164176480929,0.8132360696080154,0.020280365617859026,0.04899806644401476,0.3816975374352424,0.20875026612731531,0.1312539919097296,0.14505712866368603,0.13324107586402667,0.32606586673474597,36257,10.498387745089026,21.079250980737253,3.0482891908187866,0.12,148.532531056445,1
53077,53,0.5010095890522943,0.4698553876086228,0.006919976783539203,0.45744602581605043,0.12766480630090238,0.2388769252550241,0.21992801949285784,0.22100102084156092,0.19252922810965478,0.2257442288745422,43506,10.680654138599648,56.95726307888726,4.042301216070202,0.222,353.222158698156,1
53009,53,0.49515551156403786,0.8432616302574898,0.00920104278484895,0.0535472808130376,0.09725238648416587,0.1851103591090459,0.1726854891661195,0.23670387393302691,0.3082478913076418,0.14637755392407945,46033,10.73711380957344,41.26434063977533,3.719998704237121,0.16899999999999998,437.6085061429306,1
53015,53,0.49385956321613944,0.8541181079228283,0.0047889530898051124,0.07940456370580747,0.10082346536001088,0.1967980127943378,0.211327752824282,0.24712467673880495,0.24392609228256432,0.17612272032704251,47596,10.770504003075045,89.56035522420787,4.494912758049261,0.14400000000000002,427.202739914079,1
53039,53,0.4967132492574378,0.8321079028095633,0.00540487899888007,0.11209037347226956,0.0796869740828004,0.19564119824974757,0.1927802086839448,0.23207674183776505,0.2998148771457422,0.17548952081078423,41694,10.638112512542383,10.974647212946204,2.3955878138383175,0.18100000000000002,374.0890688793652,1
53041,53,0.5005369999602223,0.8560972699187207,0.005926888449860115,0.08919503042999774,0.10258082549147489,0.19665983415634025,0.19950153731482345,0.24774061306251746,0.25351718997484396,0.15423448164452164,42860,10.665694269027568,31.387937915816615,3.4464236763040703,0.166,419.6419058219866,1
53027,53,0.5141763302446873,0.8093824557509849,0.01127725683848416,0.0899683737446596,0.1012832477834811,0.2009099393373775,0.19878674755016332,0.23952403173121792,0.25949603359776013,0.18960635409255253,42405,10.6550215587958,37.90272167534951,3.6350229215245204,0.187,492.9950324242774,1
53029,53,0.4968022739385326,0.8209400299469584,0.021267416186584776,0.0594751668654671,0.11609245529873528,0.2059747056258177,0.17799825556040122,0.230331443523768,0.26960313999127783,0.08951459844525908,58455,10.976012506440918,378.05890169777734,5.935050008077491,0.132,276.0638776382644,1
53069,53,0.4832750873689466,0.918372441337993,0,0.037693459810284574,0.061145883485796824,0.16514203177660086,0.17621569571497353,0.28454501685122774,0.31295137217140107,0.22568996646891926,41815,10.641010405815626,15.210251542477456,2.7219696441014105,0.172,NA,1
53071,53,0.5115074798619103,0.7355141135855954,0.015213565288025453,0.20202396263453598,0.1497133832475433,0.20879153018249882,0.1979995320542817,0.22829901731399158,0.2151965372016846,0.1778171614237188,46597,10.749291440359002,46.524408150668165,3.839977081344083,0.142,310.1861409136258,1
53025,53,0.5078490499102015,0.5694552227223343,0.0087470344338263,0.3869537260814616,0.1259877891899618,0.23915218589835216,0.22367426949543626,0.21701754027729564,0.19416821513895413,0.2026738808315747,45949,10.735287364761383,33.66357991172276,3.516416538179338,0.182,327.1812398506634,1
53061,53,0.5007955817268747,0.7371420054731607,0.023420325215593677,0.09152708910929347,0.10163635923813964,0.2232538500953315,0.22964007133919323,0.24984111415810295,0.19562860516923267,0.10351976141383565,68381,11.132850287245471,347.1644581231109,5.8497986103893815,0.128,272.91700178768,1
54023,54,0.4970932681776055,0.9705956693908501,0.012216698963686915,0.0074142724745134385,0.08056526806526806,0.17278554778554778,0.22144522144522144,0.2652972027972028,0.25990675990675993,0.14602146873402624,41368,10.630262914076058,24.86315732142371,3.213387082098025,0.151,399.9733293278246,1
54089,54,0.4673432403044581,0.9188111634650236,0.0384922073214933,0.028923523015585356,0.0802615933412604,0.21414982164090368,0.20653983353151012,0.2375743162901308,0.261474435196195,0.19014308426073132,33784,10.42774259661378,38.270543194806635,3.644680493086727,0.175,578.8790691431132,1
54009,54,0.48775697810462976,0.9640648504094935,0.01888684606384757,0.0073123850910914254,0.09921633474728593,0.1688115608598749,0.20296211086346969,0.2492630670788698,0.2797469264504997,0.13076822519499762,42493,10.657094635464652,268.28092595706516,5.592034662683256,0.131,548.441781737474,1
54025,54,0.49036191974822974,0.9383219062605372,0.025036529167134988,0.01250421490390019,0.09772410142905259,0.18519944185151327,0.20122215272097388,0.24948275032478467,0.2663715536736756,0.19703839752051885,37895,10.542574456246129,34.904945128775005,3.5526285134049425,0.171,523.9992960315288,1
54031,54,0.5038787530527223,0.9466312311449504,0.017095244936072403,0.03332854474931762,0.09166666666666666,0.175,0.22156862745098038,0.2659313725490196,0.24583333333333332,0.15729768786127168,32723,10.395833473555248,23.90814546153952,3.1742192151638235,0.175,425.933325711225,1
54057,54,0.4907728002855613,0.9448509726932001,0.032339817954667144,0.007745850437265751,0.10805464548432961,0.18136860975458985,0.21518204858750078,0.2462137602769364,0.2491809358966434,0.15826361367972994,31163,10.346986772628886,85.45587652136778,4.448000178658248,0.159,445.1969475308416,1
54059,54,0.49115646258503404,0.964172335600907,0.017724867724867723,0.0025699168556311412,0.09145153433999026,0.19489771066731612,0.21535557720409157,0.2461641500243546,0.25213102776424745,0.22917935444579782,35955,10.490023435536594,62.537076734363964,4.135759608602156,0.154,819.8412314485834,1
54041,54,0.4978977515081348,0.9719090853695692,0.0036560843336786303,0.0027420632502589727,0.08890036138358286,0.18977800722767166,0.21455859576664946,0.2563758389261745,0.2503871966959215,0.20311245599950595,36199,10.496786773122912,42.637602463009394,3.752736550861417,0.133,561.9643405465814,1
54051,54,0.4877588306942753,0.9721071863580999,0.006699147381242387,0.008708891595615104,0.09078333931041549,0.1758799118807316,0.21153747630513858,0.24827091551821304,0.2735283569855013,0.1609656072327337,40681,10.61351643196459,107.52019277676465,4.6776786697118915,0.133,456.19045671084183,1
54075,54,0.510260231571707,0.9665252780006879,0.008368680499828042,0.006305170239596469,0.08547008547008547,0.17207977207977207,0.18822412155745488,0.2767331433998101,0.2774928774928775,0.19089820359281437,33779,10.427594586608032,9.276984400457733,2.227536537140965,0.201,422.6521405067718,1
54095,54,0.49375,0.9832236842105263,0.0020833333333333333,0.006030701754385965,0.08118774666416087,0.15523397857545573,0.218380003758692,0.2678068032324751,0.2773914677692163,0.1991361169564736,39206,10.57658507529037,35.58413384628591,3.5718998600387,0.154,530.1168083175417,1
54083,54,0.5165141671485425,0.9656110752066397,0.013980067349229566,0.007075070580631994,0.10111460417262075,0.19988568162332096,0.2098313803943984,0.24955701629036867,0.23961131751929124,0.1592048907273859,37276,10.526104966905546,28.276942639136426,3.3420467248281716,0.163,462.7650420571858,1
54091,54,0.5032532828581568,0.9666390630545368,0.012894830237785402,0.00899089080799716,0.08602466236054022,0.19641808573106284,0.22225484439224896,0.25494225875905263,0.24036014875709533,0.1928746928746929,39536,10.584966928228392,97.85207008120577,4.583456849277027,0.155,457.5295191386236,1
54105,54,0.5089717046238785,0.9736024844720497,0.0032781228433402345,0,0.09124502558271745,0.13871517907902217,0.2197271176805003,0.2922114837976123,0.2581011938601478,0.1928336506837459,34702,10.454552601161618,24.928067300620622,3.215994369484943,0.18,NA,1
54015,54,0.5026732249786142,0.9824636441402909,0.0026732249786142,0.003849443969204448,0.07942371629109715,0.189878093830809,0.2203546361285556,0.25674178056889546,0.25360177318064275,0.2478918918918919,31613,10.361323707381413,27.352867195863144,3.3088213568601135,0.16,594.79245623326,1
54021,54,0.5912652684950449,0.7981101636321734,0.10924176077437198,0.04690020742106476,0.13680494263018536,0.2580759046778464,0.21606354810238304,0.20423654015887024,0.1848190644307149,0.2852936618626995,38442,10.556905890867077,25.636404994933578,3.2440134114159926,0.153,332.7426099305638,1
54061,54,0.5165460028634383,0.8944589421524527,0.035437588213194156,0.018602195302742604,0.28275296511716197,0.23357985694543576,0.16039727254779876,0.1668969916019985,0.15637291378760498,0.224069345665348,44173,10.695869021686462,273.51678322066755,5.611362984588693,0.11599999999999999,232.6819625910756,1
54063,54,0.4953374777975133,0.9699526346950859,0.006364712847838958,0.010509177027827117,0.08399896933779953,0.16928626642617883,0.2118010821953105,0.25186807523834065,0.2830456068023705,0.13600775482812616,41234,10.627018437730513,28.58158188648594,3.35276252039218,0.18,552.605269778058,1
54103,54,0.4895041070885306,0.9815637359294189,7.301490721022208e-4,0.00571950106480073,0.09016920111372885,0.1672735061040908,0.21385735703576783,0.26729492396658816,0.2614050117798244,0.19742410303587857,37969,10.544525316297522,45.899743899816514,3.8264595375262394,0.141,538.1031321812942,1
54011,54,0.48642913336921867,0.9067222889321354,0.044811809034822576,0.01185251128317668,0.15276500051109065,0.22336365804627073,0.19579883471327814,0.21249446318443557,0.21557804354492488,0.2223773520061861,38374,10.555135425918044,343.7644563693429,5.839956702989133,0.131,541.0665200846298,1
54039,54,0.4803729375854735,0.883568802616595,0.03861973574054526,0.009869430245799771,0.09471592136530568,0.20555627565348888,0.2045193346295096,0.24627349319507452,0.2489349751566213,0.1412498678227768,46085,10.738242796427764,213.30276501324886,5.362712588418362,0.13,559.010987673938,1
54045,54,0.4928379342516876,0.958893584325778,0.022721036167059987,0.008067614291202459,0.08685072117511725,0.19458455003981948,0.22228121405185383,0.23312096274665958,0.26316255198654986,0.1981582346004829,36999,10.518646164234097,80.3152487013402,4.385959499578927,0.146,821.2881348233273,1
54077,54,0.5153567397374206,0.9448998990079012,0.0294362264599299,0.01289134438305709,0.08631037439268362,0.21777650757359246,0.2184433647708869,0.24140230542059635,0.23606744784224065,0.13178566866777366,45413,10.723553686653267,51.88924253049838,3.949111495672377,0.168,418.1730879514034,1
54033,54,0.48614609571788414,0.9486956773502417,0.01653203624887808,0.013506470945887259,0.08805230926879254,0.20562617415278014,0.21855710347183252,0.24934735403908556,0.2384170590675092,0.17684655960269766,43183,10.673202178264951,166.04969135208938,5.112287089056134,0.139,521.2840611786664,1
54085,54,0.4977191109385616,0.9809764146365136,0.0020382412889449674,0.007473551392798214,0.08384525983729038,0.1741656981570646,0.20687365100448282,0.27328573800431677,0.2618296529968454,0.21134933123524782,35769,10.484836875474242,22.794701664413672,3.1265281258154984,0.16699999999999998,497.8595892878986,1
54065,54,0.49982859101816934,0.9633756142155182,0.011312992800822763,0.010970174837161468,0.0754335260115607,0.1634874759152216,0.21946050096339115,0.2635838150289017,0.27803468208092486,0.1529364255220953,36046,10.49255117955275,76.40359186809445,4.336029709047646,0.172,483.3746490941118,1
54043,54,0.494921514312096,0.9848107109879963,0.004662973222530009,9.695290858725762e-4,0.08538473447902152,0.1902771326830779,0.22805387830933582,0.2511224647778294,0.2451617897507354,0.2728454077133708,35487,10.476921711213846,49.56079434558472,3.9032000845902175,0.151,641.3141627166244,1
54007,54,0.5047507573671165,0.9774166896171853,0.00571467915174883,0.00509501514734233,0.09317203675700826,0.17831801791322555,0.20891008491334187,0.25625218099336977,0.26334767942305454,0.21978575023366165,31848,10.368729864680153,28.43316131962444,3.347556116091099,0.182,440.6616166176364,1
54079,54,0.49017543233451716,0.9586315207110095,0.01052950939624864,0.009333785447861082,0.07699451751100991,0.19326522663950388,0.23484825788669522,0.2546511279547021,0.2402408700080889,0.11306116571263995,54854,10.912430389206653,162.10015940104552,5.088214412091212,0.11800000000000001,393.0889808432268,1
54005,54,0.4945547987110984,0.9818085410123588,0.009054941469184648,0.004364318636048456,0.08839219393611993,0.18265919373354042,0.2296576406239449,0.23971908974272402,0.25957188196367076,0.20684970979294448,42156,10.649132302053827,48.883146609562885,3.8894326869641387,0.133,707.5571678296252,1
54047,54,0.49170938986651885,0.8879497482795252,0.10142718581127892,0.005126783982264098,0.08601743084501705,0.19712012125805228,0.20310723758999621,0.2440318302387268,0.2697233800682077,0.36252448521332,22252,10.010187171195184,40.58629015326475,3.703430328626565,0.172,1056.3364051893022,1
54109,54,0.4961880829677584,0.9772562715618212,0.00787938157502449,0.004812811448528472,0.08909499718943227,0.17502810567734683,0.21802979201798764,0.24016301292861159,0.2776840921866217,0.2146240633881664,34454,10.447380380006315,47.00942831457615,3.8503481840298703,0.159,843.2569216272108,1
56037,56,0.5229650966536895,0.80324954429867,0.004185701104935076,0.1549834597295047,0.11246454803287034,0.2557632172205658,0.2045669405861392,0.2270743945894844,0.2001308995709403,0.11340135431918008,71525,11.17780231791831,4.2618678350062424,1.4497075231079073,0.10800000000000001,317.6046395882526,0
56031,56,0.511780255143087,0.9211584875301689,2.2985863693828295e-4,0.071486036087806,0.06043010752688172,0.1653763440860215,0.17870967741935484,0.28881720430107527,0.30666666666666664,0.1608954179783141,45512,10.725731306430482,4.174727282497716,1.4290490346118396,0.14800000000000002,454.1299805079816,0
56033,56,0.4934300108932462,0.921806917211329,0.0067061546840958604,0.03877314814814815,0.09502236495010896,0.191478380548228,0.20128455098061704,0.2440646863172382,0.26815001720380777,0.08786066150598171,52008,10.859152831884305,11.638701058204203,2.4543358431385536,0.14400000000000002,388.6194067309552,0
56003,56,0.4995315560855123,0.887147602418874,4.2585810407972063e-4,0.08619368026573546,0.09507154213036566,0.18282988871224165,0.20158982511923687,0.2558028616852146,0.2647058823529412,0.10171696149843913,52589,10.870262251380735,3.7426321213529574,1.3197891396552335,0.163,427.960401350528,0
56011,56,0.5164556962025316,0.9713080168776371,5.625879043600563e-4,0.02362869198312236,0.07498162215143347,0.1967654986522911,0.17765253614310217,0.27346238666993383,0.2771379563832394,0.06712076060735064,53237,10.882508922311338,2.490884274427482,0.9126377777249409,0.136,351.0709188285424,0
56029,56,0.5002276149455475,0.9173582659242918,0.007598837412893511,0.05161606611338726,0.10125512913347816,0.19382090272749217,0.18350229302437848,0.24656046343229543,0.2748612116823558,0.08162018401380103,53951,10.895831506195684,4.113609786579753,1.41430093660575,0.159,346.4545355245556,0
56001,56,0.522765002041094,0.8427541162062866,0.014587018641992107,0.08972649340046265,0.3188941214680091,0.24663039948035076,0.1420509905813576,0.14127963624553427,0.1511448522247483,0.2598197882949873,42774,10.663685720345683,8.597654568257118,2.151489441442074,0.136,192.9125784218362,0
56007,56,0.5479789993041938,0.792333480928585,0.007970143589094819,0.17002972990068949,0.0998766954377312,0.21886559802712702,0.1987258528565557,0.24743115495273324,0.23510069872585285,0.13498397107973537,55347,10.921377736125875,2.001752942484392,0.6940232679255103,0.151,403.4606711950458,0
56015,56,0.5221429632932085,0.871006093030168,0.00163471541090801,0.10150096596819735,0.12118842845973417,0.1853010164190774,0.19377117539744593,0.25032577534532185,0.24941360437842064,0.1829490531653593,43257,10.674914348974756,6.047476600741173,1.799641094249611,0.162,359.3617457704496,0
56041,56,0.5103136882129278,0.8812737642585551,0.0010931558935361218,0.08902091254752852,0.09238025534683256,0.2255021549971538,0.22859233959502318,0.239164023745629,0.21436122631536147,0.13327576280944156,58515,10.977038410608866,10.10924130720562,2.3134499864187896,0.111,398.1619562435984,0
56043,56,0.502361832782239,0.8338450637694851,0.004605573925366084,0.13828530940009448,0.08420365535248042,0.1890774586597041,0.20082680591818974,0.25935596170583114,0.2665361183637946,0.12133237133237133,47104,10.760113202088547,3.782807523980936,1.3304664651550573,0.157,415.1287779841506,0
56017,56,0.48518134715025907,0.9496373056994819,0.0022797927461139897,0.025906735751295335,0.06230769230769231,0.19576923076923078,0.16384615384615384,0.24115384615384616,0.33692307692307694,0.11934593331917605,42019,10.645877175924472,2.407574103384475,0.8786196444384464,0.187,516.7992543648892,0
56013,56,0.49825998963398077,0.7109855122541155,0.003874916701631414,0.060221635362934074,0.10704927187593968,0.21873791829545944,0.19184672881137507,0.23789681687357705,0.24446926414364878,0.15042367522448463,50418,10.828103533156273,4.411783601018052,1.484279052368348,0.19,561.8315970478552,0
56035,56,0.5445077618392612,0.859206130870505,9.825112988799372e-5,0.07290233837689133,0.06187687925304637,0.2462414939072638,0.20841905364772906,0.25890172495648045,0.2245608482354803,0.06124864385047835,77900,11.26318123185884,2.0828656367484784,0.7337446555168391,0.107,206.2086220577662,0
56045,56,0.5239759541451139,0.9428211939046554,0.0020970222284356216,0.03313295120928282,0.09752650176678446,0.20541813898704359,0.19269729093050647,0.25229681978798585,0.25206124852767964,0.11216869234148484,55461,10.923435350020556,2.9827917145693927,1.0928596789477567,0.127,NA,0
72009,72,0.48458528951486696,0.002621283255086072,0,0.9972613458528952,0.12768512341561042,0.21274182788525683,0.20233488992661774,0.24636424282855238,0.21087391594396265,0.47511170337853725,16189,9.692087278241505,816.3265306122449,6.704814434985447,NA,NA,NA
72077,72,0.47818866802161303,0.004263123977593814,3.7178406781341396e-4,0.9937540276607346,0.11551085675812153,0.24675980474667564,0.2502104022891769,0.20611008247769735,0.18140885372832857,0.46311760612386915,18497,9.82536383575455,1523.1228056929292,7.328517983717246,NA,NA,NA
72079,72,0.4886801352094961,0.0037732882635012972,0,0.9962267117364987,0.11828332170272156,0.20293091416608514,0.22023726448011166,0.22100488485694347,0.23754361479413816,0.6122794580970384,13975,9.5450252980233,424.3657531733191,6.050595708793259,NA,NA,NA
72001,72,0.4888279714492604,0.005792903692976104,0,0.9942070963070239,0.12428469241773962,0.22111945636623748,0.20913805436337626,0.2307761087267525,0.21468168812589414,0.6018561968820063,11528,9.352534137679358,289.9085320137952,5.669565466380336,NA,NA,NA
72027,72,0.48330747572257654,0.004280871114175717,6.895362868470954e-4,0.9929322530598172,0.1164605418138987,0.21544954848841774,0.23282292893600315,0.22781703965449548,0.20744994110718493,0.44719728360957645,19527,9.879553402240496,750.8575126739295,6.621215903635173,NA,NA,NA
72067,72,0.4654539093930383,0.012943851670456533,8.745845723281442e-4,0.9840825607836278,0.10274045074595281,0.20759707967410856,0.23944556131626282,0.21807216167601312,0.23214474658766268,0.327814764626171,21107,9.957360018000617,1511.9005641748943,7.32112279014231,NA,NA,NA
72091,72,0.47600983975906386,0.00960985815113686,6.437225555785456e-4,0.9888498057337287,0.11681805221783227,0.22239419982892755,0.21709909983300069,0.22565272290334407,0.21803592521689544,0.4682836253916676,18046,9.800679332554447,963.8583584470839,6.870944352743629,NA,NA,NA
72105,72,0.49434822845055526,4.2966684294024326e-4,0,0.9965957165520889,0.1343559312545485,0.22941275261714159,0.1990147231708,0.23445110003918715,0.2027654929183228,0.5146107665262529,16685,9.722265391185474,1104.1932776176052,7.0068702818198245,NA,NA,NA
72125,72,0.485400627316795,0.0029084687767322497,8.554319931565441e-5,0.9966067864271457,0.1321900678813862,0.20864594498035013,0.21181034042770377,0.21936405859235442,0.2279895881182055,0.46517225379886323,15696,9.661161181805145,643.5098535726082,6.466937339386092,NA,NA,NA
72013,72,0.48076902873351895,0.005347481220780585,7.354099910700216e-5,0.9939276146451647,0.11953603068773404,0.21574573020367158,0.23063293451456754,0.2261028404420495,0.20798246415197735,0.4742787588887228,16977,9.739614765810634,755.7544046305192,6.6277164618007305,NA,NA,NA
72015,72,0.4701949287661369,0.0015944041557372833,0,0.9970683536491283,0.11843900664058947,0.23205676339488765,0.2309651596470481,0.20858728281633768,0.20995178750113708,0.5165457259019093,16350,9.701983176325399,1295.5090618336887,7.166658994831957,NA,NA,NA
72054,72,0.48026888098062476,0.0022143139580862,0,0.9977856860419138,0.12705978482908892,0.2229334059648645,0.23491760860683644,0.20754460029960506,0.20754460029960506,0.547728352065854,16750,9.726153537253213,831.4156091787758,6.723129801213834,NA,NA,NA
72115,72,0.48733390317818015,0.002408889579609915,0,0.9960758411687,0.12123438648052902,0.22743971678578584,0.21995858660076148,0.22570302584997662,0.20566428428294703,0.5717460812602355,15221,9.630431332279667,1134.682361239695,7.0341080328093675,NA,NA,NA
72099,72,0.4905798012828575,0.005408124764180606,0,0.991799773613382,0.1196117492476582,0.2339253168312635,0.22231170262365957,0.2276946551943373,0.19645657610308143,0.5280042538107054,14717,9.596758567164112,789.6670904179247,6.671611452110952,NA,NA,NA
72049,72,0.5561569688768606,0.04533152909336942,0.006089309878213802,0.9431664411366711,0.07407407407407407,0.28540305010893247,0.16775599128540306,0.20806100217864923,0.2647058823529412,0.5358592692828146,16188,9.692025505995757,127.15072264280798,4.845373175240165,NA,NA,NA
72123,72,0.4857986821177005,0.002596812412763333,0.0012984062063816665,0.9956503392086214,0.12040557667934093,0.23101739831777854,0.22508353496946654,0.21632676575642354,0.20716672427699043,0.5833278526800395,13495,9.510074525452104,444.12888344265843,6.096114798333716,NA,NA,NA
72087,72,0.4698297742732411,3.384209279501845e-5,2.707367423601476e-4,0.9993231581440997,0.1402824015612444,0.22706922282171965,0.20778326254161406,0.22838939272184594,0.19647572035357594,0.45937319615632743,19085,9.85665796517933,1525.8184446968914,7.330286230124741,NA,NA,NA
72153,72,0.4833470893819488,0.008544933728212847,6.797106374714765e-4,0.9901199203767539,0.11520140397793749,0.2106802607387598,0.2190790573290991,0.23387096774193547,0.2211683102122681,0.5430127308852749,15053,9.619332585860503,604.0884561238855,6.403720637748217,NA,NA,NA
72005,72,0.486862725484312,0.02213997532593111,2.6674669067386884e-4,0.9578206795371945,0.11515449316414718,0.22374772379108016,0.2226782669017545,0.22097291672688382,0.21744659941613434,0.49545338224004093,15847,9.670735486942808,1642.0378329546386,7.403693330523211,NA,NA,NA
72023,72,0.4777369321197586,0.004403467730838035,2.752167331773772e-4,0.9953213155359846,0.10845774623264921,0.2028600398587462,0.25278836404321525,0.21831404496346282,0.2175798049019265,0.4927530523828279,17228,9.754291246174,722.8379799357717,6.583185102904526,NA,NA,NA
72083,72,0.49458707083204456,0.007526549128776163,0,0.9924734508712239,0.12974795882144124,0.2197373091941782,0.20536031238906638,0.230386936457224,0.21476748313809016,0.5780340814630092,15779,9.66643522103567,209.21052631578948,5.343341047921992,NA,NA,NA
72109,72,0.49334805700163015,0.0015775358889414735,0,0.9976862806962191,0.12341428053642624,0.19925697716563973,0.20750271837622328,0.2464661109097499,0.22335991301196084,0.557132306393754,14506,9.582317635923358,407.22499411122294,6.009365843782923,NA,NA,NA
72149,72,0.4911000078070107,0.0013662268717308142,3.903505347802327e-5,0.9946131626200327,0.13821522664324798,0.21745592109707493,0.21468621225427278,0.22812943322299534,0.20151320678240897,0.5357732526141993,16754,9.726392314713754,718.8596122008025,6.577666084415569,NA,NA,NA
72007,72,0.489534146169568,0.005955317499471422,7.047713017125943e-5,0.9939389668052717,0.11919216204844624,0.2282262427120274,0.21482238384324098,0.23261405301436558,0.20514515838191982,0.536627639630717,14902,9.609250711113672,943.260761176666,6.849342767394943,NA,NA,NA
72021,72,0.4752717059470021,0.005964098180486018,0.0013286115520820612,0.9891024545121504,0.12461137931906074,0.23920498108502053,0.21023852252525507,0.22850474770197743,0.19744036936868622,0.3544160457763592,24374,10.101272269383447,4618.829528020937,8.43789660306431,NA,NA,NA
72031,72,0.46227456119176524,0.008580755658241089,0.0012586640918652368,0.9855627205535823,0.12011853211741465,0.2250314289705266,0.22906231915870134,0.22100053878235187,0.20478718097100554,0.3001552158885677,28674,10.263746067806213,3839.1474151055804,8.253005593613803,NA,NA,NA
72035,72,0.4828930817610063,0.004381551362683438,1.8867924528301886e-4,0.9942557651991615,0.12577268017293744,0.21745810554900488,0.2175652981741523,0.2293922178154143,0.20981169828849108,0.39039083161915955,21223,9.962840778235641,918.4734470674318,6.8227129952198124,NA,NA,NA
72065,72,0.48330630544691405,0.004507297529333206,0,0.9905322903748927,0.11695287702449744,0.22238951737608856,0.2361031985024823,0.22548221697729307,0.19907219011963864,0.46149439006922893,19199,9.862613473326157,1003.6140829563677,6.9113628468333985,NA,NA,NA
72069,72,0.4744651782162807,0.010359199626446224,8.1282534631548e-4,0.9867353821143835,0.11940121535497258,0.2138728323699422,0.2220246035274937,0.2208092485549133,0.22389210019267822,0.4301580371954946,20156,9.911257289800488,1291.9897218187912,7.1639387290622905,NA,NA,NA
72075,72,0.4813461729375558,0.004030576789437109,5.9565174228134615e-5,0.9950560905390649,0.1263514213671376,0.22589893267935476,0.23187454664778417,0.22562260370971643,0.19025249559600704,0.5314688120698995,17139,9.749111847392573,835.5591685054001,6.72810116360744,NA,NA,NA
72101,72,0.498022018461161,0,3.066638044711583e-5,0.9991106749670337,0.13532218319089812,0.2332616788129817,0.22340481308656215,0.2266554815708069,0.18135584333875113,0.5616899148253303,14797,9.602179736502535,838.90303825474,6.732095131558338,NA,NA,NA
72097,72,0.4796067048335838,0.00823762921490116,0.0011014100343043334,0.9875747180505042,0.19973085343563582,0.2055757527065298,0.17787775925442384,0.20224154899873462,0.21457408560467592,0.5126670702742979,15112,9.623244409181346,1122.5577950930517,7.02336510612441,NA,NA,NA
72133,72,0.4832336102621497,0,8.178726701390383e-4,0.999182127329861,0.1164263370717937,0.23643854428931105,0.26176852063782713,0.20584420538643472,0.1795223926146334,0.4899487753432913,18033,9.799958691707271,682.8028098639155,6.526206106119662,NA,NA,NA
72139,72,0.4745707719345681,0.004961470866567528,2.1630390698931999e-4,0.994673516290388,0.11494595089776474,0.22755588127519238,0.23197599853426162,0.22609014290949064,0.19943202638329058,0.2977737181497185,31261,10.350126593227081,3562.4157195145444,8.178194166616931,NA,NA,NA
72047,72,0.4875638101444553,0.0023080265015748887,0,0.9957097860323667,0.12893434201923976,0.232464742691697,0.20836835714952834,0.23493975903614459,0.1952927991033903,0.528567928791137,16219,9.69393867348769,865.0553167500528,6.762793454887226,NA,NA,NA
72095,72,0.49378624689312345,9.942004971002485e-4,0,0.9990057995028998,0.12485615650172613,0.20123705408515535,0.21921749136939012,0.22914269275028767,0.22554660529344073,0.56220393916729,18446,9.822602823795664,572.9611696572676,6.350817947677227,NA,NA,NA
72111,72,0.4887524702518606,0.008703695917251819,6.307026026994071e-4,0.98936214943447,0.14055349749400742,0.227064719982567,0.21253722670153266,0.2288806566426963,0.19096389917919662,0.6032865833051707,14938,9.611663580917012,533.0479413676402,6.278611366401671,NA,NA,NA
72113,72,0.48091134139674313,0.004736075875498332,8.415595265152679e-4,0.9934948062877397,0.1341751404509527,0.2266517139868661,0.20552745937435976,0.21656943830402106,0.21707624788380042,0.5091610233258089,17211,9.75330399326998,1418.527038566773,7.2573743154467065,NA,NA,NA
72131,72,0.4875831379491842,0.008588927699889948,9.569835877314705e-5,0.9907172591990048,0.10878484117920738,0.2112253098168591,0.21862707778200735,0.22843970731294674,0.2329230639089794,0.5518144676760394,14463,9.579348943073732,593.527682717294,6.386083856125055,NA,NA,NA
72135,72,0.48381861831252265,0.003138369925296066,4.291787932028809e-4,0.996432451281501,0.11980940930242914,0.22325384632511744,0.248235477478681,0.2411105915881816,0.1675906753055908,0.35193352336900985,28255,10.249025712063943,2759.883032277169,7.922943578203434,NA,NA,NA
72137,72,0.4731333975848971,0.004603435568909802,0.0014966834854583592,0.9914280854923748,0.123406053157167,0.23699877093255492,0.21988784759563682,0.2226148409893993,0.19709248732524198,0.38067949242734345,23934,10.083055321133461,3794.80228905813,8.241387590727703,NA,NA,NA
72147,72,0.5063086379812358,0.0312735899924512,0.0011862396204033216,0.9661382508357598,0.11216399149100754,0.19976793656932895,0.20247534326049121,0.2434732160123767,0.2421195126667956,0.43185514474682857,17355,9.761635928295886,182.654427986133,5.2075959959593865,NA,NA,NA
72003,72,0.4906839764394759,0.03904315422526746,7.933645870897945e-4,0.9362904195215771,0.11990986004586068,0.21281726891752986,0.21396378587807385,0.24353601644658812,0.2097730687119475,0.54369539579773285,15665,9.659184203386292,1348.2545136300282,7.206566081981084,NA,NA,NA
72025,72,0.46944209039548024,0.0073375706214689265,8.050847457627119e-4,0.991475988700565,0.11836316886218788,0.223723815210636,0.2304870766868549,0.2272333995442415,0.20019253969607975,0.3734654364153446,23924,10.082637418164447,2416.5059644691705,7.790077959508523,NA,NA,NA
72041,72,0.488736759332069,0.00247467505435034,2.3127804246264858e-5,0.9968314908182617,0.12343353578842162,0.2215345583147536,0.22088106404243868,0.23479664795879143,0.19935419389559467,0.3889882265517962,24224,10.095099156237175,1200.3553482690652,7.090372915497719,NA,NA,NA
72043,72,0.4870992385223884,0.0023903989748392026,2.957194608048498e-4,0.9968703023731487,0.1194808499809136,0.22882470204012384,0.2311998982058786,0.2221656699325614,0.19832887984052255,0.5130305655240688,17645,9.7782077361093709,520.1635645798083,6.254143309384714,NA,NA,NA
72089,72,0.4736419319208756,0.01491113565619038,0.004819761020182749,0.9795662215081835,0.11827000088991724,0.21384711221856367,0.23395924179051347,0.2188306487496663,0.21509299635133933,0.43300529901589707,18593,9.830540444780063,771.6864902560924,6.64857836683901,NA,NA,NA
72019,72,0.49271957111655307,5.625785955390827e-4,4.963928784168377e-4,0.9969885498709379,0.1464149655995906,0.2348894069483141,0.2014556206288736,0.23432080514016035,0.18291920168306136,0.5827292467011859,15127,9.6242365055622,882.2000992613786,6.782418900186565,NA,NA,NA
72129,72,0.49040564113903834,0.0040785238691924035,2.4569420898749415e-5,0.9934153951991351,0.11619079055949827,0.22569730978709357,0.2200858227430269,0.2371265885459647,0.20089948836441657,0.46847047746475384,17743,9.783746350923579,766.381712736311,6.641680365119763,NA,NA,NA
72011,72,0.48611015608884,0.005466547479887231,5.500928281647528e-4,0.9925737468197758,0.11315325895478567,0.21362301820317087,0.23341162654139752,0.22924251321197886,0.21056958308866705,0.5033964346057033,16568,9.71522840307542,740.3843706249205,6.607169471109871,NA,NA,NA
72039,72,0.49143659841158355,0.002377221892052515,0,0.9976227781079475,0.12975746268656715,0.2196828358208955,0.19916044776119404,0.2458955223880597,0.2055037313432836,0.6055095524165178,13802,9.532568788180548,278.2095026229163,5.628374436429051,NA,NA,NA
72071,72,0.4867703850822024,0.005053514288866821,1.7654198389054396e-4,0.9923424914487476,0.11214671144485114,0.2198030263008943,0.23417984227010302,0.22874608505339422,0.20512433493075732,0.5532500999688985,15495,9.648272670221848,819.3801533342977,6.708548143845918,NA,NA,NA
72073,72,0.499177481264851,0.0018278194114421495,0,0.9981721805885578,0.13703082407213252,0.23537429230446635,0.21356678548962046,0.2181799119312225,0.1958481862025582,0.5170371275036639,19489,9.877605482822025,368.5581478903285,5.909598495355453,NA,NA,NA
72085,72,0.48402403486602885,0.0015473089718131881,4.126157258168502e-4,0.9977048250251438,0.1126699762572847,0.24278005611914527,0.2373839844593136,0.20612993740556876,0.20103604575868766,0.49041152689955425,18632,9.832635811564177,1144.539551357733,7.04275769655675,NA,NA,NA
72119,72,0.487628389007125,0.0039603960396039604,0.001036365318774868,0.9949847321180716,0.12069183983781044,0.2203813988849468,0.2366953877344146,0.2192410035478966,0.20299036999493159,0.4052406033490023,22947,10.040942487989975,891.3283737195454,6.792712904714512,NA,NA,NA
72143,72,0.47787033319951827,0.01608289843436371,7.527097551184264e-5,0.9832145724608591,0.12425188654696852,0.23198022378350247,0.22773007199236708,0.22686269407580884,0.1891751236013531,0.5057110003832886,18184,9.808297365532379,1437.3918061165607,7.270585504528711,NA,NA,NA
72145,72,0.4816950767241673,0.02400394678643122,2.8920417814977373e-4,0.975706849035419,0.11917771804944324,0.22580264051747054,0.223439761349204,0.2305283988540036,0.20105148122987862,0.5064514470775716,16453,9.70826311038665,1281.8824145150033,7.156084912926936,NA,NA,NA
41015,41,0.48365457716560084,0.8813112114842807,0.0012521801350565717,0.0584499798756764,0.07608064382311458,0.15141458558035345,0.16784203102961917,0.24666058242761138,0.3580021571393014,0.15022482014388489,39516,10.584460932164365,13.739815417890455,2.6202978527804195,0.182,593.7246105985118,1
41021,41,0.5378590078328982,0.8887728459530027,0.005221932114882507,0.08198433420365535,0.06630336058128973,0.14350590372388738,0.17166212534059946,0.3151680290644868,0.3033605812897366,0.11795681937862032,44743,10.708690286886394,1.5894635581241507,0.4633965744774965,0.138,NA,1
41027,41,0.49618763098051455,0.656084184242208,0.0048602131359522,0.29816738752396665,0.09145507070092747,0.21841265014444275,0.22297400030409,0.2584765090466778,0.20868176980386194,0.11595505617977528,56725,10.945970309648043,42.967799535969995,3.760450987166144,0.185,260.3067977292182,1
41037,41,0.5297634189773595,0.8651742559145256,0.004833375731366065,0.07300941236326634,0.07304949211151934,0.15647287659390532,0.1871623081910525,0.2911173546574454,0.29219796844607737,0.20107454667562122,33611,10.422608673326225,0.9659682338729256,0,0.204,392.961494650693,1
41051,41,0.4943442106572539,0.7196943452806895,0.05458635896105216,0.10905635191221455,0.10526654260300566,0.27902466669614184,0.2340261337556321,0.19974517377621112,0.18193748316900926,0.17805230773428654,52511,10.86877795044219,1733.4713665988866,7.457881247307025,0.14300000000000002,309.951081042621,1
42103,42,0.4989069413595901,0.8256352856818062,0.05028069745885727,0.09304115147169416,0.07982424020505309,0.148541437812767,0.21487855486390822,0.3076711827169535,0.2490845844013182,0.09068362592782866,59340,10.991038893844813,104.92310458913573,4.653227744621282,0.122,NA,1
42109,42,0.4960590264662184,0.958374253985042,0.009644682833471835,0.017979904812268643,0.13805774278215224,0.1837270341207349,0.20909886264216973,0.24440069991251093,0.2247156605424322,0.11890472618154539,46513,10.74748712239554,120.81045314187494,4.794222814388397,0.098,NA,1
42115,42,0.503469311725808,0.9692651578653255,0.005238893545683152,0.014459346186085499,0.0854707662896288,0.1672773617970368,0.19694917954436833,0.2878763740640433,0.26242631830492275,0.12933962264150944,48231,10.783757246831069,52.15712229866353,3.9542607454419842,0.127,NA,1
42039,42,0.48925408004717996,0.9551109750150273,0.016240799337665725,0.010275254329556668,0.10846299660374378,0.17936971803175106,0.2061843456283074,0.25604217676328883,0.24994076297290893,0.15859051729248427,42504,10.657353468130779,87.10182179555822,4.467077799777011,0.11900000000000001,NA,1
42049,42,0.49223222752194157,0.8628180722805666,0.06809188715162663,0.03517777825308893,0.1334698425125719,0.20317383841729653,0.20023487608780752,0.24182601102110873,0.22129543196121534,0.16935826762843226,45202,10.71889661262903,351.01870227765863,5.860839504888718,0.091,NA,1
42057,42,0.5005751404019216,0.9672508288788145,0.012111780228702889,0.009337573584139657,0.08721203573107664,0.1861777150916784,0.23142924306535026,0.26046074283027737,0.2347202632816173,0.11086080961157758,48461,10.788514629733339,33.77663403808928,3.519769262782253,0.10300000000000001,NA,1
42067,42,0.4965436390831548,0.955289647087359,0.007276549298621498,0.02651897966608724,0.09717238409645472,0.19520597100617196,0.2178843117554184,0.2613032869240706,0.22843404621788432,0.11791485522106472,46163,10.739933890404625,63.209403347387244,4.146453077227306,0.102,NA,1
42107,42,0.5082870683818551,0.9288625592417061,0.025084631008801626,0.03000677048070413,0.09007526137150511,0.19387465519394276,0.22522788416786804,0.2556956852417332,0.2351265140249509,0.12793167852407364,45012,10.714684399869888,189.69117711273847,5.24539736617427,0.106,NA,1
42131,42,0.5015083223906023,0.9614579266777868,0.0068495581502644,0.016538311388721298,0.10266091334052499,0.18063046865635862,0.20879779455831235,0.2571017619561309,0.25080906148867316,0.12088032409941969,48482,10.78894787401768,70.91693429040279,4.261509252555966,0.102,NA,1
42001,42,0.49233467328761726,0.9023311263498068,0.014670528887837944,0.06208126428627729,0.11345752908736297,0.173128656937252,0.21438899724258526,0.26499764610935506,0.23402717062344475,0.0874806800618238,59492,10.993597128712489,195.6858722728219,5.276510681059424,0.098,NA,1
42005,42,0.49568601160113096,0.9755443495496546,0.009560731046142187,0.005990031188970181,0.08405509368407992,0.17952599578111428,0.20895892790668819,0.2744012904826902,0.2530586921454275,0.13021225127955513,45241,10.719759034318209,105.04238345506681,4.654363920665007,0.11,NA,1
42035,42,0.4861902230323283,0.9558998506366927,0.013493329282802967,0.01192374876585403,0.18668659866338375,0.17450756243404855,0.19152303904326415,0.23302849103060147,0.21425430882870208,0.16072835983149886,42184,10.649796281210305,44.48390961999315,3.7951275422126276,0.096,NA,1
42025,42,0.4945139379783016,0.9339521160524941,0.013123520914651013,0.03546731413467744,0.08722588003525325,0.1729742340193893,0.21779252423661155,0.27660842967494426,0.24539893203380164,0.11605596892695025,48900,10.797532675462964,170.59193624495362,5.1392743669120495,0.11,NA,1
42027,42,0.518503172342354,0.8756959730674608,0.029936553152919848,0.025365790495921275,0.2936189523406801,0.19548468940479996,0.16609082189379015,0.18453160614280262,0.16027393021792716,0.2049390448169888,50336,10.826475805858005,139.1630575509428,4.935646321520834,0.079,NA,1
42097,42,0.5032506035322519,0.9393926559654399,0.02254245902333658,0.025644826563889712,0.09795444394819115,0.19606967396159,0.212184010719071,0.2533273782938812,0.24046449307726664,0.14198293222960268,41208,10.626387691245421,206.04405194079865,5.328089990300941,0.096,NA,1
42095,42,0.4892859177252303,0.8024219354709002,0.04414302420260087,0.1095701299092947,0.11364112672546121,0.18562195902507547,0.21603878853789643,0.26071810905877757,0.22398001665278935,0.09707311127748855,60097,11.003715202472089,807.3097429876836,6.693707414936696,0.094,NA,1
42121,42,0.49014471514929475,0.9627770653965928,0.007309030958050925,0.009635464370763876,0.08876857214807353,0.17596323344245782,0.19903676655754218,0.27118484009065724,0.2650465877612692,0.1597616504581483,41977,10.644877128219813,80.95995159309727,4.393954607627629,0.10400000000000001,NA,1
42007,42,0.4835604700026998,0.902454484628658,0.05867403833738306,0.01257175053702856,0.094669522398815,0.18682693462508507,0.19667520717402617,0.27275911765883343,0.24906921814324032,0.12153983115152746,49217,10.803994371254475,391.9422514216309,5.971114511136167,0.083,NA,1
42069,42,0.48174542060436354,0.8919005950297515,0.024197876560494692,0.052717302531793256,0.11883769924871805,0.1978216798505386,0.20449974162261,0.2474857892435505,0.23135509003458282,0.1356862555108764,46044,10.737352740034952,466.7507482388614,6.145795385503271,0.10300000000000001,NA,1
42083,42,0.5110176929828614,0.941677830646279,0.024599251628401163,0.018639996304337783,0.10081025802391441,0.1913546255506608,0.223410950283197,0.2542479546884833,0.2301762114537445,0.16635061629821848,41834,10.641464685013865,44.21377924973218,3.7890364882319223,0.10300000000000001,NA,1
42051,42,0.4918432553527489,0.9271144735392413,0.0413603143707077,0.008674574901759154,0.09613774077540765,0.18611754273609538,0.2137051086260407,0.25454455884526334,0.24949504901719297,0.1835834336004601,39115,10.574261304119181,172.2615232197829,5.1490138058842385,0.11900000000000001,NA,1
42091,42,0.48521974942239887,0.7849024571817041,0.08603926569154918,0.04385170160858342,0.09106209529059728,0.20551354895561222,0.2229600349138534,0.26410910161560097,0.21635521922433612,0.06118043174342629,79183,11.279516908298021,1665.744037760848,7.418027172124128,0.07,NA,1
42033,42,0.5161769034536892,0.9397812009419152,0.021229886185243328,0.024823390894819466,0.09892166836215667,0.1938351983723296,0.21908443540183112,0.2622177009155646,0.225940996948118,0.1448805304526372,41030,10.622058785436232,71.22777407964554,4.2658828277426855,0.11199999999999999,NA,1
42075,42,0.48728898676447613,0.8602420932810558,0.015460044192811601,0.09892047525872139,0.10551593086214077,0.19495783007080383,0.21796907538525614,0.25187421907538526,0.229682944606414,0.10658537144428909,54818,10.911773886155865,371.472474871004,5.917474769544785,0.09699999999999999,NA,1
42081,42,0.4907550341326198,0.916263593015677,0.0468766080065864,0.014673596103049639,0.1276525246704603,0.1948714254844054,0.19713318447021538,0.2501188503925664,0.2302240149823525,0.14151927886431925,45430,10.72392795875345,94.90848889055293,4.552913152516895,0.096,NA,1
42093,42,0.47902497415528594,0.9338919418902007,0.015833287991729693,0.019805212470754667,0.08405797101449275,0.2123422159887798,0.1938288920056101,0.2654511453950444,0.24431977559607293,0.09962268401193895,51482,10.84898751099427,141.11423350378527,4.949569729063794,0.068,NA,1
42123,42,0.4995051775326462,0.9746071592362837,0.004368920321513915,0.008134398609669555,0.08353132424659247,0.17481555583343755,0.202534283689717,0.27201867366929267,0.26710016256096036,0.12633451957295375,43764,10.686566840596681,46.85822866417459,3.8471266317713906,0.10400000000000001,NA,1
42019,42,0.4934023356002926,0.9565014766846398,0.01079470019237543,0.011423307231690466,0.10222689652018839,0.1748868261008734,0.21891261603182588,0.2719557364305638,0.23201792491654855,0.093342469263722,58230,10.972155964831165,234.00211005777297,5.455330132657956,0.078,NA,1
42047,42,0.49674518066605866,0.9782068618510016,0.005094499827038586,0.006289505959306897,0.0744485294117647,0.16208910034602075,0.22210207612456748,0.2889273356401384,0.25243295847750863,0.10374896569282668,45767,10.731318586382624,38.434389949695294,3.648952630415348,0.085,NA,1
42071,42,0.48874272414228004,0.8435083870622542,0.032489594997955305,0.08996457139799659,0.11813283413649105,0.20966267376169156,0.21027215827844065,0.24789275751558038,0.21403957630779638,0.10454495411401116,56483,10.94169498690382,554.4611733293777,6.317996783291724,0.10300000000000001,NA,1
42085,42,0.4913190704727768,0.9084086542189749,0.05754831594275325,0.011442455992210858,0.1154737208703684,0.17381626565315486,0.20614466770642478,0.26012628518647507,0.24443906058357687,0.13452976545646486,44301,10.698762529141884,172.55919414191726,5.1507403320532905,0.096,NA,1
42105,42,0.4989992565906102,0.9714645164979699,0.003602676273803397,0.010750843483730772,0.08727122324475235,0.16999276186537068,0.20111674077137834,0.2685347947471823,0.2730844793713163,0.15097194738680014,41547,10.634580595510828,16.171856142891624,2.7832724562957014,0.134,NA,1
42117,42,0.49170747864764475,0.9646296164856744,0.007949464120945418,0.01180590058438025,0.12485572959604287,0.18161582852431987,0.1951772464962902,0.25362737015663644,0.24472382522671063,0.15300505985437493,44187,10.696185907157652,37.279456124072574,3.61844240076442,0.11199999999999999,NA,1
44005,44,0.48773396329274943,0.87306317766067,0.034005693863952996,0.04612029801926222,0.1062981771096769,0.17650272118477756,0.21055293665405547,0.2579764096546422,0.24866975539684788,0.0831431777209062,71713,11.180427321170987,806.2137401597874,6.6923488936534214,0.08900000000000001,282.1997683197706,1
44007,44,0.4834661154574967,0.6545534520430492,0.07674323353026205,0.19344541323953854,0.13872444961377778,0.22515373261217655,0.20986653036316885,0.23573637790840196,0.19051890950247485,0.1711984004665306,49297,10.80561850625225,1532.2733466503216,7.334507759091218,0.129,311.27032282201696,1
44001,44,0.4782098490672925,0.9395257556751507,0.004592724476995913,0.02124387973940841,0.1265678054188899,0.15130621578546186,0.19946642644307394,0.2836255283764119,0.23903402397616244,0.0636404668257141,71238,11.173781662893846,2045.4394967720575,7.623367958233416,0.091,240.2799058134858,1
45003,45,0.48426195040504605,0.6763156267392245,0.24781398800321564,0.049873229855914906,0.10700959207336355,0.2076525772109202,0.20502793296089386,0.2475176557394329,0.23279224201538948,0.18935451187202257,44509,10.703446694896137,150.98493605245022,5.017180070596389,0.146,442.4661886219954,0
45005,45,0.538280791071079,0.23418836890542394,0.7393773252398669,0.024965733307225377,0.11913357400722022,0.22508240464605242,0.21205462250824048,0.2177052268089782,0.22602417202950872,0.3595629621454586,25252,10.136660639487516,25.02879266828396,3.220026868894141,0.159,661.264251013332,0
45037,45,0.5374934452018878,0.562139486103828,0.36905386171248783,0.05389916847703948,0.0873252896905985,0.21042886154581292,0.22392784613546768,0.25128419543662645,0.22703380719149444,0.19889986248281036,43861,10.68878082152957,53.352677625767875,3.976924166287132,0.16899999999999998,375.392812798749,0
45023,45,0.48450378661151494,0.591015541835214,0.37133124486754465,0.015420177012682867,0.10365441596922598,0.18781514789208298,0.2113115350626397,0.2554972189010761,0.2417216821749753,0.24515094514169417,33103,10.407379191699189,56.62378994828272,4.036429214008114,0.18600000000000003,646.9993054887846,0
45029,45,0.48173094426962787,0.5592021428757185,0.4008009778170754,0.028242269783892025,0.10424341656433347,0.1872015281757402,0.20739527902851684,0.25201255287215174,0.24914722335925774,0.20595448432267083,33233,10.411298637141247,36.396902576548214,3.5944836769711177,0.239,649.7487037502447,0
45067,45,0.4580822755773054,0.39795075699648264,0.5573940969567213,0.026640159045725646,0.10573938660634437,0.19585459519175127,0.2028512809721711,0.23957072965437423,0.25598400757535905,0.27378526887695254,29149,10.280175885872874,66.82991740030702,4.20215084555494,0.184,705.9603964997856,0
45063,45,0.4880315108318484,0.7666622901622433,0.1428378505111132,0.05577042108224702,0.10327050005248112,0.216969307804869,0.22705185752301452,0.24398782437964225,0.20872051023999308,0.13220219426820434,54061,10.897868317624576,381.4137095747253,5.94388463791811,0.14800000000000002,372.2558899607788,0
45073,45,0.49198457383195154,0.8573751326946075,0.07469866566333866,0.04576788185812763,0.10788849486860337,0.189356755360372,0.20387027077804654,0.23968436626664474,0.25920011272633336,0.19094351915950644,41394,10.630891221774164,118.8167974275706,4.777582789421537,0.161,502.0593026087516,0
45015,45,0.4986385776119241,0.6395159628131001,0.24653135610687438,0.059875465107449316,0.12593317292013714,0.23965026397666075,0.21839992243757547,0.22858880456913191,0.18742783609649472,0.14386501198921248,52427,10.867177004780158,167.77979300309323,5.1226523636773305,0.18899999999999997,353.1723369950526,0
45019,45,0.48481891976272246,0.6251784041746576,0.2910441104321841,0.05228078587038937,0.13546257936140269,0.2583817553705444,0.19500734603115777,0.21373200442967885,0.19741631480721633,0.18163280588469094,50792,10.835494140850285,391.59513977353726,5.97022849937795,0.16899999999999998,356.90111401472257,0
45043,45,0.4765096217650962,0.623291307232913,0.33525215660252156,0.030656934306569343,0.09227614490772386,0.16939582156973462,0.19325982941543582,0.24803114505631668,0.29703705905078903,0.2121567510513177,40131,10.599904381963697,74.09528890156315,4.3053519527041555,0.203,531.6587795218741,0
45069,45,0.5302711793146941,0.40102305374535774,0.5032933921939597,0.028974844089412095,0.09930352729723657,0.22523028532913952,0.22815097730847,0.23814873062233205,0.20916647944282185,0.3068560545945088,28297,10.250511070945045,59.50291239466805,4.086025259163226,0.179,613.9436512257288,0
45007,45,0.4826931239388795,0.7834359083191851,0.16203310696095077,0.03067699490662139,0.10245631990642591,0.19800424007602896,0.22540024855618102,0.2509138094889977,0.2232253819723664,0.1675483773649959,41579,10.635350511098748,263.4514261433048,5.573869009976399,0.158,493.9670408684742,0
45025,45,0.4862008094376991,0.616270558856454,0.3284896236975803,0.036639972444674075,0.10254345837145472,0.18675205855443733,0.23099725526075024,0.25017383348581884,0.2295333943275389,0.2677504758987375,31252,10.349838653116635,58.13221537402622,4.062719991670469,0.192,561.589072392865,0
45047,45,0.47033430378476054,0.6106673168213175,0.30616547391971544,0.05550217275947624,0.12795688192434373,0.20553448447948897,0.21860964168080646,0.23480387264198024,0.21309511927338057,0.2313214530909525,36540,10.506162829931998,153.33849395020297,5.032647856445649,0.177,445.0436910900982,0
45051,45,0.4883731856820679,0.7727042734054241,0.13424868443879026,0.06095674550396114,0.11538554874719407,0.20763210580598193,0.20652187101862526,0.22645149548019172,0.24400897894800705,0.18603596021983007,42431,10.65563450614867,244.0153241567128,5.497231027242072,0.203,464.2588933766998,0
45055,45,0.4812170935753739,0.6935786039600762,0.2488775477244097,0.03898704738525146,0.09567116320212296,0.18738942945599293,0.2193719593100398,0.25754643962848295,0.24002100840336135,0.16658799016815068,43765,10.686589690166539,85.22053176466702,4.4452423879568626,0.18100000000000002,508.2278326134662,0
45075,45,0.4713075482381637,0.33765625680561,0.6207587438477286,0.01952393396924953,0.1446855031760692,0.19744406536859366,0.1879629804158106,0.238233464648559,0.23167398639096753,0.23742577616920205,34110,10.437345875412692,83.02677603582312,4.419163158612732,0.182,623.4412514307508,0
45083,45,0.4851894598467863,0.6972443155072195,0.20254960964332663,0.06003717018435156,0.11679885495957464,0.20400764148878914,0.22485021617369602,0.24219734203942583,0.2121459453385144,0.17923108349280753,42919,10.667069897311976,354.969390761035,5.872031562549629,0.16699999999999998,475.849090818554,0
45009,45,0.4724294928544328,0.35645630454028077,0.6245099279119767,0.010370557733653725,0.15381175944556227,0.1705790297339593,0.19036440867426782,0.23138832997987926,0.25385647216633134,0.2755645433097405,31483,10.357202996593003,40.20133716348476,3.6939002578450344,0.175,627.9514468062646,0
45013,45,0.4936862730868319,0.6648584249549452,0.18802085223218065,0.11771109256504227,0.1272129768965212,0.2239643268124281,0.19362441356112242,0.20647074444542798,0.2487275382845003,0.12519086859407141,57316,10.956335095836494,286.93343513569795,5.659250255533833,0.183,298.8907922671772,0
45017,45,0.48322192070951087,0.5314713084916275,0.41829373221258853,0.03097491561321067,0.10062681889411237,0.1637564360868592,0.19778374748153124,0.2710991717036042,0.266733825833893,0.18186062020673557,40704,10.614081646699795,39.64045745649362,3.6798502496700127,0.16699999999999998,503.4810893313346,0
45033,45,0.46596759420106754,0.4704526073086763,0.46568333280692337,0.025488771674931302,0.12223560324063937,0.2018283336982702,0.21452813663236261,0.24315743376395885,0.218250492664769,0.31527077678686827,28817,10.268720769756413,78.20002371119762,4.359269950763466,0.207,651.4767530588468,0
45081,45,0.5146519225936165,0.5824579039959789,0.2619753706961548,0.14516210103040966,0.11130225356958541,0.20488560123860314,0.2082401513848271,0.23972131429554447,0.23585067951143987,0.2148230988206588,38514,10.558777090539833,43.939855735040126,3.7828217837248594,0.20600000000000002,434.4922374118736,0
45079,45,0.48646935654387385,0.44931846408079895,0.45569503320434784,0.04857739640961951,0.17487911203789602,0.2378065300023808,0.2044586928501646,0.20939683269434434,0.17345883241521423,0.17216479658911196,48359,10.786407626268446,514.7595724558428,6.243699942055228,0.147,352.6061265190306,0
45039,45,0.47759548942303615,0.37949891898766375,0.5901055576751876,0.017253804739497225,0.0946060434905394,0.17798644450720136,0.20177915842982208,0.2620022592487998,0.26362609432363737,0.2270123605667772,36120,10.494602007530922,34.37241813436848,3.5372544443475555,0.154,629.7210929115914,0
45049,45,0.5124280230326296,0.41396353166986566,0.5356525911708253,0.03666026871401152,0.10848791455874086,0.20597446398458202,0.2253272303862523,0.24243154260017666,0.21777884847024814,0.25204387871261513,34233,10.440945370102789,37.22119822252704,3.616878443670856,0.168,572.4985858316754,0
45045,45,0.48562922821659776,0.6999980428698487,0.1794536127535299,0.08289316026503891,0.11194702274330999,0.22353217897917457,0.2293799417394923,0.23638205865856085,0.19875879787946227,0.15762841683805287,49022,10.800024455923422,585.7155594049317,6.372834278228507,0.165,373.6360431759632,0
45057,45,0.4940856490390783,0.6992020116490903,0.23423908859979986,0.04609601519000334,0.09516370357331455,0.20137299771167047,0.2348618201020947,0.23884439359267734,0.22975708502024292,0.20977207230809536,42217,10.6505782625063,141.93677616723724,4.955381720194384,0.187,486.7870662756506,0
45035,45,0.4861446903477776,0.6538032360052074,0.25265017667844525,0.0455429822177079,0.10074418715060592,0.22656759996676676,0.23513702776162274,0.2475045398976891,0.1900466452233155,0.12061773255813954,53857,10.894087664851423,243.8833772654401,5.496690149006058,0.151,321.221949202128,0
45041,45,0.4683208023698442,0.5381933577402052,0.41144745365484414,0.023123448792878823,0.11874624007071737,0.21076475426943805,0.21630182563749983,0.23457047795607175,0.21961670206627298,0.19814860399370435,41910,10.643279740919118,171.74897870404166,5.146033984674541,0.165,534.2924927623144,0
45059,45,0.4839670764554524,0.6879485983417849,0.24852160043336294,0.041500519132672255,0.11904272801972063,0.18824465899753492,0.21076417419884963,0.25138660640920296,0.23056183237469186,0.20641251343730038,37383,10.528971334610977,93.10258838560726,4.533701986105004,0.158,591.6944531816326,0
45065,45,0.5411753047269845,0.48320285402834207,0.49053612129620455,0.00961252601327916,0.07663865546218487,0.18605042016806722,0.21865546218487394,0.2196638655462185,0.2989915966386555,0.1723350833143118,40028,10.597334488210347,28.098460167627323,3.3357147765331407,0.151,430.3023900080294,0
45077,45,0.49855627997288315,0.8696132504205619,0.06396725894060243,0.03213846321233983,0.2089693990139527,0.18852218606405116,0.1919021215380103,0.21727957094372827,0.19332672244025756,0.1887501906975492,41788,10.640364495957398,240.6956388608541,5.483533226057596,0.17800000000000002,422.1386969592332,0
45087,45,0.47653353850458136,0.6599636287333007,0.3054486955305309,0.01045673917605092,0.10370548604427333,0.1751684311838306,0.21384744947064485,0.26251203079884505,0.24476660250240617,0.20072384061313558,32556,10.390716962446932,55.611848976313325,4.018396289636367,0.159,694.4797571555362,0
45089,45,0.4881864246995051,0.31275041244402546,0.6583195851991516,0.02079896299787886,0.09607250755287008,0.19511581067472306,0.21394763343403828,0.24093655589123866,0.2539274924471299,0.3082916145181477,25849,10.160027194468766,36.336426668265254,3.592820727595706,0.19899999999999998,650.9977026634796,0
46003,46,0.5069801616458487,0.9294636296840558,0.005143277002204262,0.03967670830271859,0.08259986459038592,0.18415707515233581,0.2017603249830738,0.2708192281651997,0.26066350710900477,0.06480061349693252,46667,10.750792555754964,3.8423262871863644,1.346077987129278,0.12,NA,0
46051,46,0.5104694128917476,0.9552483919529219,0.0053373477487340905,0.015464622964280826,0.09375,0.169677734375,0.186279296875,0.29296875,0.25732421875,0.11444103707833844,48896,10.797450872526193,10.722597724291152,2.3723534513138484,0.111,NA,0
46123,46,0.517321845270149,0.8255250403877221,1.795009872554299e-4,0.006282534553940047,0.06155861165684348,0.2174197773411919,0.1859855926653569,0.2724296005239031,0.26260641781270466,0.20628465804066543,39324,10.579590298486815,3.454999423236499,1.239822290283729,0.17800000000000002,NA,0
46113,46,0.48369368717911637,0.03738520500397715,0.0014462361703666208,0.010846771277749656,0.18205841446453408,0.24993045897079277,0.21307371349095966,0.20333796940194715,0.15159944367176634,0.5316167840375586,25648,10.152220874849334,6.604428677996731,1.8877404358222953,0.179,980.6116858733902,0
46137,46,0.4859978730946473,0.23076923076923078,0.0038993264799716413,0.03332151719248493,0.11854951185495119,0.2503486750348675,0.19595536959553697,0.27824267782426776,0.15690376569037656,0.4227994227994228,32708,10.395374975281868,1.438352253027627,0.36349818968178504,0.207,NA,0
46115,46,0.5073597056117756,0.9638147807421037,0,0.01441275682306041,0.08541129263399255,0.19059902550874175,0.175981656635139,0.27543708799082833,0.2725709372312984,0.13168332540060287,48911,10.797757599041015,4.33665242615157,1.467102720104157,0.09300000000000001,392.27587641061183,0
46015,46,0.48486568293605753,0.8677639046538025,0,0.01835035944003027,0.09965753424657534,0.18493150684931506,0.1969178082191781,0.2808219178082192,0.23767123287671232,0.13230647709320695,45284,10.720709048198,6.468112182467818,1.8668842857926233,0.14,NA,0
46011,46,0.5129586623316302,0.918408422356402,0.010899520049543273,0.02111782009599009,0.3320138545274616,0.21583374567046018,0.14497773379515091,0.15922810489856506,0.14794656110836218,0.17817209528439476,46896,10.755687662950674,40.765911896653144,3.7078462394624494,0.096,156.4952321098524,0
46053,46,0.5121262067341653,0.891923710854721,0,0.010595714622086179,0.07836990595611286,0.1724137931034483,0.1961486789072996,0.2624272279444693,0.29064039408866993,0.19156540385989992,36719,10.511049611248131,4.184413723931161,1.4313666042668052,0.16899999999999998,NA,0
46057,46,0.5070042194092828,0.9584810126582278,0.0033755274261603376,0.02751054852320675,0.10047683923705722,0.21628065395095367,0.2064032697547684,0.2564713896457766,0.22036784741144413,0.07215958369470946,55563,10.925272791090912,11.681068388958877,2.457969444874242,0.11900000000000001,NA,0
46099,46,0.5003061672481919,0.856199597938859,0.03888324052036879,0.043342884211012775,0.1189509834530128,0.2554991059518065,0.20751378915599958,0.23126046604035988,0.18677565539882118,0.10944530402461364,52345,10.865611700753455,214.46898768130217,5.368165148341089,0.1,290.0576970031518,0
46033,46,0.506260534553335,0.9189742354924151,0.001926318324103058,0.025042138213339754,0.04470588235294118,0.14074866310160428,0.17240641711229945,0.2793582887700535,0.3627807486631016,0.10274490052883405,50074,10.821257190289682,5.334611002426458,1.6742159678360098,0.136,368.62259053732737,0
46025,46,0.502888583218707,0.9199449793672627,0.007427785419532325,0.05364511691884457,0.07045929018789145,0.19467640918580376,0.18528183716075156,0.2677453027139875,0.2818371607515658,0.14898989898989898,49055,10.80069739659749,3.7959323478180957,1.3339300586231402,0.11900000000000001,NA,0
46049,46,0.4966244725738397,0.9628691983122363,0,0.02911392405063291,0.15883306320907617,0.18881685575364668,0.1685575364667747,0.27228525121555913,0.21150729335494328,0.13295799047206583,41453,10.632315534301455,2.4140565317035905,0.8813085406710578,0.10400000000000001,NA,0
46077,46,0.5027226760015558,0.9614935822637106,0.0027226760015558148,0.017891870867366783,0.07569862044570216,0.19844357976653695,0.17085249380969225,0.2812168376370711,0.2737884683409975,0.09240858505564388,51373,10.846868021600375,6.178535896067943,1.8210813333806186,0.10300000000000001,NA,0
46129,46,0.49077962388168705,0.8170531312762461,1.8258170531312764e-4,0.029578236260726674,0.06260632868322559,0.184416468186458,0.22660768969037087,0.25689009867301804,0.26947941476692755,0.1086382497170879,41826,10.641273434714453,7.728998207809435,2.044979256245995,0.131,NA,0
46027,46,0.49344227047946676,0.895936357772522,0.012972120690890848,0.022289113452304166,0.332618537050274,0.21622587562544673,0.14188706218727662,0.15558732427924707,0.15368120085775555,0.24526506961861108,38173,10.54988373840662,33.851304632628555,3.521977540199876,0.121,204.9025212814718,0
46037,46,0.5057329334979714,0.8745810548597637,0,0.008467101781619333,0.08511348464619492,0.18057409879839786,0.18090787716955942,0.2666889185580774,0.28671562082777036,0.20765427577366782,39761,10.590641811359664,5.515299629913569,1.7075259812230394,0.13699999999999998,NA,0
46043,46,0.498,0.9566666666666667,0,0.007,0.08366013071895424,0.1627450980392157,0.17712418300653596,0.29477124183006537,0.28169934640522876,0.12022046159145712,49200,10.803648902480399,6.947628774299331,1.938400417806297,0.125,NA,0
46065,46,0.4894419306184012,0.8372781065088757,0.009397841977027498,0.021870286576168928,0.07616374721765218,0.2210393883673667,0.21707151843607858,0.25665344043356236,0.22907190554534018,0.11391549987718005,59338,10.991005189198624,23.24559037704299,3.146115452842953,0.091,272.6570976496548,0
46089,46,0.514391447368421,0.9383223684210527,4.1118421052631577e-4,0.02138157894736842,0.09397024275646046,0.11746280344557557,0.1942051683633516,0.31480031323414254,0.27956147220046984,0.1989795918367347,37240,10.525138731391003,2.139632109965829,0.7606339030244097,0.131,NA,0
46111,46,0.5302385008517888,0.9770017035775128,0,0.019165247018739354,0.11327561327561328,0.17532467532467533,0.1378066378066378,0.30303030303030304,0.27056277056277056,0.12012142237640937,48384,10.786924459539204,4.124211121669497,1.4168747582656886,0.136,NA,0
46119,46,0.5591549295774648,0.9415492957746479,0,0.01619718309859155,0.08376288659793814,0.18041237113402062,0.15077319587628865,0.35051546391752575,0.2345360824742268,0.05773342836778332,54524,10.906396250690733,1.4103854027097278,0.3438630022959279,0.132,NA,0
46059,46,0.5088843577046315,0.9874745120885523,0,0.005825808330905913,0.07312925170068027,0.16156462585034015,0.18480725623582767,0.27721088435374147,0.3032879818594104,0.12433392539964476,47679,10.772246328364929,2.38964843002256,0.8711462547141223,0.105,NA,0
46079,46,0.5057073676928399,0.948547215496368,0.012538913870632998,0.018332756831546178,0.14858886346300534,0.1826086956521739,0.16521739130434782,0.2501906941266209,0.253394355453852,0.16302551863411052,48936,10.7982686009224,20.529863637251296,3.0218805888875604,0.08800000000000001,254.9644105582284,0
46135,46,0.5227373656630251,0.9090505373478994,0.01882938093969269,0.029798383515409893,0.0987829463152393,0.212797730157545,0.20458448443216606,0.2643918464869708,0.21944299260807884,0.13419179939003728,52578,10.870053060283906,43.20712865815751,3.7660054968716756,0.1,277.1806894245816,0
46029,46,0.4993986661321477,0.942089726301979,0.0015306680272604686,0.01658223696198841,0.1156051156051156,0.21942921942921942,0.20607320607320606,0.2494802494802495,0.20941220941220942,0.11058492730030708,47214,10.762445737763038,39.85359370801531,3.685212582048851,0.102,273.219795256594,0
46019,46,0.4984799450818868,0.9219378248504462,0.0018632931254290478,0.03226439148769246,0.0852522411671647,0.2132184918263315,0.17946915099314467,0.26313939180875373,0.2589207242046054,0.10188305252725471,41332,10.629392297334245,4.532203445576891,1.5112082330621852,0.14300000000000002,399.5448487507976,0
46031,46,0.5120156939676312,0.30235409514467876,0.0014713094654242277,0.03187837175085827,0.12822921559417566,0.23109441052137153,0.20056364490371067,0.2522310944105214,0.18788163457022075,0.4421836228287841,30880,10.337864004138712,1.6512180466228177,0.5015132256438899,0.22,923.927518962801,0
46045,46,0.5230807208096766,0.9763021476178722,0,0.009380399901258949,0.08306854289605084,0.16068996822514753,0.18656377666817975,0.28688152519291876,0.28279618701770315,0.12477763659466327,49831,10.816392559306074,3.597831531605143,1.2803313116431105,0.099,NA,0
46021,46,0.47804878048780486,0.9407665505226481,0,0,0.022865853658536585,0.18597560975609756,0.14786585365853658,0.32926829268292684,0.31402439024390244,0.14155571128241065,35729,10.483717962940375,1.9559015752163418,0.670851250927513,0.114,NA,0
46007,46,0.4925677645001457,0.25939959195569806,0.009035266686097347,0.023608277470125328,0.12834224598930483,0.1770647653000594,0.24658348187759951,0.21390374331550802,0.23410576351752824,0.39301700984780663,37607,10.534945482263229,2.8960698365590196,1.0633545890666276,0.188,NA,0
46117,46,0.5040458530006743,0.8776129467296021,0,0.019892110586648686,0.08205998868138087,0.2037351443123939,0.2246745897000566,0.211092246745897,0.27843803056027167,0.10204778156996587,54620,10.908155395027697,2.0534023062352538,0.719498079012151,0.121,NA,0
46075,46,0.49745158002038736,0.9683995922528033,0.010193679918450561,0.0020387359836901123,0.06679389312977099,0.1965648854961832,0.15839694656488548,0.36450381679389315,0.21374045801526717,0.1437308868501529,44808,10.710141973889668,1.0116760409125503,0.011608401941327824,0.16899999999999998,NA,0
46107,46,0.4730951356005166,0.9702970297029703,0,0,0.05741626794258373,0.1634768740031898,0.17703349282296652,0.2679425837320574,0.33413078149920256,0.13097898971837282,44556,10.70450210396508,2.6975869196646305,0.9923576399348736,0.11699999999999999,NA,0
46125,46,0.5019175455417066,0.962967401725791,0.004674017257909876,0.01653883029721956,0.07269542369170133,0.186336763739873,0.20472958178235165,0.2745784979198599,0.26165973286621413,0.09147609147609148,51925,10.857555648744313,13.522251591019954,2.604336594546272,0.11699999999999999,331.98506151711297,0
46023,46,0.4935701830863121,0.6401482127288579,1.0897994768962511e-4,0.02048823016564952,0.09645669291338582,0.19925634295713035,0.199912510936133,0.268591426071741,0.2357830271216098,0.23626931318371489,40102,10.59918148736265,8.360919081501649,2.12356835903254,0.17300000000000001,428.394871481157,0
46061,46,0.5051821143026355,0.9416641989931892,0.02280130293159609,0.009179745336097127,0.08036739380022963,0.20321469575200918,0.2359357060849598,0.2525832376578645,0.22789896670493687,0.1583160391343018,55815,10.929797929448833,7.771919367199601,2.050517156680058,0.11699999999999999,NA,0
46091,46,0.5198625724715482,0.8404552286879966,4.2946102641185313e-4,0.06742538114666094,0.10311750599520383,0.1982414068745004,0.1630695443645084,0.2541966426858513,0.28137490007993604,0.1864888500218627,46597,10.749291440359002,5.55684158526894,1.7150298866517366,0.14,NA,0
46095,46,0.49613899613899615,0.3909266409266409,0,0.02702702702702703,0.08918406072106262,0.20588235294117646,0.18785578747628084,0.23055028462998103,0.286527514231499,0.36573392243495334,35109,10.466212786842876,1.5849387978025038,0.4605457932099138,0.213,NA,0
46105,46,0.5195378865103636,0.9660210669384981,3.397893306150187e-4,0.015970098538905877,0.04159021406727829,0.18776758409785932,0.1743119266055046,0.28440366972477066,0.3119266055045872,0.14112763749567625,38362,10.554822665281634,1.0252647816844442,0.024950902825156444,0.166,NA,0
46103,46,0.49955232014948614,0.811935534101526,0.011299050140143258,0.043220569915914046,0.11668307086614173,0.2341043307086614,0.1964730971128609,0.23349737532808398,0.21924212598425197,0.1346491008365476,50833,10.836301028962945,37.00703714281701,3.611108087608928,0.12,327.9101798624532,0
46127,46,0.49660377358490565,0.9360548885077187,0.007272727272727273,0.025934819897084047,0.07199903194578897,0.1920377541142304,0.2276137463697967,0.25822846079380446,0.2501210067763795,0.04382553132379497,63468,11.05829112085398,31.64749360536064,3.4546589544705477,0.063,223.4679464379118,0
47031,47,0.4839184320235423,0.8980211654184981,0.023674331742468545,0.038218482956367546,0.09831044363205217,0.20752231334189639,0.21937884925731976,0.25392747752198397,0.2208609162467477,0.2089244063778534,37618,10.53523793823075,123.58115149070886,4.816898037365025,0.16899999999999998,570.9051594163624,1
47047,47,0.4969352241442003,0.6804581580177653,0.2793101657056776,0.023894862604540025,0.08333333333333333,0.19371955462769658,0.20546276965901183,0.2568284620737648,0.26065588030619347,0.13985333929087707,56618,10.944082234834664,54.62934848308565,4.000571256345035,0.134,425.5352393512572,1
47067,47,0.49977734896838355,0.9765474246697343,0.0037108505269407748,0.001929642274009203,0.10115394058433587,0.1883132825926835,0.19764301497667566,0.2548490056469433,0.2580407561993617,0.3083599817268159,23892,10.081298953852196,30.300440766393812,3.411162259155191,0.157,755.012425406287,1
47073,47,0.48679504571962157,0.9569231311333886,0.012931869835620783,0.012526647756302965,0.08677102424661239,0.18126370819938106,0.23095874770904065,0.25601658504341557,0.24498993480155035,0.16241572432490278,37357,10.528275589332711,116.55423789722265,4.758356726015245,0.14800000000000002,542.4501428030254,1
47091,47,0.5368432646767265,0.9346844366119617,0.03700848111025443,0.01569556118515255,0.09297297297297297,0.19414414414414413,0.23333333333333334,0.2472072072072072,0.23234234234234236,0.2641855909897778,29609,10.29583364815114,60.835915905854755,4.108180336700251,0.18,503.4483691922578,1
47103,47,0.487563975936069,0.8793511119092514,0.06420041303762233,0.02825416778905151,0.10325127246286486,0.1826633426820401,0.21133271008621585,0.265555209307157,0.23719746546172224,0.16314895681707908,41571,10.635158087766825,58.58105193762296,4.0704112985210985,0.14400000000000002,480.98279960432563,1
47111,47,0.48938258386866523,0.9329050678087081,0.004594932191291934,0.04532476802284083,0.10748938750758036,0.1954972710733778,0.24067616737416617,0.23825045482110369,0.21808671922377199,0.2118302459350514,35306,10.471808200149228,72.98205402026412,4.290213575587083,0.192,616.9971518017074,1
47127,47,0.4980305656215535,0.9338270048841972,0.03072317630376556,0.0022057665038600913,0.08635724331926864,0.1631504922644163,0.2340365682137834,0.26244725738396624,0.2540084388185654,0.13228809407153355,46170,10.740085515501034,49.11664332200923,3.8941979452255433,0.134,386.5484819865584,1
47147,47,0.4925926481845609,0.8450685198805218,0.07557450129835042,0.0592588145235129,0.0943188086045229,0.20771699343127914,0.23464373464373464,0.25818582961440106,0.20513463370606227,0.13018406956099485,52792,10.874114943063258,139.87994633487793,4.940784528543957,0.16399999999999998,445.1199143893956,1
47051,47,0.4849335122605831,0.8952787605221423,0.04408930096376723,0.025911918994754177,0.1277341079972659,0.17741797676008203,0.20915926179084074,0.2441045796308954,0.24158407382091593,0.15121196493037647,42904,10.666720340662762,73.90783745865957,4.302818877251699,0.14400000000000002,515.8148353712894,1
47009,47,0.48438434554889187,0.9184704417969318,0.029057079581642716,0.028628699827031572,0.09879531252136577,0.18476432702957707,0.22497983071474478,0.2554046847438159,0.2360558449904965,0.13707085524038698,45991,10.736201004154935,221.4438362931488,5.400168996579949,0.142,446.2714862833766,1
47021,47,0.49998724912656517,0.9420855328590009,0.01729018437762987,0.02445617524800449,0.08735613148960834,0.18477270845408628,0.23900803179597582,0.2750683116668047,0.2137948165935249,0.13845201876965915,52446,10.867539347808544,129.65675496053723,4.86489061213563,0.135,529.3176870217649,1
47019,47,0.4881089174414151,0.9547512100003482,0.01337093909955082,0.01598245064243184,0.11922451822614348,0.1829289528674251,0.21540515439981425,0.2472718829811934,0.23516949152542374,0.22857553078842047,31842,10.36854145205595,168.3396687602395,5.125983776098469,0.158,502.8556006624812,1
47057,47,0.49759413764181343,0.9570917759237187,0.007857678894627643,0.02463249900675407,0.0887450717845719,0.17927545934687197,0.22837164323439707,0.25663914304842667,0.24696868258573235,0.20429000044780798,32364,10.38480197292773,80.73057733428367,4.3911174048031745,0.16699999999999998,620.074992759264,1
47055,47,0.48774560142397483,0.8545902649414664,0.10649003902238653,0.016807010337509413,0.10499765368371657,0.18629751290473956,0.20072735804786485,0.2660136086344439,0.2419638667292351,0.1950071977809768,38495,10.55828364171215,47.81913387360519,3.867425849645431,0.155,574.6287198826798,1
47097,47,0.5255091026840325,0.609951788155717,0.34982370295747284,0.021659350939051594,0.12463411778480271,0.23387191195410373,0.2205830698981384,0.23434024118955626,0.1865706591733989,0.25986088215190384,32326,10.383627138969754,58.88659129815759,4.075613412757153,0.153,513.6289127631997,1
47099,47,0.48908817706966873,0.9466692107711021,0.01755432060486083,0.01738736375128199,0.10008499787505312,0.20416489587760306,0.22443688907777307,0.24619634509137273,0.22511687207819805,0.18122867720002903,37368,10.528570002181944,67.93890408472797,4.218608831968366,0.184,549.178008025796,1
47113,47,0.47522414793254697,0.5766275531492657,0.3663915490377668,0.03403181323210633,0.12672656101808902,0.21603352244313773,0.20325567760514562,0.24272731975651393,0.2112569191771137,0.20008693900486646,41617,10.636264016619267,176.3740830023137,5.172607211023041,0.149,436.078508065842,1
47115,47,0.49209612249237966,0.9287587722407316,0.017296377684837314,0.013752037995321471,0.09572119114399952,0.18469893178969982,0.21185176344214357,0.2560124127230411,0.25171570090111595,0.18151791484167445,41268,10.627842660220267,56.636422033081736,4.036652277070251,0.124,599.7874583100762,1
47133,47,0.49283097381156993,0.9686100682979782,0.006558415125062192,0.010583925098376227,0.09467408585055644,0.19014308426073132,0.22853736089030208,0.24077901430842608,0.2458664546899841,0.22446359801943885,34604,10.451724561300265,51.00315352620518,3.9318874646598525,0.153,672.0808693534918,1
47137,47,0.4961727183513248,0.9839057899901864,0.0068694798822374874,0,0.10602409638554217,0.16523235800344235,0.1944922547332186,0.25094664371772807,0.28330464716006887,0.19156237383932176,35184,10.468346712794542,31.261696292160337,3.4423935875057494,0.182,NA,1
47181,47,0.5513061896916922,0.9109790538950341,0.059013885620145916,0.016415627206401506,0.10353296807103722,0.2108445116191196,0.23502739467220857,0.2377668618930663,0.21282826374456829,0.2022078621432418,33198,10.410244912126165,23.152159106388776,3.1420880421179667,0.163,497.9475535444162,1
47187,47,0.4870775663588007,0.8632545584460264,0.04268663826183608,0.04536480800275227,0.06887718154826562,0.16469331595336376,0.2679140415670939,0.28714968498805127,0.21136577594322542,0.05744608447828491,89779,11.405106373935732,324.29681479027596,5.781659191465088,0.08,183.716661698341,1
47003,47,0.4982465427115728,0.7841593330245484,0.06177904232559166,0.11389752751494299,0.10748722676808421,0.21397564442395606,0.23176212976835311,0.24874188467596328,0.19803311436364335,0.20015640710535135,40759,10.615431953178978,95.725611494083,4.5614858853720275,0.207,485.6293207808144,1
47059,47,0.490077025000364,0.937098676451317,0.02237947553109393,0.025844872522896373,0.09764084244995162,0.18029818163776637,0.22584406241472552,0.25231326436952695,0.24390364912802956,0.2203432873724623,35545,10.478554778363584,110.38711595798543,4.70399342375352,0.165,585.7730234529822,1
47035,47,0.48505893371503295,0.9538779621481207,0.004205764371167541,0.025004859601689373,0.09189626681954609,0.17606987488618353,0.20112636158230196,0.24628199507638351,0.2846255016355849,0.17608913728862138,37188,10.523741407575748,83.09386586395507,4.419970882818614,0.17800000000000002,597.4653533625719,1
47175,47,0.49712333692916216,0.9631427544048903,0.007551240560949299,0.0030564545127651924,0.08043875685557587,0.16910420475319926,0.20627666057282146,0.25045703839122485,0.29372333942717854,0.22531089978054133,33547,10.420702719623787,20.34270248523307,3.0127222473419173,0.165,594.9715832684288,1
47025,47,0.49055303148989504,0.9591414695284349,0.008804637317875607,0.008961303462321792,0.11471244101021626,0.19084167401337965,0.21962350256702795,0.23544054348389773,0.2393818389254784,0.22948481016762312,33229,10.411178267606632,73.43872244465922,4.296451350254868,0.157,704.0878660986372,1
47081,47,0.5275503520550189,0.9137874570165384,0.04986081545767152,0.016210905518257736,0.09779264214046823,0.2032107023411371,0.22548494983277592,0.25645484949832775,0.21705685618729098,0.17400437636761487,39581,10.586104484122892,39.88251409390056,3.6859379845785374,0.17800000000000002,550.910269103213,1
47085,47,0.4957590256633319,0.9402457590256633,0.03332970856894302,0.017670726402783818,0.08889947594092425,0.1894235350166746,0.2256312529776084,0.24506908051453072,0.25097665555026205,0.13879865660959093,42846,10.665367570777166,34.637839466646575,3.544946710693842,0.162,567.7558216861648,1
47141,47,0.49225605898049574,0.8971692663200462,0.023534428213804297,0.05426260625567385,0.18152903210828128,0.20913333178557333,0.20031109976087108,0.21268544099551923,0.19634109534975508,0.2651873512800665,33709,10.4255201430002,181.25518881683757,5.199905921279978,0.171,439.2440331277442,1
47155,47,0.4900706500903664,0.9137849827482337,0.006550194424667287,0.053442138123665044,0.10275414036050874,0.1840973556592552,0.22541861103486138,0.2529234147680483,0.2348064781773264,0.14463185424885855,43649,10.683935651497876,154.084388185654,5.037500427561547,0.20800000000000002,491.603832984566,1
47161,47,0.504394201156764,0.9275895741005032,0.017501690077367987,0.020881844813340343,0.0935412026726058,0.1717542250753308,0.21328442290056335,0.27656229529673787,0.2448578540547622,0.20009101941747573,39781,10.591144690352435,28.983519474016504,3.366727374446804,0.16,604.655238683235,1
47023,47,0.4708763337414728,0.862865139058947,0.10180164421899597,0.02262258760422133,0.14997426659804425,0.18929490478641275,0.21780751415337107,0.24374678332475552,0.19917653113741637,0.19949890385217664,41875,10.642444269127367,60.023938180698266,4.094743452333166,0.151,428.1670489798928,1
47039,47,0.4848225737494656,0.926293287729799,0.029756306113723815,0.02821718683197948,0.10062796752948384,0.1873181191606678,0.20722928472966765,0.2525654771021596,0.25225915147802114,0.22607404820118757,36258,10.498415325589614,35.03122706645299,3.5562398656125365,0.17300000000000001,636.391727532769,1
47087,47,0.5025592088140887,0.9636505595558255,0.0038171250108441053,0.01570226424915416,0.09429856376033657,0.15697083998259104,0.220803713912665,0.2593935876976643,0.2685332946467431,0.2214279410466861,33386,10.415891929415332,37.38648157758173,3.6213091839349563,0.168,737.8302680537538,1
47109,47,0.4923271694928259,0.9061612828972608,0.05570474948208394,0.01665004220056779,0.0935412026726058,0.19099682796787473,0.22028750759263008,0.24937571708173045,0.24579874468515894,0.22558384342469492,33452,10.417866854501417,46.30991720854209,3.8353561327247503,0.161,644.6104937162938,1
47145,47,0.49219752627173813,0.9352180786757184,0.02730400818376267,0.014451780898353948,0.08676018447348194,0.16647450678964898,0.21079938508839355,0.26405969766846016,0.27190622598001535,0.1497277847898574,42223,10.650720375249316,149.0540825265866,5.004309210064884,0.125,611.3361479254762,1
47011,47,0.4867892475267313,0.8801638852803038,0.0431198161287099,0.049725192365344256,0.12461944729450154,0.20549005096462752,0.22853346340807024,0.23788538845810978,0.20347164987469094,0.19767970882620564,41083,10.623349689613647,304.38432665575704,5.718291135357565,0.16899999999999998,438.0864226265632,1
47063,47,0.4854833309417898,0.8278885859600453,0.03871111748856045,0.10766728846797723,0.09764948453608248,0.2119037800687285,0.23571134020618556,0.24192439862542955,0.21281099656357388,0.19236757598365176,39596,10.586483382039699,389.1387835884327,5.963936050141322,0.185,528.0941833340204,1
47173,47,0.49595870052667257,0.9689211034051207,8.343327944934036e-4,0.013401470511550294,0.09681651215672556,0.18838551687948224,0.21978310302606263,0.2628126639846073,0.23220220395312227,0.23588197969543148,34399,10.445782773171514,85.78432468944169,4.45183629387573,0.17300000000000001,610.6988578713608,1
47071,47,0.4854869093844912,0.9238014686094345,0.036523009495982466,0.019376417669447542,0.09518673318053121,0.17743022785492787,0.22138330861534314,0.24902251584198462,0.25697721450721317,0.22594354335620712,33622,10.422935893593005,45.054891758095195,3.8078815632447673,0.188,652.0531494410088,1
47043,47,0.4878219765252574,0.902896286504026,0.0401994952529744,0.03078556263269639,0.09866936163045309,0.2066700353713997,0.2315310763011622,0.25521307057436415,0.20791645612262086,0.1535077939715809,44318,10.69914619404915,101.91142609860051,4.6241040644489075,0.16399999999999998,487.4961537879066,1
47129,47,0.5520852303769805,0.9355763977417593,0.036468767073392826,0.009834274266982334,0.10026689749693428,0.20652095506023227,0.2350862006780639,0.24518502488638821,0.2129409218783813,0.20804482266504573,37631,10.535583457775974,42.06212417174155,3.739147672369286,0.155,514.8148815519822,1
47123,47,0.49671177296742985,0.920257707827095,0.018993691062710392,0.034621129366654034,0.09863307424283034,0.1858559558907991,0.21173948003216295,0.24918635371597045,0.2545851361182372,0.196409977817013,37595,10.534626341812126,70.57814700306027,4.256720564049557,0.17600000000000002,536.5208782971004,1
47079,47,0.4861425076641997,0.8793236924410863,0.08128696621558852,0.01901340847861766,0.09119894453301083,0.18437688967071628,0.20581606288824145,0.25803968995657195,0.2605684129514595,0.19202806928815275,36950,10.517320926376348,57.45104039167687,4.0509331136464874,0.177,664.6540937209584,1
47033,47,0.47667398463227223,0.7655049396267838,0.13254665203073546,0.09076564215148189,0.09493747723685808,0.2126987981061066,0.22641738497025615,0.2513050868034479,0.2146412528833313,0.1885618401733902,36066,10.493105872267217,54.892951964901044,4.005384960764131,0.195,560.0913290688698,1
47095,47,0.6300012865045671,0.6839058278656889,0.2529267978901325,0.03808053518589991,0.11846623426173217,0.23941243800076306,0.25009538344143456,0.21499427699351392,0.1770316673025563,0.31712832108535893,27115,10.20784235927516,46.886309897215654,3.847725732995033,0.132,581.015313157453,1
47093,47,0.48610586681861767,0.8352453070256738,0.09082504353716277,0.03579086600622908,0.14155927571906454,0.22025447106477614,0.21159265323398047,0.22812176295652756,0.1984718370256513,0.14603361562290196,47694,10.772560882801168,859.8388477317671,6.756744985330126,0.13,418.646723911292,1
47107,47,0.48559364133134625,0.9041996255111009,0.042473919523099854,0.029156635714012762,0.10116937754662603,0.18299267896776758,0.22440123231854772,0.2540828833603869,0.23735382780667175,0.1834283705670989,39410,10.581774870189049,121.68090671316477,4.801402099543629,0.17300000000000001,594.7461066825917,1
47117,47,0.48848075799857227,0.8652086442987864,0.0685313777662405,0.04646635083392822,0.09730522655655764,0.2018906878191894,0.2229707704009562,0.2524720199934804,0.22536129522981638,0.16211341051457806,42291,10.652329576439035,82.08064773877378,4.407702272945583,0.166,499.1728159895336,1
47143,47,0.492643391521197,0.9183291770573566,0.02412718204488778,0.038778054862842894,0.115527950310559,0.19373480961382664,0.22057790980286254,0.2378611936267891,0.23229813664596274,0.2259742777741873,36741,10.511648576689398,101.7195293252203,4.62221931338258,0.155,535.3546688380692,1
47151,47,0.4925521350546177,0.9790557010020764,0.0013992958382233456,0.008440913604766634,0.10650069156293222,0.21015829107115414,0.22836944828646075,0.24181650530198248,0.21315506377747043,0.28270898689795165,28401,10.254179634797001,41.61962212824795,3.7285717418336426,0.154,694.9425564462764,1
47001,47,0.48466045732963076,0.9042158829703838,0.04001966437691827,0.023862987125147814,0.09992058990357346,0.18504821327283041,0.2198071469086784,0.24946114577424844,0.2457629041406693,0.1821051353648173,43620,10.68327103975562,223.22503722246282,5.408180398151896,0.129,520.6920618787412,1
47049,47,0.49345148525887533,0.9735272808337513,0.002117817533299894,0.011257872150699438,0.089435657098223,0.17301308338215193,0.22319859402460457,0.2551259519625073,0.2592267135325132,0.2573620670201963,29192,10.281649978116283,35.98589684965464,3.5831271075241355,0.185,748.04797960652445,1
47053,47,0.47299855025773196,0.7762967139175257,0.18447970360824742,0.021766269329896906,0.09417152670936349,0.2089877992056961,0.22290600737056782,0.2523882786503989,0.22154638806397367,0.18700407022160095,38343,10.554327260799823,82.39678004851164,4.411546359070727,0.16699999999999998,628.3970214172548,1
47069,47,0.5454139866899654,0.5532215488716213,0.40878164851098636,0.014499758337361043,0.11376673040152964,0.22580066921606118,0.21253585086042065,0.24085803059273422,0.2070387189292543,0.24559536981870797,30973,10.340871136212566,40.278959159468556,3.69582922738414,0.133,530.5018178542332,1
47105,47,0.4897535984386436,0.8971497113117021,0.01067333495974628,0.07229405546068146,0.08492858194669416,0.1734648799882197,0.21826682373729936,0.24609777646885583,0.2772419378589309,0.1613115292957515,51074,10.841030840443734,214.59234957420074,5.368740179860297,0.146,476.962693641687,1
47149,47,0.4940740218331372,0.751223984528984,0.13032697739850857,0.06816452430708927,0.15054834304388534,0.24277970266031357,0.23487211292467514,0.21588435597273492,0.15591548539839106,0.1304761687189211,55401,10.922352923113982,434.9736180985656,6.075285381200242,0.139,301.97350521545263,1
47159,47,0.4905926622765757,0.9360823664680673,0.018239782585972614,0.023936448207379533,0.09051875219067648,0.201279355064844,0.2192429022082019,0.27111812127585,0.21784086926042762,0.19414893617021275,42383,10.654502617424528,60.88027261533175,4.108909191456212,0.14300000000000002,536.9717176959806,1
47189,47,0.49107295550159047,0.8715754010329377,0.0659181858603824,0.033750042754044536,0.08841424317122867,0.18710192217266783,0.24439663156694832,0.26663911884983116,0.21344808423932404,0.10223786163740055,60390,11.008578807301946,204.87504073045025,5.322400235870321,0.129,367.4248086604912,1
47171,47,0.4910156677988386,0.9431905335816807,0.0072860742850882,0.039498192177057086,0.0895212966453072,0.18102148511119487,0.2186204297022239,0.2549001130795326,0.2559366754617414,0.21711958038055912,32292,10.382574800514906,98.05280262133054,4.585506135827228,0.149,559.8743197944561,1
54035,54,0.4924561223442471,0.9763933080160115,0.007355708371822505,0.001642204659755722,0.09427386889382924,0.1883073965030343,0.21973201946764406,0.26059003785375234,0.23709667728174008,0.18983027267668337,40376,10.605990828020099,62.946324739204215,4.1422823749766495,0.156,444.15245637752,1
54055,54,0.4773935529464673,0.9085462809784617,0.057596248052552965,0.008351937810186151,0.11010106558277491,0.19334285400417445,0.2065253213226409,0.23094034933538393,0.25909040975502584,0.22225327108948648,34842,10.458578834600106,148.59675459971885,5.001236292204782,0.163,722.874125820589,1
54097,54,0.49661482910016,0.9669689384924706,0.010340158384965738,0.006647244676049403,0.1305571187394485,0.18071187394485086,0.208778840742825,0.2379009566685425,0.24205120990433315,0.18384146341463414,39381,10.581038745471517,68.72078006305021,4.230051628936519,0.15,419.897708543577,1
54101,54,0.49509533781549653,0.9806017855174695,4.4086851096660423e-4,0.004518902237407693,0.08415094339622642,0.16792452830188678,0.2120754716981132,0.2592452830188679,0.2766037735849057,0.25186754376184634,27645,10.227200158772034,16.39299833052679,2.7968543126036987,0.161,703.7767089765404,1
54003,54,0.49125808036895624,0.8553755717687975,0.071712093146335,0.038341586965561565,0.09163328125725069,0.21768318148772603,0.23950873176692603,0.24547943510340453,0.20569537038469274,0.13100855487781485,53515,10.887717267418475,329.4866445373075,5.7975358206091325,0.14300000000000002,446.455833375725,1
54019,54,0.5003159798644555,0.9271285057421168,0.049815860010024186,0.009370437359715836,0.09046401169163318,0.19419071976616734,0.21490683229813665,0.2393131165509682,0.2611253196930946,0.21182749104841836,33771,10.427357725022913,69.36588315320083,4.239395149423105,0.152,691.6065698103566,1
55051,55,0.507495368030992,0.9708607040592891,0.003031834259727135,0.005895233282802763,0.058662613981762916,0.143161094224924,0.18753799392097265,0.30030395136778115,0.31033434650455927,0.16379607302790217,39051,10.57262376313457,7.830656287343011,2.0580463235200197,0.133,NA,0
55019,55,0.506497256713832,0.9436615651169507,0.002945423043603812,0.038203869477331794,0.0957698443258705,0.20424665823202595,0.21299301391715716,0.2612354915011827,0.22575499202376367,0.14873166573586902,43276,10.675353487807463,28.62421113971971,3.3542529030569237,0.135,327.8775069541326,0
55109,55,0.4996231392500471,0.9461089127567364,0.007501884303749764,0.020550687770868666,0.07705970761032928,0.21712568071360255,0.2451544902699432,0.2643608611637031,0.19629926024242186,0.07622005640641177,68426,11.133508148343557,117.55308176744947,4.766889991294486,0.07,227.4625374052078,0
55083,55,0.509232367909195,0.95800804668141,0.002477951560043697,0.015054221843276224,0.07492717902755994,0.16742101725296885,0.21106878781088953,0.29849876764508176,0.2480842482634999,0.10183711457012598,51615,10.85156760689969,37.60666460919369,3.6271812849333935,0.10400000000000001,359.41296269319463,0
55069,55,0.5007678883071554,0.9639092495636998,0.00719022687609075,0.012460732984293194,0.07511257880516362,0.17033923746622637,0.21116781747223057,0.29492644851395977,0.2484539177424197,0.11056607826989867,49021,10.800004056710831,32.5948578625282,3.484154541653026,0.087,343.2208461963532,0
55135,55,0.505621414913958,0.9544550669216061,0.00384321223709369,0.02615678776290631,0.07929618376681914,0.18520249741244033,0.21214650595973422,0.2811592267370038,0.24219558612400255,0.10605521278278754,50822,10.836084610684592,69.94662390516147,4.24773243554589,0.095,380.0022575470446,0
55005,55,0.5008074019115786,0.9447038798935102,0.009645179592371144,0.020643302928468554,0.0910063421716207,0.19649270268205088,0.20004584702376405,0.2655688851532055,0.24688622296935891,0.12826940568360806,44054,10.693171433144103,53.118599391916874,3.9725271379515315,0.095,317.7059540431194,0
55113,55,0.5053802442268166,0.7823116914520614,0.006831096602587353,0.018075202514810786,0.08107242042298654,0.1619312112796411,0.18628498184148687,0.27205725272377695,0.29865413373210853,0.18821057834898666,39904,10.594231848479764,13.156712174054823,2.576932059884993,0.136,473.0451943358978,0
55047,55,0.4981094422854742,0.9391870601827539,0.00378111542905157,0.042222455624409204,0.07774621212121212,0.17888257575757577,0.19943181818181818,0.274905303030303,0.2690340909090909,0.11523728452862311,46994,10.75777521296855,54.49337076497337,3.998079056930839,0.096,336.876671405928,0
55099,55,0.506951871657754,0.9606417112299466,0.002994652406417112,0.012335115864527629,0.06347644236683479,0.14515930618772296,0.19178250707344077,0.29782261040718416,0.3017591339648173,0.15892883132004076,42644,10.660641863070365,11.1808580521311,2.4142032136308464,0.10400000000000001,358.9476760538062,0
55077,55,0.506728507969689,0.9498301541677554,0.003266266004703423,0.026979357198850275,0.07773689052437903,0.15512879484820608,0.18640754369825208,0.297148114075437,0.28357865685372585,0.13648102774650686,46077,10.738069189083738,33.59950131913381,3.5145112251665735,0.11,393.2958372090684,0
55075,55,0.49824654112221367,0.9620484242890085,0.0027382782475019215,0.013691391237509608,0.09445653994305811,0.17664545302294424,0.18351197454362753,0.2839139172667895,0.26147211522358066,0.13222057368941642,40490,10.608810309026207,29.75101958270536,3.392863403091953,0.10800000000000001,379.91992280891463,0
55079,55,0.4830067951778329,0.5399131218787052,0.2609762794744389,0.13533860689912017,0.13168603387886005,0.26060474373571363,0.20741545494841687,0.2173965947313071,0.18289717270570238,0.2158750769840347,43193,10.673433724065745,3937.52744384885,8.278308252975974,0.12,382.9632025351634,0
55101,55,0.49495244687123485,0.7402496859699044,0.10628829244533312,0.11806506190879028,0.0978124084193832,0.20311503387405402,0.21564757192849385,0.26792394283645643,0.21550104294161251,0.13328808494070357,54090,10.898404604865473,586.5997395496555,6.3743427125433465,0.094,338.3909980604446,0
55033,55,0.5013562490027581,0.9374073989651478,0.005311025506598892,0.015294841694969342,0.2205500583167162,0.18796794461793145,0.18153429399149704,0.21430452612965123,0.19564317694420408,0.15713579025476132,48893,10.797389515931872,51.606566247698815,3.9436489172539386,0.09300000000000001,265.0372544880838,0
55041,55,0.5088060507833604,0.8160994057266342,0.008535926526202053,0.016747703943814155,0.10218408736349453,0.17102184087363495,0.2078783151326053,0.2578003120124805,0.2611154446177847,0.16485225505443235,39963,10.595709305019572,9.126615894216062,2.2111949680886323,0.147,439.7616357848736,0
55043,55,0.5197337509788567,0.9597689898198903,0.011648394675019578,0.012823022709475333,0.2020482908301682,0.18085322843190452,0.17505425935973956,0.23202658708627238,0.21001763429191536,0.16567103892514723,46963,10.7571153366182,44.539429340741464,3.796374849460243,0.10099999999999999,279.1847560232578,0
55107,55,0.5003774620822181,0.965136229496946,0.006039393315489671,0.012902340264909752,0.0770952499378264,0.15518527729420542,0.20218851032081572,0.2883611042029346,0.27716985824421786,0.18728979820627803,38658,10.562509018366697,15.949254858606478,2.769412110810818,0.126,437.3862938022698,0
55117,55,0.5026250705080921,0.8668633661647936,0.01395409380830477,0.05609406864233957,0.09334920005288906,0.19881881087751774,0.21534664374807175,0.26654619712929906,0.22593914819222236,0.09533828124300563,52920,10.876536618228892,225.3919200414658,5.4178407537646835,0.081,284.1286614116078,0
55078,55,0.4934762348555452,0.12861136999068035,9.319664492078285e-4,0.02586206896551724,0.12694063926940638,0.2,0.2187214611872146,0.26301369863013696,0.191324200913242,0.3135913166588013,33333,10.414303176252119,12.00196863604841,2.485070689336812,0.183,NA,0
55087,55,0.49847483048990804,0.8922325897546808,0.010875610208243219,0.03717144253509575,0.10211091101498246,0.22162709095297328,0.2194363477711973,0.2634461504186547,0.19337949984219222,0.08715370713517717,58318,10.97366607254169,279.22600439513553,5.632021505502113,0.081,251.8925709767234,0
55011,55,0.5091341155502748,0.9654685875538394,0.002747660775285905,0.018713797712758058,0.08332255142968042,0.18048906714969595,0.20144908785095098,0.2781731142450511,0.25656617932462156,0.11987334137515078,47384,10.766039897956801,20.049580501313958,2.998208230905964,0.10099999999999999,309.8797069136546,0
55021,55,0.5086941938672833,0.9405617243631613,0.014299080269034547,0.026426818719437924,0.08009464655427388,0.19795918367346937,0.22244897959183674,0.27133984028393965,0.22815734989648034,0.09310620950717041,57922,10.966852556850178,73.99719670972621,4.3040272101856205,0.068,307.5247303627006,0
55063,55,0.48979379656905214,0.9090019060821348,0.015023392826199966,0.015794489689828453,0.18112215746771798,0.2107330590789624,0.18809278939549764,0.2217889384070392,0.19826305565078275,0.1402073450580947,51339,10.846205976245562,255.53149754475456,5.543345680107305,0.085,269.7501193341286,0
55009,55,0.49575214388041355,0.8325877803804514,0.021081657003076654,0.0745619460727782,0.11470559161751623,0.2276450624402781,0.21507133678210155,0.24659132096609443,0.1959866881940097,0.11508297550874218,53119,10.880289958671913,473.08517145295144,6.159275438778633,0.08900000000000001,264.7430613747904,0
55073,55,0.5018773652943932,0.8993955255507557,0.005769645419600437,0.023383421191550742,0.09292931850988934,0.20805581583812394,0.21624838554460962,0.2634031453389723,0.2193633347684048,0.10928739067110396,53363,10.88487290089817,87.05403230974063,4.4665289869074964,0.084,283.7059352657602,0
55085,55,0.505743280918925,0.9571205531392885,0.00546448087431694,0.011960521913683506,0.07895118765420153,0.15766049054230566,0.18649315466111943,0.29031009627013693,0.28658507087223645,0.10668490340229099,45759,10.731143772668043,32.22728375427909,3.472813415337561,0.11199999999999999,357.1664898709818,0
55121,55,0.5063921919032236,0.9244621623479277,0.0037803285449171764,0.05952299127087772,0.08158368326334733,0.20431913617276545,0.22009598080383924,0.2628674265146971,0.23113377324535092,0.11873202889403184,49143,10.80248969427274,39.69903064948531,3.6813267705055086,0.09300000000000001,291.6187347895758,0
55133,55,0.4909790388548057,0.9022290388548058,0.012515337423312883,0.04282208588957055,0.08076679026361114,0.17522996369789395,0.2169795439143253,0.28915210193942165,0.23787160018474793,0.05393362055788577,75850,11.23651298477668,711.8240673685436,6.567830784486137,0.057999999999999996,230.5180723838998,0
55027,55,0.5250231382198244,0.9137565182058286,0.027336960202261902,0.04121989209688706,0.09169303651066822,0.20788689650067543,0.22093302984881288,0.27084142933807065,0.2086456078017728,0.08964421549275432,53075,10.879461286571457,101.18258386866523,4.616926645883687,0.075,288.3512939385004,0
55125,55,0.5061445726835194,0.8620625204429699,0.003971777019765432,0.01406476332881641,0.06390654526713622,0.15289469163373992,0.17694554200309226,0.2904999141041058,0.3157533069919258,0.1326684941865961,40833,10.617245857000183,24.983539651927845,3.218217194095678,0.175,480.2360117345062,0
55023,55,0.5185185185185185,0.9583182531065267,0.02062975027144408,0.010013270599589818,0.08387983922149354,0.18373175375502432,0.1905013750793315,0.2707848529722869,0.2711021789718638,0.12592639513523785,42235,10.651004540161598,29.05057302071286,3.3690382084291226,0.105,346.4901695336046,0
55071,55,0.49573355693112037,0.9214653875557967,0.005030950208389849,0.032516214949813806,0.0876906779661017,0.18375,0.20417372881355933,0.27923728813559323,0.24514830508474575,0.09702108501538231,48881,10.797144051901348,137.6684400473958,4.924848185910166,0.085,317.4011756072532,0
55111,55,0.49933443459015603,0.921767998332077,0.004602825846390711,0.0446971276442192,0.0876020380211472,0.21152687229496522,0.21727935133950582,0.25905330630581275,0.224538432038569,0.108128771981195,52140,10.861687687487493,75.04254412674419,4.318055207731253,0.09300000000000001,320.568517473455,0
55013,55,0.5098711890737264,0.9072431872613114,0.0056314324551750925,0.01398148747491747,0.06456544748912149,0.1537104551334823,0.18287663177701988,0.2857814888862754,0.3130659767141009,0.17052023121387283,39564,10.585674892859732,18.797879899932834,2.933744092196576,0.14800000000000002,468.5810832026318,0
55017,55,0.516002935732976,0.9435509604952453,0.013450124449550066,0.01309911289807901,0.0862272240085745,0.21363879957127546,0.2144962486602358,0.2614415862808146,0.2241961414790997,0.11143840603693651,50551,10.830738006646618,62.155571400662254,4.129640458358244,0.102,281.4652548554102,0
55029,55,0.49349529217278804,0.9509810968159276,0.0048156400488751526,0.025371954287357147,0.06684340087104715,0.1634160196932399,0.1792589787287761,0.27172883923499336,0.3187527614719434,0.1009191109158153,50438,10.828500138222152,57.73292556921685,4.055827644546429,0.096,327.4320481708188,0
55039,55,0.4910786300238034,0.9163732221194894,0.010514823048019987,0.04461668601105581,0.10279894853439582,0.19915023062806883,0.21264073271942732,0.26180832244945196,0.22360176566865608,0.09786541980077251,53820,10.893400424280896,141.2904956271463,4.950818023642937,0.078,285.0093837922304,0
55053,55,0.5336486881888228,0.8740368672583634,0.02560226275236516,0.027991807275919243,0.09050334738408133,0.2015042565501281,0.21233159765269857,0.261839821472849,0.233820976940243,0.16920899512501966,44149,10.695325555718965,20.760944397197587,3.033073548457484,0.11699999999999999,312.2756119784836,0
55091,55,0.5054604287447755,0.9747876499932587,0.003640285829850344,0.011460159093973304,0.08046800382043935,0.18051575931232092,0.20009551098376313,0.27483285577841454,0.2640878701050621,0.12481078849594056,47701,10.77270764101727,31.972170374553308,3.464865848617124,0.099,NA,0
55089,55,0.4897933293352401,0.9307099690916639,0.013285971305992527,0.02425381741015823,0.08686608557844691,0.16212361331220285,0.20891442155309034,0.29013470681458003,0.2519611727416799,0.05222096535317372,75457,11.2313182365658,372.01439867511596,5.9189325596399875,0.054000000000000006,228.1029751083854,0
55103,55,0.5033219809055888,0.9567305008095583,0.00435486572497348,0.021327675729998326,0.09180720486977348,0.1825167148987127,0.197984233110468,0.2581578684762,0.26953397864484585,0.12750269411831433,45271,10.720421929870149,30.556972520732714,3.4195928926609365,0.106,333.267708996777,0
55045,55,0.49594861927861034,0.9515460285629116,0.003279043928348825,0.028075119915449444,0.07887284712873126,0.18374263033285362,0.22004549463813194,0.280766909614224,0.23657211828605915,0.10330465281964159,55584,10.92565066904083,63.19129661944287,4.146166579952006,0.084,284.7465555656226,0
55115,55,0.5000239371888165,0.8782554576790502,0.00342301800076599,0.023075450019149752,0.08787071117316073,0.18361044125735076,0.21170199263865974,0.2795617041079663,0.23725515082286247,0.11516145616569148,46559,10.748475604511441,46.7786490671928,3.845426882312211,0.127,346.070555166406,0
55067,55,0.5026716402863192,0.9528178243774574,0.007107571327754814,0.017693315858453473,0.07627799090016951,0.16647336961370326,0.19591399768043535,0.2917298599339816,0.2696047818717102,0.14470576152819142,42389,10.654644173598973,22.78553707617385,3.126125995918133,0.11800000000000001,370.9391407758744,0
55123,55,0.4983001133257783,0.9673355109659356,0.003733084461035931,0.014165722285180989,0.08137176571814886,0.18038227521357014,0.20379816852068097,0.2775490135824473,0.25689877696515273,0.14491430889362134,45488,10.725203833890781,37.90146024591355,3.6349896402620856,0.122,320.078446354515,0
55061,55,0.5121488968801633,0.9576246476819905,0.004859558752065313,0.023131499659830888,0.08284023668639054,0.1815722738799662,0.2172442941673711,0.2753169907016061,0.24302620456466612,0.09442693974005514,53588,10.889080441396876,60.07859440963687,4.095653611869903,0.08199999999999999,263.7857441420074,0
55035,55,0.49028941355674027,0.9177556419609573,0.007686294945284002,0.019842065178177735,0.20706312422481885,0.21804621711599975,0.17703505450747437,0.2060839480383837,0.19177165611332334,0.15695675488124153,48090,10.780829534271708,156.41169122061248,5.052491577367367,0.077,242.682834361814,0
55095,55,0.5019473864024598,0.9583874274000683,0.003211479330372395,0.01567019701628516,0.07605279698302954,0.18086109365179132,0.21256285355122564,0.2804446888749214,0.2500785669390321,0.10819179664933565,48538,10.790102275300281,48.03810224057455,3.871994492696572,0.113,334.4260196331786,0
55129,55,0.4940664057568489,0.9520262593106931,0.004418634010857215,0.014518368892816564,0.06939742721733243,0.1627172195892575,0.19149176258180997,0.2791694877002934,0.2972241029113067,0.13778463913546893,41924,10.643613734290067,19.874221095377944,2.9894234696027775,0.113,486.17603710603777,0
55127,55,0.5006772624952495,0.8610003995361483,0.008555920443582573,0.10531188181525838,0.14228875191598994,0.18781593451390927,0.204529889443303,0.250008153148746,0.2153572709780517,0.13354878856615213,54020,10.897109627346607,184.85679853438944,5.219581463361392,0.1,318.1926490063806,0
55057,55,0.5270123345705395,0.92430547744910585,0.01780827053574776,0.02714355340606606,0.0900083104263888,0.18768778367320846,0.20584286901489485,0.275394745253468,0.24106629163203988,0.135993453610256,45297,10.72099608411258,34.779150503634646,3.5490180837754775,0.12,349.3277965227836,0
55131,55,0.4949843402478326,0.9401676425642655,0.009418546593436522,0.026939312786528075,0.07684219860402072,0.18335212373798154,0.22879112248388037,0.28815191092081427,0.2228626442533031,0.06293583447264506,66159,11.099816214710307,306.90754417777447,5.726546543199659,0.06,256.79696101891057,0
55025,55,0.49530962513235716,0.8152616343440118,0.04934354882217239,0.06010121547139274,0.15460508856119667,0.24777152990911278,0.20319276149203683,0.2126904932138988,0.18174012682375495,0.12876260068639694,61721,11.030379508549343,414.92300200711804,6.028092965684272,0.067,213.7858656799962,0
55031,55,0.4988180206391781,0.9235804882483976,0.013251807064599719,0.012069827703777788,0.11152416356877323,0.21,0.19472118959107806,0.2516728624535316,0.2320817843866171,0.15063362698450086,45418,10.723663781224614,33.73421176932467,3.518512508438834,0.09300000000000001,388.1867599768642,0
55049,55,0.49938841790037536,0.9653296216626598,0.00354295837023915,0.015057573073516387,0.07375348737391801,0.19071464339366193,0.2117461907146434,0.2815652049502826,0.2422204735674941,0.09780524184956318,55659,10.926999068694988,31.090508536809253,3.436902580862243,0.09,329.0288347247038,0
55097,55,0.49756187977643435,0.9240760807573857,0.004990304551157751,0.02758925516140071,0.19180784404734277,0.19438384776050127,0.1793223485727547,0.23272220932931076,0.2017637502900905,0.13706870687068706,50996,10.839502477258012,87.59565318935553,4.472731375585099,0.08,245.1219585271362,0
55119,55,0.5120438133087772,0.9695148548441817,0.00407114816071342,0.016187660543789076,0.08473567907530172,0.182559918408975,0.2123066462689104,0.29177290498045216,0.2286248512663607,0.13914455874390905,44869,10.711502412115928,21.164743003212717,3.052336731362559,0.105,247.1140541561006,0
55001,55,0.5390771901065522,0.9085868569500024,0.03162817607637047,0.03770310013981968,0.07175112895132965,0.17461113898645259,0.19292523833416958,0.2650944974075932,0.29561799632045493,0.10603158167227543,44897,10.712126256353349,32.124414927065295,3.469616330662464,0.126,494.5601055662832,0
55081,55,0.5077525415433898,0.9209396480768803,0.013169310168398105,0.037839521277779016,0.0869716944552152,0.2108181465684374,0.2104303993796045,0.26316401706087633,0.2286157425358666,0.1444633730834753,49774,10.815248038323752,49.90474879437286,3.9101161644493523,0.096,377.2143847182678,0
55003,55,0.5034851879512073,0.8354493403037092,0.0037341299477221808,0.020288772715957182,0.1175646551724138,0.1877155172413793,0.1886853448275862,0.2669181034482759,0.23911637931034482,0.18833202819107284,38550,10.559711378991475,15.375561584061776,2.7327793388181667,0.13,399.1131421735058,0
55055,55,0.49742215871881884,0.9052926117759124,0.0062630231588974225,0.0673215455140799,0.10614154884318766,0.2033660025706941,0.2196939267352185,0.2542376285347044,0.21656089331619538,0.11230831963820138,53454,10.886576749948699,150.923493280908,5.016773041401966,0.081,274.1895863716394,0
56005,56,0.5224622076288352,0.8854182213598857,0.007078740325366197,0.07878296838020511,0.11069538544510736,0.2538510803249402,0.21525600835945663,0.244143324232312,0.17605420163818383,0.07742909522268952,79488,11.283361345853097,9.765530245534343,2.278858863472373,0.10099999999999999,316.96926306372103,0
56025,56,0.5039111490374049,0.8815794577401963,0.008171392369057316,0.07350374306659943,0.11549670552458186,0.2432421017063693,0.20070957932083122,0.22733992228416963,0.21321169116404798,0.09903959205780942,57791,10.96458833319395,14.482753196793022,2.672958506783721,0.12,393.6482379015722,0
56027,56,0.48617234468937875,0.9170340681362725,0.0052104208416833666,0.026853707414829658,0.09718498659517426,0.1789544235924933,0.21246648793565684,0.3049597855227882,0.2064343163538874,0.16272848863129738,38438,10.55680183259435,0.9501008553954114,0,0.174,NA,0
48407,48,0.49615658629869885,0.7624957816191084,0.115264914319997,0.11204019648280776,0.09492601851226269,0.16417809607458955,0.20262144449699346,0.2666036078643335,0.2716708330518208,0.20078472798611635,46107,10.738720061275421,46.84993930535816,3.8469497131736277,0.235,567.0482432636749,0
48459,48,0.4941977800201816,0.8169021190716448,0.085343087790111,0.06874369323915237,0.0920864594498035,0.19676670239371205,0.20426938192211505,0.26375491246873883,0.24312254376563058,0.15753653337442536,46600,10.749355820113736,67.9993206929618,4.219497715316823,0.215,568.3584153644224,0
48473,48,0.5023040423396296,0.4398211515649238,0.24032758463363446,0.2908340177023451,0.2142408294713691,0.1775587149477653,0.1901657371769696,0.22649438378760506,0.19154033461629094,0.20426821755095,50097,10.821716405040542,85.3787273825059,4.447096975883826,0.209,347.021856363699,0
48493,48,0.49804584828468906,0.5839828126071355,0.014170456882956596,0.3853221493383311,0.08659623767819974,0.17684483368024193,0.22872403094686408,0.2740054196284805,0.2338294780662137,0.11531116079746599,64571,11.075520672568887,54.43723226494371,3.997048336390638,0.168,329.7030289235512,0
48219,48,0.49400821977071163,0.5007570841444949,0.028509625784122864,0.4472420506164828,0.1513928765422519,0.2216186854970125,0.19290758128346397,0.23411189570885388,0.1999689609684178,0.15734860005367207,50565,10.83101491633627,25.44606293318303,3.236561032922788,0.18600000000000003,447.0086198742472,0
48329,48,0.4941351755933347,0.5198153054698537,0.06171945828560184,0.390248016361068,0.1246242305673522,0.2560480984873789,0.2007085937872787,0.23079400677577896,0.1878250703822112,0.10350222222222222,62993,11.050778888089262,158.04638236852423,5.062888549241325,0.172,331.4632406638892,0
48299,48,0.48249492795089216,0.8870623731987723,0.015970452062633304,0.08614680330853665,0.07039882142481321,0.13890350415658212,0.161107018836157,0.2583394717457645,0.37125118383668315,0.14105063491227146,44094,10.694078997756927,20.580621262181033,3.024349917616982,0.209,608.7206157465732,0
48147,48,0.5260356604275703,0.8020343593837783,0.07019722641118897,0.0986132055944883,0.10247133757961784,0.20580891719745223,0.21304458598726114,0.25722292993630574,0.22145222929936306,0.1719231757451182,44355,10.699980720954688,37.96317395887239,3.636616583493763,0.22899999999999998,464.03850464257744,0
48041,48,0.5062486718410054,0.5854373058358041,0.1043857074913227,0.23722184555914227,0.35178519616376913,0.23621207487394233,0.15494702833258836,0.14375671458034364,0.11329898604935658,0.2982733183979018,38310,10.553466237694694,337.59277131071235,5.821840350498227,0.177,184.523861522372,0
48165,48,0.5080193129474444,0.5972584494145069,0.013596758976635773,0.37527054775514734,0.12058233990927313,0.2593100538031438,0.22301930583394872,0.23251397826774975,0.16457432218588458,0.16753224995811694,52910,10.876347635898178,11.993676678592228,2.4843795674538613,0.287,354.8553455489782,0
48179,48,0.5253545243008297,0.677393862229442,0.03990867980857883,0.2476182113535584,0.10412013862148634,0.22949557181363112,0.23696572968810165,0.2288794763188294,0.20053908355795147,0.14631231776683715,43504,10.680608166872252,24.597882877920977,3.2026603773616507,0.21,500.5190953611238,0
48237,48,0.5684642698624057,0.7976031957390146,0.039280958721704395,0.14869063470927651,0.1355072463768116,0.19927536231884058,0.20471014492753623,0.25905797101449274,0.20144927536231885,0.16690276883451385,49038,10.800350786744184,9.896097564189567,2.292140493993646,0.223,465.2362915485622,0
48035,48,0.4955233779153311,0.8021443572454957,0.014645738918978668,0.16336907262075825,0.08816561952827273,0.16541353383458646,0.2041404882068184,0.26490884746111854,0.2773715109692038,0.14725212464589235,44742,10.70866793677185,18.40732956383561,2.912748931156922,0.225,554.485046139224,0
48029,48,0.4911095926508552,0.2993923243735306,0.06906135961004724,0.5885572865748974,0.1320246151486686,0.25233115426643404,0.2250340279508464,0.21839713973506125,0.17221306289898972,0.17639352864013993,50112,10.822015779350474,1414.106886483522,7.254253435172124,0.19699999999999998,328.1335349479224,0
48023,48,0.4782490483958673,0.8724850462207722,0.010603588907014683,0.089178901576944,0.029069767441860465,0.17019027484143764,0.19608879492600423,0.313953488372093,0.29069767441860467,0.1543192619513559,33445,10.417657577552509,4.239857426436514,1.4445296428380605,0.23199999999999998,709.1175077249499,0
48121,48,0.49225056952244434,0.635943226571802,0.0817233814586462,0.18442350663001175,0.11791848482035094,0.24031194875127657,0.25861108532169713,0.2315917742085229,0.15156670689815244,0.08749687077369288,74155,11.213912776176063,783.050936213617,6.663197746510498,0.13,204.9065398459974,0
48167,48,0.4950972295723517,0.587516727396526,0.13338434416807957,0.2284195517563345,0.1021862005150559,0.21613953332813074,0.21840265777767867,0.25513104939854403,0.20814055898059064,0.13348127943606428,61877,11.03290382258093,784.096014885373,6.664531480817856,0.18,403.36712727533717,0
48393,48,0.49514563106796117,0.9650485436893204,0,0.02233009708737864,0.04948805460750853,0.20648464163822525,0.14675767918088736,0.3003412969283277,0.29692832764505117,0.03018500486854917,67321,11.117227502621036,1.1146486475957138,0.10853924098921618,0.124,NA,0
48463,48,0.4898035969598916,0.28621416208894573,0.004665512830160283,0.6963654150048912,0.12962831355269705,0.21718427972425555,0.21533650771089474,0.22684954871721982,0.21100135029493283,0.2653944216951248,34902,10.460299413138817,17.125595864804577,2.840574178568041,0.251,396.924400194952,0
48037,48,0.5054549762522752,0.6592497657537345,0.23518325058426942,0.0679260320298112,0.1077408351519375,0.22536631883951658,0.22175356232463458,0.2408626602358378,0.2042766234480735,0.1966571915861285,42346,10.653629244615882,104.91567288809341,4.653156912136126,0.175,501.1425853540108,0
48263,48,0.4874041621029573,0.859802847754655,0,0.140197152245345,0.08316008316008316,0.23284823284823286,0.14137214137214138,0.23076923076923078,0.31185031185031187,0.08604651162790698,46875,10.755239763272712,1.0116265026199243,0.011559434185324903,0.24100000000000002,NA,0
48425,48,0.49185896685018154,0.7768536956776385,0.01710202647299988,0.19046503455546446,0.09535811804242807,0.19029615626969124,0.2220121823146398,0.2556185675278303,0.23671497584541062,0.09342184671092335,55269,10.919967451665618,45.783882057030084,3.823932109029529,0.18,446.86664761782663,0
48199,48,0.4938392938392938,0.8762762762762762,0.05749385749385749,0.04733824733824734,0.09949267192784668,0.21310910685206064,0.21874608543154203,0.2536014029813353,0.21505073280721534,0.10910894362704579,53013,10.878292445476164,61.69664943794234,4.122229625351609,0.166,472.2566450917932,0
48289,48,0.4982740149982145,0.7739554814902988,0.07528865611236757,0.13575764789905964,0.08712163520607617,0.17133921590528314,0.2115492013850106,0.25935440634424217,0.2706355411593879,0.1768593055388682,44452,10.702165234305538,15.656696960632752,2.7508987462613694,0.22399999999999998,650.0725309075176,0
48351,48,0.5067642956764296,0.7407252440725244,0.21520223152022316,0.03082287308228731,0.10505930767368676,0.19970951343500362,0.2046719922536916,0.2504236262406197,0.2401355603969983,0.16078741288885695,37246,10.52529983549145,15.358630447146068,2.731677560146955,0.205,635.78124060391,0
48389,48,0.5695099818511796,0.19310344827586207,0.042105263157894736,0.7426497277676951,0.11154949784791966,0.26279292204686755,0.2339789574366332,0.20934959349593496,0.18232902917264468,0.2190216464973581,40571,10.610808804651954,5.226960110041265,1.6538298681809578,0.207,360.72226451763277,0
48453,48,0.504313198802161,0.5033689223962801,0.080485455886115,0.33548617067701986,0.1335986567110857,0.29143510414061663,0.2338037226251295,0.1947240184344968,0.14643849808867135,0.1741784069091443,58025,10.968629231142637,1073.7687865708208,6.9789299693696885,0.151,218.433422847454,0
48087,48,0.4782750735053904,0.6164652074485463,0.042143090493302844,0.30937602090819993,0.07994579945799458,0.25474254742547425,0.20663956639566394,0.18631436314363142,0.27235772357723576,0.20376597175521183,41576,10.635278356688278,3.3328215965968417,1.2038192715194302,0.304,NA,0
48143,48,0.49119863720834195,0.7681963658889118,0.012208341936816023,0.19499793516415445,0.24695842450765865,0.2,0.17789934354485776,0.20078774617067835,0.17435448577680526,0.22320609038388856,39586,10.586230799380681,35.77235472097397,3.577175380597522,0.23399999999999999,283.8361470582962,0
48345,48,0.5592216582064298,0.8257191201353637,0.008460236886632826,0.1598984771573604,0.12305025996533796,0.20797227036395147,0.2027729636048527,0.2824956672443674,0.18370883882149047,0.25510204081632654,35845,10.486959366286973,1.1944678554754529,0.17770077697831352,0.266,NA,0
48083,48,0.4933668801463861,0.7913998170173834,0.025617566331198535,0.16617108874656908,0.13024664647338816,0.13781912591951537,0.18801384681955863,0.2444829078321073,0.29943747295543055,0.2759179891115487,31373,10.353702929382365,6.928981113296449,1.9357127768941558,0.231,517.3841837354412,0
48325,48,0.5133728930168558,0.4584623323013416,0.02203732370141039,0.501483488132095,0.11135419756748739,0.2017576386828834,0.20731978641352714,0.2574903589439336,0.2220780183921685,0.17729283531718884,55326,10.920998239767195,35.093967205792254,3.558029241220856,0.204,367.3337924102294,0
48213,48,0.4902843481357139,0.8032198992827713,0.06353324177221628,0.11193346558828017,0.1024753609901444,0.18672931469172588,0.20662388264955306,0.250148980059592,0.2540224616089846,0.18857342693573037,40900,10.618885342030893,89.99848926692822,4.49979288426636,0.23199999999999998,589.9473649990788,0
48277,48,0.4821410624912062,0.7578541134851561,0.12904263230889831,0.06697352817028804,0.11809722272123019,0.19092444220888874,0.2219308015664858,0.24682930334495023,0.22221823015844502,0.190778359223701,40104,10.599231358943339,54.84077205436567,4.004433932902193,0.223,537.0191852231694,0
48267,48,0.5026281208935611,0.7426631625054753,2.190100744634253e-4,0.2503285151116951,0.07052797478329394,0.12608353033884948,0.1867612293144208,0.272655634357762,0.34397163120567376,0.19495873299130048,43424,10.678767562634595,3.649918024727675,1.2947047083634744,0.267,NA,0
48477,48,0.4994832117650533,0.6587130496412014,0.17349319316067685,0.14103889200602426,0.10787267846381417,0.17799813729249986,0.1970634964115488,0.2659836739166164,0.25108201391552076,0.14889911680557283,44858,10.71125722393277,56.06883967984317,4.026580215786323,0.19,404.3025267107564,0
48429,48,0.5279679764036659,0.749499631307279,0.028547350679448014,0.21500052670388708,0.1317101226993865,0.2049463190184049,0.2106978527607362,0.23197852760736196,0.22066717791411042,0.18840082361015786,41728,10.638927645286325,10.586370981321908,2.359567417344886,0.248,476.687148860378,0
48003,48,0.5015430114440016,0.4582101067249582,0.0071364279285071365,0.5066863829240067,0.11254463771454902,0.20919248934454557,0.25342702453634375,0.24709134892293513,0.17774449948162654,0.1252357110345276,57825,10.96517648709964,10.36440678530805,2.3383775117663563,0.183,395.8378707183436,0
48177,48,0.49934738955823293,0.44091365461847387,0.07223895582329318,0.4806726907630522,0.10412960014982676,0.20985110965446202,0.21921528232980617,0.24889970971064707,0.21790429815525797,0.21909049056217708,39248,10.577655766498271,18.67462650746985,2.9271657312188784,0.233,468.5194132295954,0
48305,48,0.5088169833932545,0.50231124807396,0.011984249272384865,0.46498887176853276,0.06995486782720825,0.2072856221792392,0.20986460348162475,0.2917472598323662,0.22114764667956158,0.20204293628808864,44375,10.700431526777717,6.5491827817376365,1.8793402757162916,0.242,NA,0
48505,48,0.5060011296243999,0.06629483196837052,3.5300762496469926e-4,0.9333521604066648,0.1588586595885866,0.25467816854678166,0.21632382216323823,0.20079628400796284,0.16934306569343066,0.3465043428734159,31109,10.34525244536991,14.186528206792385,2.652292796458092,0.307,313.87375688547843,0
48221,48,0.49441610634515804,0.8626439446634206,0.006298786614112374,0.10646108663729809,0.09315415464715401,0.17930767607120243,0.18996693168226272,0.26050094983465844,0.2770702877647224,0.12130357247839464,55754,10.928704435627461,123.04078775012421,4.812515908127315,0.207,421.952679397094,0
48269,48,0.5327102803738317,0.7632398753894081,0,0.2367601246105919,0.02586206896551724,0.22844827586206898,0.15948275862068967,0.36637931034482757,0.21982758620689655,0.059190031152647975,65000,11.082142548877775,0.35240955919163175,0,0.154,NA,0
48073,48,0.5083849405288509,0.6238867590681215,0.1474687899341394,0.2106753170156296,0.12112254833773821,0.20054945054945056,0.21929336486298512,0.23063012936430657,0.22840450688551955,0.24474768065898406,38378,10.555239657729688,48.30883463306085,3.877614455589804,0.242,476.210005303923,0
48119,48,0.4878747374451022,0.8218445675004774,0.07924384189421424,0.06263127744892114,0.10390516039051603,0.17468619246861924,0.19351464435146443,0.2649930264993027,0.2629009762900976,0.1789044289044289,40375,10.605966060524958,20.391317044680232,3.0151091751771606,0.226,587.6081787512132,0
48253,48,0.6393246675631257,0.610040340654415,0.11977688131879077,0.25514218835599384,0.11266038715419417,0.25572943706890156,0.23644589483052733,0.22836164058443967,0.16680264036193726,0.18520473569112436,41297,10.628545137085586,21.623944326339664,3.07380123434725,0.231,422.7338028463442,0
48249,48,0.497925613217847,0.1942402406773904,0.006744789771210908,0.7902807094160177,0.1222967605260835,0.2237620266572513,0.21118368788066025,0.2354135404713567,0.20734398446464825,0.21748867887379406,40585,10.611153819195277,47.65158399289683,3.8639158717910753,0.165,513.7040199180121,0
48111,48,0.5186752261453166,0.5433323606653049,0.012547417566384594,0.4126057776480887,0.08952134540750323,0.23596377749029754,0.23208279430789133,0.2315653298835705,0.2108667529107374,0.18142962417096536,40895,10.618763085169075,4.559427217798131,1.5171970055046926,0.287,437.7837386741442,0
48157,48,0.4914022586827252,0.3585137427558425,0.2102345226697584,0.2385132172516459,0.09137376709716091,0.20676257424663505,0.259034929976568,0.25399160808675275,0.1888371205928832,0.0843918066529447,85297,11.353894562873016,706.8513408885397,6.560820376302881,0.157,210.8686737731362,0
48235,48,0.49157829070492826,0.6943231441048034,0.022457891453524642,0.27011852776044915,0.07756813417190776,0.20440251572327045,0.14570230607966456,0.3280922431865828,0.24423480083857443,0.08733624454148471,50357,10.82689291529569,1.5243974921141195,0.4215992448536062,0.157,NA,0
48489,48,0.5393166659104315,0.10681065384091837,0.014746585598257634,0.873451608512183,0.1506838608831575,0.25619382571316923,0.2314185228604924,0.19538882375928096,0.16631496678389995,0.3995649754666397,25886,10.161457561002383,37.31919519637493,3.6195078108048944,0.285,329.743729605477,0
48115,48,0.5784619853314937,0.38537506353932177,0.06375717086631327,0.5382325176094692,0.1399506781750925,0.3032059186189889,0.19630086313193587,0.19654747225647348,0.16399506781750925,0.21926053310404128,39714,10.589459049346978,15.295910501540586,2.727585505189717,0.223,414.036623860123,0
48051,48,0.502761467356549,0.672809720365095,0.11319109354107319,0.18917504796232776,0.08933656787258729,0.16664908764898217,0.21727665858031853,0.2712794009070773,0.2554582849910347,0.1503719447396387,45651,10.728780791588225,26.100639428489924,3.261959813204407,0.23600000000000002,493.2651426411398,0
48355,48,0.49112726829084086,0.3228605373311218,0.03685037631769288,0.611798743380672,0.12692096057854813,0.23591459340486579,0.20541013245293402,0.23115886491372872,0.20059544864992335,0.1843760079780072,47057,10.759114911843048,410.5717236625235,6.0175506363160585,0.18100000000000002,405.0811288231778,0
48379,48,0.5122395122395123,0.8654108654108654,0.028119028119028118,0.08026208026208026,0.07601659751037344,0.17195020746887968,0.20033195020746888,0.27269709543568466,0.2790041493775934,0.13602061476164182,44478,10.702749963884775,47.89236964593902,3.8689561941481014,0.23600000000000002,541.0442305914778,0
48385,48,0.5122461170848268,0.8231780167264038,8.960573476702509e-4,0.17293906810035842,0.07997356245869135,0.0991407799074686,0.23198942498347655,0.2656972901520159,0.32319894249834763,0.20202329858982218,33885,10.430727717570214,4.788363761182502,1.5661887583233571,0.272,NA,0
48431,48,0.5338733431516937,0.6796759941089838,0,0.32032400589101623,0.07349081364829396,0.19816272965879264,0.14173228346456693,0.33070866141732286,0.2559055118110236,0.15133079847908745,50543,10.83057973810414,1.4705707178832443,0.3856505689016443,0.11800000000000001,NA,0
48065,48,0.4951282884053264,0.8734978889249756,0.011529717440727508,0.09045144527443975,0.07400982943047124,0.19572130673605087,0.20699624168834924,0.2755131540907777,0.24775946805435098,0.07239669421487603,65026,11.082542468899101,6.691878029166938,1.900894556593702,0.16699999999999998,381.2366733950336,0
48161,48,0.5274456936460294,0.6818944905122857,0.1621814112021163,0.1411710840921809,0.08529048207663782,0.21516863853081405,0.2188769203602331,0.2572841250220731,0.22337983401024192,0.15578389128273118,44502,10.703289410964613,22.395039983411923,3.1088395050299367,0.21100000000000002,468.5239224309904,0
48197,48,0.4756545143136775,0.6792268167359922,0.08783949106924395,0.218497675556643,0.07873665480427046,0.20685053380782917,0.19217081850533807,0.26601423487544484,0.25622775800711745,0.26551297898640297,36377,10.501691985780162,5.879611114148183,1.7714906226737557,0.228,NA,0
48045,48,0.5164086687306502,0.6613003095975232,0.02043343653250774,0.27987616099071205,0.11888888888888889,0.1511111111111111,0.2088888888888889,0.29777777777777775,0.22333333333333333,0.18633540372670807,36250,10.49819466028282,1.7944424506194994,0.5846943612219524,0.33,NA,0
48291,48,0.4909686500993251,0.6853827634746688,0.10903398102956073,0.18675752831752462,0.11603650586701435,0.21766623207301172,0.22403302911777487,0.24226423294219904,0.2,0.18422105955342083,47228,10.762742216027,65.61799421106562,4.18384996033408,0.20600000000000002,489.2172422463592,0
48301,48,0.6551724137931034,0.5057471264367817,0,0.3448275862068966,0.04,0.30666666666666664,0.17333333333333334,0.18666666666666668,0.29333333333333333,0.12048192771084337,68750,11.138232015528818,0.13005942370220877,0,0.14800000000000002,NA,0
48395,48,0.49740557499698324,0.58652105707735,0.21346687582961266,0.18565222637866538,0.10468627670282966,0.19986578682473996,0.2116094396599933,0.24784699698020354,0.23599149983223353,0.2069894118367097,40601,10.611547975828369,19.36932251780157,2.963690500958065,0.21600000000000003,535.4532187549736,0
48401,48,0.5282948344172834,0.6570793152425806,0.17645959482694176,0.14812738282126037,0.10881007581928692,0.22482611692461935,0.2130145999122752,0.24327965411366628,0.21006955323015228,0.17839232277370756,45752,10.730990785595152,57.90739880977504,4.05884516242149,0.213,460.6820048606112,0
48455,48,0.4730290456431535,0.80283540802213,0.10546334716459198,0.08312586445366528,0.07150395778364116,0.1546174142480211,0.2062005277044855,0.27150395778364117,0.29617414248021107,0.16056456120737841,34555,10.450307536525495,20.84751040933784,3.0372345362875652,0.225,725.4508368640338,0
48019,48,0.4860468514099255,0.8052403448107924,0.005844250718355817,0.16967807918959724,0.05241425802645993,0.1342378023089239,0.19330917670851944,0.2954411392938401,0.3245976236622567,0.15287195851615476,49215,10.803953734063311,25.959560585161594,3.2565399650809836,0.205,422.1183708500778,0
48075,48,0.5880685843842993,0.6448915969958906,0.09409097350148789,0.22190732605923197,0.12026052570365202,0.31402651779483604,0.23400790881600372,0.18748546173528727,0.14421958595022097,0.15918440350563406,47532,10.769158447409916,10.1334711841529,2.3158439233508363,0.19399999999999998,NA,0
48091,48,0.491385847987652,0.7050221710696537,0.017692245924894944,0.25476655692656336,0.08527012939228552,0.1763046544428773,0.21381921874041823,0.268688293370945,0.25591770405347397,0.1020240650875832,65839,11.09496764690025,200.33567123522724,5.299994315858374,0.159,359.0007698075462,0
48225,48,0.5355446180184036,0.6205435480419431,0.26543976032527283,0.10246094585919109,0.09397608150007382,0.17783847630296767,0.2362320980363207,0.259486195186771,0.23246714897386683,0.19730145011043887,33119,10.407862414806656,18.981906867201392,2.9434862553218775,0.237,527.5581406074024,0
48349,48,0.4952697199423595,0.5937806737255393,0.14326587724244513,0.24319695925485035,0.10655892459313522,0.20379111127893365,0.22746667673601934,0.24264622588075369,0.2195370615111581,0.21131493888734293,40795,10.6163148038629,47.42642579883462,3.859179579656655,0.21,467.71065023004803,0
48415,48,0.5316210179851887,0.5644763136240742,0.043611143763959095,0.3723992006582814,0.1274676821324782,0.22186591842870027,0.2033269866720112,0.2463172662591442,0.2010221465076661,0.15748550342646284,47513,10.768758636788567,18.790781097450534,2.933366382409724,0.175,451.7186076413252,0
48433,48,0.5121056493030081,0.7828319882611886,0.041085840058694055,0.1636096845194424,0.01791044776119403,0.1791044776119403,0.2298507462686567,0.28507462686567164,0.2880597014925373,0.16628527841342486,42429,10.65558736968861,1.4874829888913506,0.39708542233282756,0.228,NA,0
48021,48,0.510022748561488,0.5666399036531513,0.07632811454569785,0.33191489361702126,0.08801305553071627,0.19940981847447017,0.22274881516587677,0.25880801216131627,0.2310202986676205,0.16538984650401087,51750,10.854179711127616,84.14119236615437,4.432496249278441,0.226,394.6910640338446,0
48025,48,0.6022118273907252,0.3364517827824417,0.08670735107338683,0.566680090455686,0.12785782901056678,0.2569164265129683,0.23073967339097023,0.22540826128722383,0.15907780979827088,0.22170568149092854,43690,10.684874521945481,36.672994493540955,3.602040639331164,0.188,317.81101794057,0
48103,48,0.518064228367529,0.3871543264942016,0.03166815343443354,0.5675735950044603,0.0943163097199341,0.23187808896210874,0.20757825370675453,0.27471169686985175,0.1915156507413509,0.13847562371252004,50417,10.82808369877337,5.711599872113152,1.7424991721832808,0.185,NA,0
50021,50,0.4939448343398074,0.9623143463358903,0.0048147543659213315,0.012045046515423536,0.11154229660171935,0.16371574096531652,0.1906917832214946,0.2692753388848465,0.264774840326623,0.12978755870534578,49271,10.805090951658405,65.89440333139389,4.1880535112160056,0.073,355.817098311532,0
50017,50,0.49713457156666435,0.9615065939377201,0.0035213698819305393,0.011012911689567079,0.08648954211418881,0.16998304126625213,0.19779536461277558,0.2789711701526286,0.26676088185415486,0.13107380648817113,52480,10.86818742361797,42.16100245548613,3.741495681357595,0.08900000000000001,309.6877170423212,0
50027,50,0.49078275666477594,0.9544987237663074,0.005494895065229722,0.013010493477027794,0.07372344831666765,0.18534406248150997,0.19256257026211468,0.27359327850423054,0.27477664043547717,0.10309576274247734,52460,10.867806253420865,58.20060515589522,4.06389575255095,0.081,321.5320708898194,0
49049,49,0.5019272118534865,0.8386167909277447,0.005443428774406627,0.10857382543995224,0.22136068735753112,0.2978712958092232,0.20993161493950552,0.15450464667718744,0.11633175521655269,0.14000220418059586,60196,11.00536118390661,264.1747701719131,5.576610892342475,0.141,175.169463475341,0
49013,49,0.5087655031660474,0.866136375529855,0.001674603589931446,0.06719346904599927,0.12185495806610755,0.2861371484953133,0.20473606314750864,0.21006413418845585,0.1772076961026147,0.0891865926558497,57683,10.962717781702,5.896119804563175,1.7742944743147828,0.139,392.1046217601622,0
49047,49,0.5088962694976573,0.8252772670660103,0.001897870826166894,0.07455073839036831,0.12238982232003864,0.2994793064576735,0.21284019539427773,0.19979601696279994,0.16549465886521014,0.11554836001678959,62067,11.035969725711853,7.527747995230923,2.0185959260626767,0.135,364.0288097109384,0
49011,49,0.5020424129329306,0.8550592203561558,0.011302206575479501,0.08564667859410169,0.12084429317102033,0.2814544900673115,0.23369205443499963,0.20495726395585212,0.15905189837081646,0.07931358099544301,69707,11.152056022121888,1043.8720387712615,6.950692192703724,0.091,209.926594139353,0
49015,49,0.5029830197338229,0.9190454336851767,0.004497475906379073,0.06002753556677375,0.10337698139214335,0.23501033769813923,0.19951757408683665,0.2341488628532047,0.22794624396967608,0.09991673605328892,52763,10.87356546647324,2.4415583484263994,0.892636502831758,0.125,455.3820928295532,0
49017,49,0.5282061292211595,0.9105992582471208,0.006246340035135663,0.05036111653328128,0.09866762693554196,0.19085343896290963,0.1890529348217501,0.23802664746128915,0.28339935181850917,0.11477386934673367,45357,10.72231979864831,0.9899285446659122,0,0.17800000000000002,NA,0
51093,51,0.48924320809657085,0.7076866536623979,0.24134226670059084,0.02083510021768015,0.08553553086189186,0.15458959753478382,0.2062284060136334,0.3037165001400691,0.24992996544962182,0.11989201477692527,63942,11.06573170144901,112.07748754800197,4.719190485182224,0.11,376.7326855466092,1
51620,51,0.4549713081157044,0.3868134441972128,0.568216418784401,0.010656985595502986,0.0978120978120978,0.18961818961818963,0.2087087087087087,0.2606177606177606,0.24324324324324326,0.2299618320610687,31928,10.37123864672857,1040.5800633682672,6.947533589887612,0.133,572.0410488819925,1
51540,51,0.4821702585713304,0.6651627235874769,0.19471864049653023,0.04985914847811648,0.2977842945584881,0.27719126751384815,0.15135223199739328,0.14151189312479634,0.1321603128054741,0.2749846945022652,44601,10.70551155928146,4264.79781207267,8.358150052488506,0.15,232.3751541967616,1
51087,51,0.4708076090378203,0.5647834662109639,0.2901379314775436,0.05018084634806016,0.0973617066049399,0.2349106978457006,0.2297235447299892,0.24228634558223952,0.19571770523713075,0.10685834451959736,61048,11.01941571896947,1332.1266426184332,7.194531923621665,0.12300000000000001,288.397225154203,1
51101,51,0.4868099504981515,0.7610125947741087,0.18741775800488752,0.021179271884203273,0.08409658617818484,0.20503746877601997,0.23199417152373022,0.2633222314737719,0.2155495420482931,0.09507597251119097,62670,11.04563814321872,58.257069953019084,4.064865457664772,0.134,400.1304215665554,1
51109,51,0.4920021567217829,0.7739635753654446,0.17727054876587586,0.024083393242271746,0.07940008822232025,0.1880605793265696,0.2090868989854433,0.27451845316865164,0.24893398029701513,0.10340467804569674,54518,10.906286201351836,67.26576667338303,4.208651439677993,0.15,383.9500044142638,1
51119,51,0.4970970417473044,0.7816791079163211,0.1950972260621141,0.017602064325868583,0.08160881174899866,0.13351134846461948,0.184913217623498,0.28354472630173566,0.3164218958611482,0.0935217679977236,53309,10.883860451434154,83.27321842432427,4.422126989967063,0.14,525.6145117985312,1
51159,51,0.5704595185995623,0.6187089715536105,0.274835886214442,0.05700218818380744,0.07503075030750307,0.20101915304867335,0.25461254612546125,0.26902126164118784,0.20031628887717448,0.12839775986887036,47083,10.759667280669499,47.73045349152967,3.8655696321570328,0.16399999999999998,400.5871967863178,1
51177,51,0.49029512785656254,0.7172354989985441,0.15472293052550293,0.07832270208093695,0.09994762921484107,0.2041252064617492,0.23901220642146395,0.2655198807557507,0.19139507714619505,0.07591915334325847,78345,11.26887742953851,309.63944846274933,5.7354085511139905,0.12,289.6307078585514,1
51043,51,0.4886195476005919,0.8783031498837292,0.05306179973222465,0.03622013952505109,0.07623857623857624,0.15464165464165464,0.2065897065897066,0.30387205387205385,0.25865800865800864,0.06659953970080552,77597,11.259284045630187,80.54967447510175,4.388874068337372,0.10400000000000001,369.8973756185846,1
51097,51,0.5452991452991452,0.6564102564102564,0.3017094017094017,0.030626780626780627,0.10818438381937912,0.15098777046095954,0.21919096895578552,0.25235183443085607,0.26928504233301975,0.09245014245014245,48372,10.786676412905166,22.275955295775187,3.1035078588918292,0.172,452.2664518216868,1
51127,51,0.5062529934543132,0.8002767282209569,0.14868820179873343,0.022510776435527645,0.07772368641933859,0.16954843041799564,0.226036595601813,0.2765653852610374,0.25012590229981535,0.05888803596885624,70618,11.165040348492274,89.59657462725707,4.495317089643609,0.10800000000000001,318.8055722838792,1
5105,5,0.4990848665831808,0.9320874674886812,0.027935651671322607,0.025431076004238513,0.09193848233902316,0.19705932060165623,0.2142977860402231,0.2567179313841474,0.23998647963495015,0.15607789142407552,42455,10.656199970433464,18.826554854715795,2.9352683654791876,0.174,504.47920900063303,1
5111,5,0.48686636888907103,0.8858337089702086,0.07568741548170307,0.02409539810679015,0.10428919810644097,0.20226653277865442,0.21933725433940612,0.246593028259934,0.22751398651556448,0.2806315789473684,32089,10.376268571262472,32.177418185126626,3.4712649079269173,0.152,703.7461251489066,1
5133,5,0.4919764252786369,0.6028476396102002,0.04102234930267842,0.31464083561883643,0.11722462773260112,0.2251557714647798,0.22621184919210055,0.22938008237406274,0.2020276692364558,0.24416952764295016,35153,10.467465242103236,30.324210883944467,3.411946432527628,0.244,460.6625482000826,1
5013,5,0.5160744500846024,0.7324685091182553,0.2521150592216582,0.008460236886632826,0.11839258114374034,0.22534775888717157,0.157032457496136,0.2596599690880989,0.23956723338485317,0.1491076568796776,30980,10.341097113970859,8.46191660263355,2.135575696734485,0.183,475.8884578104776,1
5011,5,0.48765107724645296,0.5754948327202662,0.27789455246102646,0.13601331231389036,0.10538568989601117,0.2140307310259196,0.18423094831600187,0.26680117957473226,0.22955145118733508,0.3126220486419315,30409,10.32249389621096,17.586960573355245,2.8671577509455646,0.18899999999999997,525.9708841168026,1
5075,5,0.48963835839089803,0.9649387589249434,0.00766239043362164,0.010390665815289952,0.11776967170401251,0.19030745179781136,0.21052631578947367,0.25586242834809797,0.2255341323606045,0.2544935632742288,32239,10.38093217876979,29.316864472255595,3.378162929698685,0.168,600.2429927576384,1
5113,5,0.4900194741966894,0.8949367088607595,0.001071080817916261,0.059542356377799414,0.09023641941887746,0.18444324129218553,0.2045659628225952,0.2580761595379895,0.2626782169283523,0.2310106409061933,32835,10.399250298625073,23.948353638132684,3.175899579871258,0.21899999999999997,559.507969681929,1
5029,5,0.49135860607487636,0.82170944195903,0.11758888627266306,0.03710854720979515,0.10834577733532437,0.19694707151153143,0.2069852331176373,0.2548531607765057,0.23286875725900116,0.24017737936296013,35225,10.469511336766882,38.4517881394296,3.649405200447145,0.159,532.3501697830142,1
5101,5,0.505663134819145,0.9470222871757399,0.0028011204481792717,0.003897211058336378,0.08482044503194536,0.16875963868693544,0.19057061026657854,0.2634941617096277,0.292355144304913,0.23532301645787276,30038,10.310218525765526,10.002485089463221,2.302833571067134,0.217,550.5909153020534,1
5081,5,0.4944581280788177,0.7407635467980296,0.19919950738916256,0.028479064039408867,0.0775006704210244,0.19053365513542506,0.25046929471708235,0.23893805309734514,0.24255832662912308,0.14008147916013788,39673,10.588426134546184,24.409444380773802,3.194970122194718,0.161,553.475489107126,1
5085,5,0.492521583460861,0.8759131464210436,0.06219501631392025,0.03526982935350677,0.1016961633815263,0.23522914160877784,0.24529320798252288,0.23576916468249098,0.182012322344682,0.13248281197541856,52582,10.870129134837004,89.87087532826108,4.498373921561217,0.13699999999999998,434.9745522589672,1
5091,5,0.49134781109962083,0.7045616454096288,0.23865333792944962,0.02684131908537286,0.11443573607196633,0.22860121230840508,0.21531987181962087,0.23134241921161344,0.21030076058839428,0.19497969207518656,41319,10.62907772158544,69.55967121605939,4.242184962851269,0.16,517.8775915533572,1
5123,5,0.5466432614458695,0.4190012180267966,0.5152969835924626,0.04223687038761911,0.10063553145589178,0.2445338464229491,0.21998717275960586,0.23100693837094047,0.20383651099061278,0.2837399050870036,30873,10.337637294504201,43.97491378780695,3.783619330139766,0.159,578.7756268041346,1
5145,5,0.4899893270924685,0.8929880283410702,0.042370157007471036,0.0387182223822444,0.1516998360001773,0.21319976951376268,0.21486192987899472,0.2301094809627233,0.190128983644342,0.1750149075730471,42487,10.656953425768018,75.13175373765186,4.31924328881663,0.168,442.508623183849,1
6047,6,0.5044741734858353,0.31196681960673656,0.03429748711863227,0.5560653557885948,0.14679992472870973,0.2484231361643702,0.2246290449606568,0.21692070727134602,0.16322718687491725,0.25425700103689863,42591,10.659398242331683,133.7006426966385,4.895603291101867,0.207,321.5830315863688,0
6043,6,0.5022424007530037,0.827141354299319,0.008748131332705831,0.09506671834339184,0.08136882129277566,0.1561787072243346,0.1591254752851711,0.28868821292775665,0.314638783269962,0.1605986151440697,49820,10.816171788816172,12.466041236430298,2.523008246293132,0.146,441.4515711657108,0
6115,6,0.5090252707581228,0.5788987791771157,0.029941852454046902,0.25755780306996995,0.13179305927841165,0.25711032568731174,0.2052328201722134,0.22041416609341272,0.1854496287686505,0.21596441750501608,44902,10.71223761616816,114.86153909461112,4.743727395090508,0.171,413.8816213932744,0
6013,6,0.48810558137876553,0.4721053036515499,0.08798792261919283,0.2452884891451819,0.09842342693910681,0.20562102929928353,0.2318811170254281,0.2561306838580772,0.20794374287810435,0.10528593684150712,78756,11.274109744261724,1488.6700924802042,7.305638444992358,0.111,258.1822603743346,0
6035,6,0.6630313363513434,0.6625903933211829,0.08301487447821741,0.17884649303310013,0.13337988826815642,0.2698816956950378,0.21553565560302332,0.2127834373973053,0.16841932303647716,0.1688306141624669,53107,10.880064025283644,7.490997942386831,2.013702025287672,0.124,334.5086335516952,0
6099,6,0.4949654750627507,0.460965309142404,0.02566942107304161,0.4249625232240253,0.12839601177730192,0.23818923982869378,0.2224772483940043,0.229985278372591,0.18095222162740898,0.20338106152602664,49297,10.80561850625225,346.7431348242974,5.848584260366782,0.18600000000000003,343.9125264219062,0
6097,6,0.49164357118093666,0.6575002718121563,0.01410346093802888,0.2519503804344481,0.10925240562546262,0.20894959962317475,0.20306843415651707,0.24236928874234573,0.23636027185249983,0.11876884129178394,63356,11.056524893182312,309.3373794062756,5.7344325240097325,0.147,285.2925419247418,0
6103,6,0.49706677630018503,0.7128287028984361,0.006483135940291899,0.22494900460144526,0.10431107354184277,0.20600169061707524,0.20264863341786418,0.2518455903071288,0.23519301211608903,0.19661283086585912,41924,10.643613734290067,21.43974202200963,3.065246303574688,0.188,441.7565560569006,0
6051,6,0.5319687697826546,0.6754589575859886,0.0031652247309558977,0.26848139551241473,0.11068169618894257,0.2342458400429415,0.2156736446591519,0.2289855072463768,0.21041331186258722,0.0848334514528703,61757,11.030962608389315,4.662867803089687,1.539630667239812,0.165,177.7642995142848,0
6069,6,0.4998841664439098,0.37467700258397935,0.008500400962309543,0.5690100686091063,0.11339391544843935,0.2176397289001003,0.22848980336139563,0.25322918882776646,0.18724736346229828,0.1188975249829865,66237,11.100994498178453,40.40800455098616,3.6990278977916153,0.155,246.4724526421462,0
6067,6,0.48967570531637594,0.47940959039358083,0.09685989547152432,0.2179455646467722,0.12076236035836743,0.24347186889355898,0.21987681119345207,0.22938788113409284,0.1865010784205287,0.17599515755317513,55064,10.916251424078201,1487.8100107397133,7.305060526286637,0.156,326.7112376796608,0
6017,6,0.5004696599661845,0.7972781823606767,0.00817760882297687,0.12174691405775159,0.08755237269052585,0.15996972996917624,0.19715203307554588,0.2881190129016778,0.26720685136307426,0.09016256634509463,69297,11.146156894197663,105.96861728818661,4.663142986957676,0.11900000000000001,313.20138520699703,0
6053,6,0.5144102394613013,0.32465302958610837,0.02668289864445549,0.55904976353464,0.13273319595248712,0.2539376483773394,0.22215928947590413,0.2124783584997369,0.1786915076945325,0.1697411003236246,59168,10.98813613418685,128.1990004861923,4.853583747936615,0.213,234.18612031117058,0
6091,6,0.47873361048928686,0.8720818676047329,0.005756315957787016,0.08986248800767509,0.03340402969247084,0.10657476139978792,0.24814422057264052,0.24602332979851538,0.36585365853658536,0.19372574385510996,39009,10.571547667719429,3.280480563650974,1.1879899249722496,0.18600000000000003,NA,0
13091,13,0.5242768114593991,0.652311412891824,0.290345084178216,0.0348339689331225,0.12287972983344846,0.20293192109908664,0.2323278839511858,0.23700974748637654,0.20485071762990253,0.1976258064516129,37292,10.526534105416584,43.360422674383436,3.7695471051093272,0.18,509.716093420359,0
13057,13,0.4930386618837532,0.8074327574595582,0.05764693485800153,0.09785730974862217,0.09168607993223006,0.20538982845732612,0.2666777599612743,0.25173963029074514,0.18450670135842434,0.09828286558345642,67261,11.116335852861406,517.6439619231919,6.249287673743806,0.17,264.8175831047536,0
13177,13,0.5058153749432434,0.7483147637176487,0.19765289371660089,0.021759631169012607,0.09277640713752941,0.20729818119226576,0.2622640426874749,0.2444775948132423,0.19318377416948765,0.11211599721723847,60104,11.003831674048996,80.47298360803184,4.3879215207421245,0.14,345.7131191472316,0
13227,13,0.4991860543986977,0.9411585159058536,0.014684935223495897,0.028962897646340635,0.08837316974361942,0.18178135308756294,0.2224087042074194,0.2519243011748365,0.2555124717865617,0.1190631995867057,51383,10.847062657437341,127.06360937183537,4.844687822265043,0.16699999999999998,510.29380780546563,0
13075,13,0.4833001289112856,0.649419899214813,0.2770420719559358,0.05935778741357084,0.0934156378600823,0.23353909465020575,0.23487654320987655,0.2324074074074074,0.205761316872428,0.2312265889767525,34985,10.462674677179997,75.12700187531365,4.3191800397590905,0.201,568.7391697376146,0
13121,13,0.4874640769002081,0.40782601728525736,0.4361132840091339,0.07755383457346655,0.11913436099339739,0.2601987059013935,0.2389706003785189,0.21848400873301868,0.16321232399367153,0.1760796727400186,56857,10.94829462264529,1801.1601963409194,7.496186289771583,0.19,334.7253651150714,0
15001,15,0.5010264964393405,0.3087134577960266,0.005966510553666517,0.11845341203139369,0.09891116038167734,0.2056946401802465,0.19220308250226656,0.23520012926043285,0.26799098767537677,0.1831533665022704,51250,10.844470897000654,46.431141562554224,3.837970388474234,0.109,363.1382498040476,1
15007,15,0.5008692833569072,0.3045733144743046,0.004582154644035832,0.09881836397925507,0.08978267282918674,0.20319107090176025,0.20296981020749336,0.2500491690431704,0.2540072770183892,0.11182361733931241,62052,11.035728022184221,109.47873720070456,4.695730349585537,0.08,320.4385019778868,1
16031,16,0.5076342500216882,0.723128307452069,0.0025592088140886614,0.25422920100633295,0.11199731340777433,0.23129879942909914,0.22021660649819494,0.22533792292838553,0.21114935773654606,0.1585706062082097,42039,10.646353037838328,8.987630410111805,2.195849233107324,0.196,345.692773353891,0
16063,16,0.5173338440911702,0.6900976824363149,0.0032560812104960733,0.2834705995020111,0.13384188626907073,0.22156726768377255,0.2302357836338419,0.20769764216366157,0.20665742024965325,0.16614664586583464,42433,10.65568164038699,4.345745190006701,1.4691972491919314,0.22399999999999998,NA,0
16041,16,0.506913522381064,0.9168033747363488,0.0013280212483399733,0.06608858682915397,0.11038557213930349,0.23336442786069653,0.23118781094527363,0.22356965174129353,0.20149253731343283,0.12236883443292491,44962,10.713572967563955,19.288927061908097,2.959531203904045,0.16899999999999998,NA,0
16027,16,0.49568833169401466,0.7213366431957867,0.0035648675794809344,0.24064157208058162,0.11979260809589497,0.2470627408076868,0.23413404366646054,0.21653427198782285,0.18247633544213482,0.20388735049161058,42105,10.647921777464093,327.1413248889116,5.790392263736318,0.21600000000000003,306.3276414825894,0
16057,16,0.5161016048464236,0.9050111595281114,0.004835795514932511,0.036879583377617174,0.28324697754749567,0.21757445553730148,0.15333417582880493,0.17865116474998946,0.16719322633640843,0.20389335344802575,41735,10.639095384284838,34.977825196376195,3.554714294883955,0.13,222.003866940453,0
16009,16,0.5093620727193555,0.848791639451339,0.015784890050076203,0.028303940779446986,0.08387350225888823,0.15399725004910628,0.19485366332744058,0.2744058141818896,0.2928697701826753,0.14665343477781453,39049,10.572572546745315,11.828224208329203,2.470488557536749,0.19699999999999998,541.6584033919473,0
16033,16,0.5312916111850865,0.5326231691078562,0,0.4673768308921438,0.10459183673469388,0.22704081632653061,0.17091836734693877,0.3010204081632653,0.19642857142857142,0.14913448735019974,33200,10.410305154904579,0.42569231684885656,0,0.29100000000000004,NA,0
16043,16,0.5166564792176039,0.8526130806845966,4.584352078239609e-4,0.1259932762836186,0.0962536023054755,0.2531700288184438,0.21023054755043227,0.22723342939481267,0.21311239193083573,0.12395309882747069,44520,10.70369380538948,7.023248950242149,1.949225924397427,0.221,280.689583183734,0
16049,16,0.5212981744421906,0.9223676931587682,0.0012907984510418587,0.02802876636548036,0.07751591645258572,0.1641907740422205,0.1743549648162627,0.2613649056182285,0.32257343907070257,0.17467359614653316,37349,10.528061416440826,1.9191134212664518,0.6518633196387668,0.213,424.7790417613862,0
16077,16,0.49883960804538424,0.6512377514182568,6.446621970087674e-4,0.3037648272305312,0.09628543499511241,0.23093841642228738,0.17937438905180841,0.26930596285434993,0.22409579667644183,0.1389033264033264,44212,10.696751524430846,5.523256642008084,1.7089676577025859,0.21899999999999997,NA,0
17119,17,0.4888830098407813,0.8649305257980497,0.07863309647393739,0.02839331825481699,0.12146259976489514,0.2144218276310091,0.20731918579471634,0.24795520633545753,0.20884118047392192,0.13973562084757296,53633,10.889919829252653,375.04157455050574,5.927036885293305,0.09699999999999999,396.6398720080542,1
17131,17,0.49274119448698317,0.9660643185298622,0.0027565084226646246,0.019418070444104134,0.08383168424486245,0.17614439491138414,0.20930738284223116,0.2747635098401653,0.25595302816135695,0.10081371513758619,53136,10.880609943616529,29.089347507671036,3.3703720421308017,0.098,377.6967897331056,1
17167,17,0.4795605969667472,0.820466134393173,0.12106784217401612,0.01915579339180608,0.1010788702999293,0.21487359881509407,0.2103123842865318,0.24810650688389943,0.2256286397145454,0.14214791935409268,55449,10.92321895835079,228.341061059401,5.430840393077189,0.09300000000000001,385.17806803428397,1
17157,17,0.5400987416460955,0.8628153410801372,0.10042747907760853,0.026672286109940394,0.09546281276114633,0.20793393304822297,0.22263186354028414,0.261957430074227,0.21201396057611954,0.1240971545671381,47427,10.766946965764298,57.72024326672459,4.0556079484970065,0.115,393.35118736979297,1
17141,17,0.4963836359526859,0.8843140209447751,0.007854290665260303,0.09014540797106908,0.09749713724848683,0.17771961393751023,0.22401439555046623,0.2796990021266154,0.22106985113692132,0.11322165146055356,54541,10.906707991398342,69.98921660905857,4.248341181740659,0.111,325.8794203258204,1
17177,17,0.4838000634048399,0.8486103772587974,0.08580788333509458,0.030518862939871078,0.10021112954305535,0.18096817976172522,0.20464484994721763,0.26511838335092747,0.24905745739707436,0.15897623873388245,43472,10.679872331666129,83.8141227195349,4.428601522161373,0.115,375.42218520904163,1
17193,17,0.4807928913192071,0.9732057416267943,0.006220095693779904,0.011483253588516746,0.09094265321191237,0.1993600787595373,0.19788333743539258,0.2667979325621462,0.24501599803101157,0.15609687806243874,42914,10.666953392005027,29.569533880662778,3.3867445704889705,0.11199999999999999,504.795582518827,1
17071,17,0.48858892290564987,0.9600612301697745,0.004035624826050654,0.010993598664069022,0.08431372549019608,0.16127450980392158,0.18823529411764706,0.2838235294117647,0.2823529411764706,0.11288499576151455,49389,10.807483006316131,18.966827846871766,2.9426915505056646,0.131,395.6097348375808,1
17113,17,0.48642840457836956,0.8130401775286148,0.07296192478392899,0.045147161878065875,0.20750639001653887,0.2177398135618704,0.1983254397834912,0.20791046459179072,0.16851789204630882,0.14177378682575803,62089,11.036324118576157,144.7043970734626,4.974693020691038,0.085,236.8989979809132,1
17149,17,0.49697006794393095,0.9598457489135093,0.013588786190855115,0.011568831486809084,0.09908216299900476,0.1940727634634524,0.2126506690257658,0.25146522171845626,0.2427291827933208,0.1660003807348182,39845,10.592752205831848,19.650437043906464,2.9780995794881098,0.14300000000000002,373.2881366128302,1
17161,17,0.4911274300399384,0.7508086006631542,0.08972246519796308,0.11828285088522278,0.11025244119598236,0.214883439438554,0.20253488669824607,0.24001117305431735,0.23231805961290022,0.13298770448733668,48702,10.79347537598923,344.8657269266385,5.843155143960337,0.125,377.4803057723996,1
17185,17,0.4850607697501688,0.9611748818365969,2.5320729237002026e-4,0.01325118163403106,0.09774881516587677,0.19149881516587677,0.19475710900473933,0.26880924170616116,0.24718601895734596,0.1274927560934038,47365,10.765638838309634,53.07007328041854,3.9716131776645245,0.109,458.0486748096074,1
17035,17,0.5010440308669996,0.9760326827054018,0.0035406264185201997,0.007807535179300953,0.09887319473099508,0.19504840501507698,0.2052055229328678,0.2586890969687351,0.24218378035232502,0.13852132876839085,43958,10.69098991157722,31.833052042632882,3.4605051224224517,0.13,309.32647225151084,1
51051,51,0.505238427836688,0.983173534827608,0.0046987110292717,0.006159121214045336,0.08997456549385333,0.19722339974565495,0.20919881305637983,0.25413310724883426,0.24947011445527767,0.20933384972889232,33318,10.413853070469662,47.647428993259354,3.863828672574422,0.13699999999999998,689.3641891773802,1
51107,51,0.4945493863273676,0.6146619823142212,0.070155018577112635,0.1264499490010016,0.0698740150335002,0.2234405642351921,0.3030344278245789,0.25839269599762044,0.14525829690910833,0.03629070737481107,122238,11.713725243009955,633.2461144268088,6.450859152940036,0.081,143.3236712375722,1
51161,51,0.4777643712832888,0.8798802033956735,0.05410238731362579,0.023215978626217357,0.08541570332007768,0.17434569499676317,0.23161009895496162,0.26096365485989087,0.24766484786830667,0.06591169219933087,60795,11.015262827730519,370.5282654340207,5.914929731796576,0.098,317.5068815860214,1
51091,51,0.4648506151142355,0.9986818980667839,0,0,0.07855973813420622,0.1039279869067103,0.14402618657937807,0.24386252045826515,0.42962356792144024,0.10167253521126761,49625,10.812250017989491,5.482276541830059,1.7015204420351284,0.233,NA,1
51073,51,0.4912661386568298,0.8558641640447,0.08975263100792015,0.02706954540522947,0.09183444688578987,0.18272723196269225,0.20447513564414152,0.28326084032106186,0.23770234518631453,0.09189115274169288,60519,11.01071264430246,169.26912358188673,5.131489895553566,0.133,408.041836489353,1
51145,51,0.5519780845310943,0.8292301124235093,0.12647644798633842,0.018642379393766898,0.08199302665616916,0.16038690810932404,0.24142391182094253,0.2891125857608818,0.22708356765268248,0.054224870174308604,76548,11.245673274029956,108.01587881070321,4.682278242341983,0.12300000000000001,304.7927101851872,1
51061,51,0.4917367265015527,0.816223585548739,0.07695220783155343,0.06580322653942286,0.08497268460334967,0.1662007232809254,0.22755136064018056,0.2940829464720819,0.2271922850034625,0.05553520739858987,88409,11.389729053398204,101.96169891373684,4.6245972419204575,0.105,325.8365541638112,1
51550,51,0.4870410510778069,0.5985141646387142,0.29452962583722303,0.046153096007482367,0.10738932717313923,0.21466242426884016,0.22174519461273592,0.26569469264408896,0.19050836130119572,0.08536084731382906,69743,11.152572336224429,661.963028169014,6.495209705690122,0.102,317.052498264034,1
51003,51,0.47889423268015424,0.7771672165030407,0.09326682300568385,0.055536786040780634,0.11327557628885357,0.21769962919293928,0.20792536012713386,0.24005058013362723,0.22104885425744605,0.10172415629226526,67725,11.123210666953296,139.63685205176094,4.939045138669647,0.115,206.8012590960054,1
51019,51,0.49403686302855077,0.8995880014456089,0.05597397903867004,0.01721720274665703,0.07937168163245333,0.15225954833500527,0.22196667563798292,0.2846517090357466,0.2617503853588119,0.08244472208501613,57596,10.96120839982816,91.86330792899534,4.520301688797893,0.124,NA,1
51195,51,0.5186130145307868,0.9218787967147787,0.0498128978957088,0.011857899596637023,0.12104028157997654,0.21916308173640986,0.21400078216660148,0.22698474775127103,0.21881110676574111,0.21899950263082119,36218,10.497311511801287,102.07123706251906,4.625670972088403,0.13699999999999998,571.8542136538264,1
51740,51,0.4816946642892149,0.4003816435699315,0.5222156181895914,0.03263782442310299,0.1338209166336053,0.2562917220085212,0.19107170579407656,0.22651924171597124,0.19229641384782573,0.18385480362341583,46166,10.739998875403943,2849.701363920007,7.9549694831829365,0.14,499.1580545471412,1
51005,51,0.4891009852216749,0.9222290640394089,0.052032019704433496,0.012992610837438424,0.07986302883022203,0.15674362089914945,0.22025847785264555,0.2720645090025406,0.2710703634154424,0.12626167638392577,44848,10.71103427340457,36.4569419719524,3.596131892226421,0.128,577.2509817434654,1
51640,51,0.46036978644116383,0.8027805647126272,0.031245520997563423,0.14662462376379531,0.06961178045515395,0.29799196787148596,0.16921017402945113,0.2385542168674699,0.2246318607764391,0.25272917601315986,30325,10.31972773381225,846.7233009708738,6.741373960017857,0.179,588.9956571332436,1
51133,51,0.48491973406842875,0.7009891357223934,0.2918761148046052,0.006405059185989947,0.06782359496895399,0.1582550549275593,0.130552459799395,0.2997930265881229,0.3435758637159688,0.1109396572728011,51342,10.84626440964611,64.47633236624063,4.166298216404465,0.179,471.9639807540264,1
51187,51,0.495771223173697,0.8850829897452162,0.04072840680833069,0.03644677027169891,0.09651031241841442,0.19358628491863197,0.22182577669480463,0.2748237751283613,0.21325385083978765,0.09345592795319115,61610,11.028579474008616,177.246855456398,5.177543424529328,0.141,400.9571975309932,1
51630,51,0.46365354209247617,0.6015965446762562,0.2305734449114959,0.10844163356600209,0.26319586389323074,0.23283635926415774,0.1904532884453529,0.17410123842731753,0.1394132499699411,0.18568251796099897,47040,10.758753582572508,2483.8122605363988,7.817549860702892,0.12300000000000001,267.0150836120824,1
51013,51,0.49978823518460774,0.6358994885065228,0.08276513653012878,0.15269872149901564,0.10142787736533596,0.37827708266293136,0.2177970432906169,0.16776770334475383,0.13473029333636197,0.07971489624657419,103208,11.544501648404973,8272.156772156772,9.020650548715233,0.079,133.73419238921,1
51670,51,0.46355165187926345,0.5254358196977128,0.38173792857461325,0.06522805296714075,0.1191621411947246,0.24817688130333593,0.20752521334367727,0.23064391000775794,0.19449185415050427,0.20079477458548395,37933,10.543576724621428,2182.233897645456,7.688104354802788,0.145,549.3570960377324,1
51069,51,0.49672133210829045,0.8580544472832996,0.041861226133689096,0.06767522938089185,0.09101995332310087,0.1975778473959757,0.24135320956245662,0.2657008893841593,0.20434810033430753,0.07095709570957096,68424,11.133478919260618,192.14937992145028,5.258273089951002,0.135,289.2898445108346,1
51199,51,0.49057206289346433,0.7371886499802317,0.1331163894042152,0.04881238405157994,0.10218658140374401,0.18232685266360682,0.21739466762931256,0.2887421999896859,0.20934969831365066,0.05657631998514001,82073,11.315364374116752,627.6197747661768,6.441934528912807,0.08199999999999999,217.4284052590262,1
51125,51,0.479384203480589,0.8188085676037483,0.16010709504685408,0.013186077643908969,0.08307900983384198,0.17180965298971404,0.18028710297275913,0.24347236351305526,0.3213518706906296,0.1424382926496659,48789,10.795260156596557,31.729445945257147,3.457245143900171,0.153,482.97754949605917,1
51143,51,0.49062257241149704,0.7430759230781426,0.21562534679835757,0.02233777763685654,0.08721413442719644,0.16882490147188933,0.21115847609855493,0.27574465803372744,0.25705782996863186,0.1452460814035993,42143,10.648823876091406,65.09890695099082,4.175907758766204,0.13699999999999998,485.614792576762,1
51610,51,0.47309716440185373,0.7310501924436416,0.05325583222056398,0.09347262587385123,0.09724473257698542,0.23014586709886548,0.2148111208078793,0.2492207954120434,0.2085774841042264,0.039607072691552066,120000,11.695247021764184,6368.6843421710855,8.759148187543383,0.053,NA,1
51735,51,0.4919534538252043,0.9335644136337378,0.0025583890401914664,0.020054468927952464,0.08394528437724982,0.13765298776097912,0.22966162706983442,0.30352771778257737,0.24521238300935924,0.05597139055222888,81892,11.31315658497247,791.0818045309134,6.673401381549105,0.084,203.89328156750162,1
51820,51,0.48163420067301765,0.7901796293663207,0.12209109436466183,0.04004929143561306,0.10341406960403406,0.23394229974373812,0.21931057286930644,0.2383235512937092,0.2050095064892122,0.19913106444605358,44847,10.711011975617623,1402.95232395771,7.246334098026652,0.14300000000000002,455.0852874626366,1
51775,51,0.47619238476953907,0.8677755511022044,0.07807615230460922,0.02625250501002004,0.1347517730496454,0.18439716312056736,0.20212765957446807,0.24607147823668474,0.2326519260186344,0.11676205341657996,48733,10.794111697661032,1728.1983791646464,7.454834745531987,0.124,457.8304314035294,1
51710,51,0.5197386210004507,0.4428776271047564,0.4159531320414601,0.06887213732639601,0.23264495829795734,0.26894696099485593,0.172951106227838,0.18050491934275584,0.14495205513659293,0.19248677727046698,44747,10.708779682349634,4510.162601626016,8.414088485422424,0.168,379.9102975818176,1
51059,51,0.49457755221961164,0.538947987913586,0.08938024886678515,0.15760291570661655,0.08789197467456063,0.2308985301533347,0.23768100117949773,0.24950327486606738,0.19402521912653956,0.05886193901707504,110292,11.61088667314611,2816.261647342884,7.9431656275010205,0.099,157.85725712528821,1
53037,53,0.5042018841878375,0.855295342810782,0.007895182969654404,0.07984790874524715,0.26907025272432183,0.18390138341448334,0.16260916608702372,0.19383259911894274,0.19058659865522837,0.22569024522038958,42982,10.66853670238515,17.973935160457778,2.888922661822185,0.149,238.5170696017116,1
53005,53,0.5012626262626263,0.7388710109949048,0.014168230982390274,0.19019844462322338,0.11073503749017201,0.22589986001112242,0.2112969106564136,0.23896868467984736,0.21309950716244463,0.12759459306600304,60485,11.010150679393949,105.26594365138597,4.656489944713625,0.125,277.662535510318,1
53019,53,0.519742883379247,0.7443263806900171,0.004591368227731864,0.03541912632821724,0.09172413793103448,0.1528735632183908,0.16919540229885058,0.25126436781609196,0.3349425287356322,0.2070021299254526,37571,10.533987755195422,3.4600317090141925,1.2412777534826085,0.21,582.9643210206848,1
53017,53,0.5007859406808051,0.671837555080269,0.0010049733295539463,0.29046306078800216,0.10192660550458715,0.21935779816513762,0.2158256880733945,0.23605504587155962,0.2268348623853211,0.15841378594415031,51908,10.85722819985712,21.33115369731936,3.0601686190336523,0.185,259.1034577919122,1
53053,53,0.49547945579650227,0.6981279657923555,0.06581048229898415,0.09431436964419183,0.12072478208742425,0.23439170798094683,0.21707413888078805,0.23608073296393506,0.1917286380869058,0.12443421654884809,59204,10.98874438615708,482.43793980022855,6.178852290330807,0.122,327.2224642704694,1
53021,53,0.5200953137410643,0.43091586729394515,0.016276654243294435,0.5110282886295595,0.12729549248747912,0.2923293207978209,0.2339645022405764,0.19167911431332924,0.1547315701607943,0.2015127836469338,55177,10.918301478768845,65.88062352123822,4.187844369764321,0.185,230.7370180826104,1
53073,53,0.49587374699204273,0.8128447771036017,0.008902077151335312,0.08156054544291401,0.17574334523324628,0.20886343851578534,0.19114135339546845,0.2125292506249451,0.21172261223055483,0.1641341837224217,51939,10.857825232047185,96.45220344807456,4.569047584586632,0.15,253.99315185233542,1
54027,54,0.5114966731238946,0.964036048176535,0.011833571970016003,0.010991324854712372,0.0816486332574032,0.1791002277904328,0.22052961275626423,0.25939635535307515,0.2593251708428246,0.17988595127008813,27766,10.231567529594747,37.08869517953171,3.6133122110372096,0.204,511.477963410566,1
54017,54,0.5325703153537076,0.9635943017167905,0.009862413247290881,0.00499208571776452,0.10891681627767803,0.1717534410532615,0.20287253141831238,0.2625174546179932,0.25393975663275486,0.15547520661157024,34817,10.457861052229605,25.68810208932816,3.246027930982374,0.155,432.64744433160104,1
54049,54,0.4878057388910458,0.9350227649737056,0.036088659866586666,0.010306003600042354,0.12489261486506502,0.19794413010634831,0.21085996978404478,0.2301744823295909,0.23612880291495097,0.15901825865525274,42152,10.649037411889122,183.54252028438628,5.212446358823159,0.151,406.0319509153568,1
54029,54,0.48471343841137726,0.9486515712553658,0.02510076350886391,0.010682570370613102,0.07589485458612975,0.17695749440715883,0.21728187919463088,0.2611297539149888,0.26873601789709173,0.16913452899876885,38522,10.558984785644167,369.4149547870087,5.91192055093867,0.14400000000000002,521.328392954923,1
54067,54,0.4891088352185876,0.9770712320391317,1.1464383980434117e-4,0.0024457352491592784,0.0985807441503644,0.17644802454929037,0.20994757703618463,0.2566168009205984,0.2584068533435622,0.19173790275790042,40064,10.59823345445977,40.456136445153554,3.700218336452278,0.153,644.7532845947992,1
54093,54,0.4993626965019119,0.9796062880611811,0.003398951989803144,0.005381673983854978,0.08753056234718827,0.16283618581907092,0.2075794621026895,0.2684596577017115,0.27359413202933985,0.17710895673563884,37635,10.535689747468632,16.855166355550676,2.8246572184415704,0.168,408.434512823897,1
54087,54,0.49294252718308906,0.9365165124603229,1.3507125008441954e-4,0.008036739380022962,0.0825063466420494,0.17666743595661205,0.21624740364643433,0.2573274867297484,0.2672513270251558,0.24842032967032968,28513,10.258115402607235,30.620622338764548,3.421673714607077,0.158,586.1474823899172,1
54107,54,0.48238629161433066,0.9574666682031368,0.0104748844766591,0.008953779140114543,0.09178516864496415,0.1965370000391742,0.21424374192031967,0.25849100951933246,0.2389430798762095,0.16159423690632627,42287,10.652234989194055,236.93277999235517,5.467776472180658,0.129,477.1225418281982,1
54053,54,0.4820138608778556,0.9724249202449489,0.007040445894906678,0.004840306552748341,0.08477541075779346,0.19828824889111013,0.21521834197538578,0.25695008433810207,0.24476791403760856,0.18973584905660376,38411,10.556099155887797,63.310798889373835,4.1480559131681565,0.13699999999999998,591.891650469142,1
54073,54,0.5381478558274139,0.9667192843988424,0.009602736122073139,0.0056564062088923965,0.0978026712623869,0.1790176647996553,0.23955191727703576,0.25829383886255924,0.22533390779836276,0.14577424844015882,41859,10.642062106560317,58.43062804085993,4.067840205111351,0.124,427.6118140924408,1
54037,54,0.49232417653470284,0.8460586355323197,0.06377122166595851,0.04928783876152297,0.10721555521798572,0.18107245936503114,0.23803736898070788,0.2578459668843992,0.21582864955187606,0.11171450737005431,65304,11.086808569131192,258.21546974503303,5.553794390425036,0.126,361.4312064875578,1
54071,54,0.5057214257529923,0.9519926344863869,0.02433250032881757,0.012100486650006577,0.0951276102088167,0.162877030162413,0.18445475638051045,0.2675174013921114,0.2900232018561485,0.18844086021505377,34175,10.43924966159215,10.92308156465996,2.390878125073292,0.191,432.6464010830666,1
54069,54,0.4771718452758402,0.9261482018298759,0.038273394329196485,0.008854968747169128,0.1273656101242308,0.18135376756066413,0.1884747861759356,0.24331436975115137,0.2594914663880181,0.15432999306435796,41025,10.621936915958292,417.2746172746173,6.0337445596622565,0.14300000000000002,453.5069502229192,1
54013,54,0.5007233986584243,0.974878337498356,0.002630540576088386,1.3152702880441932e-4,0.08084437457893555,0.17403997305187513,0.19896698854704695,0.2645407590388502,0.2816079047832922,0.22005052519611754,31679,10.36340927977359,27.226597051377084,3.3041943283061292,0.17600000000000002,515.9328532085924,1
54081,54,0.49994303292696823,0.8748370108743813,0.08181737622320966,0.013406251186814022,0.10215671127628036,0.20723636135874898,0.21888636031484227,0.2231663778524751,0.2485541891976533,0.17071615500086348,40758,10.615407418419357,130.49123566327634,4.8713060648390565,0.14400000000000002,653.1297250645604,1
54001,54,0.4889822876013209,0.962833983788652,0.006904833383368358,0.006424497148003603,0.12073436365522248,0.17933824292085884,0.2085883207136189,0.2500777927600871,0.24126127995021263,0.17609596240647993,37327,10.527472204361002,48.83319308389457,3.8884102677827292,0.184,494.9983207741578,1
54099,54,0.48396695788797106,0.9796700549908348,0.0010950555859737662,0.005570500154736115,0.0935071243523316,0.19013115284974094,0.22393134715025906,0.24890705958549222,0.24352331606217617,0.19952476958525345,36964,10.517699745007931,83.02090394698615,4.419092430869472,0.14300000000000002,530.7908901963608,1
72059,72,0.483551701385616,0.0044773305683853334,0,0.9951456310679612,0.12309717765160866,0.2291615239035629,0.21476178721303382,0.21690117666419814,0.21607833456759648,0.5303867403314917,15063,9.619996684702816,501.9635675419919,6.218527542440518,NA,NA,NA
72121,72,0.47637543044766556,0.014895491310963401,0,0.9851045086890367,0.11452074391988555,0.21773962804005723,0.22918454935622318,0.21802575107296138,0.22052932761087268,0.49702476680604696,16458,9.708566960165658,696.9553205146095,6.546721306144331,NA,NA,NA
72055,72,0.48262264051737735,0.010778694989221306,0,0.9892213050107787,0.12138891502775948,0.2287569398701421,0.2132304507386845,0.20156205890655876,0.23506163545685518,0.6319780914261639,13031,9.475086413144906,513.3333333333334,6.240925406739565,NA,NA,NA
72103,72,0.4777236014441508,0.00900733241523058,3.7220381881118104e-5,0.990546023002196,0.13271088216355442,0.2492594977462975,0.23386992916934965,0.1918222794591114,0.19233741146168706,0.5174838251243502,17132,9.748703338735261,520.0634908344786,6.253950901880761,NA,NA,NA
72141,72,0.4893075200196361,0.004479489460927193,0.001104531647899856,0.9928819071579787,0.12708131915350737,0.20657428295198196,0.20447953593296808,0.2322483618004082,0.22961650016113438,0.5575185890739262,14852,9.60588981529697,287.08964229403944,5.659794509478803,NA,NA,NA
72033,72,0.4741768766489573,0.0040478513860276845,3.9755683255629043e-4,0.9937836568000289,0.13557847645085125,0.22760034795575992,0.1947309556356406,0.23151485025475332,0.2105753697029949,0.49047119661519545,18977,9.85098299855398,5710.835913312694,8.650120686561099,NA,NA,NA
72057,72,0.496545556176635,0.0011179429849077697,3.801006148686417e-4,0.9965343767467859,0.12162678694289428,0.2429095634890299,0.2282317865606605,0.21439492393547893,0.1928369390719364,0.49644745731124934,17260,9.756146964637418,688.1616198916789,6.5340237229789455,NA,NA,NA
72063,72,0.47784480513844285,0.004860689176286781,1.7359604201024216e-4,0.9943147296241646,0.10960246868760211,0.22457796333272825,0.25957524051552006,0.22784534398257397,0.1783989834815756,0.3537194045465443,27459,10.220449262052888,1652.5262667192599,7.410060466739763,NA,NA,NA
72017,72,0.4802684455875261,0.005907410384182608,0.0010046616299630284,0.9918421475647002,0.11801285634432644,0.24231414197875908,0.24168529904974848,0.2052124091671325,0.19277529346003353,0.5415493524253882,14848,9.605620455025981,1331.1934948911355,7.193831183404716,NA,NA,NA
72061,72,0.47482155787731456,0.011834074687079756,9.723802627495604e-4,0.9852487845246716,0.10921833258161885,0.2201193491309024,0.22221836727613364,0.23875030357700447,0.20969364743434063,0.2709577412038867,35074,10.465215394229238,3505.2032343449728,8.162003781908924,NA,NA,NA
72053,72,0.4704843870682997,0.0024826216484607746,9.654639744014124e-4,0.9938761999337967,0.1271458688886658,0.2137335608874611,0.24781648428872602,0.21473747615701236,0.19656660977813473,0.4179958872895015,21544,9.977852634491434,1213.9030270559872,7.101596089562389,NA,NA,NA
72117,72,0.4847621571485358,0.045183516629124156,0.004968861799390486,0.9220219954948986,0.09774523477452347,0.20722919572291956,0.23291492329149233,0.2309390980939098,0.23117154811715482,0.5349253731343283,15842,9.670419920024225,1056.410974244121,6.962632568710671,NA,NA,NA
72151,72,0.487193883007165,0.0016843118383060634,0.0021120735750187144,0.9958560581755962,0.11975314244225621,0.21109951445296546,0.21731633162408676,0.23501384035939557,0.216817171121296,0.51477620761915,17264,9.756378687497916,677.4246128769356,6.518298274056243,NA,NA,NA
72029,72,0.48514561072700607,0,0.0011523151058034779,0.9988476848941965,0.12225423118473172,0.2105149441843716,0.24965790421317968,0.22981634857760172,0.18775657184011524,0.42719301925577885,21588,9.979892883738533,1452.3048836147877,7.2809071482844026,NA,NA,NA
72051,72,0.4797013288776336,0.02093830770435736,0.0019580711693601024,0.975119442341331,0.10147642624559526,0.2144609483027789,0.2622775324501539,0.22101788661403274,0.20076720638743922,0.3580036678019387,28306,10.250829075293785,1658.9284940880939,7.413927187446039,NA,NA,NA
72107,72,0.5038371992756747,0.0033198240924376993,0,0.9966801759075623,0.13430504945340968,0.213653603034134,0.21923105525396,0.23841749089016137,0.19439280136833495,0.6036090747408146,14743,9.59852367284982,364.5708896573405,5.89872101719565,NA,NA,NA
72037,72,0.47268797973023324,0.0036515388628064684,9.687756166629406e-4,0.9947089947089947,0.12468396540252828,0.2172987358616101,0.23339986693280107,0.21144377910844978,0.21317365269461078,0.42278310365488314,19520,9.879194859967084,462.16635095574304,6.135924893276944,NA,NA,NA
72045,72,0.4975333720255369,0.0026600889920680984,0,0.997339911007932,0.13407134071340712,0.23296432964329644,0.2029520295202952,0.23886838868388685,0.19114391143911438,0.5929577464788732,12615,9.442641861075158,728.0025351220028,6.590304530501066,NA,NA,NA
72081,72,0.49296196466007786,0.0036937206748527502,0,0.995507637017071,0.12344196683819325,0.22327044025157233,0.21538021726700973,0.2288164665523156,0.20909090909090908,0.6232367100966233,11851,9.380167531188448,489.03173311635476,6.19242738126783,NA,NA,NA
72127,72,0.45930406675341306,0.013259805440237932,0.0028166759609228164,0.9803581386703017,0.12287977880576381,0.22797805781535244,0.2116809344038567,0.22717162049591463,0.21028960847911238,0.4013978703621015,22754,10.032496233099662,8095.303780801304,8.99903939237504,NA,NA,NA
72093,72,0.48473748473748474,0,0.0013736263736263737,0.9986263736263736,0.13155163466528283,0.20083030617540218,0.22496107939802804,0.23404255319148937,0.20861442656979762,0.5641025641025641,15104,9.622714888385282,178.90396745214758,5.186849167195251,NA,NA,NA
30071,30,0.5027348394768133,0.8585017835909632,0,0.005469678953626635,0.04690925032880316,0.17492327926348092,0.156510302498904,0.3305567733450241,0.29110039456378783,0.13996138996138996,42632,10.660360423976618,0.8180878145771381,0,0.255,NA,1
31009,31,0.5238907849829352,0.9761092150170648,0,0,0.09202453987730061,0.22392638036809817,0.13803680981595093,0.26380368098159507,0.2822085889570552,0.17747440273037543,42917,10.667023296818002,0.8243373649901389,0,0.264,NA,0
31049,31,0.5112704918032787,0.9395491803278688,0.0010245901639344263,0.04969262295081967,0.10586011342155009,0.15500945179584122,0.1720226843100189,0.3166351606805293,0.2504725897920605,0.13523316062176166,44922,10.71268293145874,4.437866459323725,1.4901737337746084,0.127,NA,0
31113,31,0.4650571791613723,0.9669631512071156,0.0025412960609911056,0.025412960609911054,0.0821256038647343,0.13043478260869565,0.1642512077294686,0.38405797101449274,0.2391304347826087,0.12105263157894737,44417,10.701377558022253,1.3791048960852348,0.3214346626950542,0.154,NA,0
31169,31,0.48795064584538267,0.9658762290341237,9.63948332369385e-4,0.018122228648544438,0.06561679790026247,0.15335583052118484,0.19460067491563554,0.2857142857142857,0.30071241094863144,0.13383488418135023,44422,10.701490121198454,9.039624821586353,2.201617671505944,0.10400000000000001,NA,0
31001,31,0.4996014920139,0.8827111295310358,0.007587592055344789,0.08158255491440049,0.14266509830280624,0.1977818853974122,0.19800593737747157,0.24623312608525177,0.2153139528370582,0.12784588441331,49440,10.808515092131572,55.68712806601428,4.019749026259485,0.099,294.6544342717216,0
31011,31,0.49990810512773387,0.9838265024811615,9.189487226612755e-4,0.012865282117257857,0.09119170984455958,0.17340241796200345,0.1785837651122625,0.29637305699481864,0.26044905008635577,0.09671361502347418,45246,10.719869547430703,7.925086737532664,2.070033264502525,0.10400000000000001,NA,0
31149,31,0.48259052924791085,0.958217270194986,0.00766016713091922,0,0.05185185185185185,0.18641975308641975,0.14814814814814814,0.3037037037037037,0.30987654320987656,0.10021629416005767,43500,10.680516217076775,1.4241538879599491,0.3535778745385293,0.204,NA,0
31163,31,0.4928092042186002,0.9769894534995206,0.010226909555768616,0.009268136784915308,0.0723114956736712,0.138442521631644,0.22064276885043263,0.27132262051915945,0.2972805933250927,0.13509114583333334,41835,10.641488588729699,5.5299490304474155,1.7101785985744826,0.153,NA,0
31093,31,0.5120481927710844,0.9632213062777425,0,0.020291693088142042,0.07043073341094296,0.18422584400465658,0.21769499417927823,0.27386495925494764,0.25378346915017463,0.10307962342428595,49088,10.801369884726927,11.079553937298998,2.4051014221422315,0.11699999999999999,NA,0
31073,31,0.47780548628428926,0.9596009975062344,0,0.027930174563591023,0.08143939393939394,0.16856060606060605,0.16950757575757575,0.3446969696969697,0.23579545454545456,0.0800203873598369,45893,10.734067878971876,4.376248212941036,1.476191784932707,0.11800000000000001,NA,0
31153,31,0.49912737820166164,0.8337040951772282,0.03871491077134851,0.07577675630499975,0.10685984805881331,0.25435322747211175,0.23780942935143812,0.23352521957853192,0.1674522755391049,0.06635719035279057,69965,11.155750395989815,680.8987823758316,6.523413664230356,0.077,202.6185367099818,0
31015,31,0.5083612040133779,0.9751552795031055,0.010033444816053512,0.006688963210702341,0.06075216972034716,0.1485053037608486,0.17839922854387658,0.2806171648987464,0.3317261330761813,0.10484668644906034,41279,10.628109175055817,3.8763566322183944,1.3548957001720876,0.175,NA,0
31059,31,0.4824682021313166,0.9529047782743211,0.007218975592987281,0.03248539016844276,0.07117087569694983,0.1751393899639226,0.18924237454903248,0.28730731387340114,0.277140045916694,0.08815526936332306,48464,10.788576533267019,10.1117366012538,2.3136967889297404,0.09300000000000001,NA,0
31091,31,0.519203413940256,0.9786628733997155,0,0.008534850640113799,0.038922155688622756,0.18263473053892215,0.26646706586826346,0.18862275449101795,0.32335329341317365,0.1277860326894502,39327,10.579666584865919,0.9748710687942801,0,0.163,NA,0
31159,31,0.5118283404660009,0.959640989063243,0.004873989538754161,0.01842605801236329,0.14870482890949793,0.18185694488860463,0.1950751519027822,0.25242511459332695,0.2219379597057883,0.0880637636080871,59435,10.992638557414725,29.442029442029444,3.3824232263363214,0.07200000000000001,311.3737006027642,0
31181,31,0.4723551302498671,0.9343434343434344,0.001063264221158958,0.03880914407230197,0.06711758584807492,0.15660770031217483,0.19302809573361082,0.31217481789802287,0.27107180020811655,0.15482444014376556,41045,10.622424304782367,6.543598770596595,1.878487284859109,0.121,NA,0
31023,31,0.5003599712023038,0.9595632349412047,0.007079433645308376,0.026277897768178547,0.08390373150805917,0.17818502980790463,0.19540737469640096,0.2907926694634577,0.2517111945241775,0.09420378279438682,50247,10.82470612264658,14.248418979427498,2.6566459517472794,0.096,382.47727849505003,0
31005,31,0.4891518737672584,0.9960552268244576,0,0,0.03529411764705882,0.20392156862745098,0.29411764705882354,0.19607843137254902,0.27058823529411763,0.06903353057199212,40568,10.610734857474855,0.7087390176905173,0,0.23199999999999998,NA,0
31067,31,0.48877805486284287,0.9571525731126729,0.0011788710043074133,0.0186352301065518,0.09239441222122376,0.1809492688505841,0.20039212482640306,0.2772649293358386,0.2489992647659505,0.11698148062624117,47654,10.771721850994593,25.901624327209564,3.2543056820752443,0.1,396.7915044606208,0
31099,31,0.4904878797177048,0.9447683338447377,6.13685179502915e-4,0.04219085609082541,0.06368715083798883,0.19888268156424582,0.2206703910614525,0.2687150837988827,0.24804469273743016,0.048569632191134866,56466,10.941393966086842,12.625812600243295,2.5357433374658327,0.095,NA,0
31119,31,0.4932704672096014,0.8276039434204886,0.012201743106158023,0.1336762394627804,0.12969094922737306,0.22120208709612682,0.188541039534417,0.25045153521974717,0.21011438892233594,0.1420427693761815,46566,10.748625940082194,61.10070310767656,4.112523373601953,0.11199999999999999,294.5473660725264,0
31137,31,0.4931417374265186,0.9408883082952318,0.0013063357282821686,0.04474199869366427,0.09109069117059529,0.19256891729924092,0.20535357570914903,0.2696763883339992,0.2413104274870156,0.09061343501177527,50000,10.819778284410283,17.017729116878787,2.834255689853202,0.094,281.3939383149974,0
31179,31,0.5062638172439204,0.9170438993578272,0.023370881145383725,0.04705758500894831,0.287117903930131,0.17048762736535664,0.16302765647743814,0.19614264919941776,0.18322416302765648,0.15022503345091837,52147,10.861821932407963,21.446552950340358,3.0655639308443035,0.09699999999999999,NA,0
31107,31,0.48845305790878496,0.8771034002553093,0.0029012417314610655,0.020656841128002784,0.07081056466302368,0.1627959927140255,0.18510928961748635,0.2941712204007286,0.28711293260473586,0.14042451133229403,42230,10.65088614792799,7.774619930527361,2.050864573337001,0.165,391.808086105194,0
31121,31,0.49205331966162524,0.9374519354011792,0.004614201486798257,0.037554473211996925,0.08614668218859138,0.17555296856810246,0.20442374854481957,0.2752037252619325,0.25867287543655415,0.1259425849980156,50859,10.836812376966062,16.09054592776372,2.778231890059753,0.127,425.9450032753786,0
31133,31,0.5081551286698079,0.9633925335266401,0,0.016310257339615802,0.09392265193370165,0.14986187845303867,0.1968232044198895,0.27071823204419887,0.2886740331491713,0.21481208548268238,37321,10.527311449886323,6.40027837383286,1.856341485331091,0.142,NA,0
31183,31,0.5028768699654775,0.9758342922899885,0,0.018411967779056387,0.11293634496919917,0.17864476386036962,0.19096509240246407,0.18275154004106775,0.3347022587268994,0.15995397008055237,38807,10.566355921710144,1.5108261385092023,0.412656612811349,0.185,NA,0
32015,32,0.5167693360711841,0.6892539356605065,0.0011978097193702942,0.25804243668720056,0.12473700030057108,0.18545235948301772,0.16170724376315,0.29516080553050794,0.23294259092275324,0.09330770574873318,72742,11.194674213351336,1.0644605157824851,0.06246811286684731,0.14400000000000002,402.4296223670872,0
32009,32,0.5250255362614913,0.7906026557711952,0.007150153217568948,0.15832482124616956,0.11586452762923351,0.1836007130124777,0.2014260249554367,0.2192513368983957,0.2798573975044563,0.2225705329153605,30284,10.318374799223196,0.2733204611214905,0,0.247,NA,0
32021,32,0.4948936170212766,0.6576595744680851,0.017659574468085106,0.1148936170212766,0.09421364985163205,0.18508902077151335,0.14540059347181009,0.2692878338278932,0.3060089020771513,0.20534735919351305,35017,10.463588936836263,1.2523835256674671,0.225048556173653,0.16899999999999998,800.7314045153228,0
32017,32,0.5390861027190332,0.8364803625377644,0.02209214501510574,0.07099697885196375,0.12420382165605096,0.20523708421797593,0.2438075017692852,0.2448690728945506,0.1818825194621373,0.17325534489713595,40143,10.600203357973099,0.49806257795158976,0,0.19699999999999998,NA,0
32031,32,0.5041375339310685,0.6557350850186253,0.02245854827906321,0.22641864181717763,0.12429556257169054,0.22334838434950072,0.21041243876333587,0.23150815785536447,0.21043545646010842,0.15091325670607703,53040,10.878801624859744,67.51353380619278,4.212328078613364,0.17600000000000002,373.1016233613006,0
32510,32,0.5142372448514255,0.6978347713467467,0.01680013133653162,0.21874828988891118,0.10763161139193687,0.20170139316976946,0.21295154728146962,0.24577733941560842,0.23193810874121562,0.16202450154318065,51957,10.858171732397153,378.9592290995562,5.93742862436062,0.182,484.44414669689303,0
33013,33,0.4933746847522323,0.9403517142662395,0.01089223638470452,0.017163110899052553,0.10073750885896528,0.18015813253012047,0.21227188164422395,0.2729447200566974,0.23388775690999292,0.0868684129781723,65353,11.087558624655156,157.05758171362015,5.056612500614515,0.11599999999999999,NA,1
33001,33,0.4890726717151588,0.9529693104822639,0.00657632522917497,0.013518001859970772,0.0799243582969493,0.17303039572846854,0.19922689729970244,0.2770377374231764,0.27078061125170333,0.09867233496971844,58654,10.979411052949546,150.45273741230085,5.0136489977413765,0.129,NA,1
33017,33,0.48746729545527956,0.9243273361542685,0.008107497012177396,0.019146290254853194,0.16872572326798915,0.19183652259765904,0.20264494589292906,0.24465749509593776,0.19213531314548501,0.1053750615811445,58825,10.982322213595562,335.6216545836439,5.815984497492464,0.122,NA,1
34025,34,0.4863982468816248,0.7655188293488531,0.06820487983040485,0.09873041835057604,0.0916239815281722,0.17381299928342048,0.22058441041428914,0.2898511106982669,0.22412749807585128,0.06953800728533145,84526,11.344814458325388,1343.3114402305496,7.202893068544688,0.105,285.7264594040652,0
34037,34,0.496586084746221,0.8839336415997404,0.01874611286877045,0.06677077418133637,0.0864308498394151,0.1554111083098576,0.22172774008264914,0.299937519867586,0.23649278190049217,0.05654717161639492,87335,11.377506577862492,285.00965291880374,5.652523049585618,0.095,313.2162533057998,0
34013,34,0.480255213125101,0.329128984682886,0.39184682122483466,0.20832522112914248,0.11133175445600847,0.22457404802267564,0.23982073541123622,0.2408847008459466,0.1833887612641331,0.1661080132823758,55095,10.916814246921877,6226.452318321554,8.736561998269769,0.165,357.4586826721656,0
34015,34,0.4856104158451459,0.8049139046274966,0.09714698821852798,0.05014908439352746,0.11057577037688242,0.19202050532613288,0.22714558096521173,0.26495370317512873,0.20530444015664426,0.08121761339051084,74524,11.218876500140244,897.8059346904552,6.799953936584901,0.099,346.72969457960363,0
34031,34,0.48624451630095417,0.44598233284412575,0.1117998464763132,0.3775290641021052,0.12142134001626476,0.22187774882578462,0.22587423032878032,0.24141536521003104,0.1894113156191393,0.16321095797340582,57654,10.962214907505324,2724.122799889487,7.909901746976311,0.179,289.1259985721666,0
34003,34,0.482856501185918,0.6136525725929699,0.05243784201271918,0.16774522209258377,0.0883945424739957,0.19428471286651552,0.23400949992150333,0.2681500710120958,0.21516117372588967,0.07225686503926679,83794,11.336116684861494,3917.423790497363,8.273189520434663,0.142,216.5586783049404,0
34041,34,0.4869533055940823,0.8481460933888119,0.03722607489597781,0.07411003236245954,0.09471997040964153,0.16672317603180964,0.22704435471442222,0.2904632740498721,0.22104922479425454,0.07772682853491694,70912,11.1691949506669,303.01077558430785,5.713768367861536,0.115,302.7120229008618,0
34005,34,0.4916104399463068,0.7001426780809131,0.15793485701078308,0.06795432523490769,0.10082224393971681,0.19339265638433106,0.22222630445804645,0.27350449331697174,0.21005430190093394,0.055064030334127954,78446,11.270165768970877,563.4579551601851,6.334092716960835,0.087,311.9674413051482,0
35029,35,0.4958201671933123,0.3485460581576737,0.009759609615615375,0.624735010599576,0.1153150318571541,0.20836938566821364,0.20530165971839848,0.224966569653111,0.24604735310312278,0.29688640233519825,29282,10.284728271753428,8.431505860673926,2.1319753872205403,0.251,523.768343380408,0
35055,35,0.48737043679139186,0.3612571810693334,0.005015350010638621,0.5607769233107389,0.08089289371288143,0.15344050788449723,0.21738685234486996,0.24851525701413066,0.29976448904362074,0.25278126819700264,32637,10.393201893089193,14.93298110398482,2.7035722636879265,0.214,441.2240183816524,0
35007,35,0.5084909158324064,0.4909899888765295,0.0029662588060808304,0.47764182424916574,0.086696172871648,0.1821140328039573,0.18003124186409789,0.263733402759698,0.2874251497005988,0.17708573625528642,37734,10.538316823771558,3.5882875739078144,1.2776750897885447,0.19,492.262580461471,0
35021,35,0.487627365356623,0.5967976710334789,0,0.38427947598253276,0.06733167082294264,0.11970074812967581,0.09476309226932668,0.2119700748129676,0.5062344139650873,0.16739446870451238,34063,10.435967030196949,0.32322688645467623,0,0.218,NA,0
35037,35,0.4916760404949381,0.5241844769403825,0.014398200224971878,0.42913385826771655,0.10027736291871132,0.14508214209515682,0.2078088329421805,0.25325368039257523,0.29357798165137616,0.2144487559917827,30802,10.335334901918412,3.0928742473513133,1.1291008356993342,0.187,621.584931828116,0
28103,28,0.4793097376298644,0.26809297411516114,0.7194048247930974,0.00854023595703469,0.11236825790452573,0.2152820830750155,0.22473651580905146,0.22907625542467452,0.2185368877867328,0.3456093189964158,24338,10.099794193896745,16.339201712465727,2.793567233432163,0.221,514.6816151333604,0
28137,28,0.49243668122270745,0.6581310043668123,0.30889082969432313,0.02326637554585153,0.13539535443495004,0.20989288723071367,0.2021903959561921,0.2364905524130461,0.21603080996509808,0.1852415225940491,41494,10.633304117453084,70.72109576315783,4.258743912597895,0.18,555.908772138642,0
28107,28,0.48116210428844264,0.4850685803576596,0.5066844146073268,0.0049482030210081605,0.11982931726907631,0.2085843373493976,0.21184738955823293,0.24723895582329317,0.2125,0.2529857267695893,35715,10.483326047589072,50.439031794775985,3.9207653157256526,0.21100000000000002,667.5844007778663,0
28161,28,0.4831926079337263,0.5977377728214115,0.3829855026286443,0.008921459295841963,0.11259786476868328,0.1713879003558719,0.2197864768683274,0.24185053380782917,0.25437722419928827,0.22182700080840745,32930,10.40213937537041,26.87480331985383,3.2911891680900274,0.17,696.2686707619466,0
28029,28,0.4809615121216272,0.4540131488837146,0.5049993151623066,0.027119572661279276,0.11709714148738538,0.20656798705579194,0.19997602924432192,0.25019476238988436,0.2261640798226164,0.2627847922691684,35421,10.47506014357522,37.573786352805556,3.6263066357908715,0.19699999999999998,615.3334043443339,0
28049,28,0.46907023954527,0.2751278928136419,0.694547300040601,0.014985789687373123,0.140440164119706,0.2408504633847292,0.20266317786712879,0.2257947407716914,0.1902514538567446,0.252936652363401,37626,10.535450579771076,283.1877535956107,5.646110117931209,0.185,478.0488495407888,0
28145,28,0.4846001902114273,0.7949740288243471,0.141122247421172,0.04495573926402809,0.11047655308077924,0.21663811155530174,0.23688051272288851,0.23047147661653658,0.20553334602449394,0.2349884955095376,38373,10.555109366267503,65.77991231911606,4.1863145078186434,0.193,433.3430294544818,0
28139,28,0.48745471014492753,0.780661231884058,0.14533514492753624,0.04669384057971015,0.1201645439443082,0.20204097777074598,0.21999841784668933,0.24713234712443635,0.2106637133138201,0.25466955679564635,34636,10.452648882567692,48.22908816880181,3.8759623280096016,0.191,556.3314391183948,0
28035,28,0.47725388532852575,0.5812004053111552,0.3645694884920583,0.03410930241739153,0.20067240099550276,0.2488320307383312,0.18735536829236343,0.1988822425009824,0.16425795747282015,0.2764660021161664,36726,10.511240230079125,162.96100910545255,5.093510964249971,0.191,469.171827811255,0
28071,28,0.4928125958490952,0.7045905326653716,0.2414477047336673,0.02263572231878131,0.27140576707536596,0.23003769996263967,0.1726046938151683,0.17005739904221717,0.1558944401046089,0.25566854472997114,43328,10.676554356271946,77.41709777302172,4.349207657660775,0.16699999999999998,299.5760036328266,0
28087,28,0.47646704381883304,0.5317008670036488,0.43818833059953805,0.016469721822381416,0.13457451330442916,0.21998356428348778,0.2052197568647454,0.23545580775879169,0.20476635778854602,0.25403399034248103,37868,10.541861707248781,118.1897849494272,4.7722916794897685,0.163,444.0932856909174,0
28157,28,0.5351704133430022,0.2890293173106806,0.7101419247902206,8.287578990987258e-4,0.13212911858170262,0.23799966549590232,0.1921726041144004,0.2303060712493728,0.20739254055862183,0.27790617055696787,33618,10.422816916793339,14.235237558729755,2.655720408945494,0.20199999999999999,627.078635485487,0
28065,28,0.4967341606792946,0.3857772697583279,0.5969137818419333,0.003919007184846506,0.11381074168797954,0.18115942028985507,0.21170787155441886,0.24879227053140096,0.24452969593634555,0.2697647352232106,27186,10.210457413895194,29.98704837639524,3.4007655676570807,0.218,698.9373520909664,0
28123,28,0.494708901079455,0.508016280304371,0.3764997345602548,0.106034330207043,0.11313913470993117,0.2358652900688299,0.21626106194690264,0.23248525073746312,0.20224926253687317,0.24720309810671257,34534,10.449699624972375,46.38164104500275,3.836903713801754,0.231,573.4475806042848,0
28163,28,0.5499253253680393,0.3704572932223882,0.5628333688926819,0.05045871559633028,0.09636075019107532,0.2560409195131989,0.2455170791933682,0.22417543653359986,0.1779058145687577,0.3548897819997564,26336,10.178692103476797,30.469788622748652,3.4167356557483712,0.191,518.3140440233482,0
28011,28,0.4678804937402879,0.32679508605271645,0.6415984988418799,0.019819978303574046,0.14281390304192101,0.22902688795843212,0.1955304444332341,0.21929072289764415,0.2133380416687686,0.3434249628528975,28599,10.261127031161688,38.90948044258721,3.6612379341082177,0.192,734.5604600066396,0
28113,28,0.47639623531748987,0.4554123519332489,0.5180908391070054,0.012788994015247461,0.10799696035045371,0.2167985338161012,0.20790308882034778,0.24031111707120825,0.22699029994188905,0.2754140127388535,34841,10.45855013319517,98.4536019461389,4.589585390968823,0.191,667.7920039527614,0
28131,28,0.4986557634143609,0.7736081550352862,0.19093760501848325,0.014618572868824913,0.13764434180138568,0.22401847575057737,0.18466512702078522,0.24295612009237874,0.21071593533487298,0.1803743283934581,42963,10.668094559146812,40.077668159421755,3.6908192754289617,0.18600000000000003,534.6575061859512,0
28069,28,0.48877973610709813,0.34999518443609745,0.583357411152846,0.020706924780891842,0.09723869219041166,0.24004743350838556,0.22869727257326783,0.2088768422835846,0.22513975944435033,0.3330189667819344,29003,10.275154551894069,13.5516104528689,2.606505392873549,0.228,478.7792906111758,0
28133,28,0.5278183970475594,0.2516189680384374,0.72585474549126106,0.014483671053547803,0.13756762849413887,0.2546776375112714,0.20767583408476104,0.2199053201082056,0.18017357980162307,0.3606483565961279,26619,10.189380525503447,41.163504616240104,3.7175520535082747,0.207,644.2858786539972,0
28001,28,0.5019499814287482,0.38414634146341464,0.567413643679584,0.03831868267921258,0.10103935053518796,0.21024872020269922,0.20011375976007031,0.25151248771911683,0.2370856817829257,0.2840979289267484,27381,10.217604621184988,69.86918450628991,4.246624700910299,0.20199999999999999,613.1240492053978,0
28033,28,0.48617167251105353,0.695752401280683,0.2088184174416832,0.04938557706967526,0.09554777905092234,0.22712210832739774,0.25945309838654734,0.23798168736386816,0.17989532687126444,0.09769185849955435,58505,10.976867499653059,344.38038832708526,5.841746826469592,0.16699999999999998,378.16138136528497,0
42045,42,0.4795014389812977,0.704316586604165,0.19820426567292695,0.031105577102064953,0.11920233298241793,0.20655909294418026,0.20724277295773286,0.2546829055795549,0.21231289553611404,0.10309056185953883,64041,11.06727878222921,3044.831731423008,8.021200918000655,0.087,NA,1
42111,42,0.5149144696861949,0.9534916797041673,0.022717575412782354,0.011455760851294915,0.09138460208360351,0.18490900445251374,0.2146284528595513,0.25824579604893444,0.25083214455539704,0.12430198182415417,43597,10.682743619630342,71.98703617176142,4.276486049634557,0.126,NA,1
29123,29,0.49206477732793524,0.9605668016194332,0.0013765182186234817,0.019433198380566803,0.10583090379008746,0.19810495626822158,0.21137026239067055,0.2584548104956268,0.2262390670553936,0.2143802746979977,35870,10.487656570526328,24.980278727320538,3.2180866626544185,0.172,605.079310419829,1
29217,29,0.48237255836112436,0.9493568365888518,0.007241543592186756,0.01743687470223916,0.09645635263612792,0.20008643042350907,0.20328435609334486,0.2592048401037165,0.24096802074330165,0.21023775108408513,38679,10.563052096078946,25.399383832003465,3.234724915147706,0.163,521.5379942466832,1
29147,29,0.5040047971902172,0.9334389857369255,0.02574206536171671,0.02021673020088234,0.3163536945103964,0.18533707460968415,0.14957910641053312,0.18440175552198,0.1643283689474063,0.2838970515728232,36641,10.50892311099205,26.622529545112453,3.281757832686576,0.124,222.041338306862,1
29041,29,0.4939197930142303,0.9605433376455369,0.022509702457956016,0.00646830530401035,0.08156881616939365,0.1881616939364774,0.1893647738209817,0.2764677574590953,0.264436958614052,0.1649746192893401,39385,10.581140312137425,10.290462618197212,2.331217506872034,0.147,456.8245427987192,1
29223,29,0.5003348961821835,0.9630869985859939,0.00640023814839622,0.011535312941876907,0.09478168264110756,0.16107561235356763,0.20207667731629392,0.2746272630457934,0.2674387646432375,0.21859201690183355,33159,10.409069451979065,17.699453091246298,2.8735337403027614,0.16399999999999998,571.1814750365738,1
29201,29,0.4833486332109343,0.8462362301101591,0.11209710322317422,0.01925234598123215,0.1039226127085552,0.21019701810436633,0.21667554135605255,0.24591764288249912,0.2232871849485268,0.19058348224691166,40651,10.612778714919378,93.37365175361317,4.536609204297741,0.11900000000000001,532.6829966398182,1
29011,29,0.49394086282113425,0.9396509936984974,0.001454192922927775,0.02092422039101632,0.08963876913928943,0.20841385461572767,0.19964322877954513,0.2659432139140776,0.2363609335513602,0.18715835848902668,40580,10.611030613379805,20.91157434860395,3.0403028022659493,0.171,430.160945597132,1
29039,29,0.4996044019276415,0.9577788966410127,0.001510465367186938,0.01071711141480256,0.08771688240154228,0.18383365464059487,0.21027265216193886,0.2477278986505095,0.2704489121454145,0.2325512545333432,30302,10.31896899591978,29.301365907735367,3.377634132947882,0.185,507.5045133512766,1
29073,29,0.49181197374527613,0.9692368892130213,0.004707286348869588,0.011204667506464231,0.08639180171591992,0.1717111534795043,0.19816491897044805,0.28217349857006674,0.261558627264061,0.1483325376798745,41392,10.63084290442581,29.128838573743295,3.371728699724841,0.14800000000000002,521.1493753855378,1
29121,29,0.48452878739144417,0.9441621100032165,0.03004181408813123,0.010678674815053071,0.08932201363147196,0.1959823030013153,0.20793973454501974,0.25433456893459283,0.25242137988760016,0.1615988391267067,38443,10.556931903743452,19.401492960172337,2.9653500198181812,0.14,430.068175080725,1
29149,29,0.4919981710105167,0.9511659807956104,0.0017375400091449475,0.013443072702331962,0.09414295168762409,0.15387160820648577,0.20499669093315684,0.2695234943745864,0.27746525479814693,0.27663915422424185,27743,10.230738835101377,13.845347406165642,2.6279492488444536,0.207,564.1391159883835,1
29186,29,0.5053345187819516,0.9688264058679706,0.008724160924649923,0.008779728828628585,0.09549223291718288,0.17592680834842275,0.20375488420851998,0.27961498141618224,0.24521109310969216,0.11863160870794459,48433,10.787936678554125,36.053073907198794,3.58499212797932,0.124,424.7447779225448,1
29067,29,0.4966659339048875,0.9797024987176669,8.060379570601598e-4,0.009012969883490877,0.06848751029371397,0.171836398572605,0.19571781498764754,0.27408729069448257,0.28987098545155093,0.22613890963405525,32130,10.377545452109905,16.772939117438842,2.8197668209104565,0.215,441.1185969087848,1
29083,29,0.4883018527701393,0.9491502501915882,0.013073073975566875,0.017986746607762703,0.09076972728739713,0.19509440051637889,0.2045344521542682,0.2644828142649669,0.24511860577698888,0.1812479672908052,39839,10.592601610981907,31.82881912110964,3.460372141049077,0.142,549.6090464047026,1
29109,29,0.4949075036374974,0.906438370401164,0.004313032633548119,0.06524111411348991,0.09240003781075716,0.20072785707533794,0.22790433878438415,0.25252859438510256,0.22643917194441818,0.18641369245057715,39334,10.5798445637886,62.91592628858481,4.141799331793133,0.174,448.3505397566424,1
29169,29,0.5604318590775642,0.7165261861918742,0.10938535846197557,0.09527417369069041,0.2373077043092957,0.28845133709863635,0.18866040503011203,0.16616219926982245,0.11941835429213343,0.12755255777298752,49820,10.816171788816172,96.49990221148273,4.5695419949919165,0.139,307.500582653824,1
29215,29,0.5109949670925281,0.9194734804490902,0.02586140147115757,0.01788617886178862,0.11373737373737373,0.19447811447811447,0.19515151515151516,0.2558922558922559,0.24074074074074073,0.21395387423261988,36082,10.493549405012748,21.940665915774343,3.0883418060626138,0.188,475.8818797957936,1
29027,29,0.5122188092871984,0.9089574487306893,0.0381019062245912,0.016984370765200107,0.12271801518237363,0.2076652471764488,0.20951675615626736,0.25210146269209405,0.20799851879281614,0.13020474456147257,47964,10.778206008499323,53.0521522930833,3.971275435265913,0.11800000000000001,410.6779903232714,1
29053,29,0.5291908501194947,0.8914874246045295,0.05337430294753613,0.01399795151928986,0.1278468899521531,0.22937799043062201,0.18784688995215312,0.2415311004784689,0.21339712918660286,0.17782242873288961,45992,10.736222747303128,31.11736740060025,3.437766100635431,0.136,400.42231458597763,1
29075,29,0.48612341304989665,0.9774136403897254,0.00590493061706525,0.006790670209625037,0.10205784204671857,0.20856507230255839,0.19938820912124583,0.267797552836485,0.22219132369299222,0.17177726926010678,39192,10.576227923318411,13.784486653019197,2.623543804248017,0.16399999999999998,404.8023310026848,1
29133,29,0.5329689580267676,0.7297316235722795,0.23999719711302642,0.017728260107911148,0.09705433634549936,0.23471423541837813,0.2212181668818214,0.24105151977467434,0.2059617415796268,0.26893010423053343,29787,10.301827335701704,34.67344375253594,3.545974084228637,0.158,630.6551091365978,1
29153,29,0.5105148658448151,0.961980731378846,0.0014503263234227702,0.014296073759453019,0.07645492582731077,0.15462152909851654,0.17725370863446177,0.27500950931913276,0.3166603271205782,0.2002713420997704,32078,10.375925715897324,12.957533974431254,2.5616773930679653,0.21899999999999997,623.4100611403892,1
29017,29,0.4984687298517086,0.9713088330109607,0.0026595744680851063,0.008623468729851709,0.09840688002255744,0.18144649654589032,0.21034823064993655,0.26603693782602567,0.24376145495559,0.19902399349328995,37716,10.537839686585567,20.080724252556216,2.999760362527474,0.168,471.7554017554196,1
29103,29,0.4918272749451086,0.9695047572578678,0.009514515735545254,0.0034154671871188093,0.07968313140726933,0.17474370922646784,0.2054986020503262,0.2954333643988816,0.244641192917055,0.26271396675762837,34481,10.448163726677256,8.13275900724389,2.095900227274314,0.21100000000000002,NA,1
29139,29,0.495877308707124,0.950197889182058,0.00766820580474934,0.015006596306068602,0.08433200177541056,0.19011688119544312,0.20284065690190856,0.27311732504808406,0.24959313507915373,0.1745582432664265,40236,10.602517396254228,22.616443541875295,3.1186772320611693,0.16699999999999998,434.4399319443436,1
29207,29,0.4816811788345613,0.9619557937039518,0.014768921634293369,0.013161419959812458,0.10273932253313697,0.2020618556701031,0.2157879234167894,0.2523122238586156,0.22709867452135493,0.14959065529407733,37965,10.544419961647334,36.2721112895428,3.591049161954743,0.147,538.2488468850925,1
29007,29,0.4613430268918074,0.8837945590994372,0.0599202626641651,0.026618198874296436,0.1011396983552856,0.22998703337200574,0.21176550876953526,0.2416569985668464,0.21545076093632703,0.16996180162028293,43013,10.669257674565925,36.95854731413465,3.6097969417298015,0.139,405.1118687507332,1
29077,29,0.4867645948869824,0.8923664149573556,0.02772516362303266,0.03118272227034371,0.17272460018814675,0.23186147695202258,0.19257996237064912,0.2122354186265287,0.19059854186265288,0.1866553704226678,40337,10.605024440869697,412.0085176453864,6.021044023032394,0.135,386.8014621793452,1
29185,29,0.5031609493211732,0.9518084775624417,0.006943724738314851,0.018654782879054824,0.08736379277384822,0.1603899827948767,0.19460906136493977,0.27126744408334924,0.286369718982986,0.21823204419889503,31539,10.358980154243941,14.40185795758997,2.667357223091604,0.207,670.3968729498656,1
29197,29,0.48555833522856495,0.9799863543324995,0.008414828292017285,0.0018194223334091425,0.10572302315421582,0.17693315858453473,0.2145041502839668,0.26605504587155965,0.23678462210572301,0.2403512826438641,34688,10.454149084799319,14.308353644448639,2.6608435376449036,0.20800000000000002,NA,1
29029,29,0.4950253297430514,0.9505727716671991,0.004335721783579024,0.023960567751357766,0.08461817157119278,0.16255384243790508,0.17825369349060022,0.26041624733303814,0.3141580451672638,0.16075171000207272,43458,10.679550233423381,66.80967125714452,4.201847849361659,0.165,437.96668487184917,1
29099,29,0.4969358392977472,0.9524804676828935,0.007225591433098399,0.016267824946730045,0.0966667660030993,0.21060317081892954,0.22224788413398497,0.264319346763619,0.20616283228036714,0.1127314857384556,54845,10.912266303845435,334.4902524865639,5.8126077385953,0.126,410.6023814299842,1
29143,29,0.4767584915752875,0.8089328697512704,0.1571008290986895,0.013051618079700456,0.09327974577063276,0.19310215908028788,0.21721656229554165,0.25591176745490235,0.2404897653986354,0.2174697806705683,35793,10.48550762254391,27.702862900835754,3.3215357616734402,0.136,697.6516979872558,1
29173,29,0.5001959631589261,0.9633548892808153,0.003723300019596316,0.010875955320399765,0.07585506264815442,0.1747375550287843,0.20707754825601082,0.2775143921435828,0.2648154419234677,0.09868026394721056,47969,10.778310247916512,21.72501655026491,3.0784644329585262,0.121,362.5140989382496,1
30017,30,0.4938481120067883,0.9370386084005091,0.002206194314806958,0.024183283835383963,0.10638610947616245,0.20364920541494996,0.1876103590347263,0.2548557975279576,0.24749852854620366,0.13273094131064128,43524,10.681067789070903,3.114954371270843,1.1362145040649874,0.16399999999999998,NA,1
30075,30,0.49550629119233075,0.9442780107849011,0,0.023367285799880167,0.04777070063694268,0.1751592356687898,0.15498938428874734,0.3174097664543524,0.3046709129511677,0.09157509157509157,46250,10.741816742940571,0.5061720232748147,0,0.22399999999999998,NA,1
30085,30,0.48982653539615567,0.36071261134552274,4.6882325363338024e-4,0.01725269573370839,0.1186202041534671,0.2324885603660683,0.20116156282998943,0.2328405491024287,0.21488912354804646,0.266189111747851,36920,10.516508688616788,4.529060516147279,1.5105145264073683,0.24,NA,1
30051,30,0.4722104369961816,0.9499363597793806,0.008061094611794654,0.005939753924480272,0.10015649452269171,0.1752738654147105,0.1564945226917058,0.3082942097026604,0.2597809076682316,0.2103225806451613,44493,10.703087152410072,1.6481998818219006,0.4996837116458334,0.166,NA,1
30083,30,0.5198681915099825,0.9237255282031401,0.0031013762357045937,0.036538088776894746,0.09349131634474923,0.20727154682681384,0.19607206622301573,0.26326894984580423,0.23989612075961694,0.14206426484907497,58112,10.970127461960965,4.950715953751734,1.5995322032432213,0.12,NA,1
30101,30,0.5654670750382849,0.8918453292496171,0.0032542113323124045,0.022396630934150077,0.09252561784207354,0.19831223628691982,0.19077757685352623,0.2760699216395419,0.2423146473779385,0.16268156424581007,46972,10.757306958484971,2.72701598989793,1.0032079673951901,0.16399999999999998,NA,1
30019,30,0.5286839145106862,0.9398200224971879,0,0.01799775028121485,0.11132623426911907,0.17424975798644723,0.1335914811229429,0.26621490803484993,0.31461761858664083,0.1008595988538682,46100,10.73856822898474,1.2467525182227115,0.22054218527178152,0.142,NA,1
30045,30,0.48164464023494863,0.9725893294175233,0,0.01811062163485071,0.0412725709372313,0.16595012897678418,0.17282889079965605,0.30438521066208085,0.31556319862424764,0.12432697014194811,41932,10.643804537572464,1.092617956478187,0.08857661147575938,0.24600000000000002,NA,1
30023,30,0.5304254173397954,0.9139472267097469,0.014862681744749596,0.029509962304792678,0.08185185185185186,0.17185185185185184,0.2037037037037037,0.2577777777777778,0.2848148148148148,0.20459899046550759,38958,10.570239421736542,12.606411144148915,2.534205505516139,0.161,NA,1
30055,30,0.5351170568561873,0.9587513935340022,0,0.011148272017837236,0.03842264914054601,0.19413549039433772,0.14964610717896865,0.3154701718907988,0.3023255813953488,0.07413695529145445,46667,10.750792555754964,0.6787299502264703,0,0.27,NA,1
30087,30,0.497422126745435,0.5950590762620838,0.00322234156820623,0.03748657357679914,0.09029649595687332,0.19426261070465922,0.20619946091644206,0.25413939160569887,0.25510204081632654,0.17266187050359713,48789,10.795260156596557,1.8581343373246297,0.6195729398902623,0.193,NA,1
30021,30,0.5209154621112572,0.939772229522558,0.0024091108190976785,0.022558037669732807,0.11276400367309458,0.2101010101010101,0.18677685950413223,0.2411386593204775,0.2492194674012856,0.16030622897575686,50405,10.827845655488042,3.850134809527524,1.3481081631483605,0.14300000000000002,NA,1
30007,30,0.5097070243558066,0.9429932933286269,0.004765266501941405,0.008118602188492764,0.06525182134938233,0.13113715552739943,0.21761165663604687,0.2987012987012987,0.2872980677858727,0.10537557849768601,45932,10.73491732089608,4.751199329834362,1.558397076667635,0.196,NA,1
36095,36,0.4983643994568572,0.9383718059498827,0.013609430934452537,0.028731020861622023,0.12148224928738015,0.16890386110391292,0.19865250064783624,0.25799429904120236,0.2529670899196683,0.11527741768213638,53245,10.882659182449483,52.111627338502046,3.9533880973435482,0.09699999999999999,329.2664508434956,1
36035,36,0.4974349678238013,0.9371521798241639,0.014937007160337171,0.024508293301912443,0.09327198488634286,0.19464927783533426,0.2135108781766104,0.26573831433969164,0.23282954476202083,0.16141915977678656,44276,10.698198048505514,111.33895359750055,4.7125791844491225,0.092,380.2262996691802,1
36083,36,0.4944756055525961,0.8531194184188262,0.05808917995801084,0.0398834330836963,0.12651050855062562,0.20310412693880464,0.2023699050610322,0.24962524091655364,0.2183902185329839,0.13207203455993338,59432,10.992588080831641,244.56992386934402,5.4995012552240645,0.075,324.3183156439924,1
36033,36,0.5520744639677994,0.8217934824676832,0.05751219134607942,0.0312911216038393,0.11653847332454877,0.22158551159868844,0.21386326724481353,0.25026813348450955,0.1977446143474397,0.1921116238189409,45667,10.729131215385586,31.720211967327128,3.4569540791947335,0.12,333.3452369004858,1
36081,36,0.4848014536429711,0.27064084382201736,0.17568427583761745,0.2766273710335047,0.11187125746429398,0.25398892147098706,0.22691107395797694,0.22450573942047575,0.18272300768626626,0.14955368140062972,57001,10.950824090522445,20790.181697563854,9.942236120475428,0.16899999999999998,226.9090897643912,1
36115,36,0.5177981245157107,0.9319860208422285,0.02699369040277053,0.023483087432990178,0.10183765237959089,0.1895875029241286,0.2196345489044265,0.2621058924440517,0.22683440334780236,0.1323504746570058,52361,10.865917318389972,76.08062715355445,4.331793661546408,0.1,324.7949060727402,1
36061,36,0.4710827822325438,0.4766812104116935,0.12864361927449056,0.25586442671397747,0.11881396838438192,0.3198137692890495,0.214179731734805,0.18415147100820614,0.16304105958355744,0.17711842936537717,69659,11.15136718837624,70317.22808708221,11.160772113025276,0.09300000000000001,206.90366956765502,1
36011,36,0.5106121579099127,0.9121691927739541,0.04031742449885291,0.024533955144357942,0.10526643426294821,0.19602838645418327,0.2049717795484728,0.26738877822045154,0.22634462151394422,0.12686705508474577,51581,10.850908666606845,115.33990184822625,4.747883437209154,0.095,320.10752226465723,1
36087,36,0.49039734153471143,0.6467662638977494,0.11307047027793912,0.16059339382801863,0.1133891357119956,0.20356799340447945,0.21560252828287454,0.25493518985022673,0.21250515275042367,0.1356849083079305,84951,11.349829898661163,1815.4364736387206,7.504081199131596,0.085,226.9490948193546,1
36063,36,0.4855823451604669,0.8708978256329334,0.07100921263314228,0.023071032418258187,0.10991175421455048,0.1877665596550815,0.20227515935420834,0.26700941391770966,0.23303711285845005,0.13693947886683835,47955,10.778018350162052,412.48451735300813,6.022198671380652,0.091,399.5799939522906,1
36031,36,0.5204818662106633,0.8839743753349838,0.03422577269594957,0.02646690998187897,0.09135510065978684,0.1877431906614786,0.20398409744544072,0.2661140246997124,0.2508035865335815,0.1185626126372126,47380,10.765955477712776,21.83724699425045,3.0836170895544988,0.102,352.6340868911288,1
36059,36,0.4842476177010117,0.6458554881247838,0.1068274586702288,0.1497709793006962,0.10196901059459296,0.18401553890472444,0.21877348232361182,0.27207985663390244,0.2231621115431683,0.05976866570819104,97690,11.489554478646989,4719.668020062097,8.459493741373391,0.08199999999999999,237.0091532915762,1
36097,36,0.49951171875,0.9584418402777778,0.008572048611111112,0.014919704861111112,0.0956077070587161,0.16263354944753905,0.2074696374760296,0.2761391653730253,0.25814994064469,0.11518589239582164,46976,10.757392111974188,56.138128059013255,4.02781522622058,0.095,361.0673566276692,1
36017,36,0.49907224516669657,0.9541908581233415,0.006145128788332236,0.019213503321960854,0.09240380324717674,0.1809974942505063,0.20430439707548143,0.2739505028661655,0.24834380256067004,0.1551430655750993,43941,10.690603103986417,56.092118162650465,4.026995306448694,0.09699999999999999,376.75224495161797,1
36045,36,0.5147324113048707,0.8430208430377817,0.04538717573026856,0.06133493686109441,0.1659579214477922,0.2631652329099452,0.20282196784852838,0.2032123586576133,0.1648425191361209,0.15437935447177592,46484,10.746863446342765,93.07420049030814,4.5333970297708595,0.09699999999999999,289.198589524089,1
36103,36,0.4920808421964657,0.7101663788613874,0.07059953750594163,0.16931507691855144,0.10432955886902322,0.18652606703350336,0.22965525020577326,0.2746886039023769,0.20480051998932325,0.06446628151754114,87763,11.382395278503408,1640.0431554814368,7.402477834789978,0.08199999999999999,277.625570993416,1
36121,36,0.539727595830451,0.899577797390454,0.05495789900531928,0.030102807528087208,0.09338961332629833,0.21082384864701892,0.22009497248812843,0.26283259214592597,0.21285897339262833,0.10510470858531175,51100,10.841539776191796,70.72675311178818,4.2588239046045375,0.085,300.71204066681037,1
36075,36,0.4987150750839512,0.9491202574776062,0.007725970261993316,0.021732883404353146,0.13345869784427547,0.18352274275747418,0.20330853296269044,0.2657182568882348,0.2139917695473251,0.1735168053873442,48051,10.780018225836406,127.98507854778543,4.851913683278932,0.099,337.9040712708282,1
36117,36,0.49437912983781,0.9075345404616837,0.03326396636059384,0.03799450785205526,0.09288355731938307,0.1747812753675476,0.2127897537656715,0.28563182105168217,0.2339135924957157,0.11300709358961786,52601,10.87049040995193,154.38884711820955,5.039474401291344,0.09300000000000001,337.4627695309788,1
36007,36,0.4899447059177714,0.8585635580888921,0.044952784272797516,0.03530391674778473,0.1549669099219261,0.1935790806140567,0.18272179697389324,0.2497345147779694,0.21899769771215455,0.1739194735090768,45958,10.735483214914881,282.38537985677976,5.643272733233522,0.083,359.9744013696908,1
36029,36,0.4827747136190072,0.7739803966363151,0.12888613295910709,0.04684464171099725,0.12566459509912806,0.205105180978902,0.19868871410732042,0.2519526599254381,0.21858884988921143,0.14571639396209346,50653,10.832753737932673,881.592184852109,6.781729573627177,0.075,361.7128671676674,1
36105,36,0.5138589986257681,0.7429019628179532,0.07942022973008012,0.1388752041901107,0.09915693904020752,0.18737570255079983,0.20955469087764808,0.2658236057068742,0.23808906182447037,0.18245519833545876,48089,10.780808739711565,79.67301979482137,4.3779310064623385,0.13,448.855545731926,1
36071,36,0.5003022182283058,0.6762440425566058,0.09267669068365507,0.18431835079780262,0.1186487115908873,0.18993474617678352,0.23017384276066138,0.26369120192154016,0.19755149755012763,0.1236968929569461,70458,11.162772066593137,460.64857592714424,6.132635444107949,0.098,286.37261249753783,1
37087,37,0.48336754253532593,0.9365405167003105,0.00895659106715747,0.034316635850112805,0.09057075654270998,0.17152469705540835,0.21672075505403876,0.25899901747700005,0.2621847738708429,0.1661370390092241,41557,10.634821257814647,106.4689394103581,4.667853293882686,0.152,445.7460954849962,1
37067,37,0.47537895876567715,0.5854292610304069,0.2575678967788505,0.12055907696472075,0.11697785867663998,0.2153031574257097,0.22287794542170902,0.24065357432345957,0.2041874641524817,0.185734137517878,45724,10.730378603145668,868.9396983447181,6.767273730849276,0.146,362.6570841871716,1
37017,37,0.4784809402613744,0.5457977065400783,0.34542022934599215,0.0717778603906317,0.10958502370594848,0.17170927220294246,0.21017645046189942,0.252602766508627,0.25592648712058264,0.2580081537565521,30164,10.314404439322537,39.99528780960921,3.688761642414641,0.17300000000000001,579.2008038058198,1
37031,37,0.49047590702104227,0.8701003006041846,0.060165481115509394,0.03637013006339474,0.0883849141711565,0.18619220649041474,0.1977446435283799,0.2572359353464478,0.27044230046360107,0.14412940748818612,46534,10.74793850718724,132.73652792784608,4.888366170436145,0.163,475.23411788311,1
37015,37,0.49662340150390344,0.3487714928875904,0.6255567795392499,0.014847454379999042,0.1212390094377672,0.17423570218601275,0.19335323062031137,0.26748406872630476,0.24368798902960392,0.23386238020384362,30768,10.334230467828561,29.85828077852618,3.3964622143826877,0.154,485.8216729886066,1
37117,37,0.4678427962065681,0.5210585165859113,0.43040543338717024,0.03288193150287821,0.10392956839166846,0.15453439267053182,0.20399398754563022,0.25746188533390596,0.2800801660582635,0.2321167883211679,35111,10.466269750670861,52.354965233284986,3.958046779681999,0.16,562.242791770344,1
37143,37,0.475896902622001,0.7132882715590879,0.24905295996434673,0.02191190670727178,0.09230154501864678,0.17181672882258925,0.20218433670751199,0.2534629728289824,0.28023441662226956,0.20200884491417434,43709,10.685309309535713,54.486440108624826,3.9979518653656796,0.15,455.0090677195748,1
37157,37,0.48231763718889153,0.7331081807817239,0.18333082367113387,0.05622001849979564,0.09367626238791883,0.17372127636403237,0.22835517479217338,0.2626238791882964,0.24162340726757905,0.17912449834234864,38567,10.560152267518658,164.3954302971792,5.102274685989888,0.165,523.147206071082,1
37029,37,0.5059280661552257,0.8010361661851151,0.1341038158812394,0.02371226462090266,0.08759876331157677,0.14428031604259706,0.2763655101339746,0.29732050841635177,0.19443490209549982,0.05996189712223002,56607,10.943887931455823,41.724172334092685,3.7310806331400785,0.135,NA,1
37071,37,0.48424465534128136,0.7538441497035168,0.1492451619440035,0.0602374760569904,0.10296834090945596,0.19687745956278008,0.24059945066418234,0.24712080569253256,0.21243394317104905,0.17913534387282048,42017,10.645829577276265,582.1552859755019,6.366737226533705,0.16399999999999998,496.5735993511562,1
37125,37,0.47942968968409283,0.7752082750908582,0.12610567514677104,0.06046407604137546,0.08180600887103523,0.191940748179764,0.22001841158255922,0.2518202360030128,0.25441459536362876,0.15556709995821427,49544,10.810616442617897,128.14486926142413,4.853161415031787,0.154,404.55875956960944,1
37167,37,0.5009829998843529,0.821391399164037,0.10393365163805779,0.037089659502056865,0.11476287033907852,0.18201532049115693,0.22670947392136984,0.2504224400135181,0.22608989523487666,0.1612576587090463,42518,10.657682794661007,153.2046187412361,5.0317744052935245,0.159,427.95644797932937,1
37199,37,0.4849921011058452,0.9326337169939065,0.010607086436470323,0.04660347551342812,0.0884185540500445,0.1678370091979033,0.225496983483335,0.25002472554643457,0.26822272772228267,0.20054803904778215,38579,10.560463365957897,56.69920056814365,4.037760111307038,0.17800000000000002,459.9747001995106,1
37037,37,0.48616034275498565,0.7141602194618254,0.12592855161359923,0.12783959559843416,0.07610407952631865,0.17532185344125156,0.23005051876799393,0.2551197783692759,0.26340376989515996,0.12370940785054904,57091,10.952401765007385,95.11496148405492,4.555086280879213,0.159,348.4667938912426,1
37101,37,0.49329449109510737,0.6956958234922035,0.14864119869313663,0.12965337944881936,0.0900829673011225,0.20853099072718398,0.2678477306002928,0.24328940946803318,0.1902489019033675,0.17180867615027387,49711,10.813981515563105,217.7697684440395,5.383438396659153,0.174,366.5803292510466,1
37145,37,0.48758923807830085,0.6655318716496024,0.2739767790452478,0.04118289677599654,0.09652807543934848,0.17573939134162023,0.21834547792541792,0.2698242606086584,0.239562794684955,0.18037543976785395,42317,10.652944175550665,100.32830175213218,4.608447826173435,0.153,443.3018623982848,1
37009,37,0.49050772626931566,0.9304635761589404,0.005040470934510669,0.04838116261957322,0.08714140644833714,0.1838029956841838,0.20982482863670981,0.2484133028687484,0.2708174663620208,0.21071348356666916,35951,10.489912179174006,63.78260410433314,4.155480490229959,0.2,463.9782082699528,1
37107,37,0.4783305497916561,0.5110076420871501,0.39821515933667356,0.06756414798319753,0.0982179736826577,0.1934855726677288,0.20770637871009617,0.25585649377470937,0.24473358116480792,0.2371777243038845,35770,10.484864832253063,147.97386860913,4.997035694723129,0.174,566.0098168032604,1
37133,37,0.5394948175730124,0.6820963125573124,0.1555005974379637,0.10786672965237447,0.28757547153009066,0.2773879281172636,0.1638199725719985,0.15369476552620798,0.11752186225443924,0.15232268956378092,45450,10.724368099605625,235.90483832058987,5.4634284962524315,0.147,260.5011134989814,1
37161,37,0.4835244722045013,0.8414165541593104,0.09975817100129074,0.03652656409952079,0.0913233779608651,0.18053553038105047,0.22378990731204942,0.25337281153450053,0.2509783728115345,0.21500878947687457,36334,10.50050922099869,119.47687764446044,4.783122860134498,0.16899999999999998,528.0220333614866,1
37197,37,0.4910903524609467,0.8563204856477484,0.031085642515111075,0.10032184629876756,0.09533038853330929,0.16925087893266025,0.2437573244388353,0.2665194266654647,0.22514198142973046,0.18486928967520463,40371,10.605866984409651,114.1388589399365,4.737415768036833,0.171,429.5475483539164,1
37023,37,0.5003477166605954,0.8255014295018269,0.061794217968672384,0.05427691492532371,0.10721548542592453,0.17801461173457858,0.22731038638246592,0.2539730360774271,0.23348648037960382,0.1997008654351152,37263,10.525756156212303,178.64558991439543,5.18540389854701,0.155,485.3187719958972,1
38097,38,0.5009230769230769,0.9443692307692307,0.0052923076923076925,0.026953846153846155,0.12412587412587413,0.17963286713286714,0.19296328671328672,0.26420454545454547,0.23907342657342656,0.10670103092783505,48767,10.794809133586739,9.426311765545293,2.2435049030177256,0.09,NA,1
38021,38,0.5036094224924013,0.9424392097264438,0.011778115501519757,0.022796352583586626,0.11391018619934283,0.19569185834246075,0.20007301935012778,0.24899598393574296,0.24132895217232567,0.09661737897508609,47359,10.7655121544701,4.652354901146296,1.537373521760734,0.113,NA,1
38101,38,0.5144356955380578,0.8758123984501938,0.02696537932758405,0.037198475190601175,0.1926898326898327,0.25685971685971687,0.17842985842985842,0.20216216216216215,0.16985842985842986,0.09067298639742882,56580,10.943410844855558,31.79291096763042,3.459243339388325,0.105,271.0305802421194,1
38067,38,0.5088030571857514,0.9355807288112461,6.824075337791729e-4,0.026477412310631908,0.08730723606168446,0.17698695136417555,0.17793594306049823,0.27686832740213524,0.28090154211150653,0.08718236698020497,49846,10.816693531448358,6.54960158899574,1.8794042216896574,0.107,320.8322155536134,1
38041,38,0.4694761717211501,0.9736116581331232,0.00669554942890902,0.00669554942890902,0.06183206106870229,0.19770992366412213,0.1900763358778626,0.2435114503816794,0.3068702290076336,0.10718737017033651,47743,10.773587738303867,2.242495060593294,0.8075891123144057,0.129,NA,1
38017,38,0.50482866043613706,0.9009735202492212,0.024909138110072688,0.021436915887850468,0.1906205474884045,0.2642960358120876,0.19126726690312346,0.19007487798223544,0.16374127181414902,0.13027752334980244,52590,10.87028126658339,87.3005665358027,4.4693569523525944,0.08199999999999999,226.334921660542,1
38029,38,0.511218403862539,0.9843794376597558,0,0.002272081794944618,0.06412478336221837,0.10514153668399769,0.20912767186597342,0.31311380704794917,0.30849220103986136,0.14929252093560497,38477,10.55781593916244,2.3311165326545003,0.8463473513628069,0.157,NA,1
38077,38,0.5178988805511133,0.9349858531184647,0.003875015377045147,0.01980563414934186,0.15139358108108109,0.18169341216216217,0.17198057432432431,0.2626689189189189,0.23226351351351351,0.11817043432412838,53759,10.89226637383355,11.32346969833101,2.4268775362635737,0.087,330.816749988143,1
38001,38,0.5025773195876289,0.9523195876288659,0.002577319587628866,0.014175257731958763,0.09880239520958084,0.14820359281437126,0.17889221556886228,0.28293413173652693,0.2911676646706587,0.09885260370697264,47798,10.774739076600005,2.3571842988034857,0.8574678130072418,0.12,NA,1
38027,38,0.48656591099916036,0.9319899244332494,0,0.033585222502099076,0.04754358161648178,0.17591125198098256,0.18858954041204437,0.2931854199683043,0.294770206022187,0.13761467889908258,44250,10.697610650436076,3.7799264009292712,1.3297045387883086,0.113,NA,1
38057,38,0.5145458845789972,0.9457190160832545,0.007332071901608325,0.016674550614947967,0.0593436824523482,0.18019257221458046,0.16977795244645313,0.31676164275889174,0.2739241501277265,0.07308014855636756,66534,11.105468374181271,8.107716809034311,2.0928163006283134,0.076,243.5747011969556,1
38073,38,0.5113304093567251,0.9647295321637427,0.004751461988304093,0.013157894736842105,0.051747772446881425,0.1854009595613434,0.21590130226182316,0.2717614804660727,0.27518848526387935,0.09540034071550256,49788,10.815529270120868,6.345399874993768,1.8477301212441797,0.091,NA,1
38085,38,0.5058713010803194,0.13057773602630343,2.3485204321277596e-4,0.025364020666979802,0.1464397671294223,0.2476489028213166,0.23510971786833856,0.22660098522167488,0.14420062695924765,0.40481347773766546,36111,10.494352807047845,3.891804543302495,1.3588729429451363,0.18600000000000003,1001.4026105346,1
38033,38,0.49764428739693756,0.9469964664310954,5.889281507656066e-4,0.013545347467608953,0.08323831242873432,0.16419612314709237,0.23603192702394526,0.27137970353477764,0.2451539338654504,0.12423500611995104,36100,10.494048144320972,1.6966664201937278,0.5286653966253885,0.129,NA,1
38095,38,0.4897155361050328,0.9544857768052516,0.0056892778993435445,0.003938730853391685,0.036057692307692304,0.1891025641025641,0.1907051282051282,0.2516025641025641,0.33253205128205127,0.07510058113544926,55521,10.924516606545858,2.2302234810811656,0.8021017961822309,0.114,NA,1
38023,38,0.5336426914153132,0.980046403712297,0,0,0.03542673107890499,0.1473429951690821,0.1457326892109501,0.3148148148148148,0.35668276972624796,0.08400569530137636,55057,10.916124291196926,1.7092512131321254,0.5360553875567976,0.099,NA,1
38081,38,0.5275978232702773,0.960352422907489,0.005441824306815237,0.01865768333765224,0.08067456700091158,0.17092069279854147,0.18915223336371922,0.27666362807657247,0.28258887876025524,0.07401574803149606,53381,10.885210156391135,4.494981438836686,1.5029615386239983,0.075,NA,1
39105,39,0.49270890570184706,0.971216027727292,0.011496682023754173,0.004987531172069825,0.09205260148656375,0.1952544311034877,0.21012006861063465,0.2555031446540881,0.24706975414522583,0.2189161378837249,35469,10.476414354531222,55.008393435914606,4.007485781514786,0.14400000000000002,545.0913633517152,1
39021,39,0.4985070881947058,0.940333709697654,0.02034876427048049,0.012244385898883452,0.10037673753951414,0.18901831723899018,0.2279911661542459,0.2576538344953016,0.2249599445719482,0.13390174375304964,49157,10.802774536594097,92.97383295736337,4.532318087512547,0.11699999999999999,414.2473440820556,1
39057,39,0.490177626885133,0.8494107806234162,0.07209019115801904,0.023212045169385194,0.1585724082167385,0.20547987267535286,0.1880904373458338,0.2350490773057122,0.21280820445636264,0.13861328086827926,58080,10.969576649498677,392.9818794428237,5.973763502518261,0.102,300.0421601424432,1
12015,12,0.48615417049033954,0.8548203080433543,0.05454004315583224,0.06119323395917557,0.08412382057621474,0.13864221201876986,0.1731167061910288,0.26028053887683533,0.34383672233715123,0.12584433260532396,44378,10.700499130126362,237.07331844728412,5.468369453830091,0.20800000000000002,488.2838124004304,0
12085,12,0.4939913117616012,0.7975856982393461,0.05223092850472981,0.12472088019162844,0.0877298648042545,0.16381111039917987,0.1914141090536298,0.27952841673608,0.2775164990068559,0.12963346734640308,49846,10.816693531448358,271.93337553177395,5.6055570933946965,0.195,360.6825798296498,0
12115,12,0.4771439907698894,0.8428114248722246,0.04332618104172866,0.08181542911139303,0.08279691061679607,0.16177068379102927,0.1919698677081243,0.2618977786696717,0.3015647592143787,0.12203054073952446,49052,10.800636238881916,689.1816042657608,6.535504812866561,0.193,414.970065765685,0
12017,12,0.48405294763718315,0.8932631548918082,0.028791704109432725,0.047855420999329594,0.08245249193259233,0.13873072785944784,0.17906059519541054,0.26623162423807817,0.3335245607744711,0.16760539837351104,39100,10.573877745973457,241.04343162064032,5.484977131447557,0.188,645.5346979481706,0
12113,12,0.5066429273873724,0.839676305928178,0.05287345978570373,0.046690105991168476,0.10196896871574332,0.20712117379205666,0.2271903195884982,0.2600767349692217,0.20364280293448014,0.12272447541341591,57703,10.96306444421219,153.79421809896155,5.0356154627300445,0.147,373.6225074373246,0
12011,12,0.48533942446841233,0.4242661588479732,0.2626017640312647,0.2584989878922443,0.10049364655200932,0.21435673406675806,0.23013375873438288,0.25640123209474486,0.19861462855210488,0.14251302473371216,51251,10.844490409005417,1475.3770298028162,7.296668849536013,0.245,315.2094941127444,0
12087,12,0.5334644873539677,0.702949617991457,0.06264401115707491,0.2107312734965572,0.09100700053850296,0.17820305703989064,0.20067519986744542,0.26283086864670063,0.26728387390746033,0.13503429355281207,53607,10.88943493554677,75.47478749738121,4.32379866005242,0.23399999999999999,488.09300756056683,0
13291,13,0.49189214449273333,0.9480816860600962,0.0057012009907005,0.025561942146829292,0.08585948644793152,0.15067760342368045,0.19008559201141226,0.2557952924393723,0.3175820256776034,0.17663871951219512,40009,10.59685970778737,66.47179786659046,4.196777765477543,0.21600000000000003,495.144716506859,0
13311,13,0.4945985401459854,0.9327737226277373,0.030583941605839417,0.025693430656934305,0.10392282958199357,0.16887459807073954,0.21852090032154342,0.2586495176848875,0.25003215434083603,0.20055710306406685,40670,10.61324599890127,113.84127036886233,4.734805112967948,0.191,429.5011415303618,0
13223,13,0.48939483471792555,0.7486113524974799,0.17249122319162988,0.05190309013173902,0.09326322860087785,0.2198107635470833,0.29116240286286726,0.2411896186317996,0.154573986357372,0.114098750743605,61837,11.032257169794764,460.7182778754656,6.132786745293067,0.17800000000000002,289.2670212431736,0
13245,13,0.48432721142226265,0.3752070061318573,0.5348640597570133,0.04304235606546616,0.14730933815527864,0.25588492787537126,0.18943863065480818,0.21847666893036272,0.1888904343841792,0.25068351284175644,37749,10.538714264260078,619.9965466845088,6.42971390815993,0.163,530.3049366586966,0
13019,13,0.4884218212162303,0.8242411599040367,0.10915823511004485,0.048346719516011265,0.09904383907631246,0.21152805340068556,0.23380840699981958,0.24824102471585785,0.20737867580732455,0.2254792629175296,32258,10.381521353477128,42.43002277067562,3.7478561958786103,0.215,475.5717058884572,0
13013,13,0.49620350907296984,0.7438405330816639,0.11123503925185535,0.08964294396064805,0.09675341714176666,0.2540731375682832,0.25142529996898927,0.22582953650914817,0.1719186088118127,0.13696737707041198,53274,10.883203686260382,436.2387638872428,6.078189717052547,0.192,396.1178809427958,0
13065,13,0.48832397280520246,0.6690806976056755,0.272539166420337,0.036506059710316285,0.1344058121432278,0.19408406850025947,0.22055007784120395,0.24909185262065386,0.2018681888946549,0.2912592146833158,30345,10.320387038269956,8.45515369484968,2.13477616016873,0.198,572.0399056897616,0
13131,13,0.4937756035477071,0.5928091317662968,0.28739609434037305,0.10404486338145806,0.10215053763440861,0.20911883815109622,0.22001117162407485,0.24549643904482615,0.22322301354559418,0.3006543868153175,30571,10.327807126158824,55.31684586394208,4.013077488973352,0.22899999999999998,508.3530918655144,0
13313,13,0.49986348921564805,0.6153223604664768,0.03661414251725886,0.3222434572331214,0.12255340707590982,0.22843874018407498,0.23700075994258213,0.23048214134932027,0.18152495144811281,0.20465906621090277,40471,10.608340947226111,353.07645697917815,5.866684625489637,0.23,405.36870409518804,0
13193,13,0.5400207540643376,0.32639225181598064,0.6035281909373919,0.03763403666551366,0.11707756388607453,0.21422942699538444,0.19835641112236857,0.24867724867724866,0.22165934931892378,0.29440086976780305,30240,10.31692083029347,36.07968230909967,3.5857298899754926,0.20600000000000002,582.5944636601538,0
13145,13,0.495831654631667,0.7706945176186196,0.17017386184027025,0.02916292187064183,0.08075530263838593,0.15095706156233835,0.24330056906363165,0.2669425763062597,0.2580444904293844,0.07970650946945942,69223,11.145088456325304,69.56058714852685,4.242198130343598,0.138,373.3362397914782,0
13321,13,0.480433779418551,0.6825103830179973,0.28412551915089984,0.018274111675126905,0.11208808618504436,0.1899556400506971,0.2150665399239544,0.25324778200253484,0.22964195183776934,0.20177724016004467,35792,10.485479683729912,37.97077984657492,3.636816912525686,0.183,444.73871650096663,0
13093,13,0.5525628693142779,0.43204617287343683,0.49890064587055105,0.06300673354404288,0.09841198836949229,0.19783046298367254,0.21393424289868038,0.26045627376425856,0.2293670319838962,0.2902190021406224,29012,10.275464816483304,37.13323467877736,3.6145123820561236,0.185,345.3536324651468,0
13307,13,0.5171542072950523,0.530155290718671,0.454315637414229,0.011917659804983749,0.09600997506234414,0.17331670822942644,0.22007481296758105,0.2082294264339152,0.3023690773067332,0.22480058013052936,35718,10.483410042381445,13.241327862737785,2.5833428372275478,0.196,NA,0
13125,13,0.489010989010989,0.8862314156431803,0.07142857142857142,0.017453135100193924,0.08758700696055685,0.18213457076566125,0.26450116009280744,0.265661252900232,0.20011600928074247,0.21438127090301004,37760,10.539005620259436,21.524975650480034,3.069213919092715,0.154,NA,0
13051,13,0.482995330170932,0.501493902663942,0.39676579294877945,0.05653222772240706,0.15152516904583022,0.259900826446281,0.19483696468820436,0.20763335837716004,0.18610368144252443,0.1912452627952379,45794,10.731908357153642,635.7375180859071,6.454785770740884,0.191,387.4641936689274,0
13167,13,0.5548823588811471,0.6214278501464203,0.34009895991113803,0.0064626880743209126,0.09064039408866995,0.19655172413793104,0.24646962233169128,0.2541871921182266,0.21215106732348113,0.2277992277992278,36722,10.511131309482133,32.682089700009904,3.4868272122562005,0.184,449.433861799737,0
13195,13,0.49183426044786765,0.8515190415062045,0.08115818000285266,0.04218371131079732,0.09352647712929013,0.2058664422672357,0.22269639959127246,0.2611047664843421,0.21680591452785958,0.17858423581725597,42549,10.658411631962718,99.33725572152697,4.598520684187164,0.204,527.1978867020322,0
13277,13,0.4805733034018304,0.5736734341465821,0.29069738757184793,0.10434911315588229,0.14052882531426095,0.2280450801907239,0.21114000866926744,0.22626788036410922,0.1940182054616385,0.27930264205201943,34591,10.451348811602948,156.56489581522894,5.053470593774341,0.201,444.45935917059217,0
13263,13,0.4897593063238152,0.3898938555837943,0.5927642397966811,0.006577963821198983,0.08859470468431772,0.11456211812627291,0.2079938900203666,0.29175152749490835,0.29709775967413443,0.2175543885971493,32424,10.386654168308144,17.090413884907342,2.838517714792549,0.207,663.7844750909468,0
13273,13,0.4878866536880813,0.3610209820462903,0.6065325546182133,0.019792342634652824,0.14213672020918938,0.18621591333582369,0.19107209562943595,0.24187523347030257,0.23870003735524842,0.3163873580024744,32628,10.39292609442047,27.563878976505414,3.316506182849182,0.191,548.354632821069,0
13319,13,0.4832983193277311,0.577626050420168,0.3754201680672269,0.02384453781512605,0.10262130507529281,0.18237590630228667,0.20282580405279793,0.27142591559769474,0.24075106897192786,0.21320874920365257,36173,10.496068263171036,21.28287443998319,3.057902732418237,0.175,606.4365036519772,0
13243,13,0.48973059482528675,0.35156041611096295,0.5913576953854361,0.005468124833288877,0.08671197562690415,0.1827982188891493,0.20904616826810404,0.2784157487696274,0.24302788844621515,0.25399916539157047,30023,10.309719033572193,17.509037073015815,2.862717151811052,0.191,554.3454455123066,0
13299,13,0.4971672961564097,0.64885580982004,0.3014607864918907,0.034658964674516776,0.1247813962281987,0.22125064990310536,0.20792172803327505,0.2340596492886515,0.2119865765467694,0.24336893903024484,34572,10.450799384872528,40.34686109533077,3.6975135997527286,0.163,540.523995590805,0
13315,13,0.5833150384193194,0.5949506037321625,0.3716794731064764,0.01844127332601537,0.08441558441558442,0.2427167427167427,0.21884871884871884,0.2542997542997543,0.1997191997191997,0.27774623900085155,32928,10.402078638633776,24.11935240465443,3.1830145226036226,0.21100000000000002,561.266531329069,0
13155,13,0.5165604430049107,0.6916727614669314,0.28252011284087347,0.012851321700971686,0.08159597411933861,0.2437095614665708,0.24388928828181164,0.21315600287562905,0.2176491732566499,0.21234119782214156,40771,10.615726323351593,27.010551922854408,3.2962276016147976,0.171,491.5405954444238,0
13005,13,0.5020163097051707,0.7536517609104758,0.16793619499955192,0.07321444573886549,0.09651269501376568,0.24166411746711533,0.20923829917405934,0.2294279596206791,0.22315692872438053,0.1897776116613717,33757,10.42694308220214,43.15559061939236,3.7648119715794137,0.223,554.0823470617383,0
13033,13,0.4798260345347285,0.46746759677905525,0.4959738190586918,0.02760194634629462,0.11913357400722022,0.20351985559566788,0.20630264741275572,0.2483453670276775,0.2226985559566787,0.3348885884969258,31494,10.357552330480354,28.08210233044084,3.3351324456727367,0.17800000000000002,565.360153574713,0
13053,13,0.6212580989092102,0.6191257278766505,0.17436233904699416,0.1366357746247847,0.3074554945790389,0.3433275331280953,0.1691875250970419,0.11176549324053005,0.0682639539552938,0.11945318433329717,48758,10.794624565526743,49.019844332947386,3.8922252025124555,0.136,199.313860997105,0
13087,13,0.4874259286023992,0.5174519439225321,0.41346292816881053,0.05311461193814135,0.1150984682713348,0.21744295092216318,0.21287902469521724,0.24238824632697717,0.21219130978430759,0.271148607748184,30619,10.32937601028517,46.34759017985732,3.836169298855655,0.19699999999999998,576.8111656375764,0
13137,13,0.4694194205784952,0.7914360482619671,0.039369166994743056,0.12857506773812558,0.10990154486512448,0.21600096053790122,0.2215640758824942,0.23357079964780278,0.21896261906667733,0.2084726867335563,39306,10.57913245795993,156.03454506034544,5.050077425429245,0.19,376.7636649185348,0
13191,13,0.46365436289068024,0.6077641069155706,0.34273794371376043,0.01591005515485787,0.12028616466593912,0.1656359888444283,0.1803079907845277,0.23814720504425851,0.29562265066084636,0.14920884943080118,39068,10.573058996567367,33.330269456208946,3.5064659767816866,0.196,503.90347775043136,0
13207,13,0.5002066659151543,0.7244203960470447,0.23747792432269943,0.022169616352910232,0.09884299577009206,0.19326947001741726,0.19899228663846727,0.2681015177904951,0.24079372978352825,0.12888554931582694,48630,10.791995903397831,67.26263591283382,4.208604895446595,0.14400000000000002,441.7770553528042,0
13265,13,0.4796149490373726,0.398074745186863,0.5481313703284258,0.04020385050962627,0.17210682492581603,0.18397626112759644,0.19980217606330367,0.21167161226508407,0.2324431256181998,0.2997134670487106,25465,10.145060239318704,9.074652635040698,2.205485102287825,0.22,NA,0
13029,13,0.49630690862782556,0.7616364215218083,0.13750397962432345,0.05300859598853868,0.0879612173444654,0.20872609749528684,0.26932399676811203,0.2533261513600862,0.18066253703204957,0.11667254141698978,64707,11.077624666290484,72.04673748242413,4.27731504012154,0.14800000000000002,405.1796126896552,0
13039,13,0.5105612315203055,0.7104076851906533,0.19118486584381583,0.054764857575936535,0.16988764044943822,0.23804173354735153,0.2067736757624398,0.22032102728731942,0.16497592295345104,0.1554702105177599,51990,10.858806671377762,82.8661147587782,4.417226230194586,0.15,319.12588239604884,0
13079,13,0.5154279368604744,0.7345125723804236,0.23217260252240818,0.007932101213611485,0.09776391055642225,0.17004680187207488,0.22438897555902237,0.27249089963598544,0.23530941237649505,0.20626506024096386,41586,10.63551885114604,38.80414173499791,3.6585269866796746,0.179,454.05132030637503,0
13069,13,0.5092084685231437,0.6004528372353587,0.27620737144324364,0.10403585350482016,0.13680857675574892,0.22343070229956494,0.23333592293349906,0.22358607830950902,0.18283871970167806,0.24259935117599352,35693,10.482709870110469,74.4935202235449,4.3107121447376375,0.203,440.7025008613598,0
13123,13,0.5063586265366681,0.8717323724742122,0.005016249823371485,0.10078423060618906,0.08871265215787533,0.17969998770441412,0.21726300258207304,0.24640354112873478,0.26792081642690274,0.216648152793206,39140,10.574900240950067,66.36657757771839,4.1951935800262286,0.256,405.0547954369382,0
13297,13,0.4881334644596372,0.7772906619903551,0.15300306882946077,0.03516712679360641,0.09907083139334805,0.20055061843357153,0.24632077572420494,0.25285936962286687,0.20119840482600862,0.13800307367207762,52369,10.866070092189561,259.14087447801523,5.5573718307338895,0.185,468.17714041767,0
5063,5,0.493367041809384,0.8948241178709292,0.026395911488066113,0.058881096069156744,0.10668948794751106,0.21276089953881994,0.215375837968906,0.24414016069985262,0.22103361384491038,0.23685839711841514,35026,10.46384592183261,48.152176900935004,3.8743663480411596,0.17600000000000002,493.6905585757288,1
5079,5,0.6111817924795024,0.6537319762510602,0.2908538309301668,0.03399773819621148,0.12662721893491125,0.24819795589026358,0.2384077461000538,0.214308768154922,0.1724583109198494,0.27035431586882774,32697,10.395038609557421,25.1960314647642,3.226686500558879,0.168,394.3889755612322,1
5083,5,0.49475721164664055,0.9196705818820035,0.017685972728500067,0.02421133162323928,0.09207726305450974,0.1804714355868391,0.21443771484694713,0.27148469471271897,0.2415288917989851,0.175649440695202,34996,10.462989048226156,31.380052956751985,3.446172434899128,0.17300000000000001,575.6503609924985,1
5053,5,0.49084923557638654,0.9364468251311238,0.024160249972101328,0.023100100435219283,0.09861820935074768,0.20603823585084233,0.22307401097861063,0.25960628430815824,0.2126632595116411,0.09895509743010449,49004,10.79965720641406,28.36616762344316,3.3451971541633942,0.158,463.065108416341,1
5035,5,0.4746367474775507,0.4503141911312863,0.5038951771165778,0.021190556425555535,0.11650552248563466,0.22458108247600042,0.21566940783814473,0.24450332037298284,0.19874066682723737,0.2633247712313373,37751,10.53876724439254,82.73255051167672,4.415613122071452,0.15,645.7251814040824,1
5047,5,0.49128051818634777,0.9326800642196755,0.008193544815368433,0.024027016553174997,0.10067246835443038,0.20579509493670886,0.21232199367088608,0.24238528481012658,0.2388251582278481,0.20491988264500113,36766,10.512328784042817,29.667064680212267,3.3900374971609644,0.166,562.8856215593702,1
5045,5,0.49097715823614657,0.8210182182044027,0.10567766199710164,0.039317507418397624,0.18705400498247687,0.23859589860518796,0.20495714225393744,0.20734985714084647,0.16204309701755126,0.14550255014688124,50314,10.826038647381097,178.93326583153774,5.187012919743787,0.128,331.5203111813136,1
5109,5,0.4888888888888889,0.8783111111111112,0.031377777777777775,0.0656,0.09966459032103497,0.19294042485226,0.23686312090720332,0.2509183836447852,0.2196134802747165,0.24751311267860374,32206,10.379908049577942,18.730707371407448,2.9301642825024583,0.23800000000000002,539.6983671163943,1
5069,5,0.49270275263255126,0.4110606740386899,0.5526114380723655,0.01675859702831807,0.12754705241872763,0.21345243650423304,0.19763126902650935,0.24029509143834857,0.2210741506121814,0.23900486130969403,37140,10.522449834906697,87.03112044155242,4.466265760917705,0.139,577.4518911723073,1
5089,5,0.4972598614875038,0.9514001806684733,0.002047576031315869,0.019572417946401688,0.07583965330444203,0.1486457204767064,0.17941495124593715,0.27562296858071506,0.32047670639219933,0.18887940495061578,34494,10.448540674851346,27.813651050486676,3.325526945154993,0.183,643.1374091489691,1
5097,5,0.4919569617556195,0.925748375412805,0.005006924470011718,0.03771172898689677,0.09914129586260734,0.14383294301327088,0.19652615144418423,0.27712724434035907,0.28337236533957844,0.22009102730819247,31345,10.352810043708068,12.036467148792122,2.487940970642734,0.22399999999999998,491.1875821004736,1
5127,5,0.5137251372513725,0.8487084870848709,0.0014400144001440014,0.07155071550715507,0.11161954567739826,0.19284196764177153,0.20885765647981697,0.2657296943945089,0.22095113580650433,0.20036630036630038,37448,10.530708582979907,12.451811009503317,2.521866074942765,0.20600000000000002,485.8048254301756,1
5129,5,0.496111591161585,0.9465498086655968,0.003950129613627947,0.010986297987902727,0.08577083791510887,0.17769958214207168,0.19001539476577964,0.2647899714097207,0.2817242137673191,0.2607610729881472,30779,10.334587918236123,12.161928853992299,2.4983104868199537,0.228,555.2103132756279,1
5131,5,0.49003445659733197,0.723564835303787,0.05652936713662515,0.12607479294430043,0.11817220564025002,0.22282601421439374,0.2161069693359924,0.2383922476677419,0.20450256314162193,0.21224836926434365,40471,10.608340947226111,237.8894213505643,5.471805949529837,0.184,456.2636982813086,1
5033,5,0.4897080717198524,0.8635510389021943,0.013123826784905172,0.06302996957731892,0.10818412185681267,0.2039764974520342,0.22789674473002702,0.24727799281557183,0.21266464314555428,0.20179408833189,39479,10.583524163945977,104.19259004474837,4.646241013976315,0.177,510.7514924252526,1
5007,5,0.4939126535026974,0.75954871416072,0.01203839271189198,0.1565254859544757,0.10281720200618931,0.25264874918060276,0.24379925911245942,0.22565818558775555,0.17507660411299297,0.12173196427378222,54515,10.906231172140481,268.40989099045623,5.5925152560968225,0.162,298.7039805693114,1
5017,5,0.48799586954651064,0.3994492728680836,0.5383357714482403,0.049307288529386456,0.1027460660290034,0.18250539956803455,0.212897253933971,0.25547670472076517,0.24637457574822585,0.33045078196872124,26201,10.173552856959743,18.036516923688197,2.8923984208094837,0.188,655.6576792571705,1
5059,5,0.5102465191971551,0.8360255560243506,0.11461033090229643,0.029805316135254053,0.10413687436159347,0.21123595505617979,0.20423901940755873,0.24688457609805925,0.2335035750766088,0.14194287897602445,41193,10.626023617989862,53.93675573226355,3.9878121700418583,0.161,546.2195084873694,1
5071,5,0.49409471837848373,0.8278698109530306,0.016916780354706683,0.12586240498928083,0.12209970912534668,0.20158289927619563,0.20232699722654401,0.23351146587296218,0.2404789284989515,0.2005616850551655,31003,10.341839252978511,38.88275912240605,3.6605509421567963,0.198,447.722868263414,1
5077,5,0.5550793805395928,0.41336320249342556,0.5644297263075874,0.01986948475698841,0.11533442088091354,0.2135399673735726,0.22479608482871125,0.22022838499184338,0.22610114192495923,0.3145152166534676,25034,10.127990179887968,17.037242313162004,2.8354016722222557,0.179,639.2773357243752,1
5087,5,0.5004785910280135,0.9159594154808245,0.00153149128964329,0.04996490332461234,0.08972779209140809,0.18830514170494006,0.21631007057242074,0.25798140472723197,0.2476755909039991,0.22644181256436663,35771,10.484892788250326,18.7844244265842,2.933028038502441,0.21600000000000003,474.1096122115462,1
5049,5,0.492581118539051,0.9616827001467471,0.0017935757378118376,0.01010924506766672,0.0854233166134671,0.16020671834625322,0.20656634746922026,0.2574859401124791,0.29031767745858034,0.18675,35522,10.477907501827271,19.841667825957547,2.987784162131907,0.20199999999999999,596.0692229562958,1
5061,5,0.4849432644748327,0.6686790805935409,0.21414023858015713,0.10001454757055572,0.09397905759162303,0.22408376963350785,0.2181937172774869,0.2486910994764398,0.21505235602094241,0.23209529446581828,35879,10.487907445104293,23.358944124073577,3.1509799567703847,0.20199999999999999,548.4353614101855,1
5093,5,0.48457919498170415,0.6027400243944938,0.3401289423244468,0.03707091827844572,0.1138375820485422,0.22824759578690276,0.2083651350938788,0.24584032972065334,0.2037093573500229,0.24887109331553775,36428,10.50309298868771,50.98081889994604,3.931449461979924,0.153,656.1790813727428,1
5117,5,0.49154321707686927,0.8541933978770558,0.1265601306427155,0.009331622535868424,0.09637071970473651,0.17674800082017633,0.2050440844781628,0.2673774861595243,0.25445970883740004,0.21233689205219455,34855,10.4589518779205,13.230795823186071,2.582547129241867,0.191,595.6973370093795,1
5139,5,0.48650349819643157,0.6172077371874016,0.32863679279540997,0.03517563609073523,0.10025115110925073,0.20565089995814148,0.21050648807032232,0.2470489744663039,0.23654248639598158,0.21463150910476003,37435,10.530361374664786,39.74830978027625,3.682567318945375,0.142,597.990331295797,1
5023,5,0.4962871287128713,0.9543626237623762,0.006729579207920792,0.021581064356435642,0.08842225555317478,0.18720091422041282,0.19991429183629741,0.2641954146132419,0.26026712377687305,0.15805267106250248,40246,10.602765899026313,46.69744189910636,3.843689385853456,0.175,548.4840821855752,1
5025,5,0.49803422756706756,0.8506012950971323,0.13020351526364476,0.006359851988899167,0.08520637515324887,0.19493257049448304,0.22394769105026563,0.2529628116060482,0.24295055169595423,0.17746643315820199,39420,10.58202858070671,14.46678811541981,2.671855547478113,0.166,450.8220361921626,1
5057,5,0.48029677018081657,0.5631525167710694,0.2957927939935137,0.12168465946954551,0.08443840869148427,0.23054801086435533,0.20003195398625978,0.26505831602492413,0.21992331043297653,0.2737012694697038,32056,10.375239652315981,30.93935561908951,3.432029018137138,0.183,541.5652557034891,1
5135,5,0.49212346683717956,0.9472185083996977,0.0033133755740277857,0.017555077602743708,0.08792796798577146,0.1760782570031125,0.1990884837705647,0.2586705202312139,0.27823477100933747,0.2394482433388352,30861,10.33724852979914,28.461101947425632,3.348538311076778,0.22,712.5688870605188,1
5143,5,0.5004352824044904,0.7334099686885254,0.032725541217155416,0.15652851460480685,0.17339817299092883,0.2585920531493548,0.21390698862910437,0.19425546186278267,0.1598473233678293,0.20739161265193204,41248,10.627357905738913,220.72028077446532,5.396896201992606,0.18600000000000003,322.3059415377436,1
5003,5,0.48477708477708475,0.6808962808962808,0.25456225456225456,0.04984984984984985,0.10397281333441218,0.19969253175823287,0.2169269358362327,0.2456509426328991,0.23375677643822315,0.18900729108244532,35683,10.482429663876848,23.391174573052975,3.1523587962250854,0.156,563.1253121984148,1
5031,5,0.4878757698327202,0.7929124575702758,0.13530762820382528,0.045102542734608425,0.14913253382009245,0.2507207560688514,0.21078489909415035,0.20669066343676964,0.18267114758013614,0.2060631623345811,41393,10.630867063391808,139.13626298419413,4.9354537621801935,0.147,417.2248755234372,1
5073,5,0.486335155312625,0.5996533795493935,0.3732835621917078,0.01839754699373417,0.11195121951219512,0.15414634146341463,0.2175609756097561,0.26634146341463416,0.25,0.2411909314394974,29732,10.299979185845183,14.199232207894477,2.653187893278801,0.215,732.4371034048048,1
39087,39,0.4859651093742477,0.9510022629154696,0.017028037683159736,0.007751689162079314,0.09858767928779469,0.20228609111391987,0.22446007583667638,0.2459471341429906,0.22871901961861846,0.1827916802079948,41552,10.63470093390253,137.4349043057452,4.923150381775522,0.136,536.1184338621122,1
39115,39,0.4972681236673774,0.9282382729211087,0.03551439232409382,0.0068630063965884865,0.08886283704572098,0.18862837045720984,0.19929660023446658,0.2675263774912075,0.25568581477139507,0.2022670196158284,37865,10.541782481547923,36.04027635361159,3.5846371006799833,0.157,469.60214784934703,1
39175,39,0.49636878930121336,0.9585067753077673,0.0037640598706934728,0.023602869542113186,0.09095142014589477,0.19773397485643335,0.2208598478969424,0.2577215582803042,0.23273319882042526,0.1109805162515257,44448,10.70207524555407,55.50243938407088,4.016426972652632,0.11699999999999999,361.8627409560804,1
39043,39,0.4900435837878748,0.8476524780123705,0.07995145757757653,0.035388991831302036,0.09246391105532144,0.18273110373890433,0.2004393436743477,0.26681162019187665,0.2575540213395499,0.13341310995878208,46498,10.74716457989777,304.6374991055741,5.7191225422257315,0.11800000000000001,420.8721192811292,1
39091,39,0.4896230132667805,0.9437584832961163,0.01587197337886948,0.012369193046981041,0.09036328871892925,0.19590822179732315,0.21640535372848949,0.2606883365200765,0.23663479923518163,0.1587840838440359,47542,10.769368809865203,99.6402932624245,4.601566633609485,0.11599999999999999,433.4418176922084,1
39153,39,0.4835854296222987,0.792775742625445,0.1420054210549639,0.016975878521100756,0.10776194322995998,0.20267878615960483,0.20900575347027373,0.2535257734501705,0.22702774368999093,0.15354771655788665,49669,10.813136275021739,1312.1614156822081,7.17943099218202,0.12,404.5823565353272,1
39149,39,0.4960561266905935,0.9379727071800799,0.02084473913660604,0.013930287730397227,0.09383936451897618,0.19848190644307148,0.22541924095322152,0.2616063548102383,0.22065313327449249,0.1140981041971141,50427,10.828282024901505,120.97136199178267,4.795553839830279,0.107,374.6732325622462,1
39171,39,0.49674401297078913,0.9360231773117508,0.010711532838954894,0.03827445977194801,0.09168619881428375,0.20359391516154235,0.20952249643825543,0.26540741762029507,0.22978997196562342,0.13704720087815586,43089,10.671023023099933,89.37322580262017,4.49282114965764,0.122,338.2169544722864,1
39029,39,0.5020545770372999,0.9467117428416668,0.021078092605390463,0.013205326957918527,0.08932982958568708,0.19022517348271467,0.2152129785526585,0.260436499819043,0.24479551855989679,0.16851736610789156,42300,10.65254236503437,201.3149261223592,5.304870478542471,0.146,435.7306409351012,1
39051,39,0.4895659726297505,0.9003544517734325,0.004037463909297904,0.07964601769911504,0.08864798527306197,0.1956228267539374,0.20916342810390673,0.2719574555123747,0.23460830435671917,0.11384060892039931,52856,10.875326513709721,105.07272292282762,4.654652709686365,0.11599999999999999,367.8452206213228,1
39053,39,0.4882854272659516,0.9402767426034544,0.025438283806993096,0.010240124436955184,0.10748560460652591,0.19984193293440217,0.20904369425313313,0.2538105453313763,0.2298182228745625,0.17695459542289882,39226,10.577095071221457,66.14579984138213,4.191861394083762,0.12300000000000001,548.6413640281422,1
39099,39,0.48478903781330024,0.7734366100922656,0.15221087359144087,0.04844051250247856,0.10311432240092276,0.18767183906795215,0.2021153888006268,0.25506539859409344,0.25203305113640484,0.1755173164887824,41058,10.622740980180552,575.8497460054467,6.355846769037189,0.125,471.6297430440926,1
39145,39,0.4958455770594792,0.9368223730874455,0.026129800385044078,0.0115639882460229,0.1170347749413966,0.21426267231553367,0.21333792124561818,0.2339835265274522,0.22138110496999935,0.23321493661119314,35379,10.47387370275808,129.3843297340437,4.86278727530588,0.142,562.0806294342692,1
39117,39,0.49854002061147373,0.9673365395625787,0.005267376617428146,0.011794343295545632,0.08730510058531307,0.18498844129654224,0.23151837096060204,0.26570262161231617,0.2304854655452265,0.136307997202145,51484,10.849026358769269,86.02267046559906,4.454610871579585,0.121,408.0055791929776,1
39135,39,0.4951961950059453,0.9710582639714626,0.005041617122473246,0.006349583828775268,0.09371035724516102,0.18705242050988255,0.2145107828293162,0.2635757253345337,0.24115071408110653,0.12225357547693123,48405,10.787358393154172,99.14646798076016,4.5965982313434965,0.11599999999999999,442.0593745940826,1
39003,39,0.5034137589121299,0.8204919967892724,0.11418858303036027,0.02488313895840219,0.1288712755027154,0.2015101847774679,0.19996085914183667,0.24412479410277738,0.22553288647520264,0.18550958548202967,42823,10.664830620408827,263.0957823183336,5.572518157200664,0.12300000000000001,371.59480496983383,1
39033,39,0.48452062378887145,0.9619590292516379,0.007843499123373628,0.012688013287810279,0.09483813096305961,0.18661828263883226,0.2186659055695996,0.2559324798173367,0.24394520101117181,0.1655758087597063,40783,10.61602060689591,107.88827883500171,4.681096236474665,0.132,445.8521422082084,1
39059,39,0.49385251032928507,0.9528734193063728,0.01805433829973707,0.009265055715537748,0.09604322816803207,0.1926965312881297,0.21500784382081228,0.25370402649468365,0.24254837022834233,0.202901501654365,38841,10.567231668726757,76.466623520356,4.33685435177708,0.138,498.7958078640162,1
39107,39,0.5017029722378771,0.9656220136727843,0.004459581975447796,0.015559530518732694,0.09522136331693605,0.19817287420941673,0.20989985945186226,0.25847680955727337,0.2382290934645116,0.0944203872380668,52535,10.869234893122876,88.24973132172413,4.4801706512957304,0.10800000000000001,333.4045742245752,1
39023,39,0.4842229045534723,0.8511574225299972,0.08647459767862198,0.02825867613219805,0.11096209322334126,0.19211498557619314,0.20752568449820336,0.24769725188521685,0.2416999848170454,0.1858598194870573,43136,10.67211319427198,346.5971273520465,5.848163089168817,0.126,522.380568855417,1
39093,39,0.49172411507357816,0.8000265146493437,0.07926222988200982,0.08580803393875117,0.09961478678110428,0.1874141154738573,0.22323781847671825,0.26004144984343674,0.22969182942488342,0.14597426464285593,51816,10.855454260862754,614.37463983987,6.420604904679277,0.121,381.243868859007,1
39113,39,0.4806247937766692,0.7248491423905689,0.20585049763903415,0.02373082938596246,0.11881476509642144,0.2152836920972731,0.20372768344767977,0.2428376491595774,0.21933621019904828,0.17687561788644626,43401,10.6782377612977,1162.2348896009776,7.058100059497561,0.11900000000000001,475.48268899230237,1
39165,39,0.5031680555942659,0.8859871605488819,0.032911545286472124,0.02332376413315124,0.07999718347324691,0.1968752200411526,0.2589874586322633,0.2694555497312564,0.19468458812208078,0.06299438266651382,72487,11.191162514419917,536.4228509346796,6.284922751049511,0.09,280.6830529380414,1
39007,39,0.4992710864283235,0.9052114841077007,0.03285565527842515,0.03514652650369415,0.09433224534203727,0.18910648714810283,0.2182952536379709,0.26086291309669524,0.2374031007751938,0.1874536158984085,40516,10.609452236806687,143.65372094977997,4.9674056879772595,0.147,491.12878433374,1
40071,40,0.49386409956203114,0.7694375785958978,0.017150166948527817,0.06749490481765752,0.11030398736675878,0.20979076194236085,0.19928938018160283,0.24607185155941572,0.23454401894986182,0.18174754695200462,41012,10.621619985789982,50.14738036965236,3.914966277144347,0.193,563.5229298330748,0
40035,40,0.504875916336001,0.6535072970609994,0.03127311856883449,0.027439639518461227,0.1050669772859639,0.18695398951659872,0.21025043680838673,0.2722189866045428,0.22550960978450788,0.17829069601257683,39236,10.577349971684207,19.529680017442608,2.9719353605988412,0.20800000000000002,619.0218270535228,0
40017,40,0.4958676994629682,0.7913188228798956,0.022451608585816338,0.07184682047078113,0.09118566720189301,0.2416969492098369,0.23859827037381334,0.23679540268739965,0.1917237105270571,0.06995015773410049,63629,11.060824620246043,133.32872345883345,4.892817683783426,0.139,345.7606933958034,0
40077,40,0.5059815116911365,0.6863331520754034,0.00906289650172195,0.029635671560630777,0.11352616619294432,0.20732319010198963,0.20080254138103995,0.2457782979434877,0.23256980438053837,0.16847722508099866,40970,10.620595370540917,15.280855306891203,2.726600757753685,0.2,562.3070274404164,0
40139,40,0.5139670085550881,0.504183012714468,0.012714468024767216,0.4364040270359692,0.1433546610512675,0.2506681785049,0.22199724629464648,0.2039361788288653,0.18004373532032072,0.12824864235841738,49901,10.817796321618971,10.364671641695992,2.3384030658582944,0.207,333.8473224935336,0
40127,40,0.49132035770647026,0.734788707697703,0.010082412765211293,0.02770471681571103,0.0954516335682255,0.19026265214606022,0.19282511210762332,0.2653747597693786,0.25608584240871235,0.2646087965028102,29897,10.30551341989678,8.171447075444393,2.1006460138053358,0.249,741.5497707272896,0
40069,40,0.487980331451466,0.7137133491167365,0.014933527590602805,0.04097614277909306,0.10716033273527972,0.19964116783558963,0.21513619311694668,0.2436796607404991,0.23438264557168487,0.22147020116563262,36192,10.496593378915847,17.08090957165521,2.8379614405522906,0.19699999999999998,788.991718522155,0
40007,40,0.5036574487065121,0.7562890276538805,0.007671721677074041,0.20767172167707404,0.08290816326530612,0.19610969387755103,0.20758928571428573,0.26339285714285715,0.25,0.0994925697716564,51422,10.847821375434926,3.088712450514473,1.1277543213919023,0.174,427.331271179363,0
40063,40,0.5354097412920943,0.6624512212747506,0.05390952449775979,0.03981789275906923,0.09251820236003012,0.23399447652523223,0.22206879236756213,0.23449661059502888,0.21692191815214662,0.21083395076973738,34619,10.452157943275468,17.197603421127525,2.84477003813029,0.223,692.1202112170886,0
40031,40,0.5171160035636603,0.5849860744355532,0.16618375324060325,0.11748842211716737,0.16068274680374325,0.27114801634374586,0.20200342691445894,0.20751285092922103,0.1586529590088309,0.17346947688383835,46036,10.737178978088382,116.51782917027889,4.758044301384547,0.184,380.4739559979496,0
40001,40,0.49935345788558433,0.4215008694876711,0.003567128907120881,0.05569180006242475,0.10384888959140125,0.21338812929739984,0.22713980874101003,0.24421085908480203,0.21141231328538687,0.264448970355284,32556,10.390716962446932,39.10706096321213,3.6663030379818253,0.257,562.1603563780926,0
40137,40,0.4877695920229696,0.8206281021166729,0.021411560462062364,0.06412339468939883,0.10064409056782708,0.20871695578298494,0.20678073260362745,0.24597937329592603,0.2378788477496345,0.14639889510267848,43885,10.689327855026217,51.62804914483754,3.944065112875284,0.168,529.1016035004498,0
40019,40,0.4864729458917836,0.7206287575150301,0.06899215096860388,0.05751085504342018,0.09653520088462957,0.22226317729450792,0.21953556948028013,0.24249907851087357,0.21916697382970882,0.16283072999681225,41401,10.63106031411106,58.26496792045489,4.0650010194450505,0.19899999999999998,643.5027174037627,0
40055,40,0.5666882486241502,0.773227581741664,0.06927808352217546,0.10278407251537715,0.10945802337938364,0.23831030818278426,0.23538788522848034,0.22343251859723698,0.19341126461211477,0.0990079365079365,39900,10.594131602877955,9.66333189431337,2.268338505349959,0.17300000000000001,462.349900861131,0
40091,40,0.4925336477060615,0.6910796738382945,0.03408979271048237,0.021662245800176835,0.08542484256639592,0.17413525600073013,0.19530893492744364,0.26412339143926256,0.28100757506616775,0.20725802425997106,36096,10.493937334857732,32.9153300910596,3.493938509460154,0.23800000000000002,771.604810760027,0
40099,40,0.5058580797288336,0.7518974283398423,0.013116203669589566,0.050917397391496574,0.0986798239765302,0.19469262568342446,0.20242699026536873,0.2592345646086145,0.24496599546606215,0.14526075371145794,44151,10.695370855832223,32.58671942909009,3.4839048258953365,0.17,676.7365820173115,0
40115,40,0.4899934434418808,0.6702051266040151,0.007243435636454463,0.04798776109151082,0.11926238867321307,0.20341402146608814,0.21174925782142043,0.23852477734642613,0.22704955469285226,0.21971046409949152,36473,10.504327539810888,68.02797666204353,4.2199190420661274,0.21600000000000003,592.3578857376635,0
40145,40,0.4945664646246473,0.7324945664646246,0.03415365093078823,0.049624039850425905,0.09100423275501186,0.21300990743755524,0.23491790315828642,0.24266244941625192,0.21840550723289456,0.11239173522304581,55723,10.928148267076118,131.91406006535425,4.882150650443749,0.171,416.9491469332272,0
40015,40,0.5172437088329674,0.5895963519675731,0.027596689748353317,0.10555649383550075,0.10314830157415078,0.22931707894425377,0.21162267723991005,0.24559119422416853,0.21032074801751688,0.20601759658206306,39267,10.57813975045983,23.159864475091315,3.1424208010076784,0.257,666.97507998109,0
40101,40,0.4885007854848069,0.5800416094654457,0.10991126144614122,0.053809247491402125,0.11520827714713021,0.219138450977027,0.20994434501189105,0.23750214529139185,0.21820678157255988,0.22865351809176068,38502,10.55846546697857,87.18242951446727,4.468002814218084,0.203,635.2053226262354,0
40013,40,0.48856751549478866,0.7340931776503633,0.016411708721186656,0.05134752431579192,0.14233208126337898,0.22755361686659398,0.2000080778706733,0.22218183286885576,0.207924391130498,0.18423069553554322,38897,10.568672405809952,47.628945538331244,3.8634406759645414,0.22399999999999998,522.154864994028,0
41029,41,0.4878386481861572,0.8317740606580635,0.0062403408786204945,0.11090743331854502,0.10366467349476052,0.20399705675888258,0.19570016153995787,0.236338878692795,0.260299229513604,0.1724759229732598,44005,10.692058542807912,73.68904721599915,4.299854175071207,0.18899999999999997,393.8851952006724,1
41023,41,0.493681206685691,0.9279793450197038,0.003261312678353037,0.03111835847261856,0.07128614157527417,0.15478564307078763,0.18070787637088734,0.25623130608175476,0.3369890329012961,0.17274604267033725,35051,10.464559422726214,1.6250266918197274,0.4855242413820167,0.18899999999999997,389.6662405267462,1
41005,41,0.492589322317177,0.8412117771961359,0.0070086090000315345,0.07886853142442686,0.09162938513933515,0.18951418740862014,0.21887831484578144,0.2560387319319565,0.24393938067430682,0.09775056751736948,64352,11.072123292572378,203.45801418151527,5.315459665077704,0.113,284.9440433484414,1
41057,41,0.5069169960474308,0.8621343873517786,0.004505928853754941,0.09284584980237154,0.07128933444722918,0.17759676970203286,0.1877610693400167,0.24568365357839042,0.3176691729323308,0.16147828212859588,43676,10.684554031133956,22.946180775998116,3.1331515076688548,0.204,406.6240619579228,1
41033,41,0.4873585156372685,0.8831764975900849,0.0033823369532391917,0.06525494364785041,0.0928965365100375,0.17339510258107213,0.1842488418266049,0.25129053606882856,0.29816898301345685,0.20240338725862111,37733,10.53829032212183,50.48765969696305,3.921728943983574,0.17600000000000002,520.9885916408714,1
41059,41,0.5214924121301078,0.68934290881451,0.005949728723822504,0.24307393913977932,0.11571839666462738,0.22769809439648336,0.21881585208347495,0.2264518614188929,0.21131579543652143,0.16541384551609783,48389,10.78702779414709,23.73061310044537,3.166765906626573,0.179,365.3144528874472,1
41009,41,0.4990979668781546,0.8994385097196602,0.0022702856100379055,0.042952992925627875,0.08839722675367047,0.1790715062533986,0.21805328983143013,0.25982191408374117,0.2546560630777597,0.13638225535575307,54968,10.914506476710912,75.04750082527455,4.318121257395423,0.136,388.9267419844602,1
41065,41,0.4970926782959535,0.7695106997349789,0.0038764289387286897,0.15572959930382502,0.10093978419770275,0.2081447963800905,0.18719108945353288,0.2398190045248869,0.263905325443787,0.1818989898989899,43765,10.686589690166539,10.615493724803372,2.3623146060663514,0.17,409.3451910972962,1
41039,41,0.4917228381751193,0.8415086223972924,0.008752568042514898,0.07628854893571263,0.1558015693772833,0.2077092541532152,0.1881959550893917,0.21474327888083725,0.23354994249927258,0.19993873204227489,42931,10.667349454681297,77.61317022463064,4.3517371321780365,0.163,346.758054287632,1
41067,41,0.49203866510503924,0.6925564483847534,0.016928955834605863,0.158272301374331,0.09636787936811872,0.2507509573958832,0.24684956917185255,0.22435674964097654,0.18167484442316897,0.1135654724994333,64180,11.069446914663848,745.0782210071386,6.613489207508462,0.12300000000000001,209.373632839919,1
41007,41,0.4916973921468364,0.8696342546491913,0.006243776408213796,0.0777511639798692,0.09889812138728324,0.19391257225433525,0.18402276011560695,0.24408417630057805,0.27908236994219654,0.1651649169215508,44683,10.70734839506515,44.818822530393255,3.802628196952127,0.166,431.219379206894,1
42023,42,0.4952,0.9758,0.0076,0.0056,0.07501744591765527,0.15561758548499652,0.18492672714584787,0.28785764131193303,0.29658060013956733,0.13122080032500508,41410,10.631277676539613,12.618901600329101,2.5351958169011763,0.102,NA,1
42017,42,0.4902911768323756,0.8637681576160147,0.035395869177302045,0.04446968498842609,0.0888279315028363,0.1793176915497084,0.21534528216463822,0.284777224426749,0.23173187035606807,0.05413479536519492,76555,11.245764715739195,1035.8592569670714,6.942986561242275,0.067,NA,1
42077,42,0.48590045104922913,0.7044605019484872,0.04965518024927003,0.19583432745946805,0.10508141060266996,0.20968053090516245,0.2198809707539162,0.2546541013967127,0.2107029863415387,0.13728020742695968,54923,10.913687483298979,1019.996175753116,6.927554157009637,0.107,NA,1
42031,42,0.48585095669687817,0.9675981873111782,0.012260825780463242,0.006520644511581067,0.1827924977671926,0.16790711521286097,0.19138348998426402,0.23361544677412496,0.22430145026155743,0.18346321489895653,42389,10.654644173598973,66.1081097274788,4.191291428098689,0.10099999999999999,NA,1
42059,42,0.5189771127678432,0.9186695167092436,0.05137896877117981,0.012564516969918149,0.11049045744995979,0.19559053785282043,0.21928822309677964,0.24087004358681394,0.23376073801362618,0.14664554548388042,44388,10.700724441620455,66.60659190310254,4.198803550172454,0.08800000000000001,NA,1
42079,42,0.48997123060091574,0.8730343767825027,0.03178036761245157,0.0742736739738239,0.11118916948821289,0.19118726791571808,0.21364166979193627,0.25322607055890384,0.2307558222452289,0.15564779703426404,44402,10.701039792450864,360.3449495862784,5.887061765971217,0.09300000000000001,NA,1
42037,42,0.4791035645543934,0.9410781695289536,0.01890452246310858,0.022112472210202773,0.17733559694412543,0.16869725870075397,0.19690917261696708,0.23628102062216008,0.2207769511159934,0.16624195706185896,44807,10.710119656197318,138.7288142609934,4.932521050957379,0.094,NA,1
42065,42,0.49536821059646785,0.9769632344773964,0.003465511496167944,0.006797734088637121,0.09815808780939878,0.18743483801212496,0.20651040661080433,0.2669421168475113,0.24095455072016064,0.15296220055647294,41262,10.627697258547892,68.99601335930807,4.2340487255267485,0.114,NA,1
42099,42,0.5009387006636395,0.9640455815578065,0.007160321341250437,0.014080509954593085,0.09259658193307482,0.17977165015079707,0.22113313227057302,0.2632845038058308,0.24321413183972426,0.09673770819010445,57375,10.957363947362847,83.06902773622029,4.419671921632014,0.098,NA,1
42113,42,0.5164355818663343,0.9629225736095965,0.01495560056083502,0.014332450537466896,0.10327733406774993,0.14348664279812723,0.1677223905260259,0.28504544202698984,0.30046819058110713,0.13906649616368286,40964,10.620448911195329,14.26634662399431,2.657903380770425,0.133,NA,1
44003,44,0.4822976791363779,0.9102265317458401,0.013946917187915088,0.03507257227038906,0.0908591658412686,0.19124064685057515,0.21790509066303165,0.27109668435143325,0.22889841229369134,0.08679526127642961,62279,11.039379569300081,982.7921769676256,6.890397680671943,0.095,355.224884364777,1
44009,44,0.4842332204032315,0.9203487407898789,0.013954369921106873,0.025823876424459238,0.14608829541532825,0.1422920704027184,0.19170936313679685,0.27143008840160343,0.24848018264355307,0.08857702835688827,72138,11.186336230202965,384.60977721080684,5.95222925459652,0.09,286.4849131271844,1
45071,45,0.485605373993709,0.6046009489790478,0.2950631764141387,0.07269286133176947,0.12240025710481613,0.19342546255911114,0.20848445893209677,0.24181626187961985,0.2338735595243561,0.1722608024691358,41718,10.638687969327073,59.542534803511536,4.086690927800526,0.177,522.7409490105296,0
45027,45,0.49342029320096964,0.46539882257878334,0.4927565508484359,0.027473161722267114,0.12979616306954436,0.1792066346922462,0.18660071942446044,0.2432054356514788,0.2611910471622702,0.249179829890644,31410,10.354881592532692,57.093334387810245,4.04468737408267,0.20199999999999999,559.6404784753468,0
45085,45,0.4832830136095499,0.4690510474244043,0.4617399786334711,0.034353662501741836,0.13786125339910202,0.228893948017454,0.1982546006450389,0.23464870676026053,0.20034149117814457,0.17888437088368364,41366,10.63021456635927,161.85611653580244,5.086707771044043,0.182,470.5804327454672,0
45011,45,0.47926246707442294,0.5174784588597705,0.4497968659315148,0.02035805169873655,0.1194344633650992,0.18012810498359633,0.20848304952351196,0.25597562880799873,0.2359787533197938,0.2905038057267126,35231,10.469681655831673,40.84479561190606,3.709779410788316,0.151,638.583748809342,0
45031,45,0.4737512070933193,0.5539899920990256,0.4080121733532321,0.017382143797735054,0.10736157980252468,0.18502687164104487,0.218872640919885,0.24481939757530308,0.24391951006124235,0.24026931613364516,36323,10.500206428423052,121.79566000716382,4.8023447225158655,0.187,651.9317857254867,0
45091,45,0.48183463673603716,0.7239211203200915,0.18772030103839193,0.04607810023643119,0.10485845117069377,0.20447541975059758,0.24117299772485096,0.24898482273997063,0.20050830861388705,0.13377117484529893,53740,10.891912882169482,339.31192559451654,5.8269198188133,0.162,367.420442167719,0
45021,45,0.48457373126810227,0.7377084570133304,0.1995790382643424,0.037940525662475036,0.12038680457800355,0.19058693922516678,0.23241936471020258,0.2392435277556766,0.2173633637309505,0.22955497430081762,34202,10.440039400873,141.56558235007984,4.952763089215706,0.18600000000000003,569.5832471620446,0
45053,45,0.5231816750629723,0.3807068639798489,0.4558800377833753,0.14578085642317382,0.1428843347503331,0.219275426686124,0.22942706681048156,0.2193388744369012,0.18907429731616016,0.2368635770234987,36413,10.502681132721646,38.77201602885927,3.657698750043545,0.24600000000000002,471.39329322302103,0
45061,45,0.5219163578613023,0.3267866596082583,0.625198517734251,0.019587083112758072,0.12709351011863224,0.20961270062805304,0.18710746685275645,0.24956385205861828,0.22662247034194,0.27962553785323874,27373,10.217312405089107,46.05250326682659,3.8297821209812413,0.19,657.2775290051942,0
45001,45,0.4881306225973923,0.6904054214718821,0.2896207347521103,0.005706812507430745,0.11387076404967375,0.15309057742229706,0.223531888023574,0.24928085315372203,0.2602259173507332,0.21595051816655061,35947,10.489800910432063,51.445103204182,3.940515281932905,0.17300000000000001,481.9503260705744,0
46085,46,0.526813880126183,0.5783385909568874,0,0.0028916929547844372,0.10700197238658778,0.21449704142011836,0.1834319526627219,0.26528599605522685,0.22978303747534518,0.1702184336707512,47596,10.770504003075045,2.316777267810682,0.8401771112700158,0.203,NA,0
46039,46,0.5160476845483724,0.9628610729023384,0.008253094910591471,0.024530032095369098,0.08935993349958438,0.1828761429758936,0.200332502078138,0.2747298420615129,0.25270157938487114,0.04722028378692719,51632,10.851896914291743,7.005135814840866,1.9466435678723786,0.10400000000000001,NA,0
46009,46,0.5790295119182747,0.886066969353008,0.007945516458569807,0.019721906923950056,0.09278350515463918,0.21747668139420717,0.19980363279332353,0.27270495827196856,0.21723122238586157,0.14735560194850383,40980,10.62083942179289,12.503082307819216,2.5259751985368006,0.126,NA,0
46047,46,0.49750035709184404,0.8688758748750178,0.005427796029138694,0.019997143265247822,0.06273909716908951,0.12828360112216272,0.1642438153532262,0.2948227492986483,0.34991073705687326,0.17363392057330546,37667,10.536539658544733,4.02375978136863,1.3922167345365637,0.141,543.3519781244436,0
46071,46,0.5041720154043645,0.5105905006418485,0.0016046213093709885,0.018613607188703467,0.15780141843971632,0.2322695035460993,0.21335697399527187,0.22872340425531915,0.16784869976359337,0.22283669486011712,46224,10.741254422706016,1.6717509498828809,0.5138715501485179,0.22399999999999998,732.073378833349,0
46069,46,0.4664744051910598,0.859408795962509,0,0.01514059120403749,0.10298102981029811,0.22493224932249323,0.14092140921409213,0.34552845528455284,0.1856368563685637,0.08142116950407106,47813,10.775052848030553,1.6118086189345098,0.47735691429099225,0.12300000000000001,NA,0
46067,46,0.4977206796518856,0.9610443431413178,0.0024865312888520514,0.017129437767647464,0.07771017699115045,0.17616150442477876,0.20464601769911506,0.2762721238938053,0.26521017699115046,0.13229181596674788,42451,10.65610574858806,8.905110566561365,2.186625332898274,0.121,NA,0
46017,46,0.5147507629704985,0.17192268565615462,0.00508646998982706,0.013733468972533061,0.19019607843137254,0.23333333333333334,0.23333333333333334,0.22156862745098038,0.12156862745098039,0.3560876209882832,30962,10.34051592510041,4.1706973507798315,1.4280832522321023,0.20199999999999999,NA,0
46041,46,0.4952943347481085,0.21738328104816387,0.004059789629082856,0.0241742018822661,0.1381118881118881,0.23251748251748253,0.20804195804195805,0.2517482517482518,0.16958041958041958,0.3327042838271372,30710,10.332343613434867,2.35353490606273,0.8559184133032396,0.21,898.3580465967244,0
46063,46,0.5180451127819549,0.9443609022556391,0.0030075187969924814,0.012030075187969926,0.10677083333333333,0.19921875,0.19270833333333334,0.2838541666666667,0.21744791666666666,0.17633228840125392,44353,10.699935629192945,0.4978709466098919,0,0.127,NA,0
46109,46,0.5014691478942214,0.6044074436826641,0.003623898139079334,0.015670910871694418,0.10445497630331753,0.18559241706161136,0.1990521327014218,0.25497630331753557,0.2559241706161137,0.19615500150195253,47191,10.76195847542619,9.273042511586763,2.22711153625563,0.151,461.4405057097954,0
46083,46,0.5009958666181227,0.9467586147816589,0.008009765917803524,0.014927291028633842,0.08092902481246393,0.2802582227351414,0.24552798615118293,0.21689267166762838,0.17639209463358338,0.04516631679182808,74751,11.22191786908987,80.8846329071385,4.393023854317239,0.063,139.4532101116898,0
46081,46,0.49796338202016044,0.9200576013166015,0.0030034972227936637,0.02880065830076116,0.15611843467458072,0.18897094347435986,0.1707502243080958,0.23307336600179446,0.2510870315411692,0.14443351439202773,43273,10.675284162916334,30.37992087846157,3.413781892768632,0.115,284.0931000151468,0
46005,46,0.49731076261110796,0.8431183830606352,0.0052652437298307195,0.0811866613825511,0.10163703926885607,0.2239630410766295,0.18097820628703426,0.2631314653007934,0.23029024806668674,0.20391045294151675,42196,10.650080708801699,14.032620698969579,2.641384669184689,0.128,356.8689436058294,0
46035,46,0.50489246763836515,0.9318112322902864,0.004331872388135766,0.01809193762103761,0.13601361031518625,0.22707736389684813,0.18427650429799428,0.23361389684813755,0.2190186246418338,0.12218890554722639,48341,10.786035340845325,45.05056766654039,3.807785584786065,0.087,292.2159268920472,0
46073,46,0.48418491484184917,0.9372262773722628,0,0.046228710462287104,0.05084745762711865,0.2033898305084746,0.18544366899302095,0.2622133599202393,0.29810568295114653,0.12218327491236855,46591,10.749162668413938,3.9051142744753755,1.3622870464935353,0.115,NA,0
46055,46,0.4974279835390947,0.9259259259259259,0.00205761316872428,0.00205761316872428,0.03564356435643564,0.21386138613861386,0.14554455445544554,0.3237623762376238,0.2811881188118812,0.14852008456659618,47198,10.762106797794535,1.073716373180509,0.07112587664829503,0.149,NA,0
46093,46,0.519371768156209,0.8925291348305935,0.013004553523192098,0.0349617967122019,0.13201723361841683,0.2280239212912353,0.18584013889782008,0.23348980772940647,0.22062889846312134,0.11042208441688338,49324,10.80616605699042,7.465894397669365,2.010345235960181,0.12300000000000001,292.977499620714,0
46013,46,0.4878048780487805,0.9176626466929858,0.009869666324157698,0.016791952841923096,0.12877971028081198,0.2216961230134546,0.19230228306220992,0.24110449580422857,0.21611738783929493,0.08815604827392647,51398,10.847354540180387,21.589264562770982,3.072196180156397,0.086,296.5548715335412,0
46087,46,0.49884032114183763,0.9619982158786797,0.0032114183764495987,0.022836752899197146,0.06888440860215053,0.19657258064516128,0.20329301075268819,0.2849462365591398,0.24630376344086022,0.07819383259911894,52703,10.872427658905435,9.761339175623995,2.278429601629698,0.10300000000000001,NA,0
46101,46,0.5043343653250774,0.8021671826625387,0.007275541795665635,0.02089783281733746,0.10905629589339136,0.18166983954310578,0.20505847158009247,0.2629861299972804,0.24122926298613,0.11941231634885902,51791,10.854971667978388,12.437763050987128,2.5207372520891673,0.13,NA,0
46121,46,0.4944291117244199,0.09659613615455381,1.0221813349688235e-4,0.029132168046611468,0.16704013037278467,0.26135669179058874,0.20065186392340598,0.19902220411489102,0.1719291097983296,0.4461393793751959,31934,10.371426551899647,7.045448653133183,1.9523818272310973,0.18600000000000003,941.5489570555771,0
46097,46,0.5010615711252654,0.9592356687898089,8.492569002123143e-4,0.011464968152866241,0.045112781954887216,0.19047619047619047,0.20551378446115287,0.27485380116959063,0.28404344193817876,0.09452954048140044,48477,10.788844737640357,4.129325929186005,1.418114180380052,0.1,NA,0
47165,47,0.48785761403337324,0.8668674110087708,0.06685030905670519,0.03996970511348367,0.09473954060705496,0.20096390484003282,0.23807424118129614,0.2563166529942576,0.2099056603773585,0.10381574636691247,55509,10.924300448749825,309.2346949375672,5.734100519142683,0.133,380.8736602248332,1
47169,47,0.5033788091291598,0.857835012112712,0.112584470228229,7.650133877342854e-4,0.08610867659947415,0.20179666958808062,0.21735319894829097,0.254601226993865,0.2401402278702892,0.13604469854469856,43034,10.669745779913397,68.68196824674017,4.229486693841411,0.16399999999999998,555.209029795254,1
47027,47,0.4952661207778915,0.9553480040941658,0.02533265097236438,0.01663254861821904,0.08674418604651163,0.17488372093023255,0.2111627906976744,0.2704651162790698,0.2567441860465116,0.20579860212270257,29727,10.29981100272701,33.04359590083539,3.49782777750175,0.187,768.56880234834,1
47157,47,0.4771528932308164,0.3825155238557688,0.5204942765663472,0.056986726607561856,0.12183698750235152,0.232940408116905,0.21923061906130983,0.23145495912796868,0.19453702619146496,0.20814829561116047,46250,10.741816742940571,1222.4197889341094,7.108587606872607,0.149,460.5770434167744,1
47077,47,0.48603851936707954,0.8807188372592539,0.08333929977804826,0.02022624758358989,0.0968096809680968,0.20462046204620463,0.22527808336389193,0.24905268304608238,0.22423909057572425,0.18775198866732049,38280,10.55268284556689,53.71169047422189,3.983630677527857,0.142,579.989301771581,1
47089,47,0.4912768793832957,0.9274522305299562,0.02480727989335188,0.03268996696226743,0.11200716845878136,0.1809703969202177,0.2159166334793575,0.25998938006106465,0.23111642108057878,0.18287399205680588,39745,10.590239326007213,188.84770028969857,5.240940871640309,0.16699999999999998,518.4467908782748,1
47153,47,0.4943835903160539,0.889136956673411,0.0023023791250959325,0.03314030558850206,0.09340126152353227,0.18595342066957787,0.2264677341096555,0.2527899078117419,0.24138767588549248,0.17364165129805645,36434,10.503257683590775,53.91223886435616,3.9873575182683965,0.158,529.9403587819075,1
47017,47,0.4847677475898335,0.8542681858019281,0.0988957055214724,0.021910604732690624,0.11589281304025685,0.1832551247221536,0.21394171400345766,0.2491973326747345,0.2377130155593974,0.2009367851566755,35049,10.464502361385257,47.60100925820857,3.8628539639161374,0.159,617.8557526628327,1
47037,47,0.48370366309259943,0.5733613201857783,0.2753718309197284,0.09745220435623712,0.12798250489331367,0.2844211391150956,0.21198318149964962,0.2047531595099437,0.17086001498199743,0.18469841311100424,47335,10.765005258562992,1266.5738156033433,7.144070750888492,0.16,376.69565758684183,1
47135,47,0.5034982826612391,0.9402111690624603,0.02277063986770131,0.01933596234575754,0.093938716170879,0.1992842764482219,0.21136211138447775,0.23395213598747483,0.2614627600089465,0.2106631989596879,32845,10.399554805326574,18.95445481528991,2.942038986501901,0.187,586.8850378589088,1
47121,47,0.49402016060140097,0.9538698103536648,0.0182812233042884,0.0029044934221766614,0.09977452085682074,0.1741826381059752,0.21265501691093575,0.2495772266065389,0.2638105975197294,0.2068306248370557,35150,10.46737989723881,59.99323500169125,4.094231805893532,0.146,738.4425454227904,1
47075,47,0.4707786951594625,0.4500566618099401,0.4933354918784739,0.03998704872915655,0.09769259397097134,0.20329363602530703,0.1959434313360625,0.2638630442873093,0.23920729438034982,0.21121301452123595,34542,10.449931253903864,34.760050420924685,3.548468750940578,0.162,530.4109965302782,1
47125,47,0.4944494483224499,0.6661281242963296,0.1859097050213916,0.08520040531411845,0.1539841968888197,0.2898854594896492,0.21872567959787217,0.1960922550105751,0.1413124090130838,0.16394356804488802,49617,10.812088795925902,329.465092168249,5.797470406504075,0.138,325.14519047857124,1
47061,47,0.49469136706450906,0.822655048692978,0.0038075712089038587,0.009445705499011496,0.0962012187216388,0.19577336963568,0.2179437313626345,0.24620770128354727,0.24387397899649943,0.2968388012854047,26814,10.196679418161507,37.87992255931479,3.6344212239471183,0.187,848.8518511420909,1
47029,47,0.48702101359703337,0.9397685133161029,0.015114057759298798,0.01910327003034049,0.08867252434101164,0.17962479221087627,0.21928283068154833,0.25732605081928284,0.25509380194728093,0.2611566484517304,30573,10.327872545496803,81.91179685432559,4.405643020221652,0.175,729.0416665396418,1
47041,47,0.5029933774834437,0.9033112582781457,0.01690066225165563,0.06871523178807946,0.09954954954954955,0.20351351351351352,0.21837837837837837,0.24162162162162162,0.23693693693693693,0.19027289921642798,37482,10.531616096721624,62.01802547749773,4.127425076298323,0.18600000000000003,652.4403229141052,1
47101,47,0.4937339198273716,0.941239936924226,0.01344509917835505,0.01917171549506183,0.08530318602261049,0.18675671707531932,0.20936720011745705,0.26457201585670237,0.25400088092791073,0.19903528814419905,34397,10.445724630256212,42.71346986234841,3.754514323940383,0.18600000000000003,533.7249444642111,1
47131,47,0.47858455300006336,0.8456567192548945,0.10628524361654945,0.03307356015966546,0.09780286011725385,0.187386992493562,0.22727521779628512,0.24919182510547366,0.23834310448742535,0.17904817179338364,39467,10.583220158674212,57.94818698506411,4.059549283447584,0.161,558.9805878248122,1
47167,47,0.49202257822441187,0.7654899017912493,0.18144148259323306,0.022366145714378935,0.10631413004397489,0.2020079099482811,0.2325690737616506,0.25834554857980474,0.20076333766628868,0.13440815581051688,52423,10.867100705304681,133.7315594961232,4.895834503344589,0.138,431.9201008769296,1
47045,47,0.4890556761421585,0.8061141766259577,0.13316247809827664,0.02782499542352049,0.09699570815450644,0.1971086514569686,0.22755816580076801,0.25050824486107975,0.2278292297266772,0.1783239986197011,38953,10.570111070155717,74.63787776166394,4.312648123145366,0.132,552.9505312396092,1
47065,47,0.48161877919952606,0.7190364046420098,0.19959058341862845,0.046094558806709034,0.11664160376765484,0.21632585959296563,0.21213366664571376,0.2340907002944689,0.22080816969919687,0.1655805981145409,46702,10.75154226929242,628.6016101587114,6.443497685859887,0.136,424.4680493575564,1
47139,47,0.498594749745859,0.9619685463134605,0.0026311068588171977,0.015667045386593314,0.09023789991796555,0.17165709598031173,0.23718211648892534,0.257895816242822,0.2430270713699754,0.1725018234865062,39074,10.57321256315158,38.47233341615364,3.6499393704005247,0.18600000000000003,619.764646114084,1
47185,47,0.4933425690756561,0.9445085815439083,0.018240591087508657,0.018317555606865234,0.10170739872782056,0.1917643120187479,0.2125878808168731,0.25028456645463676,0.24365584198192167,0.1988770221454374,34474,10.447960695714336,68.98822055204381,4.233935773386469,0.156,616.5329884488468,1
47163,47,0.48287301982250974,0.9417701813820252,0.01896759622562061,0.015541562194958562,0.09182130885349342,0.17849396402515172,0.22740617400258528,0.25678636373595076,0.24549218938281883,0.18272946074286087,39479,10.583524163945977,379.18488108514794,5.938023899029971,0.14400000000000002,516.8347457341056,1
55139,55,0.5021327296556655,0.9041224830215656,0.016394614559752173,0.03575002978672703,0.14072653669969107,0.21418402626456318,0.20480935917177528,0.24158168453470466,0.1986983933292658,0.12273050963883515,51010,10.839776970916972,386.3406730235887,5.956719552826608,0.073,280.5468481592408,0
24009,24,0.4939103568709981,0.7956275466798012,0.1342967805489634,0.02975417543545426,0.09268573337540134,0.16985579332232142,0.21816595831554722,0.3090514281472133,0.2102410868395167,0.048815782036063536,95477,11.466640659766432,419.09998498723917,6.038109519109597,0.07400000000000001,319.5788877871774,1
24031,24,0.4809343145954315,0.4837590477364741,0.1679781378793177,0.17497680585846623,0.08911096681905227,0.22335916307676082,0.23308404499714894,0.251208812216337,0.20323701289070095,0.06727674139368575,98221,11.494975320767226,2014.1800372108928,7.607967462138663,0.1,172.3187050712216,1
24037,24,0.49848242886093447,0.7623343512733589,0.13880406055342318,0.04085768451330326,0.11537748385302389,0.2138199573534411,0.2246979202076702,0.26329614635804566,0.18280849222781914,0.07241174099172602,85672,11.358281330080711,299.7900218377289,5.703082302385225,0.076,324.2100261585096,1
24019,24,0.47987245914707055,0.6576631817763743,0.27623631848422603,0.038016985007818006,0.10458572173006775,0.1900468994267848,0.19869723814486712,0.2631578947368421,0.24351224596143825,0.1650990407375109,46361,10.744213867540292,60.31640361339954,4.099604100128476,0.12300000000000001,422.6248897691198,1
24015,24,0.49613052693843346,0.8666929560802484,0.06458323064031153,0.03612165426134963,0.10294910546523976,0.18537701168205212,0.22795523241565233,0.2675925169512295,0.21612613348582632,0.1041305936164463,66689,11.107795300762092,292.93361018618253,5.67994599694721,0.10099999999999999,428.276191911742,1
25001,25,0.4766278794517496,0.9176649694359222,0.022390449711996805,0.023374441283087875,0.08586440250514901,0.1479467025345719,0.18359043335715186,0.2805514690429154,0.30204699256021184,0.09304440852259072,60526,11.010828303768077,547.2095864351334,6.304831885224937,0.040999999999999995,359.8592162105556,1
25003,25,0.48050863686851275,0.9017886552529779,0.026075299705082537,0.03609483319927994,0.1095874278685736,0.17051149523049344,0.19290004318071785,0.2679298117059001,0.25907122201431504,0.12833075399530106,48450,10.788287617318913,140.85183287028295,4.947708507161271,0.036000000000000004,348.1185976426142,1
25023,25,0.48641899852428494,0.8405785446313326,0.08202482578922607,0.03305682106050432,0.09531569334392548,0.16970511749808187,0.22707582207918306,0.2774835516265048,0.2304198154523048,0.07630035197497066,75092,11.226469307444253,754.6728369305465,6.626284326766257,0.037000000000000005,303.754629022156,1
25021,25,0.47905199499184997,0.796611821123999,0.05763359004039593,0.034875445890718386,0.09578197914983425,0.19931544077681312,0.2246828159965527,0.2670172706751086,0.2132024934016913,0.06588819212484717,84916,11.349417811551893,1709.8900544047663,7.444184351759923,0.027999999999999997,238.918964199702,1
25019,25,0.503423317683881,0.7952856025039123,0.056827073552425666,0.09976525821596244,0.06577750833585935,0.24749924219460442,0.24098211579266443,0.23097908457108215,0.21476204910578964,0.10398888668386584,85478,11.356014311873448,227.3515677118079,5.4264975758347,0.045,NA,1
26115,26,0.4927348620944732,0.9232471203635211,0.022403043432315334,0.031629768572334356,0.09825407180530524,0.18070743816273951,0.21791483762536074,0.27009365428631454,0.23302999812027997,0.12253912671576161,53972,10.896220672550678,275.59092381787934,5.618917606151207,0.091,389.5840469011492,0
26059,26,0.49645954845791274,0.9568689064416848,0.004928652906613865,0.01887523405720681,0.11587260002245593,0.17852464538343502,0.20307646244245667,0.2572326808638048,0.2452936112878476,0.1974040381628578,41759,10.639670275909648,77.68004774857765,4.352598438665909,0.124,386.10671311974437,0
26127,26,0.5018899304505594,0.8325899606894466,0.0034396734200181434,0.13845630480798307,0.09136778944497477,0.1800763671075958,0.20285012955134324,0.2702168280376381,0.2554888858584481,0.199035443619383,40023,10.597209567846916,51.66471055771563,3.9447749673611767,0.183,396.3677407805032,0
26035,26,0.4974532005320702,0.9539305064399961,0.004542062745352496,0.016416312493916882,0.09706184977706642,0.1643420601349034,0.195381273579513,0.2655767691780039,0.27763804733051334,0.2647525275887134,32668,10.394151284478166,54.620203255274085,4.000403837299603,0.142,556.8501496433364,0
26083,26,0.5213204951856947,0.9692801467216873,0.016506189821182942,0.002751031636863824,0.044180118946474084,0.16482582837723025,0.1622769753610875,0.2659303313508921,0.36278674596431604,0.1584622597280825,39038,10.572290809706557,4.038051367123856,1.3957622407418444,0.15,NA,0
26139,26,0.4908713677406307,0.853473748862432,0.012193980158566682,0.08879209937944026,0.1524619185650643,0.20073406869897348,0.2118294003592527,0.24040101420799045,0.19457359816871908,0.11244103522188587,56453,10.941163712541249,473.88223267733514,6.160958836557977,0.10300000000000001,212.66714862864941,0
26007,26,0.4921255825028062,0.9644205585223987,0.005136229123439573,0.011394945406306338,0.08920829126328919,0.17194274514462196,0.19065154124844094,0.2821167666448892,0.26608065569875866,0.17282030007605614,38016,10.545762402722318,51.40943587591369,3.9398217329652656,0.124,450.37012967995423,0
26111,26,0.49148398177524394,0.9243338660814389,0.013763984637771046,0.021898332577944227,0.10892813740581707,0.18779875232925544,0.21315725512436198,0.2686137891922547,0.2215020659483108,0.13372354795137326,53076,10.879480127656327,162.40486738091593,5.090092398835804,0.092,277.6159156155462,0
26129,26,0.49955889863955055,0.9596508334494126,0.0019965640525607094,0.015508195198959929,0.08298999411418481,0.16362566215420835,0.18506684604389137,0.27268140923232154,0.2956360884553939,0.2153222766679231,34619,10.452157943275468,38.22086717019705,3.643381627466225,0.14300000000000002,518.0314460976916,0
26039,26,0.5066704715702361,0.9606192480559321,0.007918955553970179,0.014411072269387173,0.07645145145145145,0.15903403403403404,0.1816816816816817,0.30092592592592593,0.2819069069069069,0.16798171226310743,40295,10.603982670758612,25.197742144243907,3.226754393052648,0.129,497.7530104512464,0
26057,26,0.5286371832589921,0.8732086931764259,0.054189997152889816,0.054189997152889816,0.13463437759254138,0.21289456010745467,0.2094575909611662,0.24473590645123058,0.19827756488760717,0.1913907284768212,40359,10.605569697153653,74.14365729404147,4.3060045260721695,0.102,354.4885113208464,0
26091,26,0.5054720868298076,0.873634490729109,0.022571730063815888,0.07622732526003718,0.1110864971712903,0.186558516801854,0.21487969463567583,0.25414082202985483,0.23333446936132507,0.1413309333474509,47766,10.774069368316633,132.7520995790836,4.888483476035271,0.105,343.9772490510908,0
26097,26,0.5040093702135328,0.7535814037300658,0.010631588431390216,0.01315433822866925,0.06718799872326843,0.14762208745611236,0.1878391318225343,0.2842323651452282,0.3131184168528567,0.15328266642248878,38704,10.56369823284981,10.864660145325475,2.385515333451612,0.191,434.0272833678008,0
26061,26,0.5427193511262125,0.9317970077272977,0.007014851756453115,0.012824025867265852,0.24474368060477203,0.18143160878809356,0.16480037798251831,0.20411055988660523,0.20491377273801087,0.2300166954687912,35430,10.475314197859518,36.16493525412274,3.5880900100085515,0.133,268.43530431991496,0
26085,26,0.5107531562908141,0.8547670875054418,0.08384849804092294,0.022986504135829342,0.06895465994962216,0.1443639798488665,0.18844458438287154,0.26983627204030225,0.3284005037783375,0.2790363178712693,29379,10.288035412388904,20.242522516171107,3.007785466899169,0.175,475.8178557044078,0
26141,26,0.5024935771497657,0.9669034305576545,0.0041559619162762585,0.009067553271875473,0.06539700322083741,0.13877608178126313,0.17588573028987536,0.282033328665453,0.33790785604257106,0.12866349547337733,39652,10.587896667152789,20.090509003080218,3.0002475146472634,0.14800000000000002,431.0679823622058,0
26077,26,0.48979083172774496,0.7946970086602865,0.10865118708038755,0.04178222287280971,0.19418556487522004,0.21359506057781918,0.19067127472299886,0.21076680128404265,0.19078129853991924,0.19102162370016446,45775,10.731493369542711,450.0300894850603,6.1093144460513225,0.10800000000000001,316.8930850300742,0
26123,26,0.5038318144159072,0.9071872410936206,0.012531068765534384,0.056027340513670254,0.09594471722131297,0.1806510274595381,0.20578286961265685,0.2741953082378614,0.24342607746863065,0.18632424434580427,42571,10.658928549267461,59.37009655633765,4.08379067463022,0.14800000000000002,433.5988055672184,0
26025,26,0.487980875647439,0.7962799002464326,0.10643085867752741,0.04582613956645565,0.10851690183737692,0.2029235610597909,0.21414069637600244,0.24668815348695564,0.22773068723987414,0.17784379984729246,42110,10.648040521155973,191.9111681272328,5.257032598960846,0.11699999999999999,492.45897508919,0
26081,26,0.4904207079390495,0.7571627314845196,0.09261513524864488,0.09797652015276993,0.12487843631432602,0.23927020696645526,0.2109633322832057,0.23540482419494022,0.18948320024107276,0.15534416210463808,51667,10.852574558825365,719.6947156141817,6.578827116002686,0.11199999999999999,281.2695218452694,0
26145,26,0.4842009444732223,0.7035973466236842,0.18264341861084987,0.07878153901861286,0.12475599705027546,0.19105539409187525,0.20355702077820675,0.2480024291849217,0.23262915889472086,0.1923555629005686,42331,10.653274957143324,248.5158364932997,5.515506571849377,0.105,424.2946715062772,0
26017,26,0.4906347845534516,0.9099075592664381,0.012132846280005964,0.04821455196063814,0.10505916598114282,0.19222615958995126,0.2047554261849016,0.25828956527241664,0.23966968297158767,0.14716913566285952,45376,10.722738609891799,242.62155721656242,5.49150285165769,0.10800000000000001,414.503634488081,0
26041,26,0.4947656017529148,0.9396759271782942,0.0024075526821218927,0.009413801498633917,0.08788363773300696,0.17275466013933347,0.18960647712295237,0.2692524948220674,0.2805027301826398,0.16352928225451344,42676,10.661391980311352,31.566156830866127,3.4520855603121663,0.129,376.7058543867738,0
27071,27,0.499509470983322,0.9367594898498226,0.007772998264281941,0.008225794279677005,0.07095665961945032,0.17137949260042284,0.1900105708245243,0.2760306553911205,0.29162262156448204,0.14119010819165378,41108,10.623958028744964,4.268911461403898,1.4513588676694171,0.10300000000000001,374.4024940177044,0
27097,27,0.505163355275077,0.9657286067999276,0.004136723232079232,0.012893290657648408,0.08991796771632707,0.20714474728764223,0.19809473405662872,0.27102408044456205,0.2338184704948399,0.12617794639579,47649,10.771616922503265,29.436599938492282,3.3822387959713596,0.094,337.1401773193474,0
27147,27,0.49126314636283963,0.885407537248028,0.022841805433829975,0.06614263803680982,0.09225287688381723,0.20925417689826184,0.22697289229139583,0.2566324811016419,0.21488757282488324,0.10348668820318592,56480,10.941641872167123,84.98178728950646,4.442436966349547,0.061,238.1643810523924,0
27001,27,0.5101671656686627,0.9474176646706587,0.003929640718562874,0.01029191616766467,0.06461939767607304,0.15046241403841593,0.1639791320844202,0.28764524543514347,0.33329381076594733,0.12117758784425452,41617,10.636264016619267,8.80074964469279,2.174836904752871,0.12300000000000001,411.5972766342324,0
27101,27,0.4956592198171085,0.9512675078134043,0.0030096075934714665,0.029285796967241578,0.07177033492822966,0.18029578077424968,0.1857329273597216,0.26989995650282733,0.2923010004349717,0.10588235294117647,52160,10.862071196600535,12.259082562558358,2.5062670959428055,0.08199999999999999,NA,0
27067,27,0.5044836152845144,0.8466579912457116,0.02344729681769786,0.11162900745297527,0.12190673575129533,0.20368911917098445,0.19117098445595854,0.24667357512953367,0.23655958549222797,0.13589780600461893,50149,10.822753853011813,53.044422272005626,3.9711297185710426,0.076,253.6811024337232,0
27133,27,0.49276117071138426,0.9511509217789813,0.008019997916883658,0.022081033225705655,0.07418397626112759,0.19782393669634027,0.2059347181008902,0.26706231454005935,0.2549950544015826,0.13118416852856687,46623,10.749849260583721,19.900301582531014,2.9907348865166683,0.081,NA,0
27155,27,0.504704875962361,0.9281437125748503,5.702879954376961e-4,0.015112631879098944,0.07163000564015792,0.1883812746756909,0.19063733784545966,0.2915961646926114,0.2577552171460801,0.08957415565345081,45714,10.730159875701064,6.110799404776425,1.8100576001042457,0.10099999999999999,NA,0
27053,27,0.4919278025461656,0.7130630442080841,0.11572982933019427,0.06735131635035362,0.11049832631465284,0.2622287010042112,0.20982345319080012,0.22871720116618074,0.18873231832415505,0.1278120416273128,64403,11.072915494858382,2114.5990451434363,7.656620496744099,0.07,243.8357087457642,0
27023,27,0.4904661016949153,0.9084908735332464,0.005541069100391135,0.05158083441981747,0.0942146327101428,0.21448549977918446,0.1801854850581481,0.261887236861475,0.2492271455910496,0.10627177700348432,49434,10.808393725543645,21.117768730146167,3.05011480601013,0.08,347.5342455073378,0
1037,1,0.5063404179317735,0.6579746383282729,0.3057688873013038,0.02045008037149491,0.08562149394744611,0.15795689400649543,0.22527310304103926,0.2651313847062297,0.2660171242987895,0.2089442815249267,37277,10.52613179345847,17.203184386550852,2.8450945054363,0.141,611.3379061561315,0
21005,21,0.4844032444959444,0.9467902665121669,0.0260486674391657,0.014229432213209733,0.08682194536872244,0.19956666408728624,0.2469240888338621,0.2569836725218603,0.209703629188269,0.11305404899943894,52646,10.87134554126669,106.89583415910262,4.6718548477590645,0.13,391.3636055684654,1
21027,21,0.49842963258387757,0.9505957425594497,0.024477790517971984,0.010618674909018395,0.09298306256481162,0.18276875216038715,0.20584168683027998,0.26780159004493603,0.2506049083995852,0.19583818540833375,38907,10.568929462003851,35.36669652239532,3.5657706011285306,0.18,501.8908105911666,1
21071,21,0.4915331575745285,0.9757909146217806,0.009379436219833705,0.006337456905293044,0.09818451278251204,0.20690790827878638,0.2185583137787658,0.24152978469391956,0.23481948046601622,0.2890400682894022,30476,10.3246947675929,100.2885507633248,4.608051538535292,0.166,776.7844412665582,1
21073,21,0.48655598299250863,0.8273739623405547,0.10344199230613485,0.027718161571168253,0.11330881622105159,0.19318821853361162,0.21912997382632607,0.23814730146108737,0.23622568995792334,0.16623442342969194,46071,10.737938963793802,237.74109854775278,5.47118226033659,0.127,444.0167332263248,1
21117,21,0.4933344939935832,0.8964919043947571,0.04501081901161489,0.02723406372024772,0.10300133662764795,0.24326623192514885,0.2170095994167443,0.24221313135404432,0.1945097006764146,0.13709280147532493,54270,10.90172686705745,1003.606864274571,6.911355654120701,0.121,411.0013835433788,1
21147,21,0.5437978307548312,0.9037603920057259,0.058580630953036394,0.01629686725761163,0.10609961821894699,0.2198348574980023,0.2357276036579952,0.2409659948503951,0.1973719257746604,0.3030007318858258,20972,9.950943493692423,42.55593329943792,3.750819288293128,0.183,595.1785142803768,1
21151,21,0.48447175383442886,0.9032461655711156,0.04333380965990283,0.02183957321139373,0.1942055316105839,0.21163918900635884,0.20327026034519416,0.21020893329983184,0.18067608573803126,0.2144375848553936,42312,10.652826012745816,192.03600332042816,5.257682871742508,0.128,377.1989248516748,1
21153,21,0.49669929433189164,0.9811821837772213,0.001062296077092344,0.005994385006449655,0.09314408820174883,0.2001013813204917,0.23013559751615764,0.25940945380813585,0.21720947915346597,0.2860989306869759,26877,10.199026181265689,42.72736704231562,3.754839629276642,0.177,611.673983060782,1
21169,21,0.49736134621129147,0.944040625311162,0.016827641143084736,0.012645623817584387,0.0963981207586567,0.18496606925352357,0.21472072385592483,0.2620497650948321,0.24186532103706282,0.20002021427127553,31750,10.365648004320837,34.67347960434325,3.5459751182127155,0.18899999999999997,599.6691642441298,1
21189,21,0.5016884761502743,0.9689742507387084,0.00823132123258759,0,0.09467242620590353,0.19366450683945285,0.23470122390208784,0.19078473722102232,0.2861771058315335,0.3772609819121447,19986,9.902787307421734,24.001175236947017,3.1781027973551677,0.172,933.7422736615282,1
21205,21,0.48572038420490926,0.9489007470651014,0.010245464247598719,0.01353255069370331,0.2317099803450535,0.19327364053286744,0.19290966004222174,0.20048045424765232,0.18162626483220498,0.2863010388982846,35236,10.469823566229687,83.72201075787629,4.427501914941987,0.155,404.87628736567683,1
21213,21,0.48288711804162127,0.8584532477211488,0.0944791606948346,0.019205411913088347,0.11370882040382571,0.21418220461791132,0.22084822722442277,0.2336972273210318,0.2175635204328084,0.20263669001235948,39546,10.585219830280774,74.47780567368619,4.31050117058107,0.138,512.4378279877014,1
21217,21,0.4816351433801098,0.909538336383974,0.04632906243644499,0.01854789505796217,0.13204451419603366,0.19938650306748465,0.19910115565701242,0.24568412041660723,0.22378370666286204,0.2165302574106272,36384,10.501884396550263,92.31133155857273,4.525166902755273,0.156,491.1357543304346,1
21049,21,0.49118175690855986,0.9075769490002247,0.05158953044259717,0.02617389350707706,0.0881485986992935,0.20572685163524074,0.22565854115004913,0.2557432274364853,0.22472278107893137,0.1536507392818405,45853,10.733195906296567,141.04244978472093,4.949060907370992,0.121,532.7847779011466,1
21219,21,0.5013994402239105,0.8614154338264695,0.08612554978008796,0.04062375049980008,0.1270297456531111,0.20362120994395747,0.21813478948124732,0.24788044259232647,0.20333381232935765,0.20452326716563618,41541,10.634436170322823,33.391544903016324,3.508302721319364,0.21899999999999997,513.1174010225482,1
21039,21,0.48104265402843605,0.955568720379147,0.012045813586097947,0.018759873617693525,0.09123055162659123,0.19094766619519093,0.2181753889674682,0.2570721357850071,0.24257425742574257,0.16195630386851073,39049,10.572572546745315,26.732265591182152,3.2858712849272464,0.175,575.6413247561744,1
21041,21,0.511557512383049,0.889011190607228,0.016877637130801686,0.06916162172078517,0.10827824992130941,0.23150771167768336,0.2071136292099465,0.2519672647151401,0.20113314447592068,0.2989710549091259,40160,10.60062675436561,84.7949350154392,4.440235812422515,0.157,619.3154688809902,1
1045,1,0.4928346173805437,0.7047822442217876,0.18951339267893497,0.05678416031296156,0.11495460089443015,0.247459005285269,0.20629489090662692,0.22635180918823689,0.20493969372543705,0.17361639162333792,44889,10.71194805485153,89.28450503430456,4.491827956973584,0.133,474.6694711138736,0
1065,1,0.4747338720020521,0.3977170706682057,0.5902911376170322,0.003334615877901757,0.1008722880787296,0.20241556698725116,0.1924625363453366,0.2658242004025945,0.23842540818608812,0.26582526811404655,30051,10.310651217279874,24.216429093879427,3.1870312909991427,0.139,606.9678692327016,0
1055,1,0.48331095338576635,0.7901304431229619,0.15200460387492806,0.034567427584883945,0.10715510624050695,0.19627954074049878,0.22713093468781134,0.23830211174443483,0.2311323065867481,0.19015265240871074,38013,10.545683485467018,194.88178305803277,5.272393133997496,0.14400000000000002,638.1696227077902,0
1049,1,0.4919241375429118,0.8131999549777703,0.016489391637120827,0.13773988406775844,0.10470808875465816,0.20746766690211169,0.23260345373505126,0.24086026743308084,0.21436052317509804,0.19876183021418914,37851,10.54141267859585,91.46395605159229,4.515944971740038,0.17800000000000002,510.0354786136686,0
1053,1,0.5162304487935235,0.6107312216720375,0.32267022976761245,0.01980664937514737,0.10634172138733418,0.21709047640033494,0.2217619320435415,0.24322418580053765,0.21158168436825173,0.2544950428499412,30687,10.331594391125117,40.38705718034452,3.6985093668155353,0.161,587.0858123990874,0
1075,1,0.48166157265907195,0.8599611003056404,0.11718532925812726,0.013198110586273964,0.09868421052631579,0.1823830409356725,0.22039473684210525,0.2507309941520468,0.24780701754385964,0.22250298308415806,36028,10.492051692903633,23.80109978407727,3.169731789024818,0.138,589.362318465824,0
1111,1,0.4884964284149174,0.7525746088785661,0.2019808054691266,0.029230027608571803,0.1059080621244049,0.17739795520174823,0.22180597830328572,0.2471708421134785,0.24771716225708265,0.24471149518408497,35213,10.469170611586833,39.30583067780553,3.671372871173409,0.17,592.5107013004526,0
1013,1,0.4681923972071373,0.5388382467028704,0.4375484871993794,0.010667183863460047,0.10751503854952131,0.2101160721850377,0.19876302634923323,0.24129458612217233,0.2423112767940354,0.2843919251600197,29918,10.306215584934407,26.54895736384713,3.2789904762519435,0.14300000000000002,610.1279456067676,0
1097,1,0.4797670793924315,0.5876816364463634,0.34710833809307146,0.024736923627985324,0.12194204758654235,0.22160728226970067,0.20875213060343595,0.2385948849167583,0.20910365462356273,0.1979701587097317,43028,10.669606345551896,336.0795812710717,5.8173479809399495,0.153,526.013623341439,0
1105,1,0.47237728585178057,0.29923002887391725,0.683060635226179,0.006448508180943215,0.13434977578475335,0.21291479820627804,0.17112107623318384,0.24986547085201793,0.2317488789237668,0.25590796019900497,28209,10.247396354945186,14.437292958936393,2.669814647672616,0.142,698.6810606763262,0
1127,1,0.48623577797124073,0.9010837260964847,0.0535258623277596,0.021074119660172315,0.10385452682801895,0.18952490715840697,0.2186451530285568,0.24919964143936482,0.23877577154565247,0.20905369906530638,37566,10.533854664973365,84.20459256413108,4.433249463277834,0.134,791.238137886968,0
1029,1,0.4942790230846437,0.92813650050184,0.035463365674138506,0.021411843425894948,0.09605448567402536,0.1845937059652419,0.23555659934241427,0.2507045561296383,0.23309065288868014,0.18449885026376303,38019,10.545841313750174,26.682735225852525,3.2840167355022514,0.147,668.7359695502211,0
1035,1,0.48473748473748474,0.5107600732600732,0.4468864468864469,0.014575702075702076,0.11364872213159326,0.17536704730831973,0.18977705274605763,0.25679717237629146,0.2644100054377379,0.32699386503067485,24658,10.112856670428497,15.413641731635137,2.735252944036186,0.158,714.8666070304998,0
1063,1,0.4696664428027759,0.17718826953212446,0.8078128497873293,0.005260801432728901,0.0851792186870721,0.1945227547321788,0.1733789770438985,0.2643979057591623,0.2825211437776883,0.328759419637836,24226,10.095181715576748,13.805998980080666,2.6251032064062025,0.158,702.9104596024026,0
1005,1,0.5356319314812782,0.46312360455327406,0.46308700267193736,0.049009919109842245,0.10986185036780097,0.2264218647210095,0.21948448059326595,0.2315650977812332,0.2126667065366904,0.2665684227762086,32911,10.401562227376685,30.87551250118661,3.429963394039092,0.15,464.6497570322696,0
1007,1,0.5424540740089655,0.7486156280214468,0.21662125340599456,0.019469104333304035,0.11883182275931521,0.19126744353330455,0.2479499352611135,0.24888505251043017,0.19306574593583656,0.18137825136103486,36447,10.503614429522852,36.54779611360431,3.598620886528396,0.131,534.4381720982708,0
1011,1,0.5465289410013028,0.22240833798622744,0.7085427135678392,0.056858365903592036,0.11896728766319495,0.18395188499339885,0.2870764265806073,0.20184832037553177,0.20815608038726713,0.2158968850698174,32033,10.37452190040887,17.254196738947183,2.8480554031016765,0.156,526.9670138139846,0
1015,1,0.4823385493654111,0.7348658613249062,0.20570195558727083,0.033581392187845116,0.12698344565108527,0.21078536578386345,0.2074086792290853,0.23606759096307106,0.21875491837289493,0.21863705639015893,39962,10.595684281560079,194.2898453128404,5.269351092088358,0.136,583.6754903077054,0
1025,1,0.47190396120908773,0.5366206545966449,0.4432800218980956,0.004614241582919485,0.1016843849233743,0.1905978185834599,0.220350683418473,0.26170095264393206,0.22566616043076074,0.29327322339542056,29357,10.287286297671224,20.648948496727805,3.0276643978552493,0.135,558.6969972515808,0
1057,1,0.4893045002922268,0.8563413208649913,0.11367621274108708,0.013383985973115138,0.09669787058944553,0.18650344614751568,0.195350272605699,0.26581627404588004,0.2556321366114597,0.19867117517945068,33838,10.429339710318741,27.2599815186566,3.3054197483025147,0.133,673.0366605704596,0
1095,1,0.49238519087717053,0.8345339864886498,0.015560464892901738,0.12373664606879475,0.10864955357142857,0.21322544642857144,0.22490699404761905,0.2396577380952381,0.21356026785714285,0.1949296261490435,39526,10.58471396220038,165.5921617695399,5.109527908521408,0.17300000000000001,566.9945310792103,0
1009,1,0.49639900734081877,0.8842476094614997,0.013536261562223418,0.0833000711521441,0.09913637999280317,0.20280076766222863,0.23077845747870937,0.24253328535444404,0.2247511095118148,0.1581123942033049,44145,10.695234949335683,89.36902117944837,4.492774102882257,0.171,451.077010296698,0
1089,1,0.49020127977269445,0.6605743355763251,0.2381343967649044,0.04586490764238282,0.11765159734779988,0.2181603375527426,0.21169861362266426,0.2609475587703436,0.19154189270644967,0.12831643650197908,58434,10.975653191189254,423.2559416062765,6.0479770589685256,0.102,378.03334869633477,0
1001,1,0.4879705684156847,0.7648205146884732,0.18216256579306828,0.024860218187116395,0.1011660987276081,0.20445806108731673,0.2499452902741739,0.2586675837058805,0.18576296620502078,0.12133384691575413,53682,10.890833028775651,92.36822803464123,4.525783067077886,0.11900000000000001,449.9816118802744,0
1061,1,0.4874024859094472,0.8440147810831996,0.0939867866074428,0.03445186816468217,0.09571511665481806,0.19672978737155045,0.2157306275447554,0.2518580753570736,0.2399663930718025,0.21213385946274094,35625,10.480802917570951,46.6410634949374,3.8424813439893333,0.157,559.0123153981295,0
2016,2,0.6545684362585771,0.30227518959913324,0.0628385698808234,0.1067172264355363,0.10211854320399905,0.198286122351821,0.2708878838371816,0.2573196857890978,0.1713877648179005,0.0920407393436439,81853,11.312680234540549,1.2614241109215003,0.23224132947848258,0.215,NA,0
2060,2,0.5380493033226152,0.5316184351554126,0.0010718113612004287,0.05466237942122187,0.07419898819561552,0.163575042158516,0.1736930860033727,0.3440134907251265,0.24451939291736932,0.07874865156418555,79531,11.283902161743626,1.8517673164061026,0.6161404892411586,0.19,NA,0
2188,2,0.5376442812172089,0.114900314795383,0.006033578174186778,0.011411332633788037,0.17641418983700863,0.24688398849472676,0.2020613614573346,0.21668264621284755,0.15795781399808245,0.2199867637326274,61607,11.028530779429126,0.21432235566581273,0,0.271,479.52772290127524,0
2050,2,0.5234501037105324,0.11189214104632404,0.005588845356072828,0.013712837059230237,0.14981432360742705,0.25782493368700266,0.20190981432360744,0.22790450928381964,0.16254641909814324,0.22803408756979135,51689,10.853000271901186,0.42780375372898655,0,0.331,447.3136274681494,0
2270,2,0.5257879656160458,0.035686376660588694,0.001953633758791352,0.002214118259963532,0.19894179894179895,0.24576719576719577,0.19365079365079366,0.21851851851851853,0.14312169312169312,0.3137511448384142,40176,10.601025081397367,0.4494939037023416,0,0.384,644.5815643298632,0
2220,2,0.5088876467300167,0.6353269983230855,0.008049189491335942,0.05310229178311906,0.0881770739607702,0.21306460320316717,0.21162497750584847,0.25247435666726653,0.23465898866294763,0.10023947998631542,69405,11.147714190009209,3.116356639407401,1.1366645756976905,0.188,300.3851766463096,0
2130,2,0.5196763515998529,0.6542846634792203,0.002280250091945568,0.044207429201912465,0.10184331797235023,0.21117511520737328,0.19101382488479263,0.2563364055299539,0.23963133640552994,0.10227357995047648,62519,11.043225789525856,2.7982382728190722,1.0289900308802438,0.20600000000000002,408.5583575865718,0
2170,2,0.5183404538948196,0.8213376457347654,0.008304286541592456,0.04038505665490226,0.0996889805070341,0.2178221402480923,0.22120357310766336,0.25498173664605256,0.20630356949115763,0.09885445717269808,71037,11.170956147044622,3.7190905131352543,1.313479152677221,0.192,357.3463681518748,0
2070,2,0.5226487913873654,0.17895592118626855,0.003656307129798903,0.02315661182205972,0.14856520159825645,0.219397021431166,0.1721758082092263,0.2564475118053033,0.20341445695604796,0.1809640522875817,54150,10.899513252429136,0.26512245447707977,0,0.28600000000000003,585.0593884843008,0
2100,2,0.5451688923802043,0.8020424194815396,0.003927729772191673,0.00864100549882168,0.04,0.24606060606060606,0.18363636363636363,0.23454545454545456,0.2957575757575758,0.07827476038338659,52866,10.875515689094785,1.0980764254291384,0.0935599448810509,0.289,NA,0
2110,2,0.5143743925761043,0.6676489952033107,0.01119227513559269,0.055616515659779917,0.09491753618310333,0.22214742510939078,0.2033466365341155,0.2585949896619705,0.2209934125114199,0.06154581673306773,81490,11.308235592314265,11.80526075610369,2.468545258908833,0.142,300.665920086892,0
2164,2,0.48349381017881704,0.22145804676753783,0.004814305364511692,0.016506189821182942,0.12779156327543426,0.20595533498759305,0.141439205955335,0.3250620347394541,0.19975186104218362,0.21136521136521136,51786,10.854875121447712,0.06147469333366143,0,0.313,NA,0
2290,2,0.5404879773691655,0.217998585572843,0.0014144271570014145,0.014144271570014143,0.11258074438634266,0.21039680098431252,0.1679483235927407,0.2654567825284528,0.24361734850815134,0.24215965787598004,34710,10.454783108855832,0.03887157281125641,0,0.369,819.8376962066686,0
2020,2,0.508774306743396,0.6182727774635293,0.055724722849778315,0.07984432845476686,0.13599529369365548,0.2501126227588071,0.20534441364616843,0.22760397068098345,0.1809436992203855,0.07925491921708308,77454,11.257439490734765,173.19173124856644,5.154399253929609,0.156,327.7639477590898,0
2068,2,0.5113861386138614,0.8747524752475248,0.006435643564356435,0.026237623762376237,0.10803127221037669,0.1968727789623312,0.2146410803127221,0.30419331911869224,0.17626154939587776,0.1140031233732431,72500,11.191341840842766,0.1584138414172361,0,0.166,NA,0
2261,2,0.5294360669283206,0.7086345796323074,0.003924808923776079,0.03945465812848585,0.08214285714285714,0.2159090909090909,0.19756493506493505,0.26655844155844155,0.23782467532467533,0.08265938451843294,74878,11.223615401393062,0.28276968260402785,0,0.198,318.0352205636512,0
2105,2,0.5282578234469874,0.4745446053246147,0.004203643157403083,0.022886501634750117,0.05407407407407407,0.17703703703703705,0.15037037037037038,0.3162962962962963,0.3022222222222222,0.14915572232645402,49545,10.810636626493,0.2845214862892139,0,0.306,NA,0
2230,2,0.5287037037037037,0.7722222222222223,0,0.011111111111111112,0.0851063829787234,0.1639549436795995,0.17146433041301626,0.27784730913642053,0.3016270337922403,0.05473098330241188,71667,11.179785669593665,2.387663737356989,0.8703153721131053,0.20600000000000002,NA,0
2198,2,0.5481311706629055,0.4894217207334274,0.0019393511988716502,0.027150916784203102,0.09709821428571429,0.18191964285714285,0.20145089285714285,0.263671875,0.255859375,0.15138023152270705,46071,10.737938963793802,1.4458790789301617,0.3687174957102216,0.326,NA,0
4019,4,0.4918638431194529,0.5468820771493509,0.03275133728040888,0.3496556357287684,0.14144799428859692,0.21791306867473453,0.20127808353799775,0.22299084115771117,0.2163700123409596,0.19196956230216275,45841,10.732934166159403,107.42213266607423,4.676766237809133,0.153,372.8584615004824,0
4013,4,0.494772008667165,0.5823016840907332,0.048368529870581344,0.297131437860248,0.12060676810130908,0.24200988648285196,0.2323113212712694,0.22342837994406275,0.1816436442005068,0.16650998552490268,53596,10.889229717408499,422.7283206358858,6.0467297047035595,0.171,292.8121303068932,0
4009,4,0.5374246663796814,0.5233265174343521,0.018941024537236333,0.3086526043908739,0.14759292537595764,0.2507802894164381,0.21810271446136384,0.20727324316655632,0.1762508275796841,0.22299882505347512,44943,10.713150299185491,8.040501908342865,2.0844915076532318,0.149,361.722867488441,0
4023,4,0.48013666652518994,0.15877933873774458,0.002992232927295106,0.8271720215610543,0.11170745383906756,0.19345536107662115,0.22521728681860056,0.24352144831177153,0.2260984499539392,0.2626122274476272,37745,10.538608295573725,38.09636224286856,3.640118798384426,0.242,246.9449210070032,0
4012,4,0.5048510388083105,0.6161309290474324,0.009408075264602116,0.2421109368874951,0.06246147524142182,0.1708444627080337,0.19899321964249023,0.24635298952126566,0.3213478528867886,0.19448440057536828,35776,10.48503255651477,4.535485036655245,1.5119320319064107,0.242,747.7512268574662,0
4015,4,0.5027320507735026,0.7905890519635066,0.00992661642205474,0.1511007536691789,0.09290766407539584,0.17325550299241063,0.18207135677465167,0.25716288119807085,0.29460259495947105,0.19358620973382154,39200,10.576432025778553,15.151282945851742,2.718085211264489,0.20199999999999999,659.5524992854896,0
4005,4,0.49587150858711376,0.5497904224934159,0.012129530027078155,0.13661485960161726,0.2079557080098694,0.21385328278269242,0.18442558825299393,0.206667870253355,0.18709755070108924,0.2297526128836627,49555,10.810838442840808,7.239692387594639,1.9795787175936956,0.183,326.8951347408696,0
4025,4,0.48946067330917875,0.8173545063405797,0.005269663345410628,0.13731789704106281,0.08907920289728292,0.16347079097923264,0.1742481235894116,0.25025806112987037,0.32294382140420247,0.1581220315612073,42987,10.668653023384712,26.093189646481154,3.261674347194674,0.207,481.657895865635,0
4011,4,0.5258670353727388,0.47597649498790184,0.009102431155663095,0.4747090678649614,0.1209349593495935,0.2290650406504065,0.2345528455284553,0.2119918699186992,0.20345528455284553,0.16029101149964797,47992,10.778789609332929,4.7088479029648544,1.5494432715180524,0.086,341.6879313758542,0
4021,4,0.5228577156000085,0.5825051170053386,0.04513251461247916,0.2881137768774662,0.10043427761114661,0.24940875738761725,0.2382929298112222,0.2073523992555241,0.20451163593448984,0.15617093572524995,50027,10.82031813866275,70.65885494515817,4.257863436664656,0.185,325.401858318968,0
5099,5,0.48960661600357624,0.6459544032185963,0.30677246312025036,0.027715690657130084,0.06977704376548308,0.20726672171758878,0.19921552436003304,0.2689925681255161,0.254748142031379,0.2648495173197047,33694,10.425075058946149,14.48278429423942,2.6729606539868525,0.15,616.4323016956016,1
5037,5,0.47573198198198197,0.7410472972972973,0.22004504504504505,0.015765765765765764,0.08457611850665599,0.1871684516064458,0.24151736562906617,0.2580322290061055,0.22870583525172655,0.17366978762274493,38085,10.547575782806888,28.813347588585632,3.3608387377154427,0.163,622.7531369289354,1
5039,5,0.5036668738346799,0.5384711000621504,0.41143567433188316,0.02473586078309509,0.09414414414414414,0.15585585585585585,0.24707207207207207,0.2403153153153153,0.2626126126126126,0.19694977649224296,28931,10.272668963567046,12.05449320183522,2.489437470254611,0.16,635.8675261185269,1
5027,5,0.4752774151436031,0.5934236292428199,0.36508648825065276,0.024151436031331592,0.1808163561226709,0.19205394040455304,0.1978539839048793,0.2246791850938882,0.20459653447400855,0.2540408661177188,35128,10.466753812241553,31.997786053967545,3.4656667145927633,0.152,562.198845733154,1
18115,18,0.49152263374485594,0.971687242798354,0.006748971193415638,0.01580246913580247,0.08717105263157894,0.18722587719298245,0.20367324561403508,0.2793311403508772,0.24259868421052633,0.08312342569269521,50377,10.827290000694122,70.52472718829812,4.255963388582785,0.128,NA,0
18119,18,0.5032375273675874,0.9703731308520054,0.004658312759118647,0.010108538687287465,0.09840799125955986,0.16942406742625254,0.20781957234275011,0.27836741064460746,0.24598095832683003,0.1400961584233827,43950,10.690807903113322,55.71676252569506,4.020281044669657,0.149,NA,0
18121,18,0.4695525857059849,0.952643811737362,0.02597327135386403,0.01295758280069727,0.09983633387888707,0.20458265139116202,0.21969769904688552,0.25146818138057186,0.2244151343024935,0.13298348905670038,43870,10.68898599416026,38.703467569822536,3.6559291973091845,0.145,NA,0
18135,18,0.4923580365736285,0.9489509143407122,0.0038498556304138597,0.030529355149181904,0.09172674219018194,0.18908341915550977,0.22279437006522484,0.26138002059732235,0.23501544799176108,0.17438809477188172,40904,10.618983136759836,57.418668859518235,4.050369491901006,0.14400000000000002,NA,0
18183,18,0.5024042796177195,0.9610807236881649,0.005319468654204484,0.016469315381378854,0.09143323638961172,0.19082606255421194,0.21455176284504313,0.2627174855859993,0.24047145262513395,0.08249938979741274,51914,10.857343782296425,99.15695430745986,4.596703991764456,0.124,NA,0
18007,18,0.49257622123994105,0.9330159809588575,0.007933809361895047,0.05100306018361102,0.0878391959798995,0.2,0.21768844221105527,0.272964824120603,0.22150753768844222,0.11117518163994926,48711,10.793660156255225,21.709176266799208,3.0777350406000825,0.14800000000000002,NA,0
18013,18,0.5009915388683236,0.9648995240613432,0.0018508725542041248,0.013154415653093601,0.07030724377663153,0.1437542049786948,0.1945503476115721,0.2725947521865889,0.31879345144651267,0.14556497363678836,51568,10.850656604055219,48.4901324119097,3.8813603218190327,0.14300000000000002,NA,0
18023,18,0.4940155957202442,0.8480928489391283,0.007858308650184368,0.1373692800580306,0.10370647697491576,0.20896400492057549,0.21843076429373695,0.25153767984168585,0.21736107396908594,0.13894821555700004,48953,10.798615933108263,81.67970967980843,4.402805619489276,0.155,NA,0
18133,18,0.529379084102754,0.9238604195878198,0.03949839942855631,0.016376094605677398,0.15776192133658198,0.1926122520013923,0.20784023668639054,0.2442568743473721,0.19752871562826313,0.0967381174277726,50821,10.836064933972965,78.66138913861418,4.365152426886046,0.11800000000000001,NA,0
18161,18,0.5018867924528302,0.9663072776280324,0.00444743935309973,0.004986522911051213,0.10290360046457607,0.17793263646922183,0.21951219512195122,0.2615563298490128,0.23809523809523808,0.12667212667212668,44161,10.69559732562212,46.02292462660646,3.8291396337962382,0.14,NA,0
18175,18,0.5006770239452679,0.9731328392246295,0.003563283922462942,0.012008266818700115,0.09396379487800448,0.19264999697281587,0.2248592359387298,0.2672398135254586,0.22128715868499121,0.15102277673001596,41986,10.645091508364267,54.62844907294759,4.000554792345976,0.16699999999999998,NA,0
18027,18,0.49818341267852667,0.9351039839639188,0.008769731896767727,0.04300300676522175,0.11841122032534344,0.2149795941829051,0.20561016267172502,0.2450997298384779,0.21589929298154853,0.12896419437340154,47165,10.761407371083953,74.3398519629232,4.3086471735155385,0.156,NA,0
18029,18,0.49700850425212606,0.9670435217608805,0.007083541770885443,0.010765382691345672,0.09037685060565276,0.18139300134589503,0.225,0.27146702557200536,0.23176312247644684,0.09053389175781726,56946,10.949858729358548,163.83419553230132,5.098854913564275,0.106,NA,0
18065,18,0.5149670218163369,0.9455504819888382,0.016418061897513953,0.015017757483510908,0.09736102171482774,0.1947220434296555,0.22128120871303228,0.26125546258342086,0.22538026355906365,0.17003326737840013,40679,10.613467267756123,125.74130592330228,4.834226668802861,0.134,NA,0
18083,18,0.5025348873673757,0.9367846129723514,0.028824543981602467,0.016515967177128523,0.14539763190128385,0.2011522932450211,0.18568252960123396,0.2455201197659121,0.22224742548654902,0.14046322678929105,42119,10.648254224275664,74.15445971269169,4.306150211248587,0.13,NA,0
18093,18,0.4945171867196491,0.9640848587497014,0.0039736824962543155,0.013354178880854668,0.089624773960217,0.19145569620253164,0.22031344183242918,0.2568565400843882,0.241749547920434,0.1519546166920513,42627,10.660243134306185,102.52956577494389,4.630151203570563,0.135,NA,0
18095,18,0.4990116540865623,0.8616544681630504,0.06732200233539652,0.033176368229448895,0.1099032404701604,0.20910448730437042,0.22281966361452044,0.24070394181440352,0.21746866679654522,0.17315937076913157,43120,10.671742205582879,289.9372669639202,5.66966457876573,0.135,NA,0
21053,21,0.4949069539666993,0.9571988246816846,0.00852105778648384,0.02438785504407444,0.07652173913043478,0.20052173913043478,0.22156521739130436,0.2603478260869565,0.24104347826086955,0.2435604177026355,27100,10.207289006867793,51.762773389574434,3.946671230472313,0.17,637.4083141464727,1
21065,21,0.4990754057941237,0.9806862543661393,0.002602561468392576,2.7395383877816586e-4,0.08471665712650257,0.19828277046365198,0.22266742987979393,0.2585002862049227,0.2358328563251288,0.27175340382887553,29184,10.281375892874058,57.693675467642386,4.055147556893588,0.165,670.0407665564196,1
22083,22,0.48155265180630286,0.6118850883935434,0.361837048424289,0.018495388162951577,0.11086992820170312,0.2178159959926532,0.20287193187510436,0.24519953247620638,0.22324261145433294,0.21328846926476497,36835,10.514203759116914,37.235060630398735,3.6172508074786927,0.204,NA,1
22099,22,0.49059152571395953,0.6502597081375217,0.30284061721113414,0.021880172758233604,0.11561666454972691,0.21662644481138066,0.2126571827765782,0.2508891146957958,0.2042105931665185,0.18227058846310246,42186,10.649843691427217,71.25214194304058,4.2662248810553605,0.196,NA,1
22127,22,0.5247537841232071,0.6576773084804018,0.308282107211316,0.016590653711415163,0.10061936325111377,0.21916766271867869,0.23285885037487775,0.2337281321308269,0.21362599152450287,0.22618598687683839,34322,10.443541826962248,15.923821632989013,2.7678162039317185,0.179,NA,1
22033,22,0.47993781412578834,0.4652173224319474,0.4516079393348284,0.03727305437190683,0.17427774310781544,0.24515986931463601,0.18730589919606475,0.20624059322344995,0.18701589515803385,0.19181853818301592,48506,10.789442780614165,970.4133305810169,6.877722094737688,0.147,NA,1
22003,22,0.5778219210095816,0.7061618758276856,0.1945937524343694,0.04825893900444029,0.11161660226847812,0.2161286301882089,0.23924965723544808,0.24953259379284556,0.1834725165150193,0.1613477669993908,38429,10.556567661882832,33.69967985697916,3.5174883375202892,0.192,NA,1
22065,22,0.49896256950784296,0.3587019669682131,0.606606357374056,0.01634990455639472,0.11958310477235326,0.2648107515085025,0.19541963795940756,0.2227098189797038,0.1974766867800329,0.40318777704423275,25498,10.146355296698067,19.295781640101403,2.959886504151008,0.23600000000000002,NA,1
22093,22,0.4850337652856361,0.4769574739916043,0.5034677860923527,0.013688629311918233,0.11422548407245471,0.2085415365396627,0.19175515302935664,0.2624921923797626,0.22298563397876328,0.16363636363636364,55443,10.923110744953865,90.73558088408815,4.507949572191265,0.153,NA,1
22043,22,0.56224845113734,0.7735268846379958,0.15389137611359835,0.042780265002487224,0.09939455095862765,0.24556724808995242,0.23590889433472684,0.23648551246936717,0.18264379414732593,0.17272727272727273,39654,10.587947104698507,34.38896716462476,3.5377357909784832,0.18899999999999997,NA,1
22051,22,0.4856566784396865,0.5546914830544643,0.2595339545120041,0.12766998018349301,0.108666654141695,0.23396772314802639,0.20377627895616887,0.23976177503898397,0.2138275687151258,0.1647914918737261,48261,10.784379060058418,1466.2722574010932,7.290478579665665,0.17800000000000002,NA,1
22011,22,0.509737817280098,0.8018723356830403,0.13075701429327688,0.031010559750355243,0.09911967642160362,0.22545800618605757,0.23135855341422792,0.23606947418510588,0.207994289793005,0.168223485727547,46385,10.744731410087372,31.011576526212647,3.4343605711045946,0.188,NA,1
22015,22,0.49311779369221403,0.6892627577179921,0.2119936305201464,0.06074349504364428,0.12161354443224309,0.2521371679570759,0.2181787853935864,0.22151485244853422,0.18655564976856034,0.14287289163267555,53248,10.882715524180881,142.78435868042288,4.961335510856041,0.154,NA,1
22037,22,0.5358261647854408,0.527223907314405,0.4494555218537119,0.011585699368504798,0.096779324055666,0.20254473161033798,0.19992047713717695,0.26043737574552683,0.24031809145129224,0.17251494354660174,47225,10.762678692369711,44.35499878696985,3.7922254146243333,0.16,NA,1
22095,22,0.48871264316887836,0.3942710294866966,0.5376946764438734,0.04949157048228804,0.11142123478843363,0.2142830560827658,0.22150273529083397,0.24937665140858173,0.20341632242938484,0.16061487141343792,50635,10.832398315766385,211.84957126967066,5.3558764533257515,0.17,NA,1
22073,22,0.4792131452848856,0.5924366759138909,0.36831758718580454,0.01946443698631023,0.1355907748995583,0.236432043683825,0.21086102417260438,0.22254777918359192,0.1945683780604204,0.23208288190682558,38955,10.570162412764958,253.34121879535917,5.534737270951624,0.19699999999999998,NA,1
22079,22,0.4821333898844237,0.6196888680188436,0.3197358256206735,0.026629504521562628,0.11093877336417887,0.22470359368017034,0.20995557191303663,0.2429480270248955,0.21145403401771865,0.19876261600474956,40930,10.619618569486448,100.18043008827266,4.6069728610753025,0.17600000000000002,NA,1
22097,22,0.4785476572413628,0.5539301362319534,0.4076423971077645,0.016627959872626715,0.11316798339440408,0.2131828098193294,0.20267722872937538,0.2515832503759558,0.21938872768093534,0.2682805303389357,35503,10.477372478935242,90.41660217409422,4.504427902904398,0.175,NA,1
22105,22,0.48507724289732196,0.6418130681123385,0.29945787306892757,0.035918966290302855,0.14460787673580172,0.23801559993968388,0.19453316700708714,0.22281319826179935,0.2000301580556279,0.2117729102076139,40654,10.612852511118907,155.0219582319674,5.043566772898258,0.19899999999999998,NA,1
22101,22,0.49295462110285143,0.5714523466104515,0.31352860682717554,0.05547542438699656,0.11497175141242938,0.21638418079096045,0.2073760200878845,0.25637162586315126,0.20489642184557438,0.20983779110200554,41571,10.635158087766825,97.37134461331812,4.5785319642135685,0.221,NA,1
22123,22,0.505632582322357,0.8015597920277296,0.15823223570190642,0.025996533795493933,0.1105279407224452,0.20762581043531955,0.2114850262426675,0.24822476072861993,0.22213646187094782,0.24957920329156535,33848,10.429635192399903,32.087107878302554,3.468454325734667,0.203,NA,1
22111,22,0.49340007087172216,0.6768249468462083,0.26293408929837,0.041681431608788094,0.11705455932850058,0.19351392598244946,0.19336131247615415,0.25188859214040443,0.24418161007249142,0.27879634217757554,35828,10.486484989595086,25.74265554374746,3.2481493648242874,0.21100000000000002,NA,1
22021,22,0.5174055340672419,0.7916294753545572,0.17425369433700288,0.023802439750074383,0.08668363019508057,0.22154368108566583,0.20763358778625954,0.25241730279898217,0.23172179813401186,0.20165631469979295,39385,10.581140312137425,19.045190536903245,2.9468146044435697,0.195,NA,1
22035,22,0.562157935887412,0.26843888454521764,0.7028928850664582,0.024889236382590565,0.13243123336291038,0.2972493345164153,0.18766637089618457,0.2096273291925466,0.1730257320319432,0.47982268419443597,25321,10.139389369949,18.240853426637255,2.903663772292704,0.213,NA,1
22055,22,0.488859419986739,0.671879102345596,0.25297371383817124,0.04004556802050561,0.14389379012539857,0.2504968757596122,0.20376195719004248,0.2227004303873486,0.17914694653759813,0.1665089532683069,51462,10.848598950218477,836.2570705567132,6.728936066481986,0.17600000000000002,NA,1
22039,22,0.503920930370195,0.6794010593909982,0.27224573136448377,0.034326635693782734,0.12322865299766415,0.22081494939008564,0.20840903192317675,0.2455748767194394,0.20197248896963405,0.24452971395953574,31832,10.368227352106764,51.01769684379614,3.932172569471991,0.16899999999999998,NA,1
22061,22,0.48267484976345737,0.5363764224523718,0.4019946298427311,0.025955760132975323,0.3053482802901468,0.21559712629715752,0.1491340714260924,0.17134626730989483,0.15857425467670844,0.3038916620447403,35769,10.484836875474242,99.4738649516049,4.599894945859403,0.19399999999999998,NA,1
22087,22,0.5022908622908623,0.6703217503217503,0.19003861003861003,0.09521235521235522,0.1316319401635639,0.2669625611309744,0.19841367689968356,0.2284551843175934,0.17453663748818476,0.18722197653546993,41353,10.629900249210682,102.9092729598932,4.633847755008092,0.204,NA,1
22119,22,0.48622042447428054,0.6313262993737664,0.3373132873608031,0.01725188235580789,0.1074706235526203,0.20837979243502874,0.20327643880264173,0.2507504931812334,0.23012265202847584,0.218658159805079,35071,10.465129857127469,69.2022326020606,4.237033125138741,0.18600000000000003,NA,1
22121,22,0.4909212060636349,0.5796268532400466,0.36365150757954356,0.025279027153090123,0.11296132671786856,0.24189492285733705,0.204513015700401,0.2435261333514579,0.1971046013729355,0.14599040438656613,50926,10.838128877622877,124.80638689356216,4.826763631657576,0.142,NA,1
22047,22,0.5107314148681055,0.47961630695443647,0.4830335731414868,0.02200239808153477,0.11256156457705734,0.2312437239994262,0.20819585903504997,0.24879261703246786,0.19920623535599866,0.19155548049315993,45368,10.722562289693863,53.92587132472395,3.9876103502295,0.154,NA,1
22081,22,0.4812804607886575,0.581081081081081,0.4007532122286221,0.0052060256978289764,0.11697158427403659,0.20027247956403268,0.2020241339042429,0.26196963799143635,0.21876216426625145,0.21781055019852524,39346,10.580149596836211,23.20285795060269,3.144275458611282,0.183,NA,1
22067,22,0.47744810346701444,0.5051624823388762,0.4702387421657066,0.010252508785276962,0.10875348365847479,0.2129465416772232,0.20110210286293387,0.24277932607043323,0.23441854573093487,0.26514753359861853,28585,10.260637383698072,34.72363743405113,3.5474206491103204,0.191,NA,1
22071,22,0.4818564029881265,0.30533622024968277,0.594398523303073,0.05317453426065717,0.135227449825971,0.26642885591092486,0.19159639127950268,0.2137526190929713,0.19299468389063015,0.2734391032774423,37146,10.522611372747287,2107.2286525442237,7.653128928345425,0.175,NA,1
22109,22,0.4957092287338649,0.6851289019201201,0.181276146887403,0.041334429863768014,0.12210161697299073,0.23201994714603522,0.21104259671230421,0.24296400256804573,0.1918718366006241,0.17063812417796725,49960,10.818977964239513,90.81558513250772,4.508830913306871,0.21100000000000002,NA,1
22019,22,0.4871284775329668,0.6925612831218222,0.2463984539704849,0.026910834607912035,0.12653007732296537,0.22879734393429732,0.20048927526101962,0.23920318028919663,0.20498012319252107,0.17350515790473978,43499,10.680493228306789,181.94552953531158,5.203707354013605,0.16399999999999998,NA,1
22027,22,0.560363121905211,0.46810893657156333,0.49887998113652443,0.011377033718462626,0.11319836480436052,0.21792875218999416,0.21471676075530466,0.24031535915904223,0.21384076309129843,0.29711096520026264,32996,10.404141620980623,22.472505490953505,3.1122925838064046,0.193,NA,1
22009,22,0.5016401292948641,0.6619897042978571,0.2928528672333293,0.015515383694481025,0.10803571428571429,0.22386363636363638,0.21148538961038962,0.24598214285714284,0.2106331168831169,0.22564867127014018,33942,10.43240846457121,50.17214577972548,3.915460007757455,0.196,NA,1
22007,22,0.4817345710847516,0.6631854908028193,0.30002578648788036,0.02123087502148874,0.11054508405501783,0.1925624044829343,0.2207262935739757,0.2531839021905247,0.22298231569754748,0.1874864218987617,46116,10.738915240352844,68.70648264620945,4.22984355643896,0.172,NA,1
22077,22,0.48218684025334274,0.6042839549612948,0.36066150598170305,0.022651301900070375,0.09515054010572283,0.1958936642917337,0.19428483873439056,0.26346433770014555,0.25120661916800735,0.17723490410715081,45363,10.72245207378078,40.79333125204092,3.708518618345878,0.183,NA,1
22113,22,0.4854437099702024,0.7947563105798541,0.14035688598143645,0.026201322053635647,0.10568381020292955,0.21989482128531954,0.2165671331372374,0.2556377573758802,0.20221647799863327,0.17095517924823533,44665,10.706945476135939,49.77331211499498,3.9074789390788585,0.20199999999999999,NA,1
22057,22,0.4943930546225001,0.7770141077980466,0.13272699085318587,0.0392021084181696,0.12184185565232387,0.2247822712770544,0.2061395188410796,0.25610071570233683,0.1911356385272053,0.14078631103016698,50572,10.831153342431788,90.57642008062055,4.506193915163568,0.187,NA,1
22029,22,0.5007263219058686,0.5698721673445671,0.40906449738524114,0.011233778810768933,0.11912251655629139,0.22425496688741722,0.2009933774834437,0.23609271523178807,0.2195364238410596,0.3184646760445537,29022,10.275809442051038,29.63324341387821,3.388896819444835,0.207,NA,1
22059,22,0.5132385636326888,0.837297042376878,0.12376204271373711,0.023378023310651485,0.10539353676387794,0.23116766129940322,0.23060466163720303,0.22170926697443982,0.211124873325076,0.14228617106314947,42528,10.657917961512972,23.76081346728906,3.1680377307471423,0.16699999999999998,NA,1
5125,5,0.49299005862860057,0.882387749899858,0.050243982375004555,0.03913732202031973,0.09377646726685279,0.22417578970482135,0.2346685906082374,0.24034630948273158,0.20703284293735688,0.08606511937319831,55348,10.921395803789276,151.80126146345236,5.022572174962919,0.134,380.7752004943768,1
5141,5,0.4973464746019712,0.9397562255788184,0.00810637429287922,0.02770163877063043,0.08470740381506628,0.17361784675072744,0.21079857743291303,0.2663002478715379,0.26457592412975534,0.24487369985141158,32517,10.38951830848386,24.214035865637307,3.1869324594786907,0.2,565.9556700765243,1
5065,5,0.5146017699115044,0.9464601769911505,0.010176991150442478,0.016002949852507376,0.08118864420270629,0.17882727513929425,0.19872645263995756,0.25921995224197397,0.2820376757760679,0.18733426922476992,30661,10.330746767679962,23.35607507703543,3.150857124880735,0.195,574.5036923894575,1
6083,6,0.502101627005673,0.47414858362509593,0.016658553481492578,0.4326145363314673,0.18149140062727626,0.22555084176680176,0.19736686180172067,0.21289866407539956,0.18269223172880178,0.16032308491465613,62779,11.047375901629389,156.22476083924266,5.0512957449401865,0.156,244.847844433241,0
6025,6,0.514169439672148,0.13388051438062568,0.028184770634870807,0.808836707553039,0.14060822539055054,0.24249751673071326,0.22256112855809848,0.22278186360580735,0.1715512657148304,0.23263840362635427,41807,10.640819068607131,41.94820527591442,3.7364356495406756,0.22399999999999998,271.1589262412772,0
6001,6,0.49037028545225264,0.33725104999322586,0.11810144028847457,0.22527109626588018,0.11124724683706398,0.24005531936690058,0.23575987297034268,0.22844952107770322,0.18448803974798955,0.12503590202809148,72112,11.18597574493043,2077.419058018963,7.6388815647282176,0.13,246.16128008289041,0
6055,6,0.4985671481532535,0.5575498596167937,0.02010345553080813,0.3260517858049725,0.10831333456402682,0.20761799273890838,0.21720509507107255,0.2422620146452526,0.22460156298073963,0.10105427858287076,70443,11.162559151141057,184.18492654624367,5.21594028847628,0.133,261.8050405675836,0
6075,6,0.507990815913375,0.4172471960278948,0.056157729470667314,0.1518860527387734,0.09847409939067543,0.30279633369582104,0.23337303436728635,0.19418638772374985,0.17117014482246734,0.13455231223351918,75604,11.233264470820847,17440.76547266017,9.766565588280727,0.113,244.1000056132162,0
6011,6,0.5178320696433586,0.3902461855284096,0.008143779837124403,0.5594402321445286,0.11533928270752652,0.2263007240276141,0.22613234551271258,0.23152045798956053,0.2007071897625863,0.124846015351085,52158,10.86203285230712,18.567328072329676,2.9214034809158953,0.19399999999999998,295.8564941674322,0
6031,6,0.56070906288289,0.349432828741947,0.06483933441365954,0.5153682990132142,0.14109562440666265,0.26960170881159923,0.23524208164322086,0.2127276257875205,0.1413329593509968,0.20978586403114705,48133,10.781723291541018,109.25853953448201,4.693716995996319,0.17,282.8202919586332,0
6019,6,0.49936303020950296,0.32150850623400257,0.04837884004448678,0.5077431473864017,0.1454698288127724,0.25388840629633513,0.21482274708322724,0.21435284338540342,0.17146617442226184,0.25964438481520774,45563,10.7268512626277,157.70500492531795,5.060726230468035,0.20199999999999999,325.6799197771428,0
6059,6,0.49468783863533666,0.43499561402215303,0.015040447006017163,0.3384523281727233,0.11915918694143544,0.22650554177609444,0.2337876083589753,0.24032107635061675,0.18022658657287807,0.12375498272302164,75422,11.230854288625691,3860.2258123273396,8.25848096135072,0.165,206.9280645826046,0
6101,6,0.49672423433593216,0.4980218806376402,0.01727030077964278,0.29052507200354477,0.12317227046685965,0.23428338157797077,0.2212016625844281,0.23192681659615527,0.18941586877458622,0.16669695058732992,50408,10.827905171621891,157.34632559220466,5.0584492714246325,0.18100000000000002,343.99000568843303,0
6077,6,0.4978598539766899,0.3541216745506559,0.06757292870363558,0.3931593229434906,0.12772785137196083,0.23229685274581227,0.2286063600499124,0.23138683371355828,0.17998210211875623,0.1815282491956816,53380,10.885191422958515,498.21464765165797,6.211031003543321,0.17600000000000002,354.9242904828484,0
8007,8,0.5109422743413989,0.7799157651333719,0.0012387480386489389,0.1802791312247089,0.0838879645036051,0.12784248474764282,0.19425956738768718,0.252357182473655,0.34165280088740985,0.09695198329853862,48933,10.79820729448214,8.968467050567519,2.193714764093456,0.214,353.4931983879476,1
8055,8,0.5006792452830189,0.5782641509433962,0.013886792452830189,0.352,0.06486042692939245,0.14668856048166393,0.19430760810071154,0.24028461959496442,0.35385878489326766,0.2064295039164491,33298,10.413252614104797,4.164045151448679,1.4264869939813214,0.19399999999999998,593.9393202418166,1
8015,8,0.5292033438520733,0.8607650999280296,0.02192326856003986,0.09793500525936999,0.07439666122300853,0.20277626565051715,0.1912538559245146,0.2511340954454727,0.28043912175648705,0.08038356813069729,46504,10.747293609381186,17.82410354025003,2.880551672763573,0.17,327.8547278095358,1
8045,8,0.5150034399421384,0.6895937340130894,0.004374900770899854,0.2818282851447422,0.09375979931012857,0.241711565323983,0.23726446021836425,0.23324496137290116,0.194019213774623,0.11854966221072301,57022,10.951192437263671,19.23181964219255,2.9565661803030285,0.182,250.252646979279,1
8079,8,0.4980289093298292,0.9461235216819974,0.00788436268068331,0.02890932982917214,0.07852193995381063,0.08083140877598152,0.13163972286374134,0.22401847575057737,0.48498845265588914,0.06438896189224705,47083,10.759667280669499,0.8690528123736675,0,0.151,NA,1
8115,8,0.49074074074074076,0.7958754208754208,0.002946127946127946,0.1510942760942761,0.1426344505066251,0.14886983632112236,0.13717848791894,0.2985190958690569,0.27279812938425563,0.18862275449101795,40221,10.60214452626967,4.335442056342499,1.4668235788149626,0.175,NA,1
8027,8,0.5248527679623086,0.9380447585394582,0.007067137809187279,0.04098939929328622,0.039666798889329634,0.09321697738992463,0.13169377231257437,0.2923443078143594,0.443078143593812,0.14647550776583035,32427,10.386746688084312,5.747165341005246,1.748706749079609,0.215,NA,1
8001,8,0.5030396212640754,0.5287768510939539,0.02930557706346924,0.3815498971307214,0.1121266405878697,0.2671736189814646,0.24351259459657076,0.2156948049574087,0.1614923408766863,0.1421431990944355,56270,10.937916812427325,387.12699748983647,5.9587527980858965,0.18,298.0732116403052,1
8065,8,0.5140480087288598,0.6178396072013094,0.010092744135297326,0.338379705400982,0.08103485140047038,0.25956809920889456,0.24096643147316657,0.20782552918537525,0.21060508873209322,0.14349276974416017,44610,10.705713328122311,19.45286818373568,2.9679945236520586,0.195,313.57262128057357,1
8097,8,0.5233797239853258,0.8702032259942933,0.002736854364409247,0.09282012461422,0.06191047847710513,0.23649459783913565,0.21274223975304407,0.25321557194306293,0.2356371119876522,0.1009511583124234,72745,11.194715454149488,17.691411429107127,2.8730792918236663,0.133,145.71962127732078,1
8017,8,0.5116491548652353,0.845591594335313,0.002740977615349475,0.135678391959799,0.12170542635658915,0.20387596899224805,0.19844961240310077,0.24496124031007752,0.2310077519379845,0.07192900513778608,51641,10.852071209606546,1.230967521352141,0.20780046289985976,0.17800000000000002,NA,1
8033,8,0.5207723815096548,0.9186658864833236,0,0.04505558806319485,0.046840958605664486,0.17973856209150327,0.2374727668845316,0.23420479302832245,0.3017429193899782,0.14864864864864866,37750,10.538740754677171,1.6016104197456356,0.4710096353928433,0.213,NA,1
8069,8,0.49732176142420814,0.8405123643712517,0.007838507773105121,0.1068744726911229,0.16790898596449075,0.221695230434124,0.19332647315388915,0.21570911446226815,0.20136019598522797,0.1405624378577379,58626,10.978933563172399,117.79574900173421,4.768952183993636,0.11800000000000001,232.7810146742754,1
8113,8,0.5314834578441836,0.8803361792956244,1.3340448239060833e-4,0.09004802561366061,0.07866641693200974,0.22850721108821878,0.23187862895673347,0.2341262408690766,0.2268215021539614,0.10614375585597645,63594,11.06027440525531,5.826158800134617,1.7623579153121205,0.17300000000000001,NA,1
8039,8,0.4988624168276454,0.9013951491736424,0.00240394934535308,0.0575230736209487,0.06288215675375208,0.11791272929405225,0.21199277376320178,0.334491384102279,0.2727209560867148,0.06491599360773982,82118,11.315912516233272,12.586129485581466,2.5325953731164526,0.11800000000000001,266.4478832195428,1
8125,8,0.47736054691370255,0.7757851976617458,2.9723570791637767e-4,0.21014564549687903,0.0920816911501254,0.2572554639914009,0.20440702257255464,0.22554639914009317,0.22070942314582587,0.08221931852447482,44308,10.698920526636824,4.268727227357411,1.4513157095894769,0.18899999999999997,320.1308089824748,1
8117,8,0.5490726567227938,0.8165248656153217,0.007262112420348154,0.14193157950945143,0.12581228318757023,0.27063077148580644,0.21380759271021646,0.19802609078028044,0.19172326183612645,0.1371910875862809,63697,11.061892744689834,46.17511399537773,3.832440994850588,0.146,150.1225904684364,1
8029,8,0.5036041619100428,0.8263152744707916,0.012524870348021789,0.14220946540983073,0.08233062651887856,0.1876000237093237,0.1892596763677316,0.2583130816193468,0.28249659178471936,0.1550240531201301,42078,10.647280317764965,26.845584694190272,3.2901013640132155,0.214,382.367568314858,1
9015,9,0.49540701858358377,0.8495449350209542,0.01753375947170131,0.09915760064344072,0.11645992761831091,0.19203248888029395,0.21649584219686716,0.2648562035527806,0.2101555377517474,0.11409407803700015,59333,10.990920922612803,230.2840654305824,5.439313613944732,0.105,339.9700744209836,1
9007,9,0.48763956786770474,0.8563160118293198,0.04394350896252037,0.050250467740962035,0.08992641209228322,0.174293953858393,0.21702466189339698,0.27957438345266505,0.23918058870326173,0.06374753303854705,76994,11.251482775721817,448.6584114313257,6.1062618218828755,0.08,286.0584709053906,1
12133,12,0.5370415350983726,0.7796534693547081,0.14533236175208486,0.03173832078374221,0.10506252925834281,0.21092757306226176,0.23252858958068615,0.24149000200628637,0.20999130609242292,0.2009915583545491,38501,10.55843949396453,42.3848195702493,3.746790269126672,0.19,541.0485176244861,0
12009,12,0.48945235830643963,0.7702298288150099,0.09757416153075044,0.0846120436090143,0.09804744169065865,0.17810329312073067,0.1939043800459237,0.2817262703478225,0.24821861479486448,0.13478698772433836,48039,10.779768459990587,537.2514926196064,6.286466313777684,0.172,453.43943318694556,0
12069,12,0.4838365578248473,0.7319507121352093,0.094747545908296385,0.12612403049254634,0.0908981998171443,0.18542198682177874,0.22154544594722406,0.2505942810302973,0.25154008638355557,0.13754505467138275,45035,10.715195244217844,320.6863736584607,5.770463616424601,0.19399999999999998,420.7495255939596,0
12105,12,0.4895714367641878,0.6382831253737946,0.14412374343555165,0.1818268214551979,0.11304631748627772,0.2140087893210338,0.21646497508515758,0.2345642697039046,0.22191564840362632,0.18217426488611904,43113,10.671579854742356,339.4606963812626,5.827358171169632,0.203,416.93264879911777,0
12043,12,0.5555810397553517,0.6120030581039755,0.12232415902140673,0.21299694189602447,0.11961466416911962,0.20845598073320845,0.2118009098207118,0.22758897511372758,0.23253947016323254,0.24452708984870256,34694,10.454322040321355,16.22810663404503,2.7867447163138017,0.29,371.7983214435226,0
12063,12,0.5517982402789604,0.6607265944937761,0.2614037221749179,0.04447958480314641,0.10913191266832266,0.21868871747940907,0.22476794352202903,0.2369263956072689,0.2104850307229703,0.19934514637904469,36809,10.513497659473217,53.74607740585774,3.9842706858490424,0.163,446.3524358523148,0
12117,12,0.48425034645492343,0.6556495561631521,0.10655829806359789,0.17761901194801302,0.11788785818905623,0.212855372366395,0.2188680662485447,0.2512937995267961,0.19909490366920796,0.11253600264412862,58175,10.971210988170492,1381.4844399313113,7.230913881130523,0.16399999999999998,278.9969661950638,0
12005,12,0.49551855844034115,0.7881244727715813,0.10098181647764551,0.05022729402943106,0.1136554439394378,0.21930154686429473,0.20673749626069923,0.2513678603479721,0.20893765258759614,0.14729090898197134,47461,10.76766360014283,225.06687902707992,5.416397598157682,0.17,485.2366935810628,0
12045,12,0.5663901728613943,0.7430507186728297,0.18362565693661748,0.0447666687773064,0.09964136861490744,0.20694000193854803,0.2060676553261607,0.24377241446156828,0.24357855965881556,0.16396971496437054,40455,10.60794552424194,28.001177279916032,3.3322465550025946,0.19899999999999998,456.700783099233,0
12097,12,0.49146110056925996,0.3890228954712922,0.09326858135271604,0.46836551278065447,0.1174192312527312,0.22563767951104752,0.24214162142100318,0.2358022400344805,0.17899922778073762,0.17874766098560108,43891,10.689464566656033,210.80746361641428,5.350945222190397,0.22399999999999998,306.6974616317196,0
12131,12,0.5088001413677328,0.8452200035341934,0.053295635271249336,0.05614066089415091,0.08773978802300797,0.20324681012584309,0.20555344681596543,0.2642412917165465,0.23921866331863703,0.17854386416259327,43640,10.683729439947006,54.53800746897964,3.99889784336137,0.20199999999999999,453.198723779891,0
12065,12,0.5289930195590573,0.5737784228350266,0.3639505148939111,0.03884166148317092,0.07824533988168322,0.1768054470364996,0.2403169996651412,0.24199129367116864,0.2626409197455073,0.1719507350019865,44170,10.695801104590572,24.191808993554535,3.1860141045275663,0.157,489.5343883789908,0
12049,12,0.5436786654960492,0.47859964881474976,0.07155399473222125,0.4287020778460638,0.11699329212153098,0.251874260160463,0.24043140865447848,0.2084045771406024,0.18229646192292517,0.296267282910971,37125,10.522045876105,42.860973089593166,3.7579616936979474,0.243,361.5327749160942,0
12095,12,0.49244692942753887,0.450695753673593,0.19679075323119644,0.2761881750801418,0.14373452682062438,0.24878124627202772,0.22496645662684356,0.22077236213707144,0.16174540814343294,0.17012560585173037,47581,10.770188800870221,1301.0607363721997,7.170935161798074,0.22699999999999998,276.0131311893776,0
12041,12,0.5243837559851038,0.8761600756635337,0.05592008039250458,0.04959508187030798,0.13479526086052795,0.18270629806692995,0.19839950114321347,0.24558303886925795,0.23851590106007067,0.24096155072371359,38406,10.555968976370059,48.37893255776044,3.8790644412295125,0.21899999999999997,548.855839624587,0
12001,12,0.4841063366526848,0.6329208158560404,0.19731997054208958,0.0859762735743332,0.2663258463601745,0.2285526210558047,0.15877673809128323,0.17594694522882331,0.17039784926391427,0.24900497618328019,42149,10.648966238356156,285.5340449361158,5.65436126869818,0.161,288.2984420472248,0
18123,18,0.5347557840616967,0.9488431876606683,0.029665809768637533,0.005038560411311054,0.10351217047081614,0.22218478901709762,0.20289733007664448,0.2504000673797692,0.22100564305567252,0.10922041946972695,47596,10.770504003075045,50.95264416716659,3.9308966556168476,0.129,NA,0
18125,18,0.49976525821596246,0.9942879499217527,0.0010172143974960877,4.6948356807511736e-4,0.08853254278399138,0.18164667834523648,0.21196604231235683,0.2722005120603692,0.24565422449804608,0.12699425654116145,40680,10.613491850162497,38.23622688024701,3.643783413865443,0.126,NA,0
18131,18,0.5055459141326493,0.9529917754470686,0.0013581830528936844,0.0261072964611786,0.09193396859481949,0.1846731982284257,0.20977050060394578,0.27352033284122934,0.24010199973157964,0.14030612244897958,44764,10.709159523937918,30.561583215918866,3.4197437697600215,0.141,NA,0
18151,18,0.5068733547821,0.9112606025153553,0.005206200643463001,0.030564492541678853,0.11961794269140372,0.1756763514527179,0.20973145971895785,0.2540381057158574,0.24093614042106315,0.11546089769017179,48080,10.780621569209089,110.66909648830351,4.706544636226955,0.125,NA,0
18171,18,0.5011814744801513,0.9745982986767486,0.0011814744801512287,0.009806238185255198,0.08568486096807415,0.1705458290422245,0.21627188465499486,0.28712667353244076,0.2403707518022657,0.07145426207888743,52317,10.86507664503757,23.209325410427198,3.1445541552550518,0.111,NA,0
18179,18,0.49247482585628183,0.9599740137871297,0.003392644458079186,0.022016097015194715,0.09708121827411167,0.19746192893401016,0.20361675126903553,0.27093908629441626,0.2309010152284264,0.1070491257901157,48136,10.781785616900187,75.27296535873313,4.3211210445602255,0.115,NA,0
18031,18,0.4955086934731485,0.9609082848220826,0.004086510659624503,0.017078530398242028,0.09580200918102588,0.20570820304703613,0.22340496307630897,0.2574678996740071,0.21761692502162197,0.14069662657211143,48047,10.779934977485716,69.62218977475253,4.243083335131289,0.126,NA,0
18035,18,0.4803402083776313,0.8791579842653625,0.047705719753348926,0.01900063789070806,0.23307052752293578,0.18112098623853212,0.1822821100917431,0.21013474770642201,0.19339162844036697,0.22335870599429114,37474,10.531402638158458,299.84137670736806,5.703253590512863,0.132,NA,0
18077,18,0.4826651052420722,0.936669851151037,0.02037042743998274,0.023144010601251194,0.11887786732796032,0.19327340359578427,0.2123889233312668,0.2543914031824757,0.22106840256251292,0.1363110391113168,43795,10.68727493459719,89.97839897291138,4.499569630110821,0.13,NA,0
18079,18,0.5041307724897613,0.9575624911735631,0.010485807089394153,0.021183448665442733,0.09996976111279104,0.18977925612337465,0.2389476867251285,0.2589658300574539,0.2123374659812519,0.16652323580034423,44128,10.694849780593028,75.2131668184703,4.320326306300359,0.126,NA,0
18103,18,0.534321756225426,0.9019768457841852,0.04827435561380516,0.02481979030144168,0.10432500904813609,0.19847086500180963,0.22701773434672456,0.25760043431053203,0.2125859572927977,0.17242574829538887,42023,10.645972366424532,97.96652061566117,4.584625793932185,0.135,NA,0
18109,18,0.495124030223789,0.9669011947931866,0.0032939884710403516,0.012771428984209082,0.09026423556942277,0.18403861154446177,0.22501462558502341,0.2740103354134165,0.2266721918876755,0.11452869062057075,55354,10.921504202914962,171.3423554777718,5.143663633831224,0.122,NA,0
18111,18,0.5032859868560525,0.9291216168468659,0.002049325136032789,0.053494452688855915,0.09337239106554375,0.18735505919687537,0.20468692786525083,0.26644696692298303,0.248138654949347,0.11226536753116492,50262,10.825004603381865,35.22260857877484,3.5616881655943824,0.134,NA,0
18141,18,0.48463032539164735,0.7522366457438112,0.1269432383180724,0.07507480483250467,0.1329655172413793,0.21644907778668804,0.20731996792301524,0.23244907778668805,0.21081635926222936,0.1768619791154936,44582,10.705085469100878,582.4920825597903,6.367315593175447,0.138,NA,0
18085,18,0.4970139435293511,0.8952107007881125,0.0060366066015710654,0.07503192436183523,0.10985571587125416,0.21061043285238623,0.2118091009988901,0.25047724750277467,0.2172475027746948,0.11886916502301118,50859,10.836812376966062,145.8971999375213,4.98290226368948,0.14,NA,0
18155,18,0.5119612682741599,0.9699069679134232,0.002278336814125688,0.014904119992405544,0.09762970329852479,0.1962539366815846,0.2207856787667827,0.26553953257086027,0.21979114868224764,0.22169856689429643,44143,10.695189643065287,47.74444439408429,3.8658627123899443,0.146,NA,0
18163,18,0.48348526629418587,0.8505157213162962,0.09089345458378877,0.02249310614593332,0.13706892582531424,0.2242828859523919,0.19145448685482758,0.23607900916248445,0.2111146922049818,0.1586772282254389,43540,10.681435334788539,771.9584537959097,6.648930732250084,0.121,NA,0
18015,18,0.4994281167636382,0.9483813217962106,0.00507235566164404,0.0380426674623303,0.08831759356418328,0.18774046869534802,0.21974466596712136,0.2632913606155999,0.24090591115774745,0.10708701134930643,50542,10.83055995277496,54.02392107977992,3.9894269314351773,0.14,NA,0
18105,18,0.49637624074365844,0.8563243909076586,0.030501167337467952,0.030379420484982166,0.31724941981324034,0.21783125639305315,0.15803077464556364,0.15844872908852936,0.1484398200596135,0.25051751560539337,40052,10.597933888827693,353.9437630066741,5.869138038950872,0.121,NA,0
18045,18,0.4979541734860884,0.9603109656301145,0.003799392097264438,0.022971709141921908,0.09360992390284582,0.18836651725216302,0.22026477639945793,0.26519337016574585,0.23256541227978733,0.11921634014172572,45884,10.733871751401159,43.239581858988615,3.7667563224880944,0.126,NA,0
18149,18,0.49679804014269136,0.9483388490136244,0.0033953668285554646,0.03348089568917351,0.09656460044809559,0.18349514563106797,0.21635548917102315,0.25840179238237493,0.24518297236743838,0.16860012120162757,40126,10.599779782240146,75.26509539552427,4.3210164867736225,0.146,NA,0
18025,18,0.5080705705705706,0.9661223723723724,0.00365990990990991,0.013607357357357358,0.09570063694267517,0.175,0.2050955414012739,0.2676751592356688,0.2565286624203822,0.19613995056094313,39700,10.589106466675283,34.86420431680098,3.5514606385797967,0.161,NA,0
18055,18,0.49668191872973544,0.973212932941426,0.002636283748977304,0.010575437107966426,0.09639691613782976,0.1876016153563749,0.2181255572455027,0.2618136046572612,0.2360623066030314,0.1402201576058627,43980,10.691490264108753,60.83189706817574,4.108114274237513,0.145,NA,0
18097,18,0.4824213311818574,0.5910920567130213,0.26537695041447334,0.09418224550064566,0.12259576013501484,0.26339466919226084,0.2122798709668231,0.22356137265094816,0.17816832705495303,0.20422239703333359,42334,10.653345824680116,2301.9091693624496,7.741494131232496,0.15,NA,0
19011,19,0.5026375572754226,0.968349312694929,0.004697547264256286,0.0118208771321859,0.08128647034875831,0.18781381462885058,0.22445379291627088,0.28932012484733344,0.2171257972587868,0.08402739939285436,56669,10.94498260298715,36.258926514627966,3.5906855996658464,0.069,299.2348569853164,1
19061,19,0.4915317071104003,0.9274554871784009,0.013271758587452734,0.020103589624090413,0.12175283039607225,0.21018209797383944,0.19862235738101344,0.24894661634851428,0.22049609790056057,0.10916254635352286,51475,10.84885153189599,155.2033930347441,5.044736469847409,0.066,284.7126763683552,1
19071,19,0.4949938280071321,0.9566588945274996,0.0026059525442326155,0.025236593059936908,0.08387096774193549,0.17444168734491314,0.1870967741935484,0.27344913151364764,0.28114143920595536,0.10232230823363828,50520,10.830124576464428,14.263914702142229,2.657732900603407,0.081,436.8043249959824,1
19151,19,0.49744580974734226,0.9555432831699572,0.010630954024575453,0.02664641723042938,0.08652373660030628,0.16743236345074017,0.17713118938233793,0.3001531393568147,0.26875957120980093,0.14178576482241403,44073,10.693602629038537,12.547618758889268,2.5295309072472714,0.081,482.27924447193396,1
19173,19,0.4968030690537084,0.9202365728900256,0.001758312020460358,0.06601662404092072,0.06731620903454384,0.21110126956008268,0.20342485975789784,0.2595217006200177,0.25863596102745795,0.1445861956166176,43804,10.68748041639565,11.76156510033803,2.464837020378661,0.109,NA,1
19177,19,0.5035253425568711,0.9737927364640149,0.0030597312757749103,0.011440734335506186,0.0854368932038835,0.19174757281553398,0.19781553398058252,0.25849514563106796,0.26650485436893206,0.16529372045914922,43181,10.673155862670484,15.505714857391567,2.741208656448758,0.107,NA,1
19159,19,0.4889367534756217,0.9878598002741336,7.832386919913843e-4,0.005874290189935382,0.09231962761830877,0.18502715283165244,0.18774243599689683,0.26338246702870444,0.27152831652443754,0.13125,44551,10.704389879336146,9.53691703797213,2.255170271594079,0.11599999999999999,NA,1
19003,19,0.49307827837905865,0.9718097155801662,0.003020387616410773,0.012836647369745784,0.09156844968268359,0.185856754306437,0.1799637352674524,0.2914777878513146,0.2511332728921124,0.11330428095360164,45871,10.73358838809481,9.382697389706664,2.2388672898773287,0.105,NA,1
19009,19,0.48450516494501833,0.9783405531489503,0.001999333555481506,0.005998000666444518,0.07003154574132492,0.16845425867507888,0.19400630914826497,0.30189274447949527,0.26561514195583596,0.09548431575318855,48313,10.78545595456471,13.549725596610084,2.6063662959479648,0.099,NA,1
19039,19,0.5000536999248201,0.8754161744173559,0.010954784663301471,0.1053592524970465,0.11351869606903164,0.20172579098753596,0.17871524448705656,0.26807286673058484,0.23796740172579098,0.13722012857459542,43216,10.673966076032396,21.59488086982538,3.072456289834604,0.1,394.931506141647,1
19051,19,0.4922901199314677,0.9755568246716162,0.0013706453455168475,0.01096516276413478,0.10080106809078772,0.1909212283044059,0.2102803738317757,0.260347129506008,0.2376502002670227,0.21194829393268894,45040,10.715306262813572,17.433710084669485,2.858405693144559,0.142,NA,1
19093,19,0.4999295675447246,0.9688688547682772,0.002253838568812509,0.01634032962389069,0.08446298227320125,0.19499478623566216,0.18534932221063607,0.2692909280500521,0.2659019812304484,0.14414414414414414,43449,10.679343115468965,16.451606922699,2.8004231577109415,0.083,NA,1
19103,19,0.49934345016936,0.8260963636092334,0.04806243192025904,0.049770953638629004,0.24555180307803895,0.257723429814819,0.17355334436410616,0.16902015004873183,0.15415127269430404,0.17703751925183786,53424,10.886015362183436,218.28219659957009,5.385788705486978,0.063,184.1246520505914,1
19135,19,0.5013732833957553,0.9588014981273408,0.0016229712858926342,0.02072409488139825,0.11519015168168828,0.19234996702571994,0.20773796438777753,0.2433501868542537,0.24137173005056056,0.11843117149448859,45997,10.73633145595318,18.468349031045733,2.916058403699733,0.106,456.7934955528446,1
19179,19,0.48856748146268575,0.8670388226338492,0.013448363359553413,0.09320815359891736,0.11498613745804757,0.2099323897076706,0.2086190962595457,0.2368305851451919,0.22963179142954424,0.19080473098330242,41425,10.631639842294764,82.13591828322522,4.408375415100206,0.094,448.8866717277122,1
19167,19,0.5024669603524229,0.8906020558002937,0.004522760646108664,0.09083700440528635,0.16618028534370946,0.22227626459143968,0.1883916990920882,0.22573497622135755,0.1974167747514051,0.08219960041860908,57227,10.954781093969759,44.316779725431196,3.7913633801744426,0.083,174.1050596080852,1
19025,19,0.5080385852090032,0.9576969453376206,0.012660771704180064,0.014268488745980707,0.09095940959409594,0.18321033210332102,0.18745387453874537,0.2621771217712177,0.2761992619926199,0.13437299722281565,44484,10.702884852938732,17.46062936866631,2.8599485960771704,0.08199999999999999,355.240747202425,1
19027,19,0.4859154929577465,0.9625699401890797,0.010901022573798958,0.018522091452826548,0.0860272036742625,0.19952305246422894,0.20093623034799504,0.27636459989401163,0.23714891361950186,0.09615195354787914,48361,10.786448982761422,36.407890600716144,3.594785525895394,0.068,343.020903995877,1
19033,19,0.48700264044432306,0.9234498770827643,0.009969953564599836,0.03935627788400255,0.09525872253288178,0.19441600378042057,0.1919351027801843,0.26470819878711505,0.2536819721193983,0.13161579389526742,44795,10.709851805031679,77.3024724051711,4.347725939624845,0.073,362.9878900605608,1
19073,19,0.49065370070232306,0.9602377093462993,2.1609940572663426e-4,0.021934089681253377,0.08087497491471002,0.18563114589604657,0.18683523981537226,0.278346377684126,0.26831226168974515,0.13032471106219043,45865,10.733457577943756,16.248986084336718,2.7880305120190614,0.081,468.1860264127194,1
19083,19,0.4980232624763651,0.9350254970492179,0.008709104451956684,0.03770125479860196,0.09305103148751358,0.18653637350705754,0.19522258414766558,0.2718783930510315,0.25331161780673184,0.08610508556278622,49342,10.806530924324653,30.65657018093928,3.4228470009415313,0.08,363.74605919891917,1
19117,19,0.4986425339366516,0.9778280542986425,0.0012443438914027148,0.007126696832579185,0.085146841326854,0.1726177899852102,0.19839425311641665,0.28332981195858864,0.2605113036129305,0.1696892687998152,43288,10.675630739322571,20.52982747048837,3.0218788272200006,0.105,360.1579946391844,1
19119,19,0.5029590874002916,0.9689510249592589,2.5731194785144526e-4,0.021185350373102325,0.08851285388870811,0.2136348844777091,0.21070615034168566,0.2517084282460137,0.2354376830458835,0.07981875217845939,52152,10.861917810604375,19.840040840636433,2.9877021603544285,0.08900000000000001,267.7002293830468,1
27029,27,0.5094555873925501,0.8636103151862464,0.001146131805157593,0.01489971346704871,0.0849727919631645,0.1900376726663876,0.20071159480954373,0.26266220175805777,0.2616157388028464,0.1653075489282386,43269,10.67519172225162,8.73425831381264,2.167253030285812,0.10400000000000001,408.954476445636,0
27059,27,0.5012080466411051,0.9496559693261201,0.006066495089027785,0.016282367771416565,0.09176512392289242,0.21591010038198455,0.21893044327973704,0.2757839566491961,0.19761037576618992,0.0803426534358456,57353,10.956980431564268,87.376145610081835,4.470222311885266,0.076,278.9350449936892,0
27099,27,0.49645877917048814,0.8345816773667584,0.022903291552022826,0.10677162947110976,0.10307941653160453,0.21324380643667515,0.21491085899513776,0.24802037508682565,0.2207455429497569,0.1626567001479405,46004,10.736483628212472,55.181217130188706,4.010622625997649,0.085,251.72120659026402,0
27109,27,0.4890560922341729,0.8293955348034752,0.048520159109425386,0.043474391187364354,0.0914083056858483,0.25696144605880333,0.20925523395492507,0.2480151012469969,0.19435991305342637,0.07989911587043914,66252,11.101220932072044,223.56045543805837,5.409681871606697,0.061,211.910842059767,0
1115,1,0.5002425432732693,0.8686716910590268,0.08998947007252635,0.02148578459791058,0.09467594402314126,0.21806348213587678,0.2340903760456571,0.24407786725041045,0.20909233054491438,0.15227247863663437,50786,10.835376005033337,133.75650021680576,4.896020984347005,0.11900000000000001,508.7688994673582,0
1003,1,0.48854174460489325,0.8339247731329564,0.09428476757484743,0.04447556035358124,0.09313161314275106,0.19904399480230184,0.22095786151847038,0.25062186745869686,0.23624466307777983,0.1394072269589931,50221,10.824188544898831,117.69775013460948,4.768119898829577,0.145,413.6340102342378,0
1069,1,0.47961417430565056,0.6823876629595607,0.25623986083693295,0.030744874225514533,0.1019239119543071,0.2184274691873476,0.22231871471993053,0.24182504425665519,0.21550485988175958,0.18032608588180624,40948,10.620058248039662,176.4776897817269,5.173194464880791,0.13,441.549280618167,0
1125,1,0.48366052920375563,0.6426909320001626,0.30054261675405436,0.031159817908385155,0.2187822159676654,0.2266531393693443,0.1849748817725123,0.19321398766179576,0.17637577522868222,0.18884976777038162,45408,10.723443579959769,148.91110682388188,5.003349529412325,0.13,395.11685652344397,0
1031,1,0.4959380201315685,0.7197828326860585,0.16771023222636125,0.0637433621304589,0.10585464333781965,0.2274562584118439,0.23055181695827726,0.22903768506056527,0.20709959623149393,0.18550573304684834,43768,10.686658235743662,74.33001655443819,4.308514861452611,0.136,399.117040947876,0
1109,1,0.47672620311125935,0.5732480213482124,0.36398095642417444,0.02286442065682142,0.2624858255682098,0.19553320514716757,0.17112853128235467,0.19040575851698466,0.18044667948528323,0.27590540018043563,33090,10.406986400915658,49.066053260407024,3.8931674160622523,0.133,464.5099708709506,0
27051,27,0.4989983305509182,0.9669449081803005,0.002003338898163606,0.01652754590984975,0.08166409861325115,0.19106317411402157,0.1852080123266564,0.2745762711864407,0.2674884437596302,0.10132382892057026,50030,10.82037810448225,10.927466433158203,2.39127947597374,0.091,NA,0
27087,27,0.5061187214611872,0.4882191780821918,0.005844748858447489,0.021552511415525114,0.10969568294409059,0.20629865534324132,0.1886058032554848,0.24416135881104034,0.251238499646143,0.2619666048237477,40282,10.603659998032827,9.813973664492952,2.283807254200992,0.128,584.8124602786186,0
27173,27,0.5084515251602876,0.9132504371478531,0.0022343112492714205,0.03914901884592967,0.09102244389027432,0.19077306733167082,0.1964731029568935,0.28001425008906305,0.24171713573209833,0.12234570351260171,52510,10.868758906631905,13.560777814809887,2.6071816418413523,0.081,NA,0
27013,27,0.5001395262309314,0.9068584893960064,0.02793625201537889,0.026618504278804415,0.26029404460338745,0.22885312670739583,0.1618238712561466,0.18102120896041327,0.16800774847265684,0.19204929957336908,49935,10.818477438677235,86.25328277020341,4.457288116290972,0.071,199.7255943143692,0
27077,27,0.5277638819409705,0.9512256128064032,0.01150575287643822,0,0.061314512571680635,0.12086457873842082,0.1874724305249228,0.3114247904719894,0.31892368769298635,0.0786346396965866,44069,10.69351186640545,3.0804341578387344,1.1250705473887597,0.114,NA,0
27137,27,0.5013453004337908,0.9210440929080953,0.014616102672131065,0.01289391844334513,0.14791658063183977,0.19240140408837497,0.176345240553376,0.24066900681395828,0.24266776791245095,0.16375244299674266,46517,10.747573116161046,32.06565418163489,3.4677854941277797,0.081,361.3284501110664,0
27037,27,0.49157357832097953,0.8177556387426487,0.04842333944808181,0.06170676052557009,0.08952785094137157,0.22176291743894905,0.2288272688843365,0.2655838454784899,0.194298117256853,0.07582675314673774,73732,11.208192176616064,715.6330491952583,6.573167534463115,0.054000000000000006,213.6959390642644,0
27083,27,0.4956619849822978,0.8741781115044936,0.024899817141967862,0.06077111621211532,0.14895604029084117,0.23607497832032553,0.18651190714428656,0.23707557868054166,0.19138149556400508,0.144287109375,49594,10.811625137653897,35.970437710531954,3.58269742640002,0.066,233.0513648233858,0
27129,27,0.5066778501838828,0.9061229756758501,0.006258468288276663,0.06961739467062392,0.0870170553428472,0.18285183896043625,0.2038519549831767,0.27764241791391114,0.24863673279962872,0.11607496370595223,50802,10.835691002870332,15.768547551851348,2.758017294758116,0.087,379.4315022283966,0
27031,27,0.5025986525505294,0.8694898941289702,0.005774783445620789,0.008277189605389798,0.09005037783375315,0.15081863979848867,0.181360201511335,0.255352644836272,0.3224181360201511,0.08300933125972006,52215,10.863125088913648,3.577141275390301,1.2745639549932641,0.11699999999999999,NA,0
1017,1,0.4780787816664226,0.579528481476058,0.40222580172792505,0.005095914482354664,0.10730491149339316,0.19172276240339067,0.2150585888805784,0.24851657940663177,0.23739715781600598,0.2410934482246323,32402,10.385975428270363,57.23927172267661,4.04724023138363,0.156,654.0548811813524,0
1101,1,0.47572277054764606,0.3787142981919818,0.5491003581098786,0.03481090051532885,0.13603982365478381,0.23856967679775773,0.21108872733642814,0.22211760240576917,0.19218416980526115,0.21203756081004638,44790,10.709740179201345,291.9743397169514,5.676665920725139,0.126,429.582345421875,0
1067,1,0.4769470764964178,0.6785879362144673,0.27391957476311535,0.023572914259302056,0.09889112903225807,0.1689516129032258,0.22681451612903225,0.23911290322580644,0.2662298387096774,0.14355971896955502,41650,10.637056647594989,30.810858923008457,3.4278671902793367,0.146,527.0667210492384,0
1123,1,0.4831756300086898,0.6925992082649416,0.2717485758424254,0.024862411895336486,0.09945027486256872,0.1880726303514909,0.2107696151924038,0.25,0.25170747959353656,0.19774108192865542,39130,10.574644715204458,57.818263526121356,4.057304703728387,0.129,573.9714179819654,0
1131,1,0.4717717457289047,0.2693608533518342,0.7280374642268667,0.001561009452779464,0.11133698201720094,0.181704456606724,0.20656763096168881,0.25254104769351055,0.24784988272087569,0.3920520359975051,23642,10.070780070310322,12.978082111608579,2.5632619431637496,0.156,831.7669279894947,0
2150,2,0.5412996389891697,0.5206498194945849,0.006498194945848376,0.07826714801444043,0.13949402670414618,0.2306160693370813,0.2241742796907941,0.2268681189974233,0.17884750527055515,0.11681481481481482,68718,11.13776645262577,2.1146397348592942,0.7488844598610614,0.23,310.7778490961708,0
2185,2,0.6253690425980599,0.32127794179671026,0.004217629692113032,0.029945170814002532,0.12983596409780254,0.23181677499226247,0.17935623645930052,0.26385020117610647,0.195140823274528,0.10343347639484979,80761,11.299249454717621,0.1069277393183794,0,0.21899999999999997,311.5978925765522,0
2090,2,0.5297701102821927,0.7305384365877392,0.04421423937722997,0.06580441128770678,0.16757230774049076,0.26403482672763434,0.19384894846458603,0.20214848337744093,0.17239543368984794,0.0842602452318949,69223,11.145088456325304,13.444152381051017,2.59854424430108,0.185,272.0898701434964,0
2180,2,0.5362558019597731,0.16554925219185146,0.009386281588447653,0.015368746776689014,0.1489792164796763,0.25915026669119,0.19385690638219608,0.2251241493470664,0.17288946109987124,0.27722982288683845,49974,10.819258149163396,0.42222371359060834,0,0.31,624.5023599471535,0
2282,2,0.5799011532125206,0.3525535420098847,0.0642504118616145,0.018121911037891267,0.1546134663341646,0.14214463840399003,0.26683291770573564,0.1970074812967581,0.23940149625935161,0.05930807248764415,72500,11.191341840842766,0.07935203766751026,0,0.32,NA,0
2240,2,0.5497374769405421,0.7789130126294878,0.01532567049808429,0.04015893287923939,0.09250474383301707,0.21347248576850095,0.21157495256166983,0.252134724857685,0.23031309297912714,0.13256814921090387,56801,10.947309210188068,0.2845110673069128,0,0.263,NA,0
2013,2,0.7338427252467367,0.13403374721426298,0.11779687997453041,0.1349888570518943,0.1245311327831958,0.19654913728432108,0.23818454613653414,0.27494373593398347,0.16579144786196548,0.16682615629984052,61250,11.022719128406973,0.44987476981694063,0,0.308,NA,0
2122,2,0.5247582928262379,0.8248847105745776,0.005946975766964015,0.0328686145683101,0.09399425287356322,0.1888505747126437,0.192816091954023,0.2614942528735632,0.2628448275862069,0.08618615334135404,61793,11.031545368421995,3.49373832489048,1.250972316202767,0.212,420.3006593812998,0
2195,2,0.5210194429847609,0.697845507094062,0.015764582238570676,0.053599579611140306,0.07940346634421604,0.16928657799274485,0.20999596936719064,0.264006449012495,0.2773075372833535,0.13458487572712852,63934,11.065606580237674,1.1596651048055717,0.14813126068179297,0.213,NA,0
2275,2,0.5103331927456769,0.6579502319696331,0.0012652889076339097,0.026149304091100802,0.051515151515151514,0.09924242424242424,0.16136363636363638,0.2636363636363636,0.42424242424242425,0.09521776259607173,45841,10.732934166159403,0.9329198739476124,0,0.218,NA,0
4007,4,0.4968032248992219,0.6495734508296616,0.005062341801818693,0.18190681541201836,0.08851504826802953,0.17443923906871095,0.17511357183418513,0.25351362862010224,0.30841851220897215,0.21565559223708566,39954,10.595484071338678,11.209699674207267,2.4167794458426948,0.192,594.1568619974288,0
4003,4,0.5110502297043605,0.5785421022909385,0.036241395625696365,0.3294464201224072,0.11275039144754603,0.22606770692727174,0.19839641488040602,0.22748501700772097,0.23530046973705523,0.17111198919951265,45755,10.731056354349478,21.25277138487339,3.056487304978412,0.171,418.1020553768318,0
4001,4,0.4990552668871044,0.19819944983189308,0.003737253049542916,0.06046291922531885,0.1218179917411531,0.20958130782499607,0.20992107051382572,0.2483403899430244,0.21033923997700069,0.3619520756372695,31476,10.356980629654874,6.428029918407833,1.8606681022527096,0.239,622.5621147869712,0
4027,4,0.5070493302382604,0.3471255011907992,0.01844482630410097,0.6012832494246982,0.15507238160033263,0.23833012057300526,0.2148769701780247,0.21213667460407454,0.17958385304456287,0.20215651773183352,41595,10.635735246717989,36.09472048563001,3.586146607708253,0.237,288.7948654113842,0
4017,4,0.5005590444067607,0.4339116337141047,0.00351266235581313,0.10854778897937126,0.12210970172467425,0.20573393702692427,0.20207030034908235,0.24224933466975426,0.22783672622956486,0.30272073087986545,36927,10.516698269778406,10.786075203644629,2.378255969229374,0.221,571.0603985312588,0
5021,5,0.48923369221025964,0.9649778340721976,0.002216592780240659,0.01532615579480684,0.09588571428571428,0.18971428571428572,0.21714285714285714,0.25211428571428574,0.24514285714285713,0.20176222704635424,31502,10.35780631486168,24.69251640042848,3.2065002179865596,0.174,673.9554261964768,1
5043,5,0.4837846516108316,0.6743551321845231,0.28309964679439154,0.026062292625495025,0.16050191965539845,0.20058057870587134,0.1886880794081843,0.24253207229141305,0.20769734993913289,0.28469730622472805,31171,10.347243454377015,22.557934028364617,3.1160868456795634,0.165,424.5157062305654,1
5121,5,0.4869244523915959,0.9564707197139025,0.004470272686633884,0.016819400983459992,0.10272326792150581,0.19913896676011214,0.20594713656387664,0.2461954345214257,0.2459951942330797,0.21796852646638054,34418,10.446334962324856,27.439814410195783,3.3119950393579822,0.192,575.3591232381444,1
5009,5,0.489015876438718,0.948165718752527,0.0026954904444863744,0.02072832151810022,0.09601301871440195,0.20394390465706216,0.21854209543866368,0.24711625903412626,0.23438472215574593,0.16579516522024804,38506,10.55856935228928,62.85505166621204,4.140831308356943,0.183,439.082552722248,1
23015,23,0.4927836253899758,0.9681313234393679,0.0027116074292212146,0.00863049246289763,0.07391548147015344,0.15772034459907222,0.19534077585767445,0.272059948004282,0.30096345006881786,0.11693334120564444,50181,10.823391747980118,75.24275039599138,4.320719558735359,0.158,363.0032355864098,0
23027,23,0.4890388727169685,0.9646049614879312,0.0037095236868543756,0.00986630258378629,0.08723532449647099,0.17468583232914442,0.20205715269409538,0.2583921501118953,0.2776295403683939,0.1643972714582949,42221,10.650673006578945,53.182686274348626,3.9737328974076753,0.141,352.243357554285,0
23019,23,0.4927594712624228,0.945733457425691,0.007295849631302514,0.011226887256018588,0.1416655257032723,0.19108152797817776,0.1937882442153156,0.25187205763093873,0.22159264447229565,0.17039665458904296,43734,10.685881110610268,45.22597238681071,3.8116715321405557,0.13,365.958401151073,0
23021,23,0.4963385804070807,0.9614253589344404,0.0010378827192527244,0.010263506890388054,0.06481665014866204,0.14757185332011893,0.20178394449950446,0.28662041625371654,0.299207135777998,0.18501170960187355,36646,10.50905956084012,4.37859896951568,1.4767288032454537,0.157,445.6694917366466,0
23001,23,0.4899195421521081,0.9179069810654625,0.01701135328985265,0.016147314045747627,0.10571353547211196,0.20123260375959592,0.21666331999814645,0.2579509120958898,0.21843962867425587,0.1563183125599233,44921,10.712660670403343,230.02305915238915,5.43817956108208,0.12300000000000001,347.793553848902,0
23003,23,0.4911694510739857,0.948926014319809,0.005629650428190369,0.01006598343394637,0.092432315147424,0.16642156271848405,0.20096916511969912,0.271703753706695,0.26847320330769786,0.1634568257171688,37855,10.541518350537407,10.677031416524141,2.3680948376404776,0.149,433.2049067562332,0
23029,23,0.49256613837711904,0.9104257993317189,0.0041997486281842985,0.014959688544189326,0.0858569758792902,0.16820741685261928,0.1960471788332802,0.2658591010519605,0.28402932738284986,0.1948894940155785,37236,10.525031314236381,12.729351533172563,2.5439104712225387,0.188,479.01809593154377,0
23005,23,0.4852992093158003,0.9152575906389774,0.025494089299972444,0.01836097312804279,0.10034807757157309,0.19761546859014295,0.21731128651528056,0.2607095295523002,0.22401563777070319,0.11404038346838132,57461,10.958861735792912,338.8794371923792,5.825644401624301,0.095,278.6218820598684,0
23013,23,0.49619589862447727,0.9633949715322215,0.006172217463596513,0.009422078903612637,0.076768968456948,0.17127024722932652,0.20690537084398977,0.26398124467178175,0.28107416879795394,0.10751074072156944,49755,10.814866240049263,108.71077467450306,4.688690912255306,0.146,328.0245326410876,0
23023,23,0.4827527419446497,0.9519236233448883,0.006506790930272206,0.014008069557310905,0.08120321988419715,0.17398672503883633,0.21084592571670668,0.27745610318693215,0.2565080261733277,0.11131151765009019,56733,10.946111330995382,138.72563511302943,4.9324981344175916,0.10800000000000001,296.178503337188,0
23031,23,0.48615175058016347,0.9532388255473716,0.005887397840782968,0.01369690243164161,0.08898255668660347,0.17800676407377172,0.21134398480582445,0.2768188860936641,0.24484780834013628,0.09537959534379412,57348,10.956893248366159,200.07812555200144,5.298707918032883,0.11199999999999999,319.8035963147144,0
23011,23,0.4863950327291244,0.9538753418694613,0.006545824880705011,0.01291096199807814,0.10057300394615926,0.17846910643818584,0.2062679063733175,0.26882534191037355,0.2458646413319639,0.13441504719131478,46808,10.753809407468072,140.35000760785869,4.944139357014222,0.125,381.0763780404594,0
23007,23,0.4904109589041096,0.9647749510763209,0.0029680365296803654,0.010730593607305937,0.12628286043576092,0.16579770594369134,0.18314033258328302,0.2685363042643104,0.2562427967729543,0.15562868969261043,41626,10.636480251018197,18.07134112809728,2.8943273203391393,0.139,355.026944293057,0
23025,23,0.4938585345192715,0.9641908282314889,0.004351006892302953,0.008702013784605906,0.07965992941931344,0.17462303496952197,0.21613731151748475,0.2701636188642926,0.25941610522938724,0.17797589889291662,38642,10.562095046821328,13.235643739952295,2.582913473706817,0.149,416.0467581216488,0
19189,19,0.4931979127841968,0.9394334699962729,0.008479314200521804,0.03456951174058889,0.10511410961186074,0.18224221222721973,0.19706813260036649,0.2575378977178078,0.2580376478427453,0.11380999020568071,45603,10.727728782812129,26.797240373643223,3.2882989110822045,0.071,332.233699738282,1
19147,19,0.5012831479897348,0.9627887082976904,0.0040633019674935844,0.017536355859709155,0.11574349811395672,0.19733968632122295,0.1816557474687314,0.2568989477863808,0.24836212030970817,0.09154538384623931,44663,10.706900697343169,16.586147941629243,2.808567885658184,0.081,342.839779215548,1
19165,19,0.4873428193249504,0.9645929847782925,0.0025645268034414294,0.019192587690271344,0.08619362782822841,0.1582268739418193,0.19916884716022779,0.30183161459134983,0.25457903647837465,0.1081402257872846,48783,10.795137170493833,20.46111997887535,3.018526498950787,0.075,339.479975146387,1
19007,19,0.4918800749531543,0.9647095565271705,0.0042941911305434104,0.015302935665209244,0.09200453643322937,0.1903884320952651,0.19322370286362348,0.26254607314998585,0.2618372554578962,0.1523477710032465,39208,10.576636086589383,25.755491743281613,3.248647875954346,0.10099999999999999,485.5202981523418,1
19087,19,0.5106498910243709,0.8948385179314444,0.0216465226867446,0.041509807806617796,0.11640479810778848,0.20400405473897618,0.20256800135157965,0.24235512755533029,0.23466801824632538,0.17867480658912688,46376,10.74453736301957,46.48100053415852,3.8390436384341435,0.079,329.217105096821,1
19095,19,0.49427188629541136,0.9644060528089199,0.003982111131532194,0.02015560865037064,0.07492670213921164,0.20067325442501902,0.20936040829623195,0.28352698447171243,0.23151265066782495,0.10874586428616019,58008,10.968336211051428,27.833242675933615,3.32623108603131,0.06,278.92031645738916,1
19099,19,0.5137019885589758,0.9555162081176791,0.013647507491146826,0.01528193952601471,0.0878350132379581,0.20869524826977565,0.21329369687398392,0.26420177435087555,0.22597426726740674,0.11849777726459211,50513,10.829986007877704,50.25875523671313,3.9171847653287104,0.075,343.4509319374114,1
19145,19,0.5150271498926632,0.9229700719787852,0.01843667129688092,0.02917034979164036,0.08482889309998885,0.20287593356370529,0.2057741611860439,0.2508081596254598,0.25571285252480214,0.13924569554523095,43010,10.669187925777782,29.606948042965406,3.388009064966225,0.09,397.203872365722,1
19191,19,0.4945812339576005,0.9554140127388535,0.008698545489114935,0.020296606141268183,0.16687801166624397,0.16400371967199256,0.17533181164933637,0.262490489475019,0.23129596753740805,0.08421957245676227,53122,10.88034643404396,30.495689030365227,3.417585330356751,0.081,163.368789569359,1
19157,19,0.4844713890661561,0.9328334396936822,0.010636034886194426,0.025473303552435652,0.1660573407735232,0.17048297094477582,0.18337502405233788,0.2467769867231095,0.2333076775062536,0.12807130710138978,50349,10.826734036976289,32.14732652684415,3.4703292909847168,0.073,329.7185572811372,1
19155,19,0.48984531313870183,0.8942040833889116,0.01190809147823842,0.06684451711451991,0.11025358324145534,0.21249540610069828,0.2022050716648291,0.2503491363469313,0.224696802646086,0.13753240306657108,51304,10.845524000828698,97.82590394410069,4.583189408473928,0.085,394.926764436288,1
19127,19,0.5027450980392156,0.7678676470588235,0.019240196078431374,0.18051470588235294,0.1052562128876182,0.21288761820980867,0.19656916648339565,0.24666813283483616,0.23861886958434134,0.12147998484657153,51555,10.850404477952043,71.26625106331693,4.266422878240493,0.092,419.8793171013732,1
19043,19,0.4979988882712618,0.9664813785436354,0.0032795997776542524,0.017843246247915508,0.08305681246857717,0.17204625439919558,0.19778783308195072,0.27963800904977376,0.26747109100050276,0.12495046141652041,47494,10.768358666254748,23.107384472711065,3.140152240586192,0.095,293.4146307216012,1
19015,19,0.5011402508551881,0.9553781832003041,0.009730140630938806,0.020790573926263777,0.08733710675266552,0.2048835066473608,0.20606818480979333,0.262208766618402,0.23950243517177833,0.10088696127847459,51826,10.855647232824525,46.03118783558941,3.829319163179209,0.07200000000000001,335.4354492342636,1
19017,19,0.4912043301759134,0.9626440316562103,0.015049001517201788,0.010866445237216549,0.12953445065176908,0.18942271880819367,0.21318435754189943,0.24134078212290502,0.22651769087523277,0.07270570662917893,61216,11.022163872239979,56.000661343767874,4.025363500375556,0.057,213.4626133017438,1
19021,19,0.5114496314496314,0.6622604422604422,0.02334152334152334,0.23656019656019656,0.14291981049306896,0.2077557466222144,0.18573433935778208,0.25504474469205124,0.20854535883488332,0.12785340314136126,46951,10.75685978366411,35.39653687936478,3.5666139870877003,0.113,308.9968403479096,1
19089,19,0.49518828451882846,0.9713389121338912,0.005648535564853557,0.013807531380753139,0.08522727272727272,0.21630094043887146,0.19181034482758622,0.27488244514106586,0.23177899686520376,0.11614488727428145,46429,10.745679542983188,20.200824937453515,3.0057234420610883,0.1,NA,1
19063,19,0.4973868454787496,0.893205798244749,0.012424810176511192,0.08342372547086087,0.11354793066855323,0.2143615139724089,0.1920764060841882,0.23646975592500885,0.24354439334984082,0.12485524792083377,48601,10.791399385808587,25.616154267801345,3.2432231785582637,0.1,358.2912130930468,1
19077,19,0.498478280918565,0.9644932214331827,0.006086876325740109,0.019736235359217928,0.06518794446325771,0.17812394175414833,0.20724686759227903,0.2809007788689468,0.2685404673213681,0.10257377203733384,50609,10.831884705071992,18.358673935864008,2.910102156868474,0.08199999999999999,349.6082419392646,1
19081,19,0.5001334163479498,0.9450324646446678,0.0013341634794983546,0.03584452548252246,0.07910589727330374,0.18183259353202283,0.19308814204185162,0.2796448953709575,0.2663284717818643,0.10414779931171889,50105,10.821876082492428,19.689845097678653,2.980103025564662,0.07400000000000001,375.3970527606786,1
19121,19,0.4982698961937716,0.9696911444316288,0.0033961296937075483,0.013200051262335,0.06846805587359743,0.18433707350583925,0.24765285092741013,0.2683764598122281,0.23116555988092513,0.08855150843813123,57581,10.960947931156728,27.81788430070267,3.3256791340240377,0.081,327.402574482147,1
19125,19,0.4947175700822378,0.9533285311243171,0.005432498949516778,0.016717690137463232,0.1216303297175384,0.1983675222854688,0.20926860702395017,0.25126194823327247,0.21947159273977015,0.09247658820551759,54723,10.910039375355025,60.082880400480406,4.095724949057668,0.067,324.6268876135464,1
19197,19,0.4970210815765353,0.8871830125267339,0.0029025358997861288,0.09555453712190651,0.10140449438202247,0.17303370786516853,0.19957865168539327,0.26910112359550564,0.2568820224719101,0.11020439884977073,45205,10.718962979171467,22.556002356905836,3.1160012104362336,0.09300000000000001,399.56214897571783,1
19029,19,0.4898861741463061,0.9625897194228956,0.0022475168563764227,0.021315159863698977,0.08447672854452515,0.19101425881086898,0.19128329297820823,0.2744148506860371,0.2588108689803605,0.11416537353136777,43481,10.680079340050709,24.444015177158413,3.1963854079275187,0.092,441.8569306200694,1
19047,19,0.507585004359198,0.7323452484742807,0.005870386515547806,0.25579773321708804,0.10424124091550059,0.19969627942293092,0.19069313374552554,0.2806161188849116,0.22475322703113135,0.15803814713896458,46548,10.748239317227968,24.090228090564135,3.1818062848494586,0.122,314.021225703182,1
19065,19,0.49817500720391894,0.9525982134281049,0.0074920756891749115,0.01973873787340313,0.12259194395796848,0.17705779334500876,0.18747810858143607,0.2689141856392294,0.24395796847635726,0.11519448744195336,45542,10.72639025608861,28.49163463604133,3.349610522646316,0.092,369.749722518733,1
19085,19,0.4960961368728359,0.9710095729513205,5.431461742141354e-4,0.01323918799646955,0.08021390374331551,0.1758629071463296,0.21220223626640738,0.2840301409820126,0.24769081186193487,0.09553212154849453,54583,10.907477757940512,21.136603678277044,3.051006308986262,0.078,409.3824221887322,1
19129,19,0.49869852499499434,0.9523459921244076,0.006207034639257826,0.0255623039444704,0.0702621895124195,0.17433302667893286,0.21285648574057037,0.2749540018399264,0.2675942962281509,0.07011549238023645,63076,11.052095627525478,34.25178940053082,3.5337388086144705,0.067,431.3705451023548,1
23009,23,0.48844327950583794,0.9586854115878806,0.003482596183807761,0.012244075004124126,0.08925654830318795,0.1637529490048999,0.19526949367854335,0.267073982215232,0.28464702679813686,0.13966164349974539,47460,10.767642529989754,34.379759693942816,3.5374680102252958,0.149,352.43438499617616,0
24047,24,0.48522698576118417,0.8032984323704812,0.14153344082052877,0.031838225295751664,0.0921546807622757,0.1626095423563778,0.19543747391848657,0.26700514675198217,0.28279315621087775,0.1094156612254554,57952,10.96737036068314,109.93185715414462,4.699860693418276,0.128,398.7933500984516,1
24510,24,0.47123719717754586,0.2809419980851081,0.6271802009831924,0.043080240407437506,0.13805471463140523,0.2717911853149331,0.19144299209250054,0.21768657547561432,0.18102453248554679,0.23786354160043638,41385,10.630673775319496,7677.468373196283,8.946045132892136,0.125,615.2564000607194,1
24039,24,0.5488670436861882,0.5180096405662884,0.4105590769347554,0.03469085664402019,0.19619326500732065,0.19753538311371402,0.19948755490483164,0.2127867252318204,0.19399707174231332,0.23440326665632916,38447,10.557035948482783,82.40570744050318,4.411654699571363,0.14300000000000002,388.4527657102654,1
24041,24,0.47629361578488605,0.7888216804458649,0.12829181964658337,0.055601045986423306,0.08541534249254389,0.16696817092847016,0.2021708306849851,0.2652911553317362,0.2801545005622647,0.08613911694702217,61597,11.028368447036963,140.9819094504316,4.948631580376803,0.111,333.28600107250537,1
24025,24,0.48945529140855576,0.786766613693121,0.12508108195764278,0.03713148250251354,0.09790552375327996,0.19542181449691634,0.22209769748542055,0.27193294454771794,0.21264201971666521,0.07356874677922014,80622,11.297526844103464,564.3335796599778,6.335645529956326,0.077,312.9110573529582,1
24027,24,0.49046528328472094,0.5812348334530207,0.1753618699820639,0.05993104645345295,0.08547984065334345,0.20284563431161248,0.23675943419747683,0.2756209588502219,0.19929413198734536,0.04592674341688116,109865,11.607007618331368,1171.8107529283204,7.066305483488043,0.07,177.2329649255486,1
24033,24,0.4800928697933899,0.14765633139129528,0.6333784020488139,0.1536289856333452,0.1268743271240263,0.23372567468538807,0.2230447015823329,0.23353387676078638,0.18282141984746636,0.09406934242311132,73623,11.206712755899012,1809.606974234034,7.500864959374121,0.127,333.4705193258618,1
24005,24,0.47299082437787854,0.6177644870306466,0.2606391295408742,0.044126210663813725,0.11766277796023443,0.21864335210710228,0.2082093251438631,0.2431668852746607,0.21231765951413947,0.0889442104080481,66486,11.10474667816438,1357.6103706823644,7.213481352873135,0.10099999999999999,344.9815718970014,1
24021,24,0.49249159159666706,0.7716970608616289,0.08441783426572244,0.07593337502323931,0.0975140882214141,0.19567359742386808,0.2358007384171224,0.27347111567609583,0.1975404602614996,0.0614401212951357,84570,11.345334872776268,358.467846372654,5.881838966680258,0.085,268.34355082989083,1
24023,24,0.49590191244086096,0.9712467515159592,0.007929632838008929,0.007996268408076232,0.09987357774968394,0.17630157453166304,0.21388346167107228,0.263590391908976,0.24635099413860476,0.1391179388921203,45206,10.718985100373533,46.382106094393016,3.8369137403348472,0.115,359.42580065913063,1
24029,24,0.473224043715847,0.7794336810730254,0.15052160953800298,0.044361649279682065,0.15834218916046758,0.17330853701735743,0.15152320226709173,0.25805880269217146,0.2587672688629118,0.13162548904014149,56259,10.937721307268031,72.66361043930262,4.2858407150617746,0.113,424.8824415512318,1
24013,24,0.4937433113517198,0.9084126006660249,0.031250560501252536,0.027298653003389912,0.09996484708481897,0.15977502134284136,0.22353236579119168,0.29774519158338775,0.21898257419776027,0.055573900813306425,84790,11.347932890298049,373.68826729521106,5.923421939946153,0.08199999999999999,304.06975405135063,1
24035,24,0.4952663704687954,0.8714861105344018,0.07409791138977702,0.03170286093925175,0.08517990737442109,0.16384039900249375,0.2267189169932312,0.28963306020662627,0.23462771642322763,0.08078245555182824,87256,11.37660160560858,129.51052410811275,4.863762145081703,0.087,302.5177105010696,1
24017,24,0.4830387292977168,0.47405627127291766,0.4098565357787818,0.04575145847459334,0.10202677615917181,0.19234717277829952,0.2487824054862734,0.2757551270011139,0.1810885185751414,0.06991054872954744,93160,11.442073723998277,325.4119615771962,5.7850919537196335,0.075,317.6013078263954,1
24043,24,0.5096911105871257,0.8262337049887156,0.09488328224475359,0.03672988176642975,0.10094496446621222,0.21209822275278079,0.2274497116017538,0.2559548380618745,0.20355226311737865,0.1242972474187871,55609,10.926100337642655,324.2496395648565,5.781513711599502,0.107,377.9091406909556,1
24045,24,0.47715257365849745,0.6621389805684018,0.23635925885055625,0.04725981360914098,0.17239580704322516,0.20673699796409403,0.18999545706930493,0.2285935423081453,0.20227819561523058,0.16962580241114764,51092,10.841383208162668,266.21604298640113,5.584308170810718,0.13,396.2710234929108,1
24011,24,0.4857777372151745,0.778710717653859,0.13708131787898148,0.05634145599464574,0.10089359933499584,0.20620324189526185,0.21456774729842062,0.2643911055694098,0.21394430590191188,0.14393728115025875,58632,10.979035901605686,102.90871864228491,4.633842368524587,0.129,431.4612981229706,1
25025,25,0.4823739535490641,0.4767656969339446,0.20081663610624426,0.2040910641687316,0.18159762383579642,0.3123692726825749,0.1909172977177378,0.17345877782300478,0.14165702794088605,0.2079623774783404,53540,10.888184317074343,12650.909653678164,9.445484400951983,0.039,252.156806374008,1
25007,25,0.49542983451819106,0.9188123543819822,0.030467769878726327,0.004779258020192365,0.05920218472642153,0.18180044864917586,0.2067687506095777,0.2671413244903931,0.28508729152443185,0.10079527653934209,66288,11.101764164317183,162.12891665455953,5.088391800584183,0.052000000000000005,233.7155249893892,1
25017,25,0.4869004481347859,0.7625969355015622,0.043676557421087094,0.06836042305815375,0.10613604061764989,0.23585845034106584,0.22120645488581528,0.24387045787092743,0.19292859628454156,0.08148120405710453,82090,11.315571485342312,1861.7037796964357,7.529247358015053,0.033,218.585062909851,1
25005,25,0.4841689853965483,0.8530325349628094,0.03149107970974958,0.06280757269900158,0.11219881099930677,0.1969863844115467,0.22498882123275543,0.25814699553749615,0.20767898781889496,0.12446331055306842,55298,10.920492020491126,994.1673778150629,6.901905580624808,0.034,338.6347703124278,1
25013,25,0.48149175309151576,0.6683070189016734,0.07748568185336153,0.21501943484168343,0.1252988266257265,0.2032642468106883,0.20738019519684175,0.2502101838651899,0.21384654750155355,0.17721061111086453,49094,10.801492106722966,753.7090449492822,6.625006411506197,0.036000000000000004,350.0218753214062,1
25009,25,0.48075406761781975,0.7527730125411557,0.028337471097803966,0.17089588816315224,0.10440519826724425,0.19197600799733422,0.21751194046428968,0.26736865489281353,0.21873819837831834,0.11248208786438353,67311,11.117078949527887,1524.2882636332815,7.329282867725776,0.038,279.9484622983068,1
25011,25,0.4883626484427515,0.921143289267309,0.007142056912390769,0.03349764732242886,0.09448394984185379,0.17337759931806457,0.19594427869624712,0.26290405796451244,0.2732901141793221,0.12136737540204366,53663,10.890479029983002,102.1107677612077,4.626058182501159,0.039,307.4658295219312,1
25027,25,0.492927513554457,0.8031115452081008,0.03912728233136661,0.09674493701164089,0.10979316616757269,0.19462821936102315,0.22405974380297325,0.26637280886816955,0.20514606180026135,0.11202834740496183,65223,11.0855674464455,531.3105237726458,6.275346640850878,0.035,289.8661199241284,1
25015,25,0.46685754111021116,0.8575159951527938,0.02500831936308212,0.04904970897926124,0.23291760047435756,0.16321115946252876,0.1712209682120137,0.2220335065274414,0.21061676532365858,0.1300262976185229,61227,11.022343547681281,302.0682591914728,5.71065301564816,0.028999999999999998,240.8842612148328,1
26033,26,0.5563725490196079,0.711764705882353,0.0489422084623323,0.014267285861713106,0.12731279364683382,0.21113467215500395,0.21774562388258284,0.23836846700760883,0.20543844330797056,0.17739371098810505,41637,10.63674447402395,24.87134405359274,3.213716299523218,0.142,325.59662591526137,0
26005,26,0.4969930733296343,0.8942832596516976,0.012009808308424763,0.06799591917094736,0.09296324173207784,0.18910615812353113,0.22065713276293758,0.2704105927712324,0.22686287461022103,0.13511826127870574,52061,10.86017138696953,135.4069345431764,4.908284574404359,0.133,314.549230797421,0
26125,26,0.4852365984674544,0.7448191289642543,0.13541386807053862,0.035655007474827055,0.08930763914298492,0.19791844533886246,0.2260099470125083,0.2647897440067217,0.22197422449892262,0.10282097375662484,65594,11.091239507334514,1398.4761364723402,7.243138448837036,0.09300000000000001,304.5919629951758,0
26003,26,0.546698957565547,0.8561651047699274,0.0707591871117195,0.012214383489523008,0.07992271210258212,0.1933953978570174,0.18145090461970842,0.25768487616370983,0.28754610925698226,0.14812632571293896,37586,10.534386919616546,10.37844099358519,2.3397306731613754,0.142,398.426521117339,0
26121,26,0.49500739104777597,0.7726946065800775,0.13652696709961262,0.04940024422592651,0.10842798795575828,0.20874698148645024,0.20891591887030578,0.25135895219072035,0.22255015949676535,0.19926499126722297,40979,10.620815019347765,342.8229770493905,5.837214212042694,0.11699999999999999,403.2494932715274,0
26089,26,0.49225163730283183,0.9081726777972512,0.004612120653076285,0.03768102573563324,0.07051336444633008,0.13729316928298685,0.16945269410267289,0.27636826474331777,0.3463725074246924,0.11229374854752498,55018,10.915415683399843,62.4533731216029,4.1344202482691,0.141,245.137895205076,0
26087,26,0.5032437756869672,0.9276632360766731,0.01069936483135763,0.042423830712272,0.09080570876215387,0.161482913515665,0.21701635677868122,0.28926669320141774,0.24142832774208223,0.11025856996157796,52939,10.876895586294035,137.35781802573504,4.922589331385408,0.10800000000000001,361.7878020768558,0
26151,26,0.49417172878016746,0.9451649975373502,0.004854938199216643,0.034781996857189766,0.08989701038235416,0.17516574240086727,0.20810574156694325,0.2726931576533378,0.25413834799649754,0.16759232887116682,40478,10.608513895626151,44.29514443684901,3.7908750646522003,0.134,410.9435387253668,0
26073,26,0.4847585227272727,0.8703267045454546,0.02335227272727273,0.03407670454545455,0.3502209595959596,0.18405032467532467,0.14558531746031747,0.1681998556998557,0.15194354256854256,0.3149926087294795,36372,10.501554526845803,122.93142556799033,4.811626684195352,0.114,261.6435410230166,0
26131,26,0.5191373025516404,0.9623329283110571,0.005771567436208992,0.009872417982989065,0.054965986394557825,0.11782312925170069,0.16680272108843539,0.29959183673469386,0.36081632653061224,0.13790970933828076,34620,10.4521868287302,5.021258746591927,1.6136806486050834,0.159,519.9186210896332,0
26157,26,0.502718770390778,0.9408214311607337,0.010820706155296164,0.02941709562821721,0.09588998475467471,0.18054820945210168,0.2102610373043776,0.2695311284652002,0.24376964002364582,0.15663543094188673,43039,10.669861960365004,68.69648262354522,4.229697998842553,0.133,384.6278362259186,0
26001,26,0.5046824292999537,0.9683820120537784,0.001205377839592026,0.012331942512749189,0.060414788097385035,0.11541929666366095,0.16447249774571687,0.2878268710550045,0.37186654643823264,0.1514752866002631,37189,10.52376829760896,15.987607195535032,2.7718138718416716,0.183,597.0603401657488,0
26067,26,0.5329139870753727,0.8866669796116353,0.036708444819978404,0.0452049007182087,0.10915330635660503,0.22186651641653435,0.22744967474261127,0.24445525790093736,0.197075244583312,0.1579828239112794,47892,10.776703754836735,111.86513659977875,4.717294008237053,0.107,332.69184897152996,0
26079,26,0.5050752537626881,0.9553144323882861,0.006066970015167425,0.01411737253529343,0.08211642328465693,0.1817363472694539,0.20724144828965793,0.27095419083816763,0.25795159031806364,0.16319569120287253,40140,10.60012862235033,30.61809543372063,3.4215911882205923,0.14300000000000002,494.6034525769364,0
26021,26,0.48747200716616546,0.7576236483460235,0.15043828779832363,0.046893595239618655,0.10161104207349547,0.19355805077223504,0.20730516598615303,0.25859888159062666,0.2389268595774898,0.1749390976604309,43633,10.683569023781297,275.2810670950265,5.617792637880384,0.129,409.6944486618214,0
26135,26,0.5100116414435389,0.9657741559953434,3.492433061699651e-4,0.010128055878928987,0.0871717606543263,0.14141196728368488,0.1650882479552303,0.2901420576840293,0.3161859664227292,0.20232503522780648,33239,10.411479164280985,15.183894819269229,2.720235314767001,0.162,556.6542558734928,0
26165,26,0.49691037014377487,0.9529519730804528,0.004435607219333129,0.016396451514224534,0.09088005111004632,0.1949635308523665,0.21072246180056434,0.2640685726454773,0.23936538359154555,0.18561628953658008,40965,10.620473322575915,57.85820227185037,4.057995228755072,0.124,442.1857093832872,0
26037,26,0.4928497928814543,0.9060051185984539,0.019669665708028812,0.040473866124904355,0.12392962789973533,0.18398167300549365,0.212272858699762,0.259847423322435,0.219968417072574,0.11063608064235995,60466,11.00983650257596,133.82932444456998,4.896565289933105,0.085,254.137865491514,0
26043,26,0.4940269455364299,0.9618716842868593,0.003358650433189573,0.011678943551772833,0.07910318674738873,0.17137914975716853,0.19705941055152684,0.2891357860421795,0.2633224669017364,0.12727060562448947,44136,10.695031054952267,34.41161019175204,3.5383940130113456,0.11599999999999999,338.1522451161466,0
26063,26,0.4956795212359928,0.9599096210802723,0.003114408720344417,0.020121523006931086,0.0814586656399538,0.16693251196303835,0.19355370991694626,0.276882459710687,0.28117265276937464,0.15786544645065545,40204,10.60172177214463,39.18961931588382,3.668411898356854,0.131,412.5552141999598,0
26065,26,0.48535330034703106,0.721881426912134,0.10712852225865002,0.07414458798498212,0.22033502630560048,0.22156489853554104,0.1767485822306238,0.1977190425216936,0.1836324504065411,0.2193635902926753,45321,10.721525780211834,506.2414586779832,6.227013746531226,0.1,312.2941005180348,0
19133,19,0.49837098175499567,0.9598175499565595,0.003258036490008688,0.013575152041702867,0.07760946254409629,0.17161236771114338,0.19360863249636853,0.28470637061631043,0.27246316663208137,0.09036887543446574,42025,10.646019958276817,13.26663516176996,2.585252248878505,0.102,547.5016011926466,1
19143,19,0.4947119179163378,0.9215469613259668,0.0036306235201262827,0.06361483820047356,0.09951936669493922,0.19875600791631326,0.19423240033927056,0.27339553293751767,0.2340966921119593,0.08632630053148656,48659,10.792592065365966,15.889777367539203,2.7656759695970545,0.102,NA,1
19187,19,0.511189071386807,0.8962419603465689,0.03582629033115399,0.039068729070323716,0.12197267886084742,0.2121787450798796,0.18481129891178513,0.25015049780041676,0.23088677934707108,0.15816804290457137,41624,10.63643220297014,52.57825742469107,3.9623026773430956,0.08,414.3665071256082,1
19169,19,0.5172561983471075,0.8660716253443527,0.022964187327823692,0.030776859504132233,0.33976926912298194,0.21307360349362997,0.14256486082217218,0.15795265031033476,0.14663961625088115,0.20926593150635076,50516,10.83004539676606,158.427284058811,5.0652957123933975,0.06,145.904442205636,1
19013,19,0.48665835032099064,0.8365001369154471,0.09014360909118568,0.038397176499224146,0.1960224054377242,0.21929636855686324,0.17778337214425075,0.20263075083391024,0.20426710302725157,0.1700517944502526,45747,10.730881494783121,232.37045507972334,5.448332887290782,0.065,301.7104142027888,1
19075,19,0.4912210051546392,0.9768041237113402,0.0016913659793814434,0.010631443298969073,0.08064042303172737,0.19198002350176263,0.20901880141010576,0.27144535840188017,0.24691539365452408,0.06991179353152564,56827,10.947766843877893,24.74006591505964,3.2084240312720147,0.064,251.7389652050182,1
19105,19,0.5209090468575859,0.9526578475553618,0.017153656054659107,0.014149343412317682,0.07846243642124573,0.19586425414825315,0.2169598932710748,0.26974068206453766,0.23897273409488867,0.08268639608190487,55041,10.915833641046829,35.85171493048377,3.579391402177209,0.07400000000000001,348.2220432059746,1
19131,19,0.4942732097960704,0.9777446689635907,0.0030729118167427136,0.00921873545022814,0.09056738858063361,0.1800608555575443,0.1927689278682656,0.29443350635403615,0.24216932163952032,0.07120358881359168,51078,10.841109155112113,22.891163060368807,3.1307509435241854,0.08800000000000001,NA,1
19137,19,0.4853647058823529,0.9511529411764705,0,0.03143529411764706,0.07383129204761084,0.16646541314473004,0.20631361048818353,0.2808349146110057,0.2725547697084699,0.16065416065416066,44281,10.698310970126737,25.053230746739544,3.22100279114044,0.091,369.1138983373778,1
19161,19,0.4920308986017405,0.9645057201525374,0.007822430820377433,0.02180502591180209,0.07245047688921497,0.17571533382245047,0.19314013206162875,0.28044754218635365,0.27824651504035214,0.08684342171085543,48093,10.780891915357783,17.78571577636641,2.8783956506612114,0.087,440.3619280633382,1
19123,19,0.5000445871232388,0.9475209559479223,0.013866595327269485,0.01729980381665775,0.11538762418837518,0.21309551748415864,0.20050066494563093,0.24376124540405225,0.227254947977783,0.15933357879234167,47967,10.77826855345353,39.287885184361215,3.670916206322808,0.073,302.28232205144997,1
19019,19,0.49790016226018896,0.9685024339028347,0.008256180204256943,0.012694473608857497,0.08876452862677572,0.21041756349548,0.21102023245802842,0.2638829100301334,0.22591476538958244,0.0986147437760341,55553,10.925092799010077,36.69573745227838,3.6026606026006034,0.078,367.1411474546032,1
19045,19,0.49112401832460734,0.9223658376963351,0.028959424083769635,0.026914267015706806,0.09959189518149925,0.19589031288036085,0.19957757571418344,0.27060213360063007,0.23433808262332642,0.13955420760713766,49559,10.810919157976958,70.36256232776671,4.253661336599192,0.07,387.1564952188812,1
19053,19,0.49650938854116516,0.9368078960038517,0.016851227732306212,0.02407318247472316,0.15490375802016498,0.17163153070577453,0.19546287809349222,0.23327222731439046,0.2447296058661778,0.19500594530321047,36326,10.500289017309388,15.620035308649868,2.748554404885929,0.11699999999999999,415.3066627054994,1
19101,19,0.5168452380952381,0.8532142857142857,0.012738095238095238,0.02601190476190476,0.11477272727272728,0.19015151515151515,0.15975378787878788,0.21742424242424244,0.31789772727272725,0.12418086500655308,48814,10.795772435943437,38.57546324998278,3.6526164072499037,0.10800000000000001,347.344997480984,1
19005,19,0.5086364274680523,0.9221317230726022,0.004142676590366522,0.055188877966577725,0.08397239263803681,0.18532719836400818,0.19657464212678938,0.2640593047034765,0.27006646216768915,0.12550490478938256,48831,10.796120636059609,22.28509017622152,3.1039178528889417,0.115,356.370024934139,1
19113,19,0.4923977978212487,0.889305376595994,0.040234274335246574,0.02726016164929132,0.11680658384409004,0.2291520783011668,0.2170591428728786,0.23768086294935445,0.1993013320325101,0.09705783537317014,57260,10.955357578652107,297.7137038276978,5.696132299302543,0.063,271.2172764342508,1
19049,19,0.49075166124902914,0.8797715962373788,0.010657883381756465,0.06174668469349596,0.072756394699801,0.2705673930980925,0.2656409260787264,0.2210600398000291,0.16997524632335098,0.06421246536994328,73847,11.20975066425017,118.15167721137162,4.7719691991425846,0.055,180.9085339881588,1
19141,19,0.4952628254614359,0.9421012000842164,0.003719559267317005,0.038739560670924274,0.08437990580847723,0.20054945054945056,0.18864468864468864,0.27001569858712715,0.2564102564102564,0.11273276295923502,48185,10.782803048285388,24.86584589073966,3.2134952109220474,0.085,304.2904301048322,1
20187,20,0.4497737556561086,0.5497737556561086,0.008144796380090498,0.4076923076923077,0.13020833333333334,0.2065972222222222,0.3081597222222222,0.1527777777777778,0.20225694444444445,0.039722863741339494,46382,10.744666731915155,3.2483519390897264,1.1781477720604576,0.196,NA,0
20119,20,0.5151582701738743,0.8265715559518502,0.014266607222469906,0.14378065091395453,0.09807139926138696,0.19450143619203938,0.212556421830119,0.2712351251538777,0.22363561756257694,0.09534723813889526,51000,10.839580911706463,4.58649937428943,1.523117069543151,0.13699999999999998,NA,0
20125,20,0.49238578680203043,0.8070205626774499,0.05623906621927787,0.05509191545498867,0.11401917595231925,0.20803316921482248,0.1958538481471884,0.2472143042238922,0.23487950246177766,0.1935761314431461,39669,10.588325305224933,54.18420672326103,3.992389477113892,0.132,502.8305672289776,0
20151,20,0.5020554984583762,0.9028776978417267,0.00894141829393628,0.06022610483042138,0.14410237388724034,0.20548961424332343,0.1795252225519288,0.2312685459940653,0.23961424332344214,0.11565645748554294,46035,10.737157255721947,13.23728479208756,2.5830374533515608,0.121,NA,0
20153,20,0.49783889980353635,0.943418467583497,0.003536345776031434,0.037721021611001965,0.062409288824383166,0.1995645863570392,0.15529753265602322,0.2692307692307692,0.3134978229317852,0.11512504962286621,43482,10.680102338337337,2.3798035563335502,0.8670179449211721,0.14,NA,0
20003,20,0.5043012093255205,0.9539957611270415,0.00211943647924199,0.0017454182770228152,0.08474982044529566,0.20564998802968637,0.20469236293990903,0.2585587742398851,0.24634905434522383,0.12792174796747968,41713,10.638568109802293,13.837756147717746,2.6274008089902736,0.136,435.8035314482428,0
20053,20,0.562751781840719,0.8749612643321971,0.04214440656956926,0.05407499225286644,0.13071065989847716,0.2101522842639594,0.16548223350253807,0.2639593908629442,0.2296954314720812,0.06854390515005558,45865,10.733457577943756,9.01589306094738,2.1989889156364515,0.10800000000000001,NA,0
20061,20,0.5102717589860326,0.596886153500267,0.1569850771435798,0.1335750217800635,0.19048076923076923,0.33115384615384613,0.20173076923076924,0.15567307692307691,0.12096153846153847,0.12135964280570359,46908,10.755943515580956,92.5151708968379,4.527372640765805,0.133,323.4316288313858,0
20057,20,0.5157085659175263,0.43215360785574425,0.018587251950784697,0.5154163135283631,0.13908285565398645,0.26190724335591453,0.2197498697238145,0.2122980719124544,0.16696195935383012,0.15499820638526846,51178,10.843065031185473,31.155334157052312,3.4389854715702604,0.158,288.3677963416386,0
20167,20,0.501511879049676,0.9461483081353492,0.009791216702663787,0.019438444924406047,0.08795309168443496,0.2046908315565032,0.18336886993603413,0.2574626865671642,0.26652452025586354,0.14630577907827358,37111,10.52166870060616,7.836300859792837,2.058766893907881,0.14400000000000002,NA,0
20117,20,0.4943820224719101,0.9580391766928508,0.002187531072884558,0.02088097842298896,0.08413767983973776,0.20943361864869786,0.17392096157348388,0.2768166089965398,0.2556911309415407,0.12229558151345861,44032,10.692671921293016,11.172172769314685,2.4134261124562566,0.11800000000000001,301.5539653211574,0
20001,20,0.48595885268058264,0.9156029433848927,0.0172698603393903,0.029659107974170297,0.10176746755040045,0.2140292736813035,0.19538801436067385,0.24965479149406242,0.23916045291355978,0.16972441252244516,40554,10.61038969832841,26.619868359773978,3.281657867792228,0.125,570.0972550757406,0
20023,20,0.5088626292466765,0.9268833087149188,0,0.05723781388478582,0.04788732394366197,0.18380281690140846,0.19718309859154928,0.2859154929577465,0.2852112676056338,0.1115702479338843,37875,10.54204654281167,2.6551961148637058,0.9765185182046098,0.15,NA,0
20035,20,0.4980128063590197,0.8170401854714064,0.02619231618458821,0.09452969750496798,0.12553770086526575,0.20242274412855377,0.20993819530284302,0.23950556242274412,0.22259579728059334,0.17619019768393965,41878,10.642515908352262,32.18476571174772,3.4714932260543687,0.125,479.98280894385016,0
20049,20,0.49676491732566497,0.9302659956865564,0.004672897196261682,0.030913012221423435,0.06643835616438357,0.15342465753424658,0.1815068493150685,0.2910958904109589,0.30753424657534245,0.18483063328424154,34089,10.43673003058612,4.318098918923114,1.462815240334878,0.20199999999999999,NA,0
20059,20,0.49427908774642443,0.9168148434480092,0.010088906068805567,0.03703131039814457,0.10122471073820963,0.21449353812842548,0.20244942147641926,0.26632383787807024,0.21550849177887543,0.13051272857655075,49543,10.810596258335398,45.2465737132623,3.8121269482351767,0.1,385.6431067323872,0
20083,20,0.5,0.8905447070914697,5.138746145940391e-4,0.0986639260020555,0.06306306306306306,0.1841841841841842,0.17417417417417416,0.33733733733733734,0.24124124124124124,0.05158936946326212,52375,10.866184657224439,2.2628117470860194,0.8166081758672452,0.142,NA,0
20089,20,0.5129042796471741,0.9598170532505718,0.0013067624959163672,0.021234890558640966,0.09711124769514444,0.1432083589428396,0.16103257529194837,0.2679778733866011,0.3306699446834665,0.12541363335539377,39884,10.593730519948684,3.3645459731517806,1.2132930277382823,0.16399999999999998,NA,0
20093,20,0.531850353892821,0.6749241658240647,0.003538928210313448,0.2896865520728008,0.07631086142322098,0.2247191011235955,0.2588951310861423,0.23127340823970038,0.20880149812734083,0.10142302716688227,52264,10.864063076520587,4.5442901729150655,1.5138715378560113,0.149,NA,0
20159,20,0.49816011934361015,0.8500248632521133,0.005469915464942815,0.10333167578319244,0.1460612691466083,0.20678336980306344,0.17924872355944566,0.24088256746900072,0.22702407002188185,0.1492898474487112,45336,10.721856697849455,13.845342498385515,2.6279488943729588,0.132,428.60399944952417,0
20185,20,0.4998861307219312,0.8480983830562514,0.0043270325666135276,0.1259394215440674,0.08243418213206732,0.17738454898575745,0.18213206732844195,0.3068623219680621,0.25118687958567115,0.15096534077692486,43292,10.675723139415037,5.5438699267466784,1.7126927996258354,0.172,NA,0
20113,20,0.4958186845069461,0.9278083080178858,0.009727958494043759,0.03676144315117589,0.10440204976230166,0.19386306106069026,0.19614743471013152,0.2578255232450454,0.2477619312218312,0.08223069178771754,54167,10.899827145911038,32.61477010355415,3.484765256428311,0.08800000000000001,363.2449228117434,0
20139,20,0.49833948339483397,0.9492004920049201,0.003874538745387454,0.023001230012300124,0.07992073976221929,0.1759136944077499,0.20464553060325846,0.2891897842360194,0.25033025099075296,0.10596893906318218,50205,10.823869902313536,23.046896039505725,3.137531098314419,0.11900000000000001,437.775221989863,0
20071,20,0.49417637271214643,0.8219633943427621,0.0074875207986688855,0.14725457570715475,0.03697749196141479,0.16881028938906753,0.1302250803858521,0.4067524115755627,0.2572347266881029,0.05442176870748299,52847,10.875156225259598,1.5440940330143234,0.43443735195946936,0.121,NA,0
20031,20,0.49847346171911694,0.9465711601690935,0.004931892907468295,0.02160638797557539,0.07671347725843639,0.18319010689582896,0.20373087403060156,0.27939635296583526,0.2569691888492978,0.09149546106067845,51793,10.855010283980864,13.583285349479302,2.6088400184588516,0.109,458.689171051156,0
20037,20,0.499821346536675,0.8854831300086774,0.018962789035781736,0.047241080087795415,0.2163008060367004,0.21793002915451895,0.1802435259818213,0.20206654090207513,0.18345909792488424,0.20574290841882517,37378,10.528837575030249,66.43764539911422,4.196263844609487,0.129,387.8390960111714,0
20051,20,0.49432964586377237,0.91296180338134,0.010123147568357336,0.04932860224031169,0.22717866176132445,0.23148999770062084,0.15630029891929179,0.2007358013336399,0.184295240285123,0.161610289575991,43085,10.670930187673868,31.943123327614256,3.4639569253452027,0.092,260.8623943313924,0
20073,20,0.49513825584928595,0.9310240048617442,0.002127013065937405,0.03479185657854755,0.08209382151029748,0.17362700228832953,0.19364988558352403,0.2711670480549199,0.27946224256292906,0.161350263239393,38346,10.554405498878337,5.7570191550774075,1.750419832955361,0.149,553.9443773633012,0
20099,20,0.4996022275258552,0.8542748841780149,0.037156628761289716,0.04150872759605035,0.11180799464793444,0.19401237665161397,0.19836092992139154,0.2625020906506105,0.23331660812844957,0.15338042381432895,40916,10.619276463576899,33.11508689824034,3.499988976068796,0.121,544.197939878899,0
20107,20,0.49572025052192065,0.9497912317327766,0.006680584551148226,0.02025052192066806,0.07261410788381743,0.18144096567333082,0.2099207846095813,0.26650320633723124,0.2695209354960392,0.12935059422750425,45519,10.72588510019335,16.126344353001976,2.780454229935495,0.145,470.88518957957,0
20173,20,0.49445451786056616,0.6975685347306537,0.08904722346475813,0.13187743625790785,0.11972396520981639,0.24173801195061864,0.20858117028950987,0.23323782819964883,0.1967190243504063,0.15322068197915611,49865,10.817074632835968,502.017018341634,6.218634020196053,0.13699999999999998,377.4963075465046,0
20175,20,0.5131772228462801,0.35003888360839885,0.03067484662576687,0.5724963276592068,0.15090296908478726,0.25329048056320785,0.2349250076522804,0.2098255280073462,0.15105601469237834,0.19428444838280903,50185,10.823471456247901,36.19407127789497,3.5888953285651017,0.16699999999999998,305.8609729869994,0
20157,20,0.4887172189469404,0.9713356373246594,6.098800569221387e-4,0.012400894490750153,0.06823623304070231,0.1596169193934557,0.16919393455706305,0.2944932162809258,0.30845969672785317,0.12455812019130796,39572,10.585877076443113,6.856981952155858,1.9252673962666589,0.13699999999999998,NA,0
20065,20,0.4857910906298003,0.901689708141321,0.03456221198156682,0.02572964669738863,0.05349182763744428,0.17013372956909362,0.17979197622585438,0.2986627043090639,0.29791976225854383,0.11236391912908243,47500,10.768484990022733,2.8980926454777958,1.0640528121514052,0.128,NA,0
20091,20,0.48857123738803176,0.8161180004593569,0.0427925280361409,0.07197073137208448,0.08545534050952133,0.23934503806734114,0.23473862023109962,0.2429391222048508,0.1975218789871871,0.06546891081362209,74717,11.221462922203763,1168.0950620543965,7.0631295488214905,0.08199999999999999,208.3802422090348,0
20045,20,0.49964352553248376,0.81145174226896,0.03507708760360039,0.053043400766420105,0.28122993702787985,0.23671233625199775,0.1657491769912713,0.16613165407679595,0.15017689565205514,0.19000619890744255,49508,10.809889551659912,246.14419430058066,5.505917519903632,0.121,198.0494330676876,0
20179,20,0.5135135135135135,0.9130434782608695,0.004308656482569526,0.036036036036036036,0.09377344336084022,0.12378094523630907,0.2115528882220555,0.2955738934733683,0.2753188297074269,0.1291866028708134,48674,10.792900285602038,2.8494671061222805,1.0471319964895902,0.11900000000000001,NA,0
20121,20,0.49742977785937215,0.9342757481182302,0.012514533994247599,0.027170919772351754,0.08344010249839846,0.17584881486226778,0.22699124492846465,0.2911595131326073,0.2225603245782618,0.09462001504890895,58936,10.98420738836265,56.7729966073783,4.039060800841135,0.099,343.4246631027322,0
20199,20,0.5025510204081632,0.9209183673469388,0.0012755102040816326,0.07525510204081633,0.05896510228640193,0.2286401925391095,0.1624548736462094,0.25511432009626955,0.29482551143200963,0.08365758754863813,47454,10.767516099747473,1.716189533870664,0.5401064459400914,0.149,NA,0
20189,20,0.49396114125678275,0.6495711535095396,0.004901102748118327,0.3264484509014528,0.05830330822142155,0.2590894202423845,0.2125777923354078,0.27088110055682935,0.19914837864395676,0.15075555555555556,54494,10.905845882847675,7.855156037525454,2.061170136249361,0.162,NA,0
20183,20,0.4936675461741425,0.9622691292875989,0.00395778364116095,0.010554089709762533,0.06927710843373494,0.16716867469879518,0.16616465863453816,0.29518072289156627,0.30220883534136544,0.1538875437180522,45556,10.726697617394242,4.23243789539513,1.4427781616499582,0.132,NA,0
26105,26,0.496195196872382,0.9243228148561854,0.006527506283161128,0.040596202178162524,0.08883840864440079,0.1711689587426326,0.19327111984282908,0.2649803536345776,0.2817411591355599,0.1619690914877816,41136,10.624638929505672,57.866213669499245,4.058133685235435,0.128,427.5087352814726,0
26109,26,0.5031567504285654,0.9410879290880964,0.0033449011163607474,0.013212359409624954,0.07673339135480127,0.16238758340586018,0.19009283434870902,0.28503046127067017,0.2857557296199594,0.13604601619088197,41739,10.639191222509986,22.907270426854673,3.131454346061064,0.135,385.5815703492994,0
26117,26,0.5176803618306607,0.9232058702596704,0.023341873042983206,0.031249011607679414,0.10082458770614693,0.20877061469265368,0.21953309059755835,0.2560773184836153,0.2147943885200257,0.1859040174874971,40451,10.60784664405992,89.64288296410967,4.495833809996429,0.126,383.3739830613736,0
26113,26,0.5130522088353414,0.954417670682731,0.002074966532797858,0.022289156626506025,0.09238870272857827,0.18597415031115366,0.1938726663475347,0.27178075634274773,0.2559837242699856,0.15093188749576414,41061,10.622814044879377,26.455307529669255,3.275456800921652,0.146,375.42440524591257,0
26149,26,0.4960809019652763,0.8783525060954657,0.026672775768683217,0.06750012272749586,0.09862126773997745,0.20657860508136544,0.21033615631413127,0.2526519640431251,0.2318120068214007,0.17625941130520054,44051,10.693103332582247,122.07770415369033,4.804657761278792,0.11199999999999999,415.7660644184996,0
26147,26,0.49522750440181634,0.9202298211472524,0.023291014116702192,0.029648163593117723,0.09473497569828324,0.17414839692108722,0.22034251861740964,0.275214334883915,0.23555977387930496,0.14946452643666683,48066,10.780330345443172,224.44777236989893,5.413643040339745,0.114,440.1982248040588,0
26159,26,0.4947889903421743,0.8222854658286889,0.038552248441967404,0.10390397512418145,0.09347150729041474,0.1912061497993152,0.20846277693371731,0.2659017211274632,0.24095784484908955,0.1935544163195557,45129,10.717280334365933,124.93868050319848,4.827823060965943,0.153,427.2674444467946,0
26161,26,0.49343871930227223,0.7175292632545329,0.1196465457883865,0.04169153086986459,0.19366505226512262,0.22114595452618668,0.19482399415568602,0.20941223157192204,0.18095276748108263,0.15358705613176915,59055,10.986224492045947,493.73552513226576,6.2019999995977875,0.08,233.0286937392058,0
26011,26,0.5118390147908335,0.9537231003618358,0.010918555195835714,0.016250872849615947,0.08612123219609143,0.1680468146185271,0.1859335320746384,0.28155018217952965,0.2783482389312134,0.1810356157182284,38874,10.568080925678013,43.37387214991561,3.7698572356215365,0.15,510.0425469023382,0
26015,26,0.5020381928587135,0.9522673838399215,0.004651477478391773,0.023832479152923663,0.08583978125545406,0.17947524579673046,0.21176333701786026,0.2781139100587585,0.2448077258711967,0.11659116163774681,52186,10.862569538665166,106.89180100236489,4.671817117263236,0.10300000000000001,337.28034906578057,0
26027,26,0.49913812916570904,0.8732283766184019,0.051137669501264076,0.030625143645139047,0.08216332138189861,0.16945347317628925,0.21224407733806924,0.2723586770767014,0.2637804510270415,0.14515380150899593,44346,10.699777792012942,106.54162126424819,4.668535718796086,0.14400000000000002,414.7637976700402,0
26071,26,0.4941567858056811,0.9583724302652905,0.01015098524268532,0.015098524268531945,0.06553018454801376,0.15420706912730686,0.16812636847044105,0.277291210509853,0.33484516734438535,0.14154363009459817,34685,10.454062595819401,10.052746261412565,2.3078458570184606,0.141,474.6147550019376,0
20085,20,0.5026061057334326,0.8538346984363365,0.008488458674609085,0.03745346239761727,0.08827085852478839,0.1751981727797931,0.22638720945855165,0.2699180437995432,0.24022571543732366,0.09404888416578108,54546,10.906799661349913,20.46579104168286,3.0187547625901043,0.141,357.5345532518966,0
20095,20,0.5033078880407125,0.9486005089058525,0.0031806615776081423,0.026463104325699746,0.08033175355450237,0.18412322274881518,0.18838862559241706,0.2950236966824645,0.25213270142180094,0.12526288117770767,47466,10.767768944249452,9.103934266351464,2.2087066570538076,0.11699999999999999,437.35848530008,0
20131,20,0.5024140309390087,0.9630505468519066,0.007192826879495517,0.01379446250862154,0.08038953599388964,0.1928585067786901,0.21042581630704602,0.28737827000190946,0.22894787091846477,0.11503335043612109,47122,10.760495262246444,14.146387019167106,2.6494592571514053,0.099,NA,0
20209,20,0.4936469042867608,0.43144845530098264,0.24748654861444414,0.26563644630813144,0.11768015581043065,0.2590348409435187,0.21374161436918415,0.225427396667388,0.18411599220947847,0.23927690203147572,39402,10.581571855419028,1044.5118733509235,6.951304948429305,0.177,479.2865936599806,0
20021,20,0.49707410701746174,0.8909695238986939,0.003979214456252048,0.0208791723233931,0.08592901878914405,0.19298538622129435,0.21812108559498955,0.2708141962421712,0.23215031315240084,0.1839173490763664,39746,10.59026448608823,36.354941045121585,3.593330124456408,0.125,639.8606097032254,0
20027,20,0.4944705882352941,0.953764705882353,0.013411764705882352,0.02211764705882353,0.09055031791273843,0.19579039684279764,0.20346415259811446,0.2453409340057005,0.26485419864064896,0.13970235237638023,45233,10.719582187930941,13.172147571443404,2.5781045678709926,0.10400000000000001,376.93331565244483,0
20105,20,0.4923413566739606,0.957486714598312,9.377930603313535e-4,0.022819631134729602,0.0412071967498549,0.1926871735345328,0.19326755658734765,0.2768427161926872,0.2959953569355775,0.12774193548387097,40811,10.616706931897728,4.446785914850792,1.4921815688924989,0.172,NA,0
20191,20,0.497320381845587,0.9103165298944901,0.0035588678613297604,0.04794004354379501,0.09346981470412433,0.19710101613867304,0.19605499103407054,0.26823072325164377,0.24514345487148834,0.134298402937911,47894,10.776745514592863,20.207438442358796,3.0060507763442854,0.128,465.4765667930436,0
20195,20,0.502180476350218,0.9610868835961087,0.0036900369003690036,0.019456558201945657,0.08515967438948027,0.1258609893550407,0.21916092673763307,0.32435817157169694,0.24546023794614902,0.06675890695261155,45714,10.730159875701064,3.3514038570937115,1.2093793198741125,0.11800000000000001,NA,0
20205,20,0.4968173481497465,0.936778509008523,9.709785305858237e-4,0.02513755529183299,0.09148640603294304,0.1907124429450288,0.19130779916650129,0.26255209366937887,0.26394125818614805,0.1778638627559491,38917,10.569186452136844,16.24948721814529,2.788061352471408,0.14400000000000002,529.2706138236772,0
20123,20,0.5070665829145728,0.9660804020100503,0.0018844221105527637,0.02386934673366834,0.1379800853485064,0.17695590327169275,0.17724039829302987,0.2520625889046942,0.2557610241820768,0.09683860232945092,46667,10.750792555754964,9.07391363822899,2.2054036636991246,0.10300000000000001,NA,0
20135,20,0.48303715670436187,0.902746365105008,0.00420032310177706,0.08077544426494346,0.05121798875702686,0.1942535915053092,0.14178638351030606,0.2816989381636477,0.3310430980637102,0.12714663143989433,48800,10.795485591841238,2.879739474296348,1.0576998297423055,0.129,NA,0
20005,20,0.4863709246392304,0.8903141516717145,0.044539461963299484,0.025298414395154106,0.1625487646293888,0.19083224967490248,0.1952752492414391,0.24133073255309925,0.21001300390117036,0.17130866081648227,45212,10.719117817310622,39.05402020539367,3.6649458211888293,0.115,391.5753507843974,0
20011,20,0.4940015995734471,0.916355638496401,0.029658757664622767,0.02172753932284724,0.1181160309088679,0.2206549736293389,0.17932049552312032,0.23856249233411014,0.24334600760456274,0.19310014374700527,39591,10.586357098684939,23.610833539217367,3.161705654973062,0.138,488.2571885834568,0
20075,20,0.5251417769376181,0.700945179584121,3.780718336483932e-4,0.28657844990548204,0.08294314381270904,0.26956521739130435,0.13979933110367893,0.3003344481605351,0.20735785953177258,0.11225266362252663,43357,10.677223445528032,2.654268706322478,0.976169176573431,0.18100000000000002,NA,0
20103,20,0.5341030103114205,0.7993558608867302,0.08181605672579934,0.06086854886886055,0.09305685391348686,0.22142432225715986,0.23946205489929465,0.24738675958188153,0.1986700093481771,0.10717254399188493,63435,11.057771038574698,166.37174260151113,5.114224697870035,0.09300000000000001,335.7517873041232,0
20177,20,0.4841908755564027,0.7533440222448957,0.0772572850912108,0.11084887149760621,0.10688260672335415,0.22428553504039225,0.20134351262921174,0.2394000521190244,0.22808829348801746,0.16747798532737856,48451,10.788308256940795,327.89109143848714,5.792681514949928,0.111,404.052384508303,0
20203,20,0.5428059166293142,0.7117884356790677,0,0.2752129090094128,0.055793991416309016,0.21802575107296138,0.2094420600858369,0.2703862660944206,0.2463519313304721,0.0988610478359909,53018,10.878386757517054,3.104786185858541,1.1329448517772134,0.145,NA,0
20019,20,0.5049806308799114,0.8851687880464859,0.006087437742114001,0.02628666297731046,0.09434940383618455,0.19854847071021253,0.15966822187662,0.27993779160186627,0.26749611197511663,0.1523972602739726,39529,10.58478985872815,5.6567655009305335,1.732852262599319,0.18899999999999997,NA,0
20137,20,0.5726950354609929,0.9046099290780142,0.03333333333333333,0.028368794326241134,0.10952652595550486,0.20393610952652597,0.20165430690245295,0.28151739874500853,0.2033656588705077,0.09352517985611511,46029,10.737026911613315,6.422709973648669,1.8598401429121956,0.126,NA,0
20155,20,0.5003809138823676,0.859030768513192,0.029073835103157697,0.08261944371025669,0.11610898792994419,0.2083253141238899,0.2024964944598719,0.2392565505485139,0.2338126529377801,0.12441733043293371,43798,10.687343433221535,51.23607356059604,3.936443845688759,0.114,417.061305433589,0
20029,20,0.4883745620554199,0.9440492621297377,0.004883745620554199,0.030894999469158083,0.1286932381518937,0.19294070989490383,0.18421574459647036,0.24687685901249257,0.24727344834423953,0.16264035386185777,38534,10.559296247440706,13.167128450447478,2.5777234548098362,0.138,450.99887272750857,0
20047,20,0.5196797865243495,0.7878585723815877,0.009006004002668445,0.18779186124082722,0.06931886678722121,0.17781796262808922,0.21760096443640747,0.2730560578661845,0.26220614828209765,0.12862068965517243,46551,10.748303764751594,4.82075723515583,1.5729310184525929,0.156,NA,0
20081,20,0.5072292012325196,0.699928893102631,0,0.27613178478312395,0.10806100217864924,0.2074074074074074,0.23093681917211328,0.23790849673202613,0.21568627450980393,0.10390232224084271,52415,10.866948088886673,7.305362056098393,1.9886086067531674,0.157,NA,0
20165,20,0.49768017321373337,0.9607175997525518,0.008351376430559852,0.008969996906897619,0.08558558558558559,0.17117117117117117,0.18018018018018017,0.25844594594594594,0.30461711711711714,0.1281725888324873,42610,10.659844246493957,4.504272301581441,1.5050263467322396,0.126,NA,0
20171,20,0.46673427991886407,0.8273833671399594,0,0.15152129817444218,0.0970464135021097,0.1881153305203938,0.23628691983122363,0.2271448663853727,0.25140646976090014,0.11287988422575977,50605,10.831805664623001,6.870658802805124,1.92725999724139,0.135,NA,0
20133,20,0.49268677550524975,0.913151665958609,0.010802937427929841,0.044182800267038906,0.10300333704115684,0.2067853170189099,0.19543937708565073,0.25528364849833146,0.23948832035595105,0.20705926764816912,42071,10.647113946209364,28.83255872553686,3.361505259898571,0.13,435.7969672223414,0
20143,20,0.5245146429746628,0.95179335307667,0.0029615004935834156,0.02286936492267193,0.07036374478234943,0.19111508646392367,0.20721526535480023,0.2874180083482409,0.24388789505068575,0.09490156486622918,58396,10.975002673319871,8.433081321376987,2.1321622237781903,0.124,369.22132600494217,0
20147,20,0.49452718464022966,0.9397093127579401,0.0016149291225551767,0.024582809976673246,0.08123342175066313,0.1833554376657825,0.18003978779840848,0.26790450928381965,0.2874668435013263,0.1,43059,10.67032654723949,6.290941067439385,1.8391106727868038,0.13699999999999998,NA,0
20007,20,0.5087790935075541,0.9461004491629237,0.0018374846876276032,0.02694977541853818,0.09813753581661891,0.18946991404011462,0.16189111747851004,0.2808022922636103,0.2696991404011461,0.10569777043765483,45920,10.734656030993449,4.318945958505316,1.4630113813986187,0.131,NA,0
20039,20,0.5011933174224343,0.9618138424821002,0.00954653937947494,0.01125127855438118,0.06494325346784363,0.19230769230769232,0.15006305170239598,0.27616645649432536,0.31651954602774274,0.10070921985815603,39333,10.579819140167512,3.2825340760164607,1.1886157082579027,0.146,NA,0
20087,20,0.5052975594328185,0.9468662695693427,0.0030572979811290917,0.020715829423857468,0.07322885161763358,0.1754193016222161,0.20575565942626706,0.29337365960956835,0.2522225277243149,0.07732486134295406,56875,10.948611156253252,35.621340884083715,3.572944921287853,0.11699999999999999,367.4822449899992,0
21089,21,0.4838140242246483,0.9663516376079517,0.007386888273314866,0.009043506599315626,0.08829722521173552,0.1881053764447148,0.22493098123625474,0.25207056291235785,0.24659585419493707,0.17864249391996462,44060,10.693307620356334,106.91730764205263,4.672055709902909,0.15,507.6012021912486,1
21069,21,0.4885348112227226,0.96418427433321785,0.014547973675095255,0.011222722549359196,0.10047281323877069,0.18569739952718675,0.23167848699763594,0.2543735224586288,0.22777777777777777,0.22183491355270496,32495,10.388841510328449,41.41538179042985,3.723652352658704,0.195,640.1098481756096,1
21043,21,0.4972902193285564,0.9701378532717418,0.006874477139635544,0.009820681628050776,0.11452566096423017,0.19620528771384138,0.2192846034214619,0.24304821150855366,0.2269362363919129,0.20288768048003,36406,10.502488875205843,67.13862894875652,4.206759570562276,0.162,567.761967569072,1
21063,21,0.5606372045220966,0.9582476875642343,0.0316032887975334,0.008607399794450155,0.1137470874814658,0.18407117136199957,0.2406269858080915,0.23744969286168185,0.2241050624867613,0.317911335911931,24246,10.096006934306528,33.220237714188166,3.503159259914759,0.17800000000000002,415.722119984423,1
21111,21,0.482619411181655,0.7026346808111655,0.20455142114709743,0.04463821693589434,0.1091213587752034,0.23277245174704064,0.21123169772174824,0.2384581910250155,0.20841630073099224,0.16736600622232303,46959,10.757030159556333,1962.5357503364737,7.581992666222602,0.132,443.2594070022654,1
21123,21,0.49339175913492117,0.9216199024666054,0.032581807901618486,0.02947204749452258,0.08980435046785758,0.20853080568720378,0.20464211933406246,0.2601774213148621,0.2368453031960141,0.16942923032574228,39753,10.590440588932745,54.10314355744707,3.990892290586635,0.17300000000000001,452.0031123477546,1
21161,21,0.48475819390327757,0.8973183589273436,0.07603713041485216,0.0035526014210405686,0.09903121636167922,0.19277815833251785,0.22056952735101282,0.24933946570114493,0.23828163225364518,0.1927470853594235,41137,10.624663238817353,72.6779051172708,4.28603741973985,0.14400000000000002,537.922785203093,1
26019,26,0.49851207508298045,0.9465491587501431,0.004692686276754034,0.019056884514135286,0.07601385775422866,0.16272671693499083,0.20175259832891787,0.2792948848583656,0.28021194212349704,0.13310540650170946,47366,10.765659950722679,54.65680754698096,4.001073773140768,0.14400000000000002,421.5204520275198,0
26143,26,0.49878505827601827,0.961739631810881,0.0038301552654338785,0.012437708496355174,0.07011098354381937,0.133486414083429,0.1632606199770379,0.269345579793341,0.3637964026023727,0.22152664746880346,33334,10.414333176102122,46.72693962696965,3.8443208640256783,0.155,571.1484763949636,0
26153,26,0.49518258594028786,0.8677292732246937,0.00428214583085524,0.00832639467110741,0.07047900400928465,0.13969191812618695,0.21207005697404516,0.27031019202363366,0.30744882886684954,0.20745779181343374,35260,10.470504455951861,7.177139695976806,1.9709009326554414,0.153,356.9235489414016,0
26163,26,0.480633214501246,0.49719840377454894,0.39793361843428704,0.05337413487451143,0.11735234040642864,0.20533362762996438,0.2220795423936791,0.24510856552838717,0.2101259240415407,0.24524982288425148,41184,10.625805110395854,2948.155469873219,7.988934989324771,0.13699999999999998,517.9527888987697,0
26023,26,0.518063876751205,0.9128339114374522,0.025338979233298798,0.04117302581197351,0.09992655301712475,0.19973713711392013,0.21678456840233484,0.25636862654142023,0.22718311492520005,0.18745364499844486,41856,10.64199043481687,87.67914307550423,4.473684049834248,0.124,395.0091481689368,0
26055,26,0.49252681953233085,0.9306321017894809,0.012122655417205325,0.023485518586559614,0.09287431447674856,0.20588235294117646,0.2022950942829239,0.25963488843813387,0.2393133498610172,0.11717443424361149,51766,10.854488842085678,189.91193782021875,5.246560479561298,0.105,312.700986759556,0
26075,26,0.5106915803804504,0.8553701460100172,0.08154828072892598,0.031000587037707805,0.10741112715251187,0.19339652250329545,0.220586696796602,0.25531981670956,0.22328583683803066,0.17036792390514566,46615,10.749677656730794,228.20829283448248,5.430258776971378,0.11199999999999999,393.1430328513984,0
26049,26,0.4820968985352547,0.7264187866927593,0.20191899424776136,0.031040740081835973,0.10775549257858269,0.20009243830351386,0.21740840296613434,0.2551418806329591,0.21960178551881,0.21015733228973343,42089,10.647541702869878,661.8370835995648,6.495019428368479,0.096,494.0164487336966,0
26009,26,0.4983832539142274,0.9535823689584751,0.0023400272294077603,0.01808202859087815,0.07695309451338485,0.15765238429719816,0.19199250760945916,0.2758916725200968,0.29751034105986107,0.15370043483876522,45362,10.722430029140382,49.40897997279816,3.9001321884996183,0.14400000000000002,429.87102033984,0
26093,26,0.49944079560531135,0.9511518514051381,0.004215962544270348,0.020153287792897007,0.0822722283205269,0.16270581778265641,0.228814489571899,0.2948865715331138,0.23132089279180387,0.06155051246124822,72359,11.189395119623798,322.6903303647564,5.776693133826678,0.079,282.4200240348914,0
26069,26,0.4994154781388824,0.9512508767827916,0.004987919881536903,0.017379783337230146,0.0816341234959291,0.14597593486562432,0.1731392751639167,0.2766049427192161,0.3226457237553138,0.1898483588708081,36236,10.497808378789179,46.734997158966735,3.844493287844275,0.158,585.9581428559122,0
26101,26,0.5181921546333144,0.9014456265735402,0.027247624461950785,0.027207016973929993,0.09430654887112606,0.1593044453793297,0.18784181741691208,0.26700322535408777,0.2915439629785444,0.1687855828089551,41551,10.634676867382668,45.42293723681128,3.8160172029443045,0.147,444.925238052964,0
26119,26,0.5029172744321734,0.9668680975203168,0.0026047093144405085,0.010731402375494895,0.06934097421203439,0.1379178605539637,0.16255969436485196,0.28118433619866284,0.3489971346704871,0.18118096856414614,35261,10.470532816298427,17.557434836453172,2.865477497607624,0.165,590.0160486048746,0
26051,26,0.5019482543640897,0.9665289900249376,0.004442019950124688,0.012546758104738154,0.08493111773895753,0.15764806135492118,0.1947876722056526,0.2642380343701179,0.2983951143303508,0.21429982223977878,37626,10.535450579771076,51.146022452115375,3.934684726951995,0.138,543.5293994451599,0
26107,26,0.5025228451182365,0.9209198502569349,0.02778617434371149,0.018601622991606018,0.23861991314138653,0.1781003699533537,0.1615731059996783,0.20789769985523565,0.21380891105034583,0.22874990516173085,39470,10.583296168656894,77.48017821143601,4.350022138632124,0.122,312.134707818229,0
26103,26,0.5057899581341488,0.9287092847174797,0.0161673446361234,0.01241129487217554,0.17490139835066332,0.1922074817736345,0.1747818811999522,0.22488347077805665,0.2332257678976933,0.15727758964458652,45622,10.728145335298285,37.247269825663665,3.6175786488687116,0.098,319.5902200802732,0
26133,26,0.49876089557340625,0.9544522303879679,0.006409160827209024,0.015339258246453597,0.09177118384827164,0.17956561639645152,0.20755582747017437,0.26659528907922914,0.2545120832058734,0.21665287636632843,37788,10.539746870889026,41.32127805703128,3.72137757448537,0.131,398.2070218548476,0
26137,26,0.4916483607576574,0.9563559497658225,0.0017407883284287313,0.013387491192440005,0.08866425992779783,0.1732129963898917,0.2067870036101083,0.2787725631768953,0.2525631768953069,0.1349303762644432,47584,10.770251849259882,46.85118191121442,3.846976235926828,0.131,393.284821719957,0
26031,26,0.49767173369251494,0.9270733115258804,0.004887435058687705,0.009851837598614585,0.07880453452421848,0.15492957746478872,0.20027481964960495,0.26959807626245275,0.29639299209893505,0.17846538521644006,38410,10.556073121339951,36.329243468146025,3.5926230221282096,0.18100000000000002,446.483157670871,0
26095,26,0.5777099236641221,0.7970992366412214,0.09709923664122137,0.028854961832061068,0.0937046004842615,0.21864406779661016,0.21646489104116223,0.24261501210653752,0.22857142857142856,0.18639752682305874,39469,10.58327083263794,7.285241102551725,1.985850534851297,0.13699999999999998,NA,0
26099,26,0.4861671302666716,0.8290907326930881,0.09267780174326222,0.023331838612773118,0.10064343552603452,0.20122411598704892,0.2264359633588864,0.2592392125023778,0.2124572726256523,0.12460636573922036,53451,10.88652062535208,1763.682043641478,7.4751589729514505,0.111,373.6305195231194,0
26155,26,0.4941210127306537,0.9486911743670433,0.005449864110999857,0.02511800886854527,0.0989776046738072,0.18434761441090555,0.2162122687439143,0.2694255111976631,0.23103700097370983,0.15276225856539594,46217,10.741102974755142,131.7396187446765,4.880827389210155,0.114,421.8458392699432,0
26013,26,0.5851826561966541,0.7392739273927392,0.1528394218732218,0.011039034937976555,0.09565676103393705,0.2335150342887287,0.18850008791981712,0.2532090733251275,0.22911904343238967,0.1318370986920333,41189,10.625926509398102,9.782278345729564,2.2805724166018813,0.163,407.1804635132374,0
26029,26,0.49285439877064924,0.9467153284671533,0.003726469458317326,0.014790626200537841,0.07876040327491711,0.1662494079437039,0.19507409161648284,0.2793152446038298,0.28060085256106637,0.13291090032654332,45949,10.735287364761383,62.52116664544998,4.13550516573506,0.124,343.1593342928806,0
26045,26,0.48766679021497406,0.8450055596738325,0.058432171979243885,0.04933283914010378,0.10313560766929647,0.19942030782584436,0.20234976827812826,0.25862950850163524,0.2364648077250957,0.10795165753656746,54115,10.898866690729246,187.6298517842396,5.234471148562605,0.085,329.6618695203728,0
26053,26,0.5330984609679214,0.9072872241794919,0.0391247913962544,0.010074788305828542,0.09864016736401673,0.1790794979079498,0.1952928870292887,0.2581589958158996,0.2688284518828452,0.20269351108692696,34252,10.441500236146082,14.68350018922738,2.6867244272745334,0.149,418.5005298907588,0
26047,26,0.49379146630957454,0.9170673808509343,0.00578245784892568,0.013786596871385963,0.09286162207357859,0.1780413879598662,0.20066889632107024,0.26222826086956524,0.26619983277591974,0.1094525819265144,50929,10.838187784893032,70.28539403714272,4.252564011044499,0.13,304.1752795656924,0
27093,27,0.5068758891235936,0.9514592404190197,0.003448721817476398,0.033064620425054966,0.0834296279177259,0.19482320314305523,0.2031430552345736,0.27301440566982516,0.2455897080348201,0.10182010023740438,53904,10.894959965646335,38.141794014252405,3.6413106366709793,0.083,267.024405474645,0
27113,27,0.49693032552826955,0.9175471159337522,0.016062250142775555,0.02984009137635637,0.11119302125568252,0.22459761641479298,0.20383339476594176,0.24351885981078755,0.21685710775279518,0.1091387245233399,45633,10.728386417979852,22.71923706959469,3.123212013605808,0.073,337.2899832578986,0
27131,27,0.5098242625996748,0.8457226910273283,0.029170860106835953,0.07829991484090733,0.17228277958285296,0.18978618593438842,0.20485274080285085,0.24266324284666177,0.190415050833246,0.11606952441885264,59915,11.000682170116617,130.29470388392605,4.86979883774777,0.065,211.667391499295,0
27167,27,0.503801703163017,0.9525547445255474,0.002889294403892944,0.021897810218978103,0.07819264069264069,0.1812770562770563,0.2012987012987013,0.30167748917748916,0.23755411255411255,0.0921485660554772,50507,10.829867219518825,8.7568262896544,2.169833543601804,0.066,NA,0
27125,27,0.5162711034988989,0.9390751162221679,0.005382921458282359,0.027403963787619282,0.07083515522518584,0.21469173589855706,0.18408395277656317,0.27678181023174464,0.25360734586794925,0.11865246470151103,47569,10.769936567553067,9.451743380657575,2.2461992092161065,0.107,NA,0
27027,27,0.49463429357121297,0.9019920185116872,0.014772460511754251,0.037291659680069755,0.19567735555869473,0.23299901115976832,0.18827518011018504,0.2085040259923718,0.17454442717898008,0.12316414686825054,52410,10.866852691796211,57.04987535466047,4.0439258914618845,0.067,250.1363593251194,0
27043,27,0.5006930006930007,0.9259182259182259,0.004365904365904366,0.057865557865557866,0.08590054966125528,0.18560654480378372,0.18151604243896202,0.2749584558353573,0.2720184072606417,0.1277309724403827,44264,10.697926984577945,20.253313795833122,3.008318424402963,0.085,329.482398462781,0
27045,27,0.4988979396262578,0.9756109247724005,0.0019166267369429804,0.01020603737422137,0.08685714285714285,0.1976263736263736,0.20140659340659342,0.263032967032967,0.2510769230769231,0.12055277859453102,50657,10.832832703483993,24.2308138859863,3.1876251242761184,0.085,235.8650026966886,0
27075,27,0.5064203233256351,0.96,0.0011085450346420324,0.00933025404157044,0.07655659602431411,0.17956300312140627,0.171841629702645,0.27517660588138654,0.29686216527024806,0.13633781480780155,46939,10.75660416538601,5.132053788664633,1.635505927732103,0.078,410.7429309894906,0
27119,27,0.5057420214453398,0.8983884271302582,0.009993020747414504,0.0559291923101326,0.12420792912017047,0.19677003308473057,0.18645208321650872,0.2627151909381484,0.22985476364044188,0.12574554321679243,50695,10.83358256538668,15.991858468856412,2.7720797470374015,0.077,367.1614327350776,0
27135,27,0.5110669147366395,0.93796112144736,0.004619233977032142,0.008276127542182588,0.0777641414704898,0.18040834542006023,0.22157759678679015,0.2937632489121946,0.22648666741046525,0.096913418781062,50759,10.83484422108265,9.324588029925783,2.2326547854575236,0.078,271.9184378445212,0
27143,27,0.50541397068532945,0.9045952726792552,0.002244817113429288,0.07520137329988116,0.08494117647058824,0.19376470588235295,0.22411764705882353,0.274,0.22317647058823528,0.1176391412611885,54017,10.89705409081744,25.724422915898835,3.2474408486560096,0.09300000000000001,270.82848990778,0
27165,27,0.5013872728900027,0.760852054058892,8.05513290969301e-4,0.2136400250604135,0.08966765383349787,0.22852912142152024,0.1910167818361303,0.24909509707140506,0.24169134583744653,0.10826521344232516,49698,10.81371996982632,25.688187296383237,3.2460312479620974,0.109,329.7602172101618,0
27005,27,0.5016768292682927,0.8739024390243902,0.0034451219512195122,0.01451219512195122,0.0871569703622393,0.19451152579582875,0.1942919868276619,0.25592755214050494,0.2681119648737651,0.12868433286843328,50214,10.82404915126093,24.939115862722332,3.2164374890510232,0.10400000000000001,410.6942519702682,0
27011,27,0.4876175849491265,0.9750431944711077,0.003263582261470532,0.010366673065847572,0.07419835943325877,0.17375093214019388,0.16815809097688292,0.2941834451901566,0.2897091722595078,0.12406459235919653,46313,10.743177978201487,10.438417544717467,2.345492994789175,0.08199999999999999,NA,0
27015,27,0.49514487384471395,0.9497718675661974,0.003236750770190695,0.034629333541317316,0.11661644123624641,0.18781974910645455,0.185366879248721,0.2710771602775247,0.23911977013105334,0.0938483547925608,48256,10.784275451367629,41.96272234859022,3.7367816610371904,0.068,276.0524818527742,0
27021,27,0.5111111111111111,0.8485869756011936,0.0027031771107600493,0.014112690889942076,0.08001287415513357,0.16858706147409075,0.1839073060830383,0.2711940778886386,0.2962986803990988,0.16367386125235572,45045,10.71541726908554,14.090728760520435,2.6455170463985005,0.13,482.094320638035,0
27049,27,0.49588188244449727,0.9303486889037809,0.011997665319181132,0.029680710780604854,0.08604659916437686,0.19347310573267587,0.20499115443971844,0.2782775623894305,0.23721157827379832,0.09859061734930193,56836,10.947925206757965,61.121402466578054,4.112862090710486,0.073,272.9778491703608,0
27057,27,0.5013698630136987,0.9359099804305284,0.0032778864970645794,0.01687866927592955,0.07095383509969463,0.16579845518232442,0.18950961020298185,0.27887551643614156,0.29486258307885754,0.1316860176639873,45961,10.735548489776468,22.081184000864237,3.0947258431987676,0.10300000000000001,333.8365266472602,0
27063,27,0.5054077755042385,0.9392965019974666,0.00155899834356426,0.03010815551008477,0.08477569763334511,0.2001059696220417,0.19798657718120805,0.2673966796185094,0.2497350759448958,0.11679555819948444,51681,10.852845488114479,14.599235826806376,2.680969186714772,0.065,317.3192010250964,0
27091,27,0.49360279150915964,0.9450421634195987,0.0035863138509256566,0.03707473102646118,0.07919474991131607,0.19200070947144376,0.19226676126285916,0.2676481021638879,0.26888967719049306,0.10740267400707826,48530,10.789937442399262,28.966220114635142,3.366130327418878,0.073,344.42189414217,0
27105,27,0.514844113541182,0.6521637971149372,0.03513261982317357,0.23601675197766403,0.11088641725648804,0.22741826761038086,0.2034041118975396,0.2405628581058308,0.2177283451297607,0.15965909090909092,48208,10.783280261370082,30.051488870181483,3.402912206182501,0.10099999999999999,224.9206645984714,0
27115,27,0.5348908282114843,0.9020679819348705,0.019525280994261266,0.024890488641380014,0.08148824469299247,0.2078863273225291,0.20845697329376855,0.2730540972380735,0.2291143574526364,0.1475078500018046,43928,10.690307208958709,20.866739555115927,3.038156482488516,0.114,349.773974091124,0
16069,16,0.4976430635105682,0.883496375893355,0.0029905215672360484,0.030183993106594354,0.12490673688830371,0.2098749177090191,0.1946456001755541,0.24028966425279788,0.2302830809743252,0.11112263417163598,46503,10.747272105623404,46.52561278729195,3.8400029735816497,0.133,403.0028866546196,0
16053,16,0.5056049305524541,0.6579875842972623,0.0016077888437318565,0.3190121030771292,0.11651361102000656,0.2482781239750738,0.22072810757625452,0.209986880944572,0.20449327648409316,0.18253825382538255,40126,10.599779782240146,37.4942438272897,3.6241874232554094,0.22899999999999998,322.36291829519496,0
16055,16,0.492033952480733,0.917441488794971,0.0029193451006854425,0.039578080051141815,0.10663081342052191,0.20706471918352382,0.21393387520625803,0.24108048646336247,0.2312901057263338,0.1343727760885036,49002,10.79961639258633,113.15985130111524,4.728801432373783,0.16399999999999998,330.1090698948444,0
16061,16,0.5009088548428979,0.8821085432355232,0,0.03609452090366139,0.08177905308464849,0.1606886657101865,0.17838354854136776,0.296987087517934,0.2821616451458632,0.17891120507399577,36000,10.491274217438248,8.043108219592936,2.0848156029592175,0.225,NA,0
16067,16,0.5089534421010744,0.6499701551929964,7.461201750895344e-4,0.32570632709908476,0.11109050445103857,0.22292284866468842,0.19751483679525222,0.24323071216617212,0.22524109792284866,0.13570712136409227,43266,10.675122386144814,26.536746080668856,3.278530417041975,0.20199999999999999,392.080262131607,0
16083,16,0.49415245878540226,0.8228700987613204,0.00518785146092459,0.1404434652285857,0.12094918062971828,0.24479837967225188,0.20728226845884737,0.22541889154851777,0.2015512796906647,0.15032345931222335,43886,10.689350641595816,40.63422431557563,3.704610674951372,0.19399999999999998,349.85536463841123,0
16073,16,0.5160362558828656,0.6855499389925048,0,0.25684155481959214,0.10501040499439732,0.20761965743556907,0.2293901072514807,0.23147110613094285,0.22650872418761006,0.24151309408341415,32175,10.378945032464328,1.4968343271570543,0.40335242941135857,0.294,404.9857038287494,0
16013,16,0.5127265896496666,0.7790457405842022,3.287310979618672e-4,0.200150277073354,0.0785633270321361,0.1851039697542533,0.2266162570888469,0.2636672967863894,0.2460491493383743,0.08298716012084592,64042,11.06729439710394,8.054967759702162,2.0862890141010224,0.201,223.0725912796118,0
16015,16,0.5236175115207373,0.9288594470046083,0.004464285714285714,0.036002304147465435,0.06288561936402468,0.11841480778357855,0.17252017085904128,0.2947318462268628,0.35144755576649267,0.17023134002618945,41056,10.622692267415363,3.6562050970995195,1.2964257507874417,0.184,376.1606184299596,0
16021,16,0.5153690410454629,0.9173568930609239,0.0018406037180195105,0.0394809497515185,0.07462190460362307,0.19012797074954296,0.19444906099385076,0.24746551437593486,0.29333554927704836,0.1645854849309924,37003,10.51875426942055,8.565617708267643,2.1477562492301563,0.212,458.945549627984,0
16023,16,0.511127063890883,0.9113424264178033,0.013639626704953339,0.03732950466618808,0.08123652048885693,0.17541337167505391,0.18763479511143064,0.2897196261682243,0.26599568655643424,0.15747168432590428,41131,10.624517374082325,1.248394137655842,0.2218580355174011,0.171,NA,0
16029,16,0.5058977719528178,0.9417504004659968,5.82495995340032e-4,0.050094655599242754,0.08051662544655125,0.2327562517175048,0.2044517724649629,0.2352294586424842,0.24704589172849684,0.07793764988009592,53586,10.88904311891194,3.8925349715953215,1.3590606090389832,0.151,NA,0
16047,16,0.5135488938342715,0.6923681110092944,3.2726796701138894e-4,0.28223589475062183,0.12214781746031746,0.22544642857142858,0.21155753968253968,0.23921130952380953,0.20163690476190477,0.20838052095130238,37050,10.520023630724232,20.95825222607696,3.042532469815572,0.251,342.9657183324286,0
16001,16,0.5004991622538731,0.8612951331057851,0.00948532761724089,0.07261379281156563,0.10888093113896781,0.242828774529353,0.2331999884882148,0.2276907770043868,0.18739952883907757,0.13094645523714712,55210,10.918899375278091,381.6094989815462,5.944397831773611,0.134,241.914640802355,0
16005,16,0.4993561276191164,0.8604542008159729,0.006655353768759553,0.07110276684598814,0.149019364448858,0.2619372724263489,0.19213422707712677,0.20040963257199604,0.1964995034756703,0.15490280777537796,43534,10.681297520974782,74.72292866469782,4.313786988343828,0.151,357.782180324359,0
16007,16,0.4977337586033238,0.9414134631525936,0.0011750881316098707,0.03844216887695148,0.09764631043256998,0.2032442748091603,0.19974554707379136,0.24491094147582698,0.2544529262086514,0.12947564907517395,44964,10.713617448581688,6.111091163692507,1.81010534376788,0.185,NA,0
16011,16,0.5014400351764318,0.7500274815873365,0.0027481587336484555,0.17372760250632077,0.10656216126073544,0.23788876844826148,0.21612607354290003,0.2335529058617527,0.20587009088635036,0.151975010523051,47941,10.777726367178413,21.721813696227944,3.0783169950890845,0.20199999999999999,360.8060219651048,0
16019,16,0.4974521689713961,0.8478215571130896,0.005465050198901307,0.11803371850729305,0.10896266987785996,0.26342680199552726,0.21080337175296748,0.22229485635644244,0.19451230001720282,0.11369069247097971,50872,10.837067952947244,56.5785870572329,4.035630593084278,0.136,323.79065890132,0
16025,16,0.5493291239147593,0.8255722178374112,0,0.16101026045777428,0.027972027972027972,0.2153846153846154,0.2601398601398601,0.23356643356643356,0.2629370629370629,0.1549407114624506,41154,10.625076406727377,1.1791607762917022,0.16480297891777484,0.237,NA,0
16035,16,0.548043528594582,0.9164158369993054,0.0028941884695531375,0.032762213475341515,0.08679393820114151,0.16394410549104507,0.18362527061602046,0.2617594961621728,0.3038771895296202,0.12495174366233432,40134,10.599979134346462,3.515277498561414,1.2571184691056316,0.17600000000000002,484.0754056407528,0
16051,16,0.5016105195346546,0.8745689491833719,7.957861230057979e-4,0.10292167190874986,0.10344327654947445,0.25523740485683216,0.2320405944182675,0.22703878216745196,0.18223994200797392,0.13106389460056356,52023,10.85944120746666,24.1325796684228,3.183562781026919,0.183,261.6594694302402,0
16059,16,0.49904495097415,0.9443524767604737,0.0011460588310199923,0.025467974022666498,0.05791058605513088,0.16492934908501275,0.1686356265925411,0.27426453555709984,0.33425990271021544,0.23335923335923336,34122,10.437697616534855,1.7208709232857087,0.5428305134205852,0.18100000000000002,496.6467995545048,0
16075,16,0.5009501082681515,0.8061779132970966,5.744840691148526e-4,0.15435945026293693,0.11490607465235424,0.209644628771245,0.2136293404895503,0.24835325689192486,0.21346669919492559,0.19955347175708862,43649,10.683935651497876,55.617683419889055,4.018501197810579,0.193,360.0663970641336,0
16017,16,0.5022212404584837,0.9425422772009916,0.001129028299339764,0.023881402940382396,0.07224366504447055,0.1703725457291492,0.1870699781842591,0.26061419701292166,0.30969961402919954,0.15186374841263914,41414,10.63137426689997,23.488777929784447,3.15652277219122,0.187,397.194934468945,0
16037,16,0.5317478642345879,0.9579773724313092,0,0.024474717155391363,0.054720616570327556,0.15915221579961464,0.2023121387283237,0.24470134874759153,0.33911368015414256,0.16098130841121494,39541,10.585093387249515,0.880116400525103,0,0.191,NA,0
16039,16,0.5187349215922799,0.7457026537997588,0.022579915560916767,0.15572225572979492,0.17109560094768522,0.2733559582506243,0.19165012486393032,0.2050329768841647,0.15886533905359543,0.16300501613718552,42842,10.665274208812761,8.627726980315071,2.154981084576439,0.191,287.6060560692276,0
16065,16,0.49011773480368653,0.9014437163709978,0.006073198018219594,0.06153108518459326,0.4236775591261961,0.2624119877234158,0.11179815851236685,0.11315219353673948,0.08896010110128182,0.358118486012068,32059,10.375333234161172,80.01176455544046,4.382173680805075,0.154,103.53493078802586,0
16079,16,0.5021604210857098,0.9300023568230026,0.0018068976353209207,0.031738549768245736,0.07778083700440529,0.16698788546255505,0.19452092511013216,0.272852422907489,0.2878579295154185,0.17360597848402726,38440,10.556853863084228,4.840540525123923,1.5770263932375457,0.161,600.682662190703,0
16081,16,0.5264766788285179,0.8297998225027118,0,0.16990434868356177,0.06292352371732816,0.24862858986769926,0.29590190383994835,0.22249112616973218,0.17005485640529203,0.11675988813423892,53931,10.895460730714525,22.56283151187213,3.116303929032122,0.222,NA,0
16087,16,0.5019813750743015,0.7939369922726373,0,0.1703982563899346,0.06219918548685672,0.20251758607922993,0.20196223620881154,0.24898185857089966,0.28433913365420216,0.1501510574018127,37453,10.530842092546065,6.947092255788441,1.9383231915690813,0.22699999999999998,369.6812821052204,0
17067,17,0.4926381339384664,0.9715552271887699,0.0033774869386247294,0.011399018417858462,0.08564946114577425,0.18623558328606543,0.19597277368122518,0.2664019663452448,0.2657402155416903,0.1359540920304623,43925,10.690238913055298,23.87347774924848,3.1727681251403093,0.149,335.9950548306212,1
17063,17,0.49932086928731223,0.8851470118248642,0.013003355704697987,0.08449185043144775,0.09593013453822032,0.22433152375493137,0.2401119465893381,0.24608018343055602,0.19354621168695418,0.0900897267869745,64541,11.075055959753039,119.75801532378247,4.785473167861349,0.094,302.8167918591146,1
17091,17,0.4902691364798966,0.7316954447699374,0.14680815286173235,0.09134355833650468,0.12397273850000762,0.21220668730083705,0.21272508271456234,0.24216689282937168,0.20892859865522131,0.1640320564664363,50102,10.821816206435848,167.00908720046826,5.1180482253104085,0.11900000000000001,381.4328325030998,1
17043,17,0.49038093720978365,0.697650527794123,0.04464116393206351,0.13511984681454223,0.09741274650469779,0.21081291811006242,0.22193878459254407,0.26078853021073284,0.20904702058196292,0.06914572665495058,78487,11.27068828496092,2817.7276877181303,7.943686054616213,0.092,210.140852743424,1
17003,17,0.5149122807017544,0.6,0.3526315789473684,0.020676691729323307,0.1312127236580517,0.19748177601060304,0.19969074442235477,0.2392312789927104,0.23238347691628009,0.3160737812911726,26972,10.202554569854472,33.88405538641835,3.5229445611571064,0.142,503.8171808420396,1
17129,17,0.48947741782927406,0.9655552928194214,0.008355009064396627,0.010877275951761646,0.08309649478955204,0.1718771146298552,0.2104479631885235,0.27662741913655436,0.257951008255515,0.09786006251502766,58190,10.971468797650715,40.34830506587965,3.69754938803145,0.098,372.929948008364,1
17099,17,0.4998631890198155,0.8782029215764156,0.018288538770466482,0.0828809744472395,0.10341999757016158,0.2027396428137529,0.20334710241768922,0.2652624225489005,0.2252308346494958,0.12155761829295902,52640,10.8712315659992,99.80847907365187,4.6032531403663,0.129,380.3888011175062,1
17031,17,0.48449707733830205,0.43660717232001095,0.24103153036659702,0.24214618603583934,0.11489634500102702,0.2612358302328349,0.22088755515406783,0.22026294961111312,0.1827173200009571,0.169222811957878,54548,10.906836326977725,5513.835438779849,8.615015746883742,0.185,325.2453509597682,1
17115,17,0.4793310478678058,0.7801962598175255,0.15780595309354084,0.0194899421378172,0.11355190742744249,0.2021418379666651,0.1999937281465105,0.2448218009627295,0.2394907254966524,0.17566742729432533,46559,10.748475604511441,189.8813306262044,5.246399301380306,0.109,418.421874867177,1
17137,17,0.5031052393857272,0.8976400180668473,0.06046747967479675,0.0209180216802168,0.12420091324200913,0.19927901946647442,0.19889449651526075,0.24979572218216775,0.22782984859408795,0.14412389544013054,46809,10.753830771109293,62.27946644725391,4.131631779929324,0.105,410.06404393386737,1
17191,17,0.4893246971332614,0.971332613649994,0.0045579944824277316,0.01187477509895646,0.09510398613518198,0.19844020797227035,0.21003032928942808,0.2538994800693241,0.2425259965337955,0.1474475566872802,43605,10.682927101661086,23.359026300969163,3.1509834747697685,0.138,479.032922510121,1
17203,17,0.4947176310310259,0.9623165308588026,0.007634372670488137,0.015011695756111354,0.10098622915057037,0.18579284643003227,0.21501613416352316,0.26455483343180475,0.23364995682406944,0.08782012235493525,66639,11.107045270725733,73.70798353160957,4.30011111804514,0.076,262.6698718808394,1
17055,17,0.49265264758044086,0.966100836078034,0.0016214846719027108,0.013427919939194325,0.1004492362982929,0.1976190476190476,0.21729559748427674,0.24784366576819408,0.23679245283018868,0.1908367457312833,36273,10.498828941842357,96.52986507340623,4.569852443091042,0.138,550.7641809096486,1
17109,17,0.4981719868505945,0.884942701772712,0.051430151463946666,0.02648314848382439,0.30781573498964804,0.18436853002070394,0.14549689440993788,0.17681159420289855,0.1855072463768116,0.23080291970802919,36031,10.49213495800589,55.22330070732108,4.01138497848095,0.121,260.4660285239646,1
17111,17,0.49840290852431346,0.8330065571641888,0.010420048042589105,0.11653249367006427,0.0884375067563185,0.18370159773420103,0.24502734957732472,0.28427885758761595,0.19855468834453982,0.07684674392035254,76145,11.240394696285792,510.7341035958293,6.235849109563511,0.11800000000000001,252.928469414193,1
17139,17,0.4905508104109221,0.9757212993476361,0.0047077812899320734,0.010155356782567758,0.09348198970840481,0.2131830433717226,0.20534182798333742,0.2536143102180838,0.23437882871845137,0.12812348584481206,46622,10.749827811712468,44.260484665553385,3.790092284982139,0.111,333.2530203917828,1
17145,17,0.5392660715895772,0.8651609413037598,0.08705256514290867,0.028401406545847985,0.13607292509005367,0.20238182753804307,0.220466073660222,0.23355142248033522,0.20752775123134604,0.18373886051867427,42078,10.647280317764965,50.21267155769748,3.9162674163128224,0.131,366.3354002497062,1
17151,17,0.48756559434177504,0.9210586356376911,0.03627652292950034,0.02623773671001597,0.09535160905840286,0.15256257449344457,0.1875248311481923,0.27612236789829164,0.28843861740166865,0.16991444866920152,38371,10.555057244929015,11.885457059956071,2.4753155569474328,0.138,NA,1
17163,17,0.48244769259943704,0.6284361881318812,0.2993652835773168,0.03419734586653479,0.11124915715605724,0.2181529855405439,0.21611767350098643,0.2519291761356542,0.20255100766675824,0.17607929448780782,50578,10.831271978121498,408.8716383964339,6.0134012642324155,0.125,428.1197784387082,1
17173,17,0.4977544237851433,0.9786221144345639,0.0037276565166621755,0.008488278092158448,0.08983564704005106,0.1845380564863571,0.20751555768310195,0.26599648954842825,0.2521142492420616,0.11768726079825041,47188,10.761894901961734,29.354416411895222,3.379443008953866,0.11800000000000001,321.4510322208858,1
17019,17,0.4991107949493153,0.7043343806192819,0.122848617780149,0.05380678562254233,0.2628814075294081,0.23585016118834448,0.16825253100826626,0.17508254560498318,0.15793335466899797,0.2226777940994474,45808,10.732214027337896,203.1866991345685,5.314125256547004,0.10300000000000001,225.4337579566144,1
17013,17,0.5057289608850257,0.9812327143421572,9.877518767285659e-4,0.002568154879494271,0.09550760523523169,0.17049876193845065,0.20764060841881854,0.2734347364697559,0.2529182879377432,0.11917202572347267,50436,10.828460484793117,19.94287402738107,2.992871887917783,0.132,NA,1
17053,17,0.49317418340361663,0.9551140018583375,0.004860267314702308,0.0243728110928454,0.08683292415040703,0.19718309859154928,0.20945858638066933,0.27729680837317483,0.2292285825041995,0.10485781990521327,48866,10.796837137108716,28.81082995617937,3.3607513566016416,0.105,442.8817300562136,1
17085,17,0.5035395097778957,0.9521723741261835,0.0033182904167772765,0.028979736306521547,0.08185593355693979,0.16618750998243093,0.19453761379971252,0.2612202523558537,0.2961986903050631,0.09477635283077886,50817,10.835986223254492,37.601877931148074,3.6270539941259825,0.126,288.2790425746212,1
17093,17,0.4979031675919083,0.7374920509427152,0.05544574875822835,0.159350669439527,0.08053613559714563,0.2495693835309103,0.2973931419804015,0.2175373080319018,0.15496403085964075,0.047899842639506134,81765,11.311604558166492,363.2634585668129,5.895128352188854,0.08800000000000001,197.517670353639,1
17101,17,0.5980122141060951,0.7256615974134835,0.20446653095437672,0.05460423901329182,0.10556801195814648,0.2617713004484305,0.20721225710014948,0.23934977578475336,0.1860986547085202,0.13312693498452013,40145,10.600253178618784,44.87637635754935,3.8039115172584195,0.115,430.8260825229954,1
17121,17,0.48663936524187357,0.9219349884822114,0.03498848221141541,0.015254671103148196,0.10094850948509485,0.19887082204155374,0.20447154471544715,0.2575880758807588,0.23812104787714544,0.18134728649558265,41010,10.621571218386105,68.26087640186384,4.223336782567892,0.134,516.6460711025626,1
17125,17,0.4959332781913427,0.9717397298042459,0.011579818031430935,0.007857733664185277,0.08794000241925728,0.173460747550502,0.21833797024313537,0.26841659610499574,0.2518446836821096,0.16278906797477224,42260,10.651596291170048,26.904632091951974,3.292298468510478,0.111,495.0729902961742,1
17075,17,0.4897778985261156,0.9177817020987571,0.011478638864361883,0.05756299667187394,0.08957524197028544,0.18340422908575305,0.20880340299611613,0.27186979840946923,0.24634732753837618,0.13655037950003482,47079,10.75958232070683,26.354227452215845,3.2716286967383112,0.121,473.463320668303,1
17025,17,0.48988649592549477,0.9665308498253784,0.007857974388824214,0.0027648428405122236,0.09698220273407274,0.1886768119680165,0.2051844209440289,0.2592210472014444,0.24993551715243745,0.1560410164957646,40640,10.612508082252363,29.347705395502185,3.379214362485369,0.12300000000000001,428.319180903783,1
17059,17,0.4824147933284989,0.9664612037708484,0.004713560551124003,0.0032632342277012327,0.10480769230769231,0.1814102564102564,0.20352564102564102,0.24711538461538463,0.26314102564102565,0.17156048014773775,40330,10.604850887867414,17.073646350183086,2.8375361256046605,0.11699999999999999,701.6431375172247,1
17133,17,0.49278201380308007,0.9692896537174889,3.0137729423465235e-4,0.014496247852686779,0.0815450643776824,0.18838136112814224,0.22169425710198243,0.28786020846106686,0.2205191089311261,0.05432792088878037,68482,11.134326215996625,86.18195324289435,4.456460796619809,0.07,252.4847517332256,1
17143,17,0.4843012660527905,0.7216821560841612,0.1757723777102027,0.0404345943981573,0.12206943498978898,0.23150442477876107,0.20727932834127524,0.22619469026548672,0.212952121624688,0.17242653751317003,50712,10.833917847964003,302.18714521268265,5.711046511583413,0.102,389.1959967411148,1
21059,21,0.4842332613390929,0.8986835338887175,0.04905893242826288,0.026277897768178547,0.10525015441630636,0.21274155122209476,0.21027089032030355,0.2532956851672108,0.21844171887408453,0.151885863175622,46555,10.74838968832263,212.13231925226793,5.357210227389381,0.12,412.0714919408734,1
21101,21,0.4820637971621709,0.8769194220676846,0.07457400168455608,0.02002030106040645,0.09597568037058483,0.21453387376954255,0.21131297046902142,0.25246091488129707,0.22571656050955413,0.17749845365379519,41940,10.643995304455911,106.03683797109481,4.6637865617673855,0.126,472.7590883589522,1
21109,21,0.4951557609181696,0.9829333730809361,7.452675510508272e-5,0.007229095245193024,0.09549236309449895,0.2012914441822923,0.23370172606482056,0.2447535080094375,0.2247609586489507,0.34192530247238295,26156,10.171833888681167,38.870107560522705,3.6602255120463774,0.174,672.5503900238996,1
21163,21,0.5010334849111203,0.8977538927931652,0.040099214551467546,0.033484911120297646,0.10598525124335448,0.22517578459955412,0.2331789858800663,0.24867089693020064,0.18698908134682443,0.1693050059015483,46756,10.752697868727662,95.041958202231,4.554318459381779,0.157,389.9915662201196,1
21185,21,0.5266163439448638,0.8916147029865441,0.0430423367246472,0.03547751887102068,0.07328830546326053,0.16833705539517402,0.26455689307696495,0.28833269785936055,0.20548504820523994,0.06817457789104811,83391,11.331295668854674,325.50288967941117,5.785371339272539,0.08900000000000001,285.2916822770534,1
21203,21,0.4926751779725834,0.9793492969347531,0.004000706006942401,0.002235688650938401,0.09495931732486604,0.18694185354236953,0.22891446715618177,0.26741416947807106,0.2217701924985116,0.25457610789980734,30674,10.331170669210724,53.69536716738536,3.9833267253049653,0.168,635.2645086646858,1
21003,21,0.48963872186055757,0.958604581821796,0.012622372409680465,0.016100978979277442,0.1091714212722473,0.1983309205484118,0.22549604019415823,0.24806267563654943,0.21893894234863323,0.18604063479227737,40008,10.59683471309874,58.439672647224526,4.067994985347723,0.17,542.277319303274,1
21029,21,0.4951760797342193,0.9577142857142857,0.00695016611295681,0.014857142857142857,0.09363083694681106,0.20122894559083085,0.23883816704072516,0.259189854661931,0.2071121957597019,0.1023598859544621,54836,10.91210219155579,253.34653092006033,5.534758238992412,0.11599999999999999,344.1029833307182,1
21075,21,0.49894736842105264,0.7219548872180451,0.23278195488721803,0.010977443609022556,0.08899297423887588,0.1959406713505074,0.22118136872235233,0.24225865209471767,0.2516263335935467,0.2218873909595559,33582,10.421745488119415,32.359467455621306,3.4769066351828513,0.149,759.1229162289834,1
21119,21,0.49614601960905225,0.9778010729481409,0.008941234506998828,0.0067213418018129125,0.10646234499445509,0.18126827301139228,0.21867123701986088,0.25919951608025005,0.23439862889404173,0.23129339161738235,33889,10.43084575693648,46.134195119453345,3.8315544346759554,0.17,764.7288070179766,1
21177,21,0.5055207305819837,0.9270690807267636,0.044579501702357846,0.012346071849046998,0.10559406738674834,0.1965715513998603,0.2218818851093557,0.24692353162448277,0.2290289644795529,0.20376374636494302,38105,10.548100786100218,67.28412110156954,4.208924266784784,0.157,533.7546447552344,1
21237,21,0.49157418824496507,0.9901356350184957,0.0017810658994382791,0.001918070968625839,0.0868844696969697,0.19910037878787878,0.20785984848484848,0.26988636363636365,0.2362689393939394,0.4054771552326394,22574,10.024554080515571,32.853072633241965,3.492045275814977,0.166,871.1768693275184,1
21013,21,0.48414234925551763,0.949030236896758,0.02354887535640114,0.007884825231440741,0.10776601407700952,0.1999763411604661,0.21594605784586265,0.24835866800733425,0.2279529189093275,0.3354309966339821,26228,10.17458282138351,79.13370473537604,4.371138886866824,0.16899999999999998,743.713157867221,1
21057,21,0.4856767027185034,0.948114586378252,0.03171587255188541,0.00467699503069278,0.09792596482016278,0.14413231819375164,0.24048306642163297,0.265686531898136,0.2517721186663166,0.23602853745541022,31593,10.360690856048707,22.41940874625633,3.1099270455860304,0.19399999999999998,677.2791749370998,1
21129,21,0.5328302885888271,0.9606830818109611,0.016150383902568177,0.007545671167593328,0.09985676284018825,0.2017597708205443,0.22119909965213833,0.25741763863310824,0.21976672805402087,0.3720652011365336,22920,10.039765170828677,36.16828739280943,3.5881826960127534,0.168,712.9820329333012,1
21061,21,0.499423773460652,0.9654264076391176,0.016710569641093184,0.009054988475469213,0.10390161153519932,0.1922533220243144,0.2144472716991801,0.2456884365281312,0.24370935821317502,0.16084091098690248,37646,10.535981985884124,40.1078964484636,3.691573233840843,0.19899999999999998,448.9019709185162,1
21023,21,0.5002360717658169,0.9850094428706326,0,0.012983947119924457,0.10697860427914417,0.1879624075184963,0.22515496900619877,0.26194761047790444,0.21795640871825636,0.16765684410646386,39196,10.576329979755709,41.20382078866992,3.7185309896446923,0.17300000000000001,525.1962665064658,1
21179,21,0.4960710625213529,0.9094180617241772,0.05254526819268876,0.020612686482177428,0.09827029081923588,0.2177912944307166,0.21649876449344232,0.25614902109865045,0.21129062915795477,0.1824842666176673,43833,10.688142237340195,105.15865412251624,4.655470201401274,0.142,407.7131847929188,1
21155,21,0.5181768038910896,0.8698791555934413,0.09622423908138193,0.024720453291881862,0.09088613986367079,0.2281410418244551,0.22275519649920053,0.25380796095262137,0.2044096608600522,0.1695799494433389,38719,10.564085714610725,58.141501072861274,4.062879713044112,0.146,511.9840803743564,1
21015,21,0.4939775933473031,0.8940056429125348,0.02793406702196116,0.0368686785354827,0.0903680026453204,0.21851448726250672,0.26005428417905513,0.2435485870957964,0.18751463881732133,0.08999808408373387,67225,11.115800481137065,492.02180557641486,6.19852303578746,0.10300000000000001,308.8569051479718,1
21121,21,0.48526596579319003,0.9647261886081908,0.010042366232543544,0.015942256394162874,0.11551424222657099,0.19906501413350727,0.22657099369428135,0.24271580778430094,0.2161339421613394,0.34662734034367787,24038,10.087391190512735,82.48834446035045,4.4126570040913,0.162,639.9443246063465,1
21133,21,0.4916535823485662,0.9819436410214032,0.00483431121394926,0.006073878191884968,0.09204030567390276,0.20315141678501386,0.2107256373841888,0.2513018191654832,0.24278082099141138,0.2525184687709872,31200,10.348173373797573,71.62177358736247,4.271399128119608,0.15,734.0916562806864,1
21195,21,0.4889488623144572,0.9742527879887705,0.006018023048407861,0.007212321436880555,0.09644541991473045,0.19818865258962134,0.22248290824692854,0.2488962890082999,0.2339867302404198,0.23408127096651687,32961,10.403080323368991,81.93987796648082,4.405985782814233,0.151,704.6742300362602,1
21077,21,0.49442815249266864,0.9219941348973607,0.007272727272727273,0.04645161290322581,0.09944200876843363,0.19290554005579913,0.2178158628935831,0.27819848545237147,0.21163810282981269,0.2070154577883472,43793,10.687229266240786,84.21083825592193,4.433323633343644,0.159,626.3585368223988,1
22115,22,0.516244524852409,0.7146638735478956,0.1376690154256332,0.07996572081508284,0.17697207872468546,0.2866605394098818,0.2132285361138402,0.17415142775647324,0.14898741799511933,0.13497410880300698,46572,10.748754781156906,39.54334254580506,3.677397349976427,0.19,NA,1
22085,22,0.49798237667792145,0.6890801284690768,0.16812155151115868,0.03487606028164374,0.10028206650831353,0.19915380047505937,0.20843230403800475,0.24421021377672208,0.24792161520190023,0.2166849061368802,35159,10.467635909983954,28.022555584145554,3.3330097424652743,0.22399999999999998,NA,1
22053,22,0.4904438377039812,0.7799860308591021,0.1715981967109023,0.018286875357165534,0.10098271772280583,0.21501186038630973,0.2097594035920027,0.2620015813848413,0.21224443691404044,0.1879096631838536,41622,10.636384152613356,48.359659035079105,3.8786659751650596,0.19899999999999998,NA,1
22125,22,0.6633810076021132,0.514817678134261,0.457286432160804,0.015204226259502641,0.05911832946635731,0.19619489559164732,0.26412993039443156,0.27554524361948957,0.20501160092807424,0.16620038468263681,61616,11.02867685605469,38.495687153719864,3.6505462130375057,0.132,NA,1
22013,22,0.47895143720570665,0.5469815166209853,0.4182303745871108,0.015461381685290604,0.11109697123950114,0.19279714940188344,0.20017816238228556,0.2636803257826419,0.23224739119368795,0.2687599020596284,31543,10.359106973305016,17.539210223995028,2.864438958792031,0.183,NA,1
22023,22,0.49079393135955224,0.96155545735749,0.016791869200176758,0.018412137280895566,0.06993006993006994,0.1798201798201798,0.2082917082917083,0.3131868131868132,0.22877122877122877,0.0865826538176427,64574,11.075567131974989,5.283733122056648,1.6646328785822677,0.16399999999999998,NA,1
22075,22,0.4960017104981826,0.67325208466966,0.21051956382296344,0.052982681205901216,0.11331649224106821,0.21587874413569108,0.22215806568025984,0.25752435943702634,0.19112233850595453,0.12742130750605327,55138,10.917594412610574,29.984190503788255,3.4006702595506444,0.177,NA,1
22117,22,0.4915308405241291,0.6580164056674124,0.3033983168211356,0.01964418877170555,0.10093361758435639,0.21473204440197016,0.2025656105270896,0.24957729912519297,0.23219142836139087,0.2569313204526758,31778,10.366529505448312,70.10193794107764,4.249950439037557,0.222,NA,1
22001,22,0.4853428622245218,0.7800216663702362,0.17612818730092,0.018190049638624348,0.11841364557532087,0.22480860166629138,0.20561247466786758,0.24954965097950912,0.20161562711101103,0.1868345264543734,37587,10.534413524913662,94.4057491844993,4.547601973675151,0.185,NA,1
22103,22,0.48643764356168084,0.8013401905147953,0.11544048101607891,0.048739190649912174,0.08812553617386332,0.19642550757792393,0.22462825278810408,0.26243208464398055,0.2283886188161281,0.10582878426749362,60799,11.015328620450578,280.0919163953446,5.635117822140026,0.183,NA,1
22017,22,0.4751928186545934,0.47387409949481707,0.47280581958200124,0.025282624603308147,0.1207757041599193,0.23704505030661818,0.19948100560142293,0.22908757864557064,0.21361066128646897,0.19484154633478293,41053,10.62261919381804,290.88179352311056,5.672916976822383,0.168,NA,1
22005,22,0.4943504366812227,0.7055403930131005,0.2236626637554585,0.04786208151382824,0.0981682972173966,0.23239157599585505,0.25512785346377737,0.23883758495626467,0.1754746883667063,0.1228515463348691,69070,11.142875762083019,379.0593176794342,5.937692703863384,0.14300000000000002,NA,1
22045,22,0.48858615110603526,0.6039346847765497,0.3162567470190752,0.033283028102948975,0.11810154525386314,0.22436710347095018,0.20565027476398479,0.2511154948100136,0.2007655817011883,0.20741279679870156,44262,10.697881800112357,128.11285622466735,4.852911564715177,0.193,NA,1
22091,22,0.4883384559754113,0.4462122581811607,0.5331766407521243,0.002802386548544567,0.10965397377152789,0.19023542423763629,0.21235582240480327,0.24522041396745142,0.24253436561858113,0.27416682010679433,33143,10.408586811928672,27.0859910431608,3.2990166585516216,0.228,NA,1
22031,22,0.4762242195949726,0.5695744601499273,0.3848133368142319,0.025696490508335508,0.1007771854325904,0.1993063138287623,0.20784893056715267,0.2587834799922924,0.23328409017920226,0.22637936910667625,39162,10.575462167863272,30.623164785816016,3.4217567417081853,0.18100000000000002,NA,1
22063,22,0.493371328499447,0.8961303305886691,0.055879009462947035,0.030923559051247388,0.10321794871794872,0.23723076923076922,0.24469230769230768,0.2307051282051282,0.18415384615384614,0.13321998105619479,56811,10.947485247931015,200.86119515126458,5.30261409811808,0.17800000000000002,NA,1
22069,22,0.4780092886328452,0.5345278278303682,0.4110854503464203,0.019465522929726163,0.19371821183189078,0.2089319175515303,0.18537521192112072,0.20741500847684483,0.20455965021861336,0.2604705882352941,33953,10.432732494325869,31.46576162906768,3.4489000222816135,0.182,NA,1
22025,22,0.5358110723964382,0.6617305458768873,0.3137824235385211,0.009969028261711189,0.10938259601361205,0.23091881380651433,0.19218927240317615,0.24291038729541403,0.22459893048128343,0.21805305993023993,36165,10.495847079283381,14.592602008389475,2.6805146885383606,0.201,NA,1
22041,22,0.48654524373158126,0.6646214792985168,0.3264892023769264,0.004782839750712595,0.11367580701145436,0.22223186393613328,0.18899687608469282,0.24887191947240542,0.22622353349531413,0.29866989117291415,31214,10.3486219911025,33.1404052290721,3.5007532397170227,0.226,NA,1
22049,22,0.5106369858790158,0.6704692606524018,0.3015354257877536,0.014120984152432632,0.0964902865729312,0.23194161210690137,0.21637866265965439,0.2330149189653322,0.22217451969518084,0.2057950438822922,37388,10.529105076302473,28.49171531827198,3.3496133544289584,0.175,NA,1
22089,22,0.49109772550211866,0.6599084120318468,0.26195679024075097,0.0524445626769529,0.09930166285660602,0.2101900854914978,0.22368709485485236,0.26853098675351517,0.19829017004352864,0.1273977351513751,58758,10.98118259294885,188.57114191835402,5.239475346394007,0.154,NA,1
22107,22,0.4791380999020568,0.4166503428011753,0.5676787463271302,0.014887365328109697,0.09068541300527241,0.2031634446397188,0.18172231985940246,0.2453427065026362,0.2790861159929701,0.3431952662721893,27543,10.22350369881181,8.469037001645697,2.136416806998957,0.21899999999999997,NA,1
21191,21,0.49796112545874677,0.9736985184178334,0.003466086720130488,0.010194372706266141,0.10628725677651557,0.18085704645146777,0.21966033067146554,0.27207288269036106,0.22112248341019008,0.1564265050282408,45480,10.725027947864472,53.08904339417731,3.9719705678643478,0.139,518.8401417862334,1
21201,21,0.4902395740905058,0.9955634427684117,0,0,0.11285266457680251,0.16379310344827586,0.20768025078369906,0.2884012539184953,0.22727272727272727,0.22799097065462753,31786,10.366781220256765,22.560078469838157,3.1161819048967767,0.168,NA,1
21207,21,0.4924019051939215,0.9466999319573599,0.004252665003402132,0.03413472442730778,0.10118110236220472,0.18336614173228347,0.2202755905511811,0.2574803149606299,0.23769685039370078,0.2734841525034451,29721,10.29960914564114,69.52695963446702,4.241714585763328,0.191,603.9538577289422,1
21215,21,0.5019360804484772,0.9498930821244871,0.016644512512281107,0.016413338727388316,0.07930056710775048,0.1828922495274102,0.2533081285444234,0.2824196597353497,0.20207939508506617,0.07707185558551166,65209,11.085352775198356,92.6895118305951,4.529255325184856,0.114,350.29020616161637,1
21229,21,0.49983013419398675,0.882962459656871,0.06038729403771021,0.03541702055376253,0.1110109659005558,0.1668919933904161,0.23298783235691753,0.26213008862851134,0.22697911972359922,0.1418688151326736,40845,10.617539693775969,39.607624148069405,3.6790216287207587,0.156,415.3337656171612,1
21011,21,0.4950562563927719,0.959001022843505,0.015854074326628026,0.014149335151721787,0.09883806442123842,0.1888513016620091,0.22812178261509045,0.24944844830122076,0.23474040300044124,0.28017278617710584,30797,10.335172561620322,42.081551837929354,3.739609446027256,0.174,619.2829900345804,1
21007,21,0.4943250422603236,0.9382999275537309,0.03513644047331563,0.011712146824438541,0.08506180599203855,0.18374188141630002,0.23130106851037083,0.2545568824638592,0.2453383616174314,0.14413853245297123,44588,10.705220043509515,33.576719276409946,3.5138329481395147,0.151,525.8200240223771,1
21009,21,0.4845896856766422,0.9126199887069453,0.041643139469226424,0.027409185017880672,0.09906982411958244,0.2041106462488322,0.22458263942483447,0.2550062959502823,0.21723059425646857,0.20753628760934345,38873,10.568055201212758,87.18036021585877,4.467979078665197,0.146,443.250770360505,1
21021,21,0.4951395421762308,0.8676352740322637,0.05961464757325529,0.02951116685829762,0.1309530905406211,0.1745246468379329,0.22244739822375872,0.2432496870715861,0.22882517732610122,0.1829785622301341,41473,10.632797892075562,159.30043459196642,5.070791945047664,0.147,435.8150046798544,1
21087,21,0.48782438677568435,0.9486313544258799,0.024795591894774264,0.009242801279772485,0.08812615955473098,0.18692022263450836,0.2178416821273964,0.26437847866419295,0.24273345701917132,0.218724705459124,34406,10.445986246756984,39.33798079948538,3.672190484736814,0.191,463.4296565532648,1
21091,21,0.5111524163568774,0.9630576208178439,0.011268587360594795,0.01254646840148699,0.10384692047040064,0.17899142914092087,0.23181183974486744,0.2543352601156069,0.2310145505282041,0.142238351674081,51189,10.843279944195375,45.87214631338862,3.825858098737179,0.11699999999999999,512.2908627277758,1
21095,21,0.4889356128498552,0.9548118020129601,0.025472218392389355,0.0077209430580449465,0.10623213264722699,0.19788450543167524,0.20754716981132076,0.24213836477987422,0.2461978273299028,0.31318508142181756,25906,10.162229881090202,62.28049838137682,4.131648349203799,0.165,805.6069764822962,1
21159,21,0.552317880794702,0.9213868328788469,0.046825087650954424,0.020958317101675106,0.11823430358431561,0.23442386336300217,0.23273995669954295,0.2245609814770267,0.1900408948761126,0.35136563876651983,26261,10.175840227862885,55.90035060212104,4.02357065209346,0.15,704.8632763378874,1
21093,21,0.49609739104235906,0.771963355961247,0.11455498959618118,0.052640498630085394,0.12244993449373011,0.22587185725871858,0.22212864183667103,0.24324661550938922,0.18630295090149104,0.1579328782819034,48687,10.793167332983991,170.40710565750757,5.138190313393802,0.13,379.0267979751124,1
21137,21,0.4816681570604016,0.946223884237054,0.026501910413787497,0.015283310299975612,0.0930297527587652,0.2002374633328677,0.22978069562788098,0.2622572985053778,0.21469478977510825,0.25406763603410637,33651,10.423798052313334,73.63773776919737,4.299157635757172,0.179,528.9391023956746,1
21149,21,0.4919151616967661,0.9686056278874422,0.004199916001679967,0.012284754304913902,0.0917516218721038,0.19091751621872105,0.22409638554216868,0.26153846153846155,0.23169601482854496,0.18787814457064006,38833,10.567025679591955,37.72269619842043,3.6302619344901736,0.153,532.6867958223854,1
21171,21,0.5005517748758507,0.9387529887805776,0.022254919992643,0.02731285635460732,0.10985206169342146,0.19169027384324835,0.20632672332389046,0.2563739376770538,0.2357570034623859,0.2520545386626821,29808,10.30253209284137,33.014242211717416,3.4969390505349365,0.19399999999999998,681.5205337563222,1
21183,21,0.4948445001043624,0.9441452723857232,0.01298267585055312,0.0345648090169067,0.10064864076962321,0.20902266598644414,0.2096057138692515,0.24735806428102908,0.23336491509365206,0.19685408585191186,40830,10.617172384313621,40.790159278292585,3.7084408581586312,0.159,496.7134592873746,1
21197,21,0.4988078206962327,0.9705134318868225,0.006755682721347958,0.011603878556668256,0.10112359550561797,0.20184590690208667,0.22699304440877474,0.24652220438737293,0.22351524879614768,0.31731552370092847,26839,10.197611332567385,70.29875013269712,4.25275401960732,0.174,764.940706387903,1
21233,21,0.49882040695959895,0.8960483633146564,0.05013270421704512,0.04393984075493955,0.10385756676557864,0.19473293768545993,0.22329376854599406,0.2403560830860534,0.23775964391691395,0.1484239825472053,41415,10.631398413032365,40.862437225668266,3.710211235815885,0.153,574.5262747462644,1
21033,21,0.4866367990112776,0.9168855244863279,0.04827746021937278,0.019233740151398115,0.10044313146233383,0.1826238753860615,0.21418020679468242,0.24788505438431582,0.2548677319726064,0.21428010984699883,37127,10.522099746707825,37.54738377741879,3.62560370274475,0.155,587.2236565631538,1
1099,1,0.48257090174730005,0.5478970936868909,0.4180349460005268,0.010229168495917113,0.10372216165706276,0.17575144058557857,0.22278461298863106,0.2541660177542439,0.24357576701448372,0.2859675560677245,29203,10.282026722705035,22.207814366149123,3.1004442254164903,0.16699999999999998,589.7872236883977,0
1079,1,0.48854714928401305,0.7662089446911112,0.1094416183951307,0.018612720162309977,0.10375829034635224,0.18565463031196267,0.2238270695160894,0.2599852616064849,0.22677474821911078,0.17547030069619315,38551,10.559737318992255,49.2400221231891,3.896706750609188,0.16,630.2487709687271,0
1081,1,0.4948789861846889,0.6913749523908452,0.22704199993075033,0.0351511374259894,0.23962815754032127,0.22302882983499217,0.19641077861358386,0.1870052228755379,0.15392701113556484,0.22039232065444386,43542,10.681481268506191,237.68961839298413,5.470965698161974,0.13,300.794107927251,0
1093,1,0.4978605258860036,0.9225543034460232,0.03968642822146007,0.02230932549403887,0.09740663314311543,0.1885417255212159,0.21786541612520482,0.25515565851178035,0.24103056669868353,0.20879528222409435,32888,10.400863128577715,41.24387707263449,3.7195026671603837,0.138,625.8258678099468,0
1107,1,0.4761733961877434,0.5591309694609551,0.4131481861037098,0.017882762861242057,0.10849098897157715,0.18595893481574463,0.19743566753339908,0.26602707791625574,0.2420873307630234,0.27166605867945176,28741,10.266079953738897,22.141845774034273,3.097469292099779,0.147,550.6059114909058,0
1119,1,0.45070838252656437,0.24431818181818182,0.7312573789846517,0.008264462809917356,0.1982447083118224,0.15216830149716057,0.18430562725864738,0.23193082085699535,0.23335054207537428,0.3801855685913657,22186,10.007216738298604,14.993024570549196,2.70758506431281,0.159,576.9583491749986,0
1073,1,0.4733809934523014,0.5142297039565592,0.42143217240248304,0.03803496155201108,0.11483784650538173,0.23576396544466938,0.20897055581166943,0.23186045579363013,0.20856717644464934,0.1799281007520407,45429,10.723905946624765,592.608856845644,6.384534580767981,0.12300000000000001,515.0977440948268,0
1023,1,0.48447431869657337,0.5563673558851465,0.42821655585592167,0.0028494191568641776,0.08508967142296112,0.16795392067024478,0.21756774446917135,0.2713705982458437,0.25801806519177906,0.2149677992449478,33941,10.432379002113745,14.983032293377121,2.706918380393205,0.147,627.9335492144291,0
1059,1,0.4925787911324449,0.7938167119307775,0.042000884229141666,0.15050843175645803,0.11180566979218073,0.20902560728189942,0.23814223830673906,0.24230959039315678,0.198716894226024,0.21907991554162135,36415,10.502736056652015,49.96047780051465,3.9112322488728672,0.16699999999999998,605.6601141900056,0
1091,1,0.47002757753156904,0.45817407712032515,0.5161352750495912,0.018820455754995403,0.11040467394106022,0.1803419537760976,0.2117879542916058,0.25689492224417904,0.2405704957470573,0.24039731858883398,35079,10.465357939808428,21.15813373570196,3.0520244053547945,0.132,580.0524228103083,0
1113,1,0.48305847616304193,0.5124225838974507,0.41514835085697827,0.04247083393345816,0.12030938425282495,0.24632908332829778,0.2116442081092513,0.22913771224847423,0.19257961206115173,0.22023635833090166,36143,10.495238571215703,86.63318463986025,4.461682936623806,0.151,547.5498831510334,0
1019,1,0.4958515787047707,0.9195667204424983,0.04663132826304064,0.013712837059230237,0.08897169379616918,0.16879126626135843,0.206968686670589,0.2631888605608943,0.2720794927109891,0.2119622656280581,34907,10.460442661144333,47.018240924688456,3.8505356311974843,0.14400000000000002,627.0894380416436,0
1039,1,0.4824953100642059,0.8378471213041985,0.1264565223135255,0.014373662377467171,0.10279539581865163,0.19018087855297158,0.214282358468405,0.25163260512097724,0.2411087620389946,0.19995703313819216,35869,10.487628691687759,36.7283998540452,3.603550293787169,0.14300000000000002,555.2894055503668,0
1041,1,0.48513077749910427,0.7097814403439627,0.22730204227875314,0.01655320673593694,0.10159239600049376,0.18257005307986668,0.22799654363658808,0.2542895938772991,0.2335514134057524,0.19056274538316126,36275,10.498884077752388,22.92063596347152,3.1320376385589563,0.14800000000000002,529.6262047723196,0
1047,1,0.461836578403843,0.2881344132185375,0.6865470747952008,0.007890278712492168,0.11717410823606236,0.2032079013958044,0.19659619622887928,0.25499959187005145,0.2280222022692025,0.35502778233652965,26519,10.18561673619821,44.029038668839625,3.7848493859803547,0.12300000000000001,663.8003908455886,0
1077,1,0.4797444585932273,0.8526428247685235,0.10044676580407054,0.023039734098806466,0.13819535295093144,0.18938291168395643,0.20933832065007094,0.23600081074607066,0.22708260396897054,0.1719578761647461,42844,10.66532089088452,138.78450854204826,4.932922431916246,0.13,492.301967661544,0
1085,1,0.4720368031751759,0.2522099945877684,0.7377773768717301,0.007396716579469601,0.11788428726539475,0.17620598728090583,0.20567705909725453,0.2702031952846285,0.23002947107181634,0.2673159188131428,26230,10.17465907286092,15.48516505543287,2.7398824724211757,0.136,713.6453398257314,0
1087,1,0.4597413834543095,0.15795798682882276,0.8053165408835264,0.014180647022064126,0.2126667212175763,0.16414368709598232,0.17478111447508388,0.21962196219621963,0.2287865150151379,0.27264409881061297,30724,10.332799387118573,34.16572916067895,3.531223070334251,0.136,634.5138369814348,0
1083,1,0.5050548883467818,0.7820416588478138,0.12701726402702196,0.05611981610058172,0.0935089728904162,0.21989308896525392,0.234803360061092,0.2527109583810615,0.1990836197021764,0.1470958039544401,48619,10.79176967999097,152.2745456623614,5.025685113052764,0.122,395.9609176577344,0
1117,1,0.48816833529939607,0.7953782402226188,0.11167740439389814,0.05887097587288144,0.09043908472479902,0.22238713667285095,0.24722325293753866,0.24270459699031127,0.1972459286745001,0.07939176242763639,68770,11.138522882313882,252.71807677117707,5.532274546347656,0.102,301.753203816596,0
1133,1,0.4863199408429874,0.9469230137211404,0.005669213704707912,0.0267849806918084,0.09112133003183587,0.18047400070746375,0.21804032543332155,0.2610541209763,0.24931022285107887,0.23987709403148413,32900,10.401227936753463,39.71098520503965,3.6816278548338772,0.141,647.8693109402847,0
1043,1,0.495024782916558,0.9247319842482515,0.009714406390141492,0.04287009776518963,0.10491887385365228,0.20543406229290923,0.2143910729173347,0.25220718698561323,0.2230488039504906,0.18772831481621444,38847,10.56738613273695,109.54614671745317,4.696345891688983,0.145,507.32847917702037,0
1051,1,0.4881907503598473,0.7434883284310658,0.2033418862256712,0.02693535265035359,0.11245836379884637,0.21533024616134536,0.2294865545535787,0.24514582825574782,0.19757900723048177,0.13371216201658948,54766,10.910824842428626,129.17855728109816,4.8611956122581566,0.10099999999999999,416.3213125885542,0
1071,1,0.49461172443625284,0.898779409828666,0.032574147561640746,0.02578473227887382,0.09427826254950575,0.18549763338377823,0.22065878867888078,0.25382361464404163,0.24574170074379367,0.1595963051659254,37634,10.53566317610459,49.32978806310235,3.898528118927931,0.145,619.2930913265556,0
1121,1,0.4864438878367646,0.642763760767304,0.3184433991080701,0.02074653308082351,0.1047849911389053,0.2005662952476014,0.2251736570858202,0.24472917642745107,0.22474588010022203,0.22939593720909474,35439,10.475568187616629,111.08547385565471,4.710299939723326,0.12300000000000001,612.0523561428361,0
1129,1,0.49629715343670444,0.6537838463318676,0.24080074056931267,0.010703540847026152,0.08421696574225122,0.19504486133768353,0.21992251223491027,0.2564233278955954,0.24439233278955955,0.18402961396086726,42156,10.649132302053827,16.000636914961667,2.7726285286326005,0.136,521.0594559677038,0
1027,1,0.4907684448660877,0.8007735532365176,0.15252134569072465,0.030285338976866378,0.0932256843698751,0.1959127034186956,0.21761069761574367,0.2541945250409991,0.23905638955468653,0.18966547192353644,34002,10.434174625397674,22.68855108194072,3.121860439632512,0.153,548.3892375076748,0
1103,1,0.4913890351207039,0.7734409599491949,0.11733640837950081,0.07646670510474377,0.10313075506445672,0.21046490377180774,0.2231734919095216,0.24933575133904096,0.213895097915173,0.15740607273374768,44800,10.709963418403076,206.5688882291309,5.330633955941802,0.128,496.198581973291,0
1021,1,0.49206748354059987,0.8102596927578639,0.0976819678127286,0.07671909290416971,0.10407134548274526,0.2182241178751454,0.23637068631252423,0.2286157425358666,0.2127181077937185,0.19516874711049467,41250,10.627406391762827,63.135956492998524,4.145290440740223,0.16399999999999998,578.4191232773528,0
1033,1,0.4818385485529602,0.7930439253709417,0.1620758043190833,0.02205450271779051,0.09819039123231808,0.1958391742067032,0.2156238052759016,0.25366382056837006,0.23668280871670702,0.17894092780064524,39077,10.573289337601082,91.89040513382122,4.520596618403077,0.131,575.127647357854,0
27141,27,0.5095601436265709,0.9270085278276481,0.020253590664272892,0.022407989228007182,0.09721056068663121,0.2271107379419722,0.25591939546599496,0.25521037410206177,0.16454893180333988,0.0777238986050146,73098,11.199556285582462,205.8593217637561,5.327193031444954,0.061,218.4173585479438,0
27159,27,0.49063316874818474,0.9546180656404298,0.00457449898344467,0.013796108045309324,0.0932426807270709,0.20105453031774664,0.1978631885666713,0.263771333425836,0.24406826696267517,0.1692376149510531,36928,10.516725349867771,25.68118925611821,3.2457587883459613,0.10800000000000001,396.4865472057798,0
17201,17,0.4882577100319036,0.7208913914869249,0.12082799334660377,0.11230332942491751,0.1038104543234001,0.21139530555749414,0.21918254355968084,0.24993021145927838,0.21568148510014656,0.1752307857635603,47072,10.759433623401165,571.4953580514335,6.348256360807187,0.129,412.0230048480066,1
17147,17,0.49584837545126353,0.9709987966305655,0.002226233453670277,0.010409145607701564,0.08183528428093645,0.1793478260869565,0.2109113712374582,0.28490802675585286,0.242997491638796,0.06219193087080874,63027,11.051318484991738,37.84135773516514,3.6334026244904245,0.087,320.235488930894,1
17153,17,0.49063794531897265,0.6347970173985087,0.33140016570008285,0.016735708367854183,0.0987764846314533,0.18024470307370935,0.19337511190689347,0.26320501342882724,0.26439868695911667,0.18846931894807822,33717,10.425757440186377,30.298466249968623,3.4110970924212314,0.13,579.005168146796,1
17169,17,0.5222963951935915,0.9586114819759679,0.01321762349799733,0.016154873164218958,0.08687823542651361,0.17893315327481432,0.22912446545127166,0.258158901643034,0.2469052442043664,0.1589248793935217,48138,10.781827164981712,17.128887445600345,2.8407663625093997,0.149,NA,1
17175,17,0.49343655334904074,0.969707169303265,0.0038707505890272637,0.010602490743857287,0.08672510958046337,0.1728240450845335,0.21509079524107702,0.2623669380087664,0.2629931120851597,0.1111111111111111,54203,10.900491536449458,20.62628653945619,3.026566307945942,0.11599999999999999,NA,1
17045,17,0.4859588854354109,0.9750259010851191,0.0036534162168057145,0.010578548448661323,0.08706491514047368,0.19551251318438967,0.20692300316425352,0.2635919071818966,0.24690766132898648,0.18375048559853488,42133,10.648586560603084,29.41893630469028,3.3816385590026794,0.115,460.2385777782086,1
17005,17,0.49782054910840645,0.8845174073025757,0.020888763090857628,0.03181432210585904,0.1412903863254619,0.1813061950400158,0.195435233672562,0.2545203043177552,0.22744788064420512,0.14609541894137196,48163,10.782346370401418,46.452736017502936,3.8384353659471904,0.105,338.7173452524918,1
21045,21,0.49062851430713483,0.9567037360989629,0.009683868549294015,0.02599025365487942,0.09397800283131874,0.20015245562452358,0.22389197430033758,0.23793967113143852,0.24403789611238158,0.2682473566164691,29934,10.306750237089092,36.030884901965194,3.5843764846017647,0.207,566.5926604816244,1
21047,21,0.5156332160336529,0.6807830764874813,0.20074424624843262,0.06618668176731518,0.1926003247506379,0.28768267223382044,0.1882161911389469,0.1769195082347483,0.15458130364184644,0.20454380066657935,38904,10.568852352083622,103.37099635820337,4.638324423289899,0.16399999999999998,416.2457762384142,1
21085,21,0.4956451050981303,0.9640769558316882,0.0105291681182983,0.010877559710447876,0.10767186981069413,0.2028561939554965,0.21355031550979742,0.24669545001660578,0.22922617070740617,0.23314050241699025,32399,10.38588283710658,52.00947054346907,3.9514258278344743,0.179,624.5568696358991,1
21103,21,0.49821717990275527,0.9214262560777958,0.03273905996758509,0.030988654781199353,0.08233199821984868,0.1855807743658211,0.21995994659546061,0.27080551846906986,0.24132176234979974,0.17080581241743725,46016,10.736744441080718,53.88156883566907,3.986788468335583,0.14,501.0321146390256,1
21107,21,0.4884212775048067,0.8925656910916471,0.06079897457808161,0.01664174321726127,0.09057314687341497,0.2150568799362365,0.21128903702630245,0.24809796391565828,0.2349829722483878,0.1877003598298986,40891,10.618665268916827,86.36611038847222,4.458595357989273,0.122,546.2069418613889,1
21125,21,0.48975970799959445,0.9609990199060462,0.0074689918550812804,0.013045388488965495,0.0986486864560893,0.21780488487256247,0.2297792574769885,0.24027082225890384,0.21349634893545588,0.21806970968570694,36570,10.506983511143426,136.36960684682444,4.9153688968768385,0.159,499.530458745846,1
21157,21,0.4905099693251534,0.9737666155419223,0.002492331288343558,0.011726738241308793,0.08638058663104581,0.18450492569711138,0.21428173874325152,0.25608059219680523,0.25875215673178603,0.11566751285556207,43907,10.689829039654898,103.88610237906344,4.6432951295730405,0.154,538.2473669211046,1
21173,21,0.4947687018907406,0.9325536208056199,0.028846872431058965,0.025708093565503326,0.10205858573294359,0.21437900366938242,0.23403196716213695,0.24149511785558803,0.208035325579949,0.25047488792644934,37312,10.527070269710164,135.59579664177213,4.909678376808821,0.157,445.3154015566708,1
21181,21,0.4940014114326041,0.978969654199012,0.004093154551870148,0.016090331686661963,0.07965895249695493,0.19805115712545676,0.23215590742996345,0.26138855054811205,0.22874543239951278,0.15973425765453494,43081,10.670837343628586,36.30149971051027,3.591859054756517,0.18899999999999997,654.3700048805583,1
21187,21,0.498103081336171,0.9556768760988248,0.01276950124919034,0.023503284907930046,0.09285826895790636,0.1918650480845026,0.2163014346523727,0.2579221188711966,0.24105312943402177,0.16209684914954922,41009,10.62154683379229,30.7801414399763,3.4268697235910883,0.172,510.0225240033276,1
21209,21,0.48775675507279487,0.8779413902677107,0.04994911628486573,0.04116388710045899,0.1029376641987103,0.22215019277355078,0.25449520625063976,0.2351496127469378,0.18526732403016138,0.12413704109942576,61893,11.033162366656056,170.88293122662066,5.140978709338545,0.113,308.0115780300748,1
21227,21,0.48932760442835116,0.8131637762261994,0.09283771375110449,0.047315442055475665,0.18970308202270963,0.2266591438042175,0.19930883701248325,0.20878764369842726,0.17554129346216235,0.19093625680605716,44135,10.695008397454334,213.14254062038404,5.361961146682282,0.153,360.482409890656,1
21017,21,0.49517475873793687,0.8518425921296064,0.06700335016750837,0.06845342267113355,0.09381736656031732,0.19082521341726308,0.23212899887902044,0.25687677847719237,0.22635164266620678,0.17202114680764538,40933,10.619691862671436,69.02895564322671,4.234526063573368,0.18600000000000003,500.1445150885082,1
21019,21,0.4949304457152127,0.9366711278744373,0.024496086304092144,0.014924767814413757,0.08832947268020166,0.20741926693009946,0.22312304128627877,0.24962528954898489,0.23150292955443522,0.1987278005464481,40379,10.60606512682516,308.4747034979733,5.731639841597567,0.146,510.1535260234342,1
21055,21,0.49973069050953356,0.9702682322525046,0.007756113325433588,0.006463427771194657,0.0879036881330021,0.18975730938276322,0.21326199120963119,0.2551117905599083,0.2539652207146952,0.20836994727592267,34261,10.441762960010218,25.789549717740144,3.2499693601727895,0.182,543.8847340291884,1
21067,21,0.49170497568499183,0.7288486020947803,0.14175500177833622,0.06819503860817769,0.1651418280518703,0.25272071458426865,0.20650597808979776,0.2041064858533162,0.1715249934207471,0.1889225389490774,48398,10.787213769536883,1060.6171712221794,6.9666062546739695,0.14300000000000002,310.8813802965458,1
21115,21,0.49061042905419855,0.9789108953244642,0.003251058732942636,0.005561021516875562,0.09793161671591388,0.19248628113127902,0.22583368509919796,0.2461657520754186,0.23758266497819053,0.24328587075575028,34090,10.436759365131948,89.24119975720836,4.491342813638106,0.156,665.1138015914554,1
21165,21,0.5015787811809284,0.9561098831701926,0.00678875907799179,0.02178718029681086,0.10543302850995159,0.19553523399677245,0.19903173749327596,0.279182356105433,0.22081764389456698,0.2751176757019964,29108,10.278768329466978,31.11231181079156,3.4376036190066044,0.20199999999999999,668.2319781455004,1
21175,21,0.5631544263015303,0.9513070220399795,0.03243757779893095,0.006882917185326206,0.0994105644978463,0.23770120154160054,0.2279528451598277,0.2282929041033779,0.20664248469734753,0.2890795894329463,30658,10.330648918726054,35.83319995696972,3.578874836761603,0.15,501.5446018821046,1
21193,21,0.4868716652625667,0.9607905082841899,0.011829542263409154,0.007652344846953103,0.1041361433562493,0.1982418573199594,0.22100755099740788,0.2529584131635298,0.2236560351628536,0.2525230680507497,33528,10.420136189604907,83.86963817823181,4.429263666908462,0.14,874.494944532612,1
21199,21,0.4891192854550332,0.9495336836623586,0.009405229686439741,0.021650964982878062,0.0943375808240673,0.19473527581635688,0.22260097935773612,0.25547168790412034,0.23285447609771934,0.23258464848202676,34092,10.436818031642188,96.245792882225,4.566905261898024,0.158,555.5327789777498,1
21051,21,0.5395460638838812,0.9283502057042481,0.045670965654324415,0.010539453612536403,0.10400929692039512,0.23097036606624055,0.24644102266124346,0.22639453805926787,0.192184776292853,0.37667934093789607,21883,9.99346535865436,46.10152009496065,3.830845923319295,0.159,723.555612725018,1
21001,21,0.4944373127941806,0.9388639281129654,0.024550706033376123,0.017490372272143773,0.13402726602800294,0.18975681650700074,0.20596904937361826,0.2468680913780398,0.22337877671333825,0.191113885263576,32524,10.389733557327729,46.13072840459629,3.8314792877029507,0.192,469.9958618072484,1
21025,21,0.5046457607433217,0.9768437862950058,0.006097560975609756,0.006533101045296167,0.10592120783203586,0.18825194621372965,0.2221042698749705,0.2530077848549186,0.23071479122434538,0.32522455089820357,24045,10.087682353711763,27.976515648449574,3.3313654314059655,0.152,809.05522963512,1
21083,21,0.4859224731442042,0.8751372927214766,0.04154946556296713,0.05845321331940315,0.09445128302244106,0.20424202253574472,0.21101221475239088,0.2560837041946785,0.2342107754947448,0.18649270913277052,38394,10.555656476367515,67.65649949342357,4.214443425292676,0.192,486.5982817464344,1
21099,21,0.49457617879531207,0.9210684110111748,0.05254837830471518,0.01466339602071409,0.10044664069181793,0.19186543761284805,0.2125819633184453,0.26712914568088947,0.22797681269599923,0.26637845028267376,33408,10.41655067124231,44.51740656076644,3.795880271358495,0.168,475.45042970806577,1
21031,21,0.5013337517652597,0.9547308959673623,0.004785815157696533,0.028950258904754434,0.09165655748753201,0.2106752931661949,0.21593206631621512,0.2577166734061194,0.22401940962393854,0.2508433734939759,35430,10.475314197859518,29.91400837385704,3.398326878168133,0.171,491.37883713173676,1
21223,21,0.5103198004082559,0.9609888863687911,0.0017010660013608528,0.02869131322295305,0.1018867924528302,0.18075471698113207,0.23962264150943396,0.25150943396226416,0.22622641509433963,0.17239410891654297,49718,10.814122319554127,58.14781599493564,4.062988320132705,0.154,492.7463227689278,1
21097,21,0.49007649922430857,0.9445781843470819,0.01669073984914139,0.019419033862943347,0.09025369592991422,0.17621828800876072,0.23252418324511773,0.2682971345135974,0.23270669830260995,0.2308526795400304,36048,10.492606662672026,61.01565458082543,4.111130463721379,0.151,536.0597303080896,1
21105,21,0.4871741828713281,0.8764997931319818,0.08440215142738933,0.016135705419942078,0.0733561383504371,0.1733181299885975,0.20752565564424175,0.29038388445458,0.2554161915621437,0.18338355574687903,34029,10.434968381227153,19.952615633538887,2.9933602441923504,0.16399999999999998,623.0161335364626,1
21143,21,0.5472956873957588,0.9182749583035501,0.05897069335239457,0.007743626399809388,0.07144236339061595,0.19154276887430005,0.2108515157366287,0.25506854605136126,0.271094805947094,0.16838340486409156,40112,10.599430820398075,39.25364758698092,3.6700443720628724,0.16,449.8073170142464,1
21231,21,0.4958888301197288,0.9395585901812762,0.015050247631869981,0.02870606337452517,0.09967105263157895,0.19736842105263158,0.2153782894736842,0.24259868421052633,0.24498355263157895,0.24259860332448116,29497,10.292043842241378,45.3914485889517,3.815323730234333,0.161,489.8415471044342,1
21135,21,0.5036438415470091,0.9827548885200953,0.004762248358467422,0.005844577530846382,0.09572127139364303,0.19058679706601467,0.2237163814180929,0.26051344743276283,0.22946210268948655,0.2914472220161709,28388,10.253721799644874,28.703327838023675,3.3570130685879778,0.168,585.2868845216944,1
21221,21,0.4970256840926587,0.8838967037581357,0.07782210091678914,0.013786829029323256,0.0723026973026973,0.1595904095904096,0.23201798201798202,0.25786713286713286,0.27822177822177824,0.16082139580834098,45629,10.728298758274772,32.3695781692805,3.4772190363203563,0.185,553.0621540618204,1
21239,21,0.4987594045141668,0.8633344005122459,0.05714743076676805,0.06551144549383704,0.08400582087577722,0.16986373858976056,0.22125942584998015,0.2841645720333377,0.24070644265114433,0.1161857675474145,57580,10.960930564166167,132.36291211119587,4.8855474842558975,0.147,398.381951728787,1
21131,21,0.4843137254901961,0.9838680926916221,0.0029411764705882353,8.021390374331551e-4,0.09699433715696239,0.20081312617975897,0.213590823290257,0.266879628285175,0.22172208508784666,0.2260616531781395,29293,10.285103858612302,27.990939118460048,3.3318808548923418,0.16,803.3977178940644,1
21113,21,0.4909390780257371,0.9115083889884346,0.032008470434924254,0.02754927512624206,0.1223302300109529,0.21471111719605696,0.22432913472070098,0.24096385542168675,0.1976656626506024,0.16860650003180055,49024,10.800065253100263,285.3424434683585,5.653690015007256,0.146,359.4146839158348,1
21127,21,0.4948038042451345,0.9803489324179631,0.0011337154374252063,0.0022674308748504126,0.1121029686526884,0.1947270085115217,0.2147602242059373,0.2471455262611584,0.2312642723686942,0.2702634084417645,33525,10.42004670814988,38.20305826585979,3.642915571723655,0.159,711.1831609028558,1
21139,21,0.48832787577902187,0.9682053448822224,0.006126544839970423,0.013415020597866272,0.08812398630383853,0.17192286898540277,0.20183816903946658,0.26959812578843034,0.2685168498828618,0.16883810337462624,40313,10.604429276561985,30.233739026018196,3.4089584870846115,0.16699999999999998,544.5516672339957,1
21145,21,0.4790428288370675,0.8392623075750648,0.10269775948788294,0.021810699588477367,0.0929592101844635,0.2006495193556768,0.21244479085476747,0.25120810600155885,0.2427383736035334,0.16179991914668657,44898,10.712148529308413,263.7651561444698,5.575059147194143,0.134,532.5187278026316,1
21211,21,0.4816713663163291,0.8076250844771737,0.0753652909510382,0.08981380065717415,0.09267650362108361,0.1990627783587003,0.24929321095232562,0.24511056891677316,0.2138569381511173,0.12368592764445734,57298,10.95602099807971,113.0319569271618,4.7276705833957875,0.14400000000000002,304.2610542202864,1
21235,21,0.486729380144465,0.9637717677361555,0.006159359426619632,0.00937902458144353,0.1304578313253012,0.19604819277108435,0.2162409638554217,0.24004819277108433,0.21720481927710844,0.2600011697274535,29769,10.301222862582351,81.5796085238563,4.401579335199991,0.157,667.0614931195496,1
27009,27,0.49997419754360617,0.9318815151202394,0.02131282898131902,0.017700485086180204,0.12450106157112527,0.26339702760084927,0.21278131634819533,0.2251804670912951,0.17414012738853504,0.14455212152959665,52200,10.86283777387073,94.92016918890721,4.553036214002839,0.071,241.1890473309542,0
27019,27,0.4963996981782904,0.9032338040314757,0.009658294707340736,0.03987280370809529,0.07516785850756046,0.19713594264606873,0.2558909693032735,0.2945393671415834,0.1772658624015139,0.04961699164345404,83773,11.335866038849929,261.8217737952445,5.567664019594348,0.051,166.2234193576484,0
27047,27,0.4955507725914742,0.8795978026920235,0.009155449902020624,0.08959491149731762,0.09647140622284026,0.18981401008169652,0.1954922069644823,0.27220580566660874,0.24601657106437222,0.1099015709536536,44683,10.70734839506515,44.02428555467715,3.7847414260774435,0.091,295.4111078227044,0
27061,27,0.5048983834228975,0.9279506402176076,0.003250845883367611,0.01050443397686813,0.0855224637964011,0.17354307350013662,0.19056169249385221,0.2631640579257582,0.2872087122838518,0.12498307685364864,46912,10.756028785246324,16.9504168725227,2.8302924277731525,0.094,394.56537126121736,0
27085,27,0.4961592467167754,0.9269017923515321,0.0041573745216266075,0.050714462707524575,0.09178161473907591,0.20844988907109097,0.22089321886756053,0.26618115173145557,0.21269412559081702,0.0845445872383411,55170,10.918174606266476,73.90263108097935,4.302748430581259,0.063,293.6717438430178,0
27121,27,0.5087158893857808,0.9735329013416081,0.004563292872136534,0.008944054029387607,0.07986798679867987,0.19207920792079208,0.1952145214521452,0.2584158415841584,0.2744224422442244,0.09245810055865922,52350,10.865707216298683,16.36073960039599,2.7948845380009226,0.076,300.5609941240366,0
27123,27,0.4852539691157423,0.661752615699627,0.10735226823233772,0.072033536798182,0.13727763050796998,0.2551473173141788,0.193750059382987,0.21971071775820514,0.1941142750366591,0.1693596624849466,54247,10.90130297033446,3388.2479699366677,8.12806824374791,0.081,280.2802439624146,0
27149,27,0.49542322328499433,0.9083616167849429,0.002674071788542631,0.037025609379821044,0.23954719737082344,0.19317144422128904,0.1586635019171079,0.20996896111009677,0.19864889538068287,0.15407423676696683,54206,10.900546882407832,17.251474439500072,2.8478976145782373,0.065,NA,0
27151,27,0.5084728249638355,0.9401735895846249,0.013019218846869188,0.03895432940690225,0.0893290973649785,0.18594655204634647,0.20482152868622688,0.27022986357690154,0.24967295832554662,0.09771331780647893,48026,10.77949780990826,13.041667845780054,2.5681494506034537,0.07200000000000001,NA,0
27169,27,0.49076527431421446,0.925868921446384,0.012351932668329176,0.025210411471321695,0.24169943910773,0.18483656759718908,0.16198181935400682,0.2105602475662433,0.20092192637483078,0.15024698424812907,47468,10.76781107878503,81.96663717690345,4.406312300776463,0.069,228.4515117697794,0
27033,27,0.48301595470921255,0.88582947332304,0.005232458397666838,0.0472636815920398,0.09728656518861681,0.16760423560555923,0.20731303772336201,0.2634017207147584,0.2643944407677035,0.1372220261207201,45294,10.72092985236768,18.255273171419176,2.904453979192799,0.081,338.1080429102814,0
27139,27,0.4979740009339178,0.8408122072092428,0.026616656875593114,0.04509165951165138,0.07556586177345365,0.22233704693249987,0.2800952765035036,0.26567777385693403,0.1563240409336089,0.05480630839876025,86112,11.363404053526633,372.4626622830148,5.920136797313863,0.066,181.09014281405942,0
27039,27,0.5001240140880004,0.9335780544669875,0.008184929808026192,0.04643087454734858,0.08824306472919419,0.20730955526199912,0.2411272567151035,0.26719506825187145,0.19612505504183178,0.07389654483722788,69301,11.146214615088313,45.8914213387483,3.826278200660771,0.068,203.538304262487,0
27157,27,0.49983757947004503,0.9546614692097081,0.00477980416724674,0.027472272495243397,0.07854468500732541,0.1893211785772424,0.20812306690542082,0.2744587335178252,0.24955233599218624,0.08333333333333333,53057,10.879122086326996,41.204094978412265,3.7185376440962647,0.075,275.09523903712864,0
27117,27,0.4910242872228089,0.9196409714889123,0.0021119324181626186,0.04033790918690602,0.08602150537634409,0.1923536439665472,0.20708880923934686,0.2724014336917563,0.24213460772600556,0.1070078825180866,46019,10.736809633670518,20.3631828493404,3.013728508017352,0.095,335.5848864840196,0
27035,27,0.4987727519046253,0.9577316630008607,0.0076344394504478654,0.011491504893054094,0.09522317486541146,0.20024496539151737,0.19585837582248555,0.25627367761415104,0.2523998063064346,0.1293851863805067,47058,10.759136162440722,62.79883294381415,4.139936489604247,0.09300000000000001,324.7962797574998,0
27107,27,0.5054050051828817,0.9120390937361172,0.0029616466755516065,0.0429438767954983,0.07735583684950774,0.17552742616033756,0.2011251758087201,0.2838255977496484,0.2621659634317862,0.13081130355515042,45389,10.723025063923394,7.737265249676612,2.046048298251808,0.092,NA,0
27171,27,0.503718032059108,0.9332973949992865,0.009885684387436382,0.02551885969780089,0.07697028379723704,0.23891608820761792,0.2578722707870225,0.2536991831112687,0.17254217409685382,0.06497188678039742,71598,11.178822419597712,190.7032505514342,5.250718557827827,0.066,211.9694611376856,0
27103,27,0.4968796614813236,0.9104082316052239,0.023897226704009254,0.03884440926664434,0.15947752126366951,0.23035641960307818,0.18732280275415147,0.22311664641555284,0.199726609963548,0.10563310888487436,60115,11.00401467340901,73.24289734087859,4.2937812785661595,0.062,223.7965983238358,0
27041,27,0.5007445400397088,0.9687844694462828,0.004356938010147805,0.011388705051842047,0.10157367668097282,0.20309802180454836,0.19101179024221795,0.2568200878101722,0.2474964234620887,0.10835956824825725,50905,10.837716429541295,56.90255766514986,4.041340290300437,0.071,271.2099041608694,0
27069,27,0.4960247349823322,0.967756183745583,0.0035335689045936395,0.006183745583038869,0.07965332232769294,0.14568716467189435,0.18778373916632274,0.28188196450680975,0.3049938093272802,0.0975887170154686,48875,10.797021297287667,4.120844117786247,1.4160580253336152,0.076,NA,0
27079,27,0.5055119244902371,0.9245262626990417,0.004142949780243534,0.053317962389221124,0.08350977705816416,0.1992153443766347,0.219392203263171,0.27195167517748164,0.2259310001245485,0.08812707202448176,58922,10.983969814331768,61.85488902754256,4.1247911422390215,0.071,264.36706945611843,0
27025,27,0.5174982771786706,0.9447579668845802,0.011342683131251047,0.01679983609916001,0.08662534307829894,0.19471428130878587,0.23622290066919543,0.2857495297128936,0.19668794523082617,0.07464831921499483,67157,11.114788440747668,129.4189393099392,4.8630547338757015,0.066,236.45739801894,0
27127,27,0.4968009032743696,0.8795006900012545,0.005645464809936018,0.022895496173629407,0.08519003931847968,0.1926605504587156,0.20374121291552486,0.26688907422852376,0.2515191230787561,0.09975062344139651,47447,10.767368577592539,18.145354051802244,2.898414552836326,0.08900000000000001,326.8232862212556,0
27153,27,0.5116410900109325,0.9242418107462445,0.003401222820585496,0.05190913876179293,0.09319155220794564,0.18579234972677597,0.19059223157583813,0.27270713336287106,0.2577167331265692,0.15721331689272502,45000,10.714417768752456,26.13488934180757,3.263271178056345,0.105,303.8598473515134,0
27007,27,0.5020323848870527,0.7405877257279936,0.008107327691521735,0.01696985851047289,0.17836937146400061,0.2117724560179803,0.17759435790126327,0.2207238626675967,0.21153995194915912,0.21853179406014336,43231,10.674313109478335,17.972885578097678,2.8888642654277983,0.122,367.0933924977544,0
27055,27,0.49600845889505685,0.9697065820777161,0.0023790642347343376,0.007401533174729051,0.07895713490443496,0.18240861013174986,0.1918723325292262,0.2895713490443496,0.2571905733902394,0.10914454277286136,52545,10.869425224299697,34.26270428107192,3.534057423845991,0.079,238.5033474627758,0
27073,27,0.5004175946547884,0.9650612472160356,0.0037583518930957684,0.01739977728285078,0.06393054459352802,0.16732438831886345,0.17416469350171007,0.2925545908971323,0.3020257826887661,0.08049093763379478,48468,10.788659065351414,9.39059189224871,2.2397083255518786,0.071,NA,0
27111,27,0.5014380588819746,0.9428785581062944,0.010284299883212188,0.02781990273492653,0.08520207779044724,0.17920942607373622,0.17971620423159762,0.27926643861649564,0.2766058532877233,0.11710973807446448,48961,10.798779341814225,29.090781859449066,3.370421349404399,0.083,342.3341185595674,0
27161,27,0.47275018376562006,0.9012916097868319,0.015593825475165388,0.0535020476740523,0.08198016325814096,0.2388308610550338,0.21381550074607214,0.24111296410076363,0.22426051083998946,0.09401278170198453,53657,10.890367214850572,44.98814236718034,3.806398952095769,0.076,201.3047434200824,0
27003,27,0.5000583785143117,0.8479583985725705,0.044319770557469905,0.03707484724288755,0.09326838810262766,0.21361719434666615,0.22950811734686466,0.26959372110026003,0.19401257910358152,0.0739015553921168,70380,11.161664410875575,789.643270844661,6.671581287586169,0.071,241.8293325769892,0
27145,27,0.5046639259068009,0.9022925728055715,0.03223371929058013,0.028672055503697377,0.1820891222938687,0.21950408828026324,0.18553480023931396,0.22719315739325047,0.18567883179330363,0.13060013956734123,54551,10.906891322898874,112.46317378844834,4.722625823953018,0.068,215.0802818425888,0
27081,27,0.5018790570550051,0.9735223778612915,0.0023915271609156134,0.015032456440040998,0.08269423141047015,0.18939646548849617,0.20173391130376792,0.26075358452817604,0.2654218072690897,0.08668893968700545,47861,10.77605625551905,10.906238763537319,2.3893349891247895,0.095,NA,0
27089,27,0.5089909033213454,0.9444679500740427,0.0040194626613073835,0.03807911994922784,0.07528111301696207,0.18963217076424624,0.2050695635601296,0.27615780445969124,0.2538593481989708,0.07910881498224087,52198,10.862799458960477,5.325993145051345,1.6725992003183145,0.083,NA,0
27095,27,0.5026420334014734,0.9023026188915031,0.005708334940409612,0.016083619392910864,0.09059185768046528,0.21648990762914813,0.2132056106739651,0.264454327745467,0.2152582962709545,0.13893606097705463,47862,10.776077149139185,45.30237109258969,3.813359373118966,0.105,388.41260931125777,0
27163,27,0.4942792615461119,0.8525081325238796,0.03474711476700578,0.03533555725918405,0.0841873028309862,0.20090448600314784,0.23069204176031122,0.27582699299641916,0.2083891764091356,0.05731191317876268,81540,11.308848976373245,627.9633186045664,6.442481754896936,0.045,201.226003381054,0
27017,27,0.5208486355161308,0.8882140233911521,0.014972597321882592,0.014605344934742076,0.08558709492125796,0.20008616150495429,0.22248815279306877,0.26475515772342156,0.2270834330572974,0.12522205072949125,53016,10.878349033768062,41.09447503485682,3.715873685090273,0.09,353.427645338523,0
27065,27,0.5056652838833509,0.9575877654634388,0.004829422326790911,0.014921676676366789,0.07915680791568079,0.18380296838029683,0.2097225209722521,0.2769412776941278,0.2503764250376425,0.13524000250328555,47068,10.75934864358382,30.96517161120122,3.43286307647708,0.08199999999999999,323.7970634128856,0
5041,5,0.4653201816189134,0.4668075778925943,0.47855018005323313,0.044935024268044466,0.08349732921000844,0.206494236716334,0.21310092774810233,0.2527410739387124,0.24416643238684285,0.3009639696586599,28680,10.263955294713556,16.6295212405878,2.811179503890115,0.17,714.6047506791264,1
5051,5,0.4821485908417662,0.8363077050555688,0.08217759226076418,0.049623499435508096,0.09866522702310256,0.19135469218310777,0.2036040731984288,0.24885976506506322,0.25751624253029765,0.20703526099061048,39162,10.575462167863272,142.4457162416769,4.958960988478245,0.195,589.0338595021664,1
5115,5,0.49860236473460995,0.8636903996915564,0.029671636036499166,0.07224328492481687,0.15864566756296988,0.21091477802776712,0.2097349503374856,0.22726773857213411,0.1934368654996433,0.1928938284078471,40453,10.607896085373092,76.60839728852942,4.3387066959147695,0.159,423.8873313083464,1
5147,5,0.4871866295264624,0.6947075208913649,0.27785515320334264,0.006685236768802228,0.09243283214197683,0.17574562484594528,0.2060635937885137,0.2524032536356914,0.2733546955878728,0.24254473161033796,28259,10.249167269908254,12.236043156762799,2.5043859533143755,0.159,719.4627745405396,1
5067,5,0.4982873827839856,0.7835364141726093,0.16255825706103655,0.02566118254814981,0.10675799086757991,0.22036529680365297,0.20831050228310502,0.25360730593607306,0.21095890410958903,0.28411453094615435,30284,10.318374799223196,28.092652593786774,3.3355080686188168,0.16899999999999998,590.2329527659838,1
5137,5,0.5005991851082527,0.9578173683790046,0.0010385875209714787,0.01438044259806663,0.10061478482531114,0.15039736092367673,0.18188633978107663,0.2771030139451192,0.2899985005248163,0.25538784405521026,29832,10.303336921858657,20.641320569586334,3.027294919651269,0.21100000000000002,593.9378027634998,1
5005,5,0.4809960999006807,0.9551851941571183,0.003875875099924905,0.017974370775901746,0.07936956010350506,0.17271230298753235,0.1856504351917196,0.25443425076452597,0.307833450952717,0.15506211870476944,35343,10.472855631914229,74.47639563183428,4.310482238025431,0.18600000000000003,595.9129867426387,1
5055,5,0.4945514325974636,0.9505401596993894,0.006669798027242837,0.023320807891028653,0.11272844897299046,0.21429726669901342,0.22852983988355166,0.23819343360828077,0.20625101083616368,0.17083711379590277,38413,10.556151222950184,73.70620340350253,4.300086966663999,0.159,504.2344399216682,1
5107,5,0.4688749823554322,0.3493153907683621,0.6243824401260999,0.014162706441443561,0.10807054122144036,0.21005994266353922,0.18912344713752063,0.25445226305273216,0.23829380592476762,0.3354774156660949,26737,10.193803652888551,30.550712054543652,3.419387993187017,0.155,823.5724879492539,1
5149,5,0.4968202053238848,0.7627418915235759,0.020032706459525755,0.1911510856727537,0.1045410783055199,0.19833119383825418,0.22023427471116816,0.2482349165596919,0.22865853658536586,0.22742799113737075,35535,10.478273405260996,23.671374991397702,3.1642665118851063,0.22399999999999998,459.9444080649696,1
5019,5,0.47433659217877094,0.7009863826815642,0.23830307262569833,0.04150663407821229,0.25822158963218217,0.16585512023372537,0.1824855794441531,0.20368566933852722,0.1897520413514121,0.24339725484366484,32721,10.395772352596852,26.455014236658762,3.27544571450219,0.141,468.1099778208944,1
5095,5,0.4821294676330917,0.5572356910772307,0.41227193201699575,0.019120219945013745,0.08054607508532423,0.17565415244596133,0.20091012514220705,0.2675767918088737,0.2753128555176337,0.2877442273534636,27263,10.213285750552616,13.180217485118312,2.5787170300852833,0.165,714.6799473299136,1
5103,5,0.4706639117383338,0.5613036528790301,0.4025963900042883,0.017036372850960976,0.10067888662593347,0.1936184657162254,0.1929395790902919,0.25736591989137814,0.2553971486761711,0.2310519244447957,32015,10.373959821952903,35.004905954423066,3.555488221792873,0.157,667.6084833542882,1
5001,5,0.4807195231312971,0.7066518963971092,0.24655799968349423,0.02843276889803239,0.09117326552851435,0.21721758082092263,0.2056847075917181,0.2411006175081729,0.244823828550672,0.1577981651376147,39633,10.587417383546464,19.17230498498134,2.953466789004225,0.153,583.8402083783864,1
5015,5,0.4932984635501798,0.828847481021394,0.001561875703752134,0.1353020231738767,0.09598547246903172,0.17951877553667553,0.1956028276801349,0.2521564303781049,0.27673649393605293,0.18818711724341475,36584,10.507366265337891,43.69396607135205,3.777210016397719,0.23399999999999999,511.79727654731397,1
5119,5,0.4800080806825069,0.5498567750824903,0.35055917286962646,0.05770436097859137,0.11341015244275486,0.2486424451598476,0.2108798474306666,0.22406511200091137,0.20300244296581957,0.17173545327079448,46013,10.73667924424057,508.19268640352317,6.230860679604869,0.133,449.4658853003442,1
6033,6,0.5036725801431684,0.7349361967009026,0.023031434796140678,0.17620603797074386,0.08877869311365272,0.17899704071022954,0.18744834573035804,0.25521874750059986,0.2895571729451598,0.25025641025641027,36548,10.506381744118512,51.14352659527054,3.934635927111374,0.19399999999999998,652.4131469877158,0
6049,6,0.5045416138572032,0.7836924376848331,0.013202365863962822,0.1429024081115336,0.09126760563380282,0.1607511737089202,0.17539906103286385,0.27849765258215964,0.29408450704225353,0.21035882804784373,36212,10.497145834595331,2.4166809179711928,0.882395077272614,0.21600000000000003,564.0205401865836,0
6027,6,0.5038415755870577,0.6520398225300292,0.009198138729574722,0.19932907693972512,0.08087339518320683,0.1909849123793459,0.18273826258082654,0.2601443163714741,0.28525911348514665,0.12809275490957506,44796,10.709874128702584,1.815363879680723,0.5962859322950225,0.16699999999999998,428.1737818393444,0
17007,17,0.49896426721905746,0.7516460753125693,0.023932825331064587,0.20206036842494637,0.09871719736927785,0.18805756332617046,0.25444422738816175,0.25636517549000454,0.20241583642638536,0.11277495297163398,60893,11.016873504562854,192.60541680470507,5.260643623603556,0.135,259.4105634885172,1
17011,17,0.4871075909117188,0.8963404058507256,0.006677458518818292,0.07963808752962942,0.08832872220514397,0.18890255149093144,0.21129214058817503,0.26139973357926016,0.2500768521364894,0.11615953947368421,48977,10.799106079140744,39.80755577188846,3.6840567377871776,0.11599999999999999,383.2042294591774,1
17015,17,0.49911178366997827,0.944470030923087,0.00638199881571156,0.03052832423185736,0.08216597998822837,0.18281341965862272,0.18975868157739847,0.2614479105356092,0.28381400824014125,0.13657686637180003,47985,10.778643741051727,34.169875923715225,3.5313444349738483,0.135,436.3944650685592,1
17029,17,0.47934191915432145,0.9143899352341249,0.035974838085312294,0.022091118886324722,0.2706448566815925,0.18690791678089494,0.16333120107222274,0.19711230923878278,0.18200371622650705,0.21988263721090784,37040,10.519753688760115,105.71109856361808,4.660709887965888,0.113,346.9328619153586,1
17033,17,0.5179377886030344,0.9161719186076014,0.026792510275536613,0.019130258283858528,0.10317186691949663,0.1957421134287192,0.21306671263575247,0.2648681261851405,0.22315118083089122,0.14379714331567967,46216,10.741081337461102,44.42225373003117,3.7937405540101703,0.10800000000000001,385.12520669819116,1
17083,17,0.48967177242888404,0.9677024070021882,0.004113785557986871,0.01076586433260394,0.11336274583115233,0.18926194571150826,0.20810588499214835,0.2674044716967023,0.22186495176848875,0.07633867276887872,53954,10.89588711066259,61.8786744694276,4.1251756044901,0.099,411.5793612146938,1
17155,17,0.5044710646195377,0.9357179011304201,0.0020246330352623586,0.046229120971823856,0.08463316002310803,0.19121894858463315,0.18110918544194107,0.26949740034662045,0.27354130560369727,0.1424690100186789,54196,10.900362383966321,37.006512197101664,3.611093902484176,0.115,NA,1
17039,17,0.5016049906123191,0.9563321422082248,0.008660892738174551,0.02125855490279208,0.08693388859968766,0.1931285788651744,0.2122852680895367,0.2728787090057262,0.23477355543987508,0.14014517029592408,51051,10.840580412039547,41.53574851640072,3.7265544664697074,0.105,348.4379173537304,1
17051,17,0.5112730894603404,0.9278341180731619,0.02299891343716045,0.015076059398768563,0.11414157338798676,0.20692101529244836,0.21117767617846445,0.25445372851962794,0.21330600662147248,0.170445810914681,44722,10.708220829548091,30.82840880859533,3.428436628778753,0.138,353.3670132768376,1
17103,17,0.5218235542422963,0.8793020965245533,0.045870268749120584,0.05237090192767694,0.09961129583665058,0.1984732824427481,0.20971292090104435,0.26731606799981267,0.2248864328197443,0.10664451827242524,50060,10.820977564985766,49.02082505628394,3.892245208971871,0.107,393.601795683975,1
17107,17,0.5090963316433045,0.8093581204228386,0.11657885144315207,0.030785034960400304,0.12092494313874147,0.22874472002599372,0.21033250297844688,0.23800498212931875,0.2019928517274992,0.13783679918015287,47133,10.760728671615707,48.825435759369256,3.8882514016459933,0.094,350.5476852790852,1
17117,17,0.493236694618853,0.9673844338628798,0.0056676920483755425,0.00946019973873836,0.09857460537348256,0.19507126973132588,0.2056067952316722,0.2595968065327549,0.24115052313076446,0.12351122927609537,49590,10.81154447948318,55.002514758270316,4.0073789070648544,0.12,390.8183256389236,1
17159,17,0.49299944488990316,0.9627459446123481,0.004070807376796398,0.008758403750077099,0.10545414559049923,0.19738288981746208,0.20123158126237078,0.2617110182537937,0.2342203650758742,0.14223975948891393,44070,10.693534557836033,45.03736214894858,3.807492415263501,0.125,433.5080141326406,1
17189,17,0.501914399015452,0.9654724463284562,0.0068371393408997675,0.014768220976343498,0.09133489461358314,0.19297423887587822,0.2122950819672131,0.2718969555035129,0.23149882903981264,0.10195969035497594,52832,10.874872346719854,25.998449976180826,3.2580369199436223,0.094,310.905753600245,1
17135,17,0.5234620791217618,0.8842291987415489,0.07718053417230068,0.023796773545752728,0.10109766394596116,0.2145792288207149,0.20365887981987052,0.25657191106107513,0.22409231635237828,0.1405484818805093,41952,10.644281386563426,42.45921837407825,3.748544047581843,0.11900000000000001,436.4822948626198,1
17001,17,0.4878633547772218,0.9284459137479152,0.03593340481296164,0.01277698355968549,0.10945286681005088,0.20804700204584797,0.20421759429260872,0.25051146199443947,0.22777107485705292,0.14352865520356448,45073,10.716038676593497,78.52179952806472,4.363376287231033,0.111,360.6685686038376,1
17027,17,0.5135784223166451,0.9188989469794938,0.033833891953234274,0.028845900081813623,0.09905412506568576,0.22355053424417587,0.21374146085128745,0.26642143983184446,0.1972324400070065,0.08882193767958267,61720,11.030363306477097,79.92448611535906,4.3810822653394865,0.09,287.924417711393,1
17047,17,0.4918595967139656,0.9732636295743092,0.004331590739357729,0.007169529499626587,0.09153077327722252,0.18253550762756443,0.2138348237769595,0.25881115202524985,0.2532877432930037,0.11364659960966822,39075,10.573238155289678,30.10125170851018,3.404566755890536,0.115,454.4924022610012,1
17081,17,0.5149990972168486,0.8691996182516959,0.07792308287549331,0.02184735226598571,0.10098749177090191,0.2075049374588545,0.2142198815009875,0.2489357033135835,0.2283519859556726,0.16548739998911446,42981,10.668513436561481,67.8765829377995,4.217691099349373,0.124,453.0023935229738,1
17183,17,0.4959887611371955,0.7995489666900809,0.1312186525687949,0.04401887931778131,0.10597637248088951,0.2015071230020848,0.20667564280750522,0.25076007644197357,0.23508078526754692,0.1961141699892412,41400,10.631036159813405,90.32712652276126,4.503437819770812,0.11599999999999999,480.021177115856,1
17199,17,0.4946100951866198,0.9131159355013062,0.03879530372639101,0.02073386781971594,0.10576386422446599,0.216398599624537,0.20914303110254198,0.24539550459181084,0.22329900045664416,0.15565269962330838,43125,10.67185815433366,158.5294740675332,5.065940532291652,0.129,443.3277101890966,1
17023,17,0.49035863424220094,0.9721812822402358,0.0031933185949398184,0.012097764676983543,0.09198523023457862,0.19113814074717636,0.21372719374456994,0.2708514335360556,0.23229800173761947,0.12318156055167202,47405,10.76648298735206,32.47589835227296,3.4804982250615955,0.11,430.3889374973254,1
17049,17,0.49970823364649586,0.9650172142148568,0.001575538308922215,0.01788527746980218,0.10397678089515759,0.2119252507765161,0.19863536839961302,0.26768165385202913,0.21778094607668416,0.09117402164862615,52108,10.861073766817455,71.5865632643172,4.270907392449342,0.102,339.548446761566,1
17057,17,0.5186130494990361,0.9252491243313693,0.026555160335605094,0.025143229520215048,0.09982511045655376,0.2111561119293078,0.21506811487481592,0.24475331369661266,0.22919734904270986,0.13295285793320327,45130,10.717302492821046,42.54761175838585,3.7506237255566304,0.12300000000000001,430.4687860305656,1
17065,17,0.49114465707833116,0.9768215856412694,0.0054677285153928445,0.013075002971591584,0.09367631296891747,0.20364415862808147,0.20214362272240086,0.25016077170418005,0.25037513397642014,0.1707346544224263,38417,10.55625534894273,19.35513556417011,2.9629577880955043,0.13699999999999998,525.0963824135988,1
17073,17,0.49683645045762037,0.914942300039793,0.016792678074015122,0.04980103461997613,0.09098282610995521,0.19286243255633528,0.20534612265049193,0.2635328137673238,0.2472758049158938,0.10520008125126955,52940,10.876914475781092,61.07037187798076,4.112026836589039,0.10300000000000001,337.39525605972983,1
17087,17,0.566995657323332,0.8743782076589025,0.088748519542045,0.022818791946308724,0.10473623411628802,0.21139776665383134,0.22346297009369787,0.23963547683224234,0.22076755230394043,0.140607424071991,40760,10.615456487336662,36.82595990288298,3.6062030286181437,0.13,375.060498473346,1
17097,17,0.4990905840914173,0.6477576524108424,0.0655790707578276,0.20159265288798303,0.10407795315204282,0.19162359873769044,0.23363559115998161,0.2706864470222348,0.19997640992805027,0.08950439149550476,77469,11.257633135320098,1582.4802217864628,7.366748655859006,0.11199999999999999,236.8123512543112,1
17105,17,0.4976090159485098,0.8917465815390183,0.05562592085196578,0.041150774161863156,0.09746053534660261,0.21624056280027454,0.20890528483184626,0.26441317776252576,0.21298043925875085,0.10309007615768434,54614,10.908045539121915,37.046400168536366,3.612171185578604,0.09699999999999999,389.7947119182022,1
17171,17,0.4880862329803328,0.9924357034795764,0,0.00132375189107413,0.08734939759036145,0.18708165997322623,0.2074966532797858,0.2901606425702811,0.22791164658634538,0.12305025996533796,49669,10.813136275021739,21.07503397591994,3.0480891160299146,0.132,NA,1
17017,17,0.5045824094604583,0.7821138211382114,0.032668144863266815,0.17509238728750923,0.0916957251711223,0.21619527314994189,0.22394420767144518,0.2456412243316544,0.22252356967583625,0.14849624060150377,45734,10.73059728275904,36.001468796066185,3.5835597375145443,0.135,425.6330575476484,1
17187,17,0.48980970611417635,0.8728183763089742,0.023814885711068573,0.08574484855309086,0.14549653579676675,0.18003815644140977,0.19258961743146902,0.24319710814338788,0.23867858218696655,0.15831869662649142,43536,10.681343461023028,32.746748278500384,3.488803667945666,0.142,373.8866136369268,1
18069,18,0.48984990821725516,0.95961559226865345,0.004967066191555987,0.018383543893747974,0.11922688458360114,0.19699752088880726,0.21026535671655494,0.25695528417959784,0.2165549536314388,0.12012121552232105,46148,10.73960890204718,96.80884147695942,4.572738327683404,0.129,NA,0
18091,18,0.5177252717635432,0.8106818794358099,0.10595633815470308,0.05613152457101788,0.10410220728656235,0.21334142622392632,0.21359309538261115,0.24448918562821062,0.22447408547868955,0.16487120349555756,47538,10.769284670193297,186.04410169497191,5.225983751494988,0.131,NA,0
18181,18,0.49384728221008883,0.9068943036427349,0.0015891125417651373,0.07208051503544943,0.08655242521057217,0.17971246006389777,0.22233517281440604,0.2572611094975312,0.2541388324135928,0.10763817015110744,51444,10.848249116385977,48.585993565949025,3.8833352911378554,0.13699999999999998,NA,0
18073,18,0.49505958440625186,0.9242170189831727,0.007245942870830589,0.05476375830888077,0.11164465786314526,0.20048019207683074,0.21754788872070568,0.25361448927397046,0.2167127720653479,0.07657574070637718,57500,10.959540226785442,59.679249497431314,4.088984380371248,0.12300000000000001,NA,0
18101,18,0.5023858214042263,0.9778946343363522,0.0019476093095724997,0.0036030772227091247,0.08464632919879315,0.1798524974857526,0.21102916526986257,0.2732148843446195,0.2512571237009722,0.14566929133858267,44740,10.70862323504412,30.586441172703633,3.420556811829741,0.12300000000000001,NA,0
18145,18,0.4930241962660915,0.9304216935139629,0.011727438161353373,0.037563748286940306,0.09267512284310364,0.20035805431760179,0.21414695463375613,0.26972155563173733,0.22309831257380108,0.12913490373829636,51440,10.8481713589115,108.26054914665558,4.684540813835697,0.127,NA,0
18137,18,0.48561251571448527,0.9659170275178097,0.004295292638636681,0.015574800949853331,0.0904116403432409,0.19394353936077602,0.22546946897152095,0.26408406914562865,0.22609128217883348,0.09395758587616782,47537,10.769263634169105,64.14500947525458,4.161146293417476,0.131,NA,0
18153,18,0.5419539421227897,0.9260353641949252,0.04995075277895033,0.015477698044181793,0.10201424523244237,0.22011181741594546,0.22095427739909626,0.24553879145286053,0.21138086849965534,0.1789390756302521,43510,10.680746075714726,47.682839008637075,3.864571563950864,0.125,NA,0
18159,18,0.49400025262094227,0.9600858911203739,0.0022104332449160036,0.023998989516230897,0.08446957100099767,0.17481432213723533,0.22946458264050548,0.2685954993903115,0.24265602483095,0.09389400921658986,52686,10.87210504458805,60.773544279019426,4.10715456728709,0.121,NA,0
18167,18,0.5069760556604123,0.8650771622071722,0.06466266977535991,0.02360201324895452,0.16686451770005784,0.2141052567497641,0.20139713268194687,0.21943201534106474,0.19820107752716648,0.20049665517940402,40692,10.61378679191364,267.9903697624426,5.590951046142996,0.125,NA,0
18173,18,0.4954706380998288,0.9387829729235577,0.009441018566228412,0.01622259528281502,0.08089284694867843,0.19215619112861793,0.22655135011702918,0.26594165667637154,0.23445795512930295,0.0899228748199,62351,11.040534989471949,156.34265816041474,5.052050125080897,0.09699999999999999,NA,0
18033,18,0.49915982297114997,0.9554351170331101,9.466783423662226e-4,0.025299978699737297,0.09615384615384616,0.20171936114732725,0.22461701434159062,0.25896349413298564,0.21854628422425032,0.12382160118677323,47247,10.76314443884269,116.45591250854409,4.757512767978709,0.131,NA,0
18005,18,0.4946490440138586,0.8611189529064545,0.019671500064160144,0.06211985114846657,0.09702870203507538,0.21996835303942683,0.23548415454265748,0.2385609423761593,0.20895784800668102,0.12223078027701988,54165,10.899790222379668,191.51749289765746,5.254979151172902,0.109,NA,0
18139,18,0.4943501187923741,0.9675494002433795,0.009387494929593789,0.011415657414382569,0.09598692943939549,0.18186459716123762,0.22230164403145103,0.2700908812417033,0.2297559481262126,0.154348978269831,47401,10.766398604507042,42.283717693642124,3.7444020874495942,0.132,NA,0
18049,18,0.5006763938544787,0.9290752729732341,0.010580732437916707,0.04483524978258769,0.08960054509837322,0.19597989949748743,0.21701728983902563,0.25560003406864834,0.24180223149646538,0.15456010942308632,40168,10.600825937714541,56.185326340706,4.02865562566739,0.152,NA,0
18089,18,0.4828366211431462,0.5507374810318665,0.24923419322205362,0.17059585230146687,0.10509937102559215,0.21531717290731725,0.21553549460260255,0.24845008923466116,0.2155978722298269,0.1782619379146531,49035,10.800289607826421,990.5583803142931,6.898268804648334,0.135,NA,0
18113,18,0.499842135174388,0.8838325369929908,0.0016207455429497568,0.0969079542823465,0.10576748575369314,0.2015171863090269,0.22576313019491126,0.2498275924648833,0.2171246052774854,0.14215644092590998,47117,10.760389149066027,115.63784706079937,4.750463299375384,0.14300000000000002,NA,0
18001,18,0.4909075063908901,0.9431791773181502,0.0056646525679758305,0.042121775505461305,0.11091422559388671,0.218118389722576,0.21462982446425605,0.24082175092751537,0.2155158092917659,0.18090600560720083,46695,10.751392371543819,101.5373361492266,4.62042657467863,0.14400000000000002,NA,0
18041,18,0.48851194426011946,0.9613055739880557,0.013810550763105507,0.010119442601194425,0.09138305575669804,0.1937726285300507,0.22338884866039102,0.24192614047791455,0.2495293265749457,0.2295693455408613,37391,10.529185312732531,112.14153496981591,4.7197617785795165,0.139,NA,0
18063,18,0.49811267435053797,0.8780471394064175,0.051331220605155325,0.03172456483855123,0.08570619549212821,0.21344433118133424,0.25366406161513194,0.25626911314984707,0.1909162985615585,0.050482870653992026,68297,11.1316211207289,365.246945892345,5.900573688904802,0.1,NA,0
18037,18,0.49706671733605684,0.9228796047787569,0.0038002042609790276,0.06215709094363822,0.08052829876205854,0.2045294580383389,0.21537697180474474,0.2773568500807353,0.22220842131412247,0.08292718411289736,54780,10.911080442817068,98.53979577268653,4.590460484581566,0.10800000000000001,NA,0
18053,18,0.480070617617086,0.8634439006186219,0.06616813308263123,0.03746178467368058,0.15918601175650093,0.17183919497857925,0.2001594101823254,0.24053502042442962,0.2282803626581648,0.18552367310716342,39747,10.590289645536233,168.25736462564663,5.125494739487508,0.136,NA,0
18059,18,0.49020804359549286,0.9380552323106179,0.02145715664291999,0.01812221496892118,0.08480309253442861,0.1891761294998792,0.24145928968349842,0.27149069823628896,0.21307079004590482,0.07598046257721591,62981,11.050588372585487,230.26900554219387,5.439248214800342,0.096,NA,0
18067,18,0.48145419409384627,0.8682166797511927,0.0709221571350927,0.027743221209010207,0.09820470187106686,0.1963673099993686,0.21324690084818892,0.257971502536148,0.23420958474522763,0.1672489297839886,43590,10.682583045232438,282.5218302241543,5.643755822730676,0.12,NA,0
23017,23,0.49669597793849835,0.9605251747402744,0.003954420105104324,0.010770591602060462,0.08447828243050086,0.17117353636124968,0.19798138910766896,0.2817595752749336,0.26460721682564686,0.14927840181999147,40674,10.613344346659021,27.76188825330791,3.323664153977606,0.133,375.707881823096,0
24001,24,0.5184423475011426,0.8807027448450144,0.07894453853805414,0.01512218727316719,0.14512512332944658,0.19979370347116332,0.20584805812180465,0.23508834873082787,0.21414476634675755,0.17430792595822744,39293,10.578801664944281,175.39218875984892,5.167024545080109,0.11699999999999999,406.97031477267177,1
24003,24,0.49476696557475214,0.7179763640972326,0.15118308089620996,0.06401971985173376,0.10729868572255719,0.21866220795065477,0.22091322932944968,0.2529090463290922,0.2002168306682461,0.06309640022096605,87430,11.378593752174936,1312.1797436503077,7.179444959853894,0.07200000000000001,311.2458492329634,1
