fips,obama_share_2008,obama_share_2012,votes_source
1001,0.25773021445793326,0.2658783219120842,mit_dataverse
1003,0.23811921928930269,0.21589444327263352,mit_dataverse
1005,0.48985382631126395,0.5136849422191329,mit_dataverse
1007,0.2659648310967145,0.261520190023753,mit_dataverse
1009,0.14513536901965632,0.12371907023244189,mit_dataverse
1011,0.7407202216066482,0.7630590003757985,mit_dataverse
1013,0.43135235348645584,0.4606149957877001,mit_dataverse
1015,0.331708703951911,0.33532222150161056,mit_dataverse
1017,0.4546001604707141,0.4702621312709602,mit_dataverse
1019,0.2366341713699333,0.21801820227017077,mit_dataverse
1021,0.20657857745290975,0.19453670828083838,mit_dataverse
1023,0.46060298961236384,0.4751506024096386,mit_dataverse
1025,0.44019352437662823,0.4572955021298101,mit_dataverse
1027,0.25810236105000733,0.26673671570099067,mit_dataverse
1029,0.17991373998767715,0.15400475812846948,mit_dataverse
1031,0.25233505564387915,0.24911482043500252,mit_dataverse
1033,0.39057279716620374,0.3919606585418003,mit_dataverse
1035,0.49387872677516925,0.5062660210766163,mit_dataverse
1037,0.408592486068668,0.41582843044220913,mit_dataverse
1039,0.20523215303730918,0.20475912598067822,mit_dataverse
1041,0.30805913209346686,0.31941414770956683,mit_dataverse
1043,0.16609545390171362,0.14661752328989755,mit_dataverse
1045,0.2727743271221532,0.28485207738319773,mit_dataverse
1047,0.6707270285823902,0.6973703049682624,mit_dataverse
1049,0.23560274828232355,0.21954490214977163,mit_dataverse
1051,0.2419058720676089,0.25233197125546003,mit_dataverse
1053,0.35355049747853345,0.36915730714910217,mit_dataverse
1055,0.3016965822473568,0.3010345638372913,mit_dataverse
1057,0.25059695865275855,0.22866851245909892,mit_dataverse
1059,0.29667322329598905,0.2920158393958928,mit_dataverse
1061,0.18306596894569788,0.18012367491166079,mit_dataverse
1063,0.830914231856739,0.846629213483146,mit_dataverse
1065,0.6065254443632822,0.6260557676732617,mit_dataverse
1067,0.3489824236817761,0.3519406392694064,mit_dataverse
1069,0.292919611836588,0.29502838875900567,mit_dataverse
1071,0.3053559451949794,0.282937260047626,mit_dataverse
1073,0.5215336991875024,0.5260497897459183,mit_dataverse
1075,0.22812720848056536,0.22969578565447948,mit_dataverse
1077,0.34980579466722656,0.33883111255551945,mit_dataverse
1079,0.3517711171662125,0.35919784580498865,mit_dataverse
1081,0.3957294063506673,0.3933295314483342,mit_dataverse
1083,0.28422401716789364,0.27719337826785867,mit_dataverse
1085,0.7486946963451497,0.7641271107565484,mit_dataverse
1087,0.8688057368759768,0.8702135847604388,mit_dataverse
1089,0.41934218013198254,0.39994453724066326,mit_dataverse
1091,0.5166070961555226,0.5345410418653029,mit_dataverse
1093,0.2104411169566977,0.18579099545642297,mit_dataverse
1095,0.21220527045769763,0.19342258797518885,mit_dataverse
1097,0.4529775553399771,0.45040717357489246,mit_dataverse
1099,0.4465872733736225,0.45890922674635787,mit_dataverse
1101,0.5935098288191096,0.6189415643028139,mit_dataverse
1103,0.2749198686241146,0.27246923342051377,mit_dataverse
1105,0.7236564377333983,0.7489752418429251,mit_dataverse
1107,0.4563425052150591,0.463531370304859,mit_dataverse
1109,0.42128269437477606,0.4278018005245623,mit_dataverse
1111,0.2950693374422188,0.2960184650894403,mit_dataverse
1113,0.5331747290510177,0.5561735261401557,mit_dataverse
1115,0.17868458108425253,0.16504495277113918,mit_dataverse
1117,0.22754101254371545,0.2167511647767196,mit_dataverse
1119,0.7498575498575498,0.7714529671267967,mit_dataverse
1121,0.40284762016138465,0.4166541815239865,mit_dataverse
1123,0.31396613329190615,0.3355993414413936,mit_dataverse
1125,0.4156021897810219,0.407787250286296,mit_dataverse
1127,0.2589697054306855,0.22990077486764138,mit_dataverse
1129,0.34951566951566954,0.3390293916609706,mit_dataverse
1131,0.7101940252540807,0.7430926576095253,mit_dataverse
1133,0.17515701325889743,0.13238624665431337,mit_dataverse
2001,0.372596843615495,0.19658119658119658,mit_dataverse
2002,0.44835164835164837,0.34179730624862,mit_dataverse
2003,0.6452606364777005,0.3351458230350964,mit_dataverse
2004,0.47630494505494503,0.4219832031825549,mit_dataverse
2005,0.47634423697880107,0.44750092103647304,mit_dataverse
2006,0.3445193434935522,0.27524701655331707,mit_dataverse
2007,0.39315219386818434,0.259009900990099,mit_dataverse
2008,0.48401162790697677,0.25272991992234894,mit_dataverse
2009,0.39269214615707687,0.2250269978401728,mit_dataverse
2010,0.3693677649154052,0.2045662100456621,mit_dataverse
2011,0.1950131765659842,0.25744409686015524,mit_dataverse
2012,0.25220714191593097,0.2932736809626658,mit_dataverse
2013,0.24292903001908728,0.4249167688803224,mit_dataverse
2014,0.20390206579954093,0.4725523486134692,mit_dataverse
2015,0.22641169042035,0.508913346767943,mit_dataverse
2016,0.24642423109282977,0.5588358167386158,mit_dataverse
2017,0.27995342929720574,0.6217040749618653,mit_dataverse
2018,0.3191389798783341,0.6128427128427129,mit_dataverse
2019,0.41983179598480735,0.4979483466087376,mit_dataverse
2020,0.4815103152977812,0.38686589653440484,mit_dataverse
2021,0.4204034582132565,0.37401308369050307,mit_dataverse
2022,0.503014772384685,0.43615560640732265,mit_dataverse
2023,0.5754024286924597,0.3783751493428913,mit_dataverse
2024,0.4396462018730489,0.42913979969817534,mit_dataverse
2025,0.5017848828185628,0.43170534580302505,mit_dataverse
2026,0.514318573893042,0.30206843961490804,mit_dataverse
2027,0.36832195810779006,0.4123625612122332,mit_dataverse
2028,0.37193627450980393,0.2589655580542076,mit_dataverse
2029,0.3855214018960069,0.24129322181999752,mit_dataverse
2030,0.3796145050637047,0.37643345607574963,mit_dataverse
2031,0.3518590998043053,0.5012319228709159,mit_dataverse
2032,0.4205736572682213,0.6223761544920235,mit_dataverse
2033,0.234481984510046,0.3635390175344666,mit_dataverse
2034,0.20108923334729786,0.5397707537339353,mit_dataverse
2035,0.44764811112280334,0.4082515868436238,mit_dataverse
2036,0.33927768619811177,0.6719629927594529,mit_dataverse
2037,0.4004287245444802,0.6069204152249135,mit_dataverse
2038,0.5288381742738589,0.6018491341356031,mit_dataverse
2039,0.5198688271604939,0.555640243902439,mit_dataverse
2040,0.4274,0.64155844155844155,mit_dataverse
2099,NA,NA,mit_dataverse
4001,0.6343252823345149,0.6633782110801609,mit_dataverse
4003,0.38801720606308887,0.378466624492378,mit_dataverse
4005,0.5784079199175622,0.5655603023332237,mit_dataverse
4007,0.3530201943312587,0.35753437383872166,mit_dataverse
4009,0.290413925210294,0.3044285111767187,mit_dataverse
4011,0.3999313422588397,0.44048419636852726,mit_dataverse
4012,0.3474423631123919,0.3288437991953822,mit_dataverse
4013,0.4411595341115723,0.4375318729759298,mit_dataverse
4015,0.32678056356778346,0.2790029995714898,mit_dataverse
4017,0.4351675977653631,0.45386366680058926,mit_dataverse
4019,0.5242484012322458,0.5264905166775671,mit_dataverse
4021,0.4219368248429202,0.40904768499284494,mit_dataverse
4023,0.6527099150567541,0.6827407514034836,mit_dataverse
4025,0.370193079640334,0.33822282939281834,mit_dataverse
4027,0.4255187435515304,0.4304578933568517,mit_dataverse
5001,0.3753224419604471,0.37804126886356637,mit_dataverse
5003,0.34436473038648463,0.3609392753440222,mit_dataverse
5005,0.3272608978529603,0.2674388541289622,mit_dataverse
5007,0.30669225612240875,0.28560253353016135,mit_dataverse
5009,0.28660979707897116,0.24507829250860894,mit_dataverse
5011,0.41573867854491464,0.39676889375684554,mit_dataverse
5013,0.3116824537663509,0.30358785648574055,mit_dataverse
5015,0.39436619718309857,0.36295787096140625,mit_dataverse
5017,0.5842933947772657,0.6074294886493924,mit_dataverse
5019,0.46921046844073017,0.45320489951242715,mit_dataverse
5021,0.40718562874251496,0.3401174168297456,mit_dataverse
5023,0.26027518080790263,0.22495063106379326,mit_dataverse
5025,0.2599144079885877,0.25872627066748316,mit_dataverse
5027,0.3718351119481063,0.37620306716023266,mit_dataverse
5029,0.3869501105922831,0.388745148771022,mit_dataverse
5031,0.3646990441746319,0.3320820189274448,mit_dataverse
5033,0.25511396843950906,0.23704531105822932,mit_dataverse
5035,0.5658723637359627,0.5675400813591769,mit_dataverse
5037,0.36185133239831696,0.3411165993114803,mit_dataverse
5039,0.44333936106088007,0.4335278858625162,mit_dataverse
5041,0.5491663103890552,0.5527149321266969,mit_dataverse
5043,0.3930408472012103,0.3965023368008443,mit_dataverse
5045,0.36317054809490273,0.3285335262904004,mit_dataverse
5047,0.28864864864864864,0.26391437308868504,mit_dataverse
5049,0.3890076988879384,0.32109685979655017,mit_dataverse
5051,0.36366339577757956,0.3389314476527205,mit_dataverse
5053,0.22994258795819225,0.22657817564438956,mit_dataverse
5055,0.3336027034969145,0.2906765496693554,mit_dataverse
5057,0.3903932507824194,0.35659586764918366,mit_dataverse
5059,0.3586783772480134,0.3401420959147424,mit_dataverse
5061,0.36029715229054893,0.3296727924697445,mit_dataverse
5063,0.2998617773802748,0.26466080503347583,mit_dataverse
5065,0.3434266002299732,0.2887457370215991,mit_dataverse
5067,0.395378000716589,0.3918084907424724,mit_dataverse
5069,0.6219475226514871,0.6379870722711171,mit_dataverse
5071,0.3709046454767726,0.3456408989874043,mit_dataverse
5073,0.39042039972432807,0.400477978832366,mit_dataverse
5075,0.36672384219554033,0.3227436823104693,mit_dataverse
5077,0.6013818761626362,0.6153621495327103,mit_dataverse
5079,0.3881071266454834,0.3824476650563607,mit_dataverse
5081,0.3402562111801242,0.3072658879429816,mit_dataverse
5083,0.2891109143796636,0.2740417405538126,mit_dataverse
5085,0.25137947011499095,0.23326698183627767,mit_dataverse
5087,0.3388116308470291,0.3195797807551766,mit_dataverse
5089,0.33286791399050547,0.2888951921713232,mit_dataverse
5091,0.3232423819956184,0.2947354687194207,mit_dataverse
5093,0.47587437544610994,0.4835140186915888,mit_dataverse
5095,0.4682516671498985,0.49009287925696593,mit_dataverse
5097,0.3014908890115958,0.2702702702702703,mit_dataverse
5099,0.4055020632737277,0.3882978723404255,mit_dataverse
5101,0.29848484848484846,0.2712373668396613,mit_dataverse
5103,0.4363453815261044,0.4491517207949588,mit_dataverse
5105,0.31596167328815145,0.30142204164550535,mit_dataverse
5107,0.6349648790277623,0.6559899117276167,mit_dataverse
5109,0.2745839636913767,0.22465681098204857,mit_dataverse
5111,0.3458627648839556,0.31613756613756616,mit_dataverse
5113,0.25478453326389794,0.20139787729743722,mit_dataverse
5115,0.27184202183069883,0.25079504868144237,mit_dataverse
5117,0.30996746524696833,0.2801655523718561,mit_dataverse
5119,0.5507149365017385,0.5474178227015767,mit_dataverse
5121,0.39072638075644883,0.3435191403626595,mit_dataverse
5123,0.5771699105733824,0.5871801004544367,mit_dataverse
5125,0.28430340626609635,0.2734477922740215,mit_dataverse
5127,0.26357947434292867,0.24642857142857144,mit_dataverse
5129,0.24980504289056407,0.22035733622089876,mit_dataverse
5131,0.31641673609182636,0.3019233430192334,mit_dataverse
5133,0.28187772925764193,0.24064665127020785,mit_dataverse
5135,0.3359073359073359,0.2872442674721955,mit_dataverse
5137,0.3001502629601803,0.25326858423608517,mit_dataverse
5139,0.3603236509692066,0.3607149094719683,mit_dataverse
5141,0.32090108906459797,0.2849144634525661,mit_dataverse
5143,0.42440772155601053,0.4007380073800738,mit_dataverse
5145,0.24974958263772956,0.21743229991702498,mit_dataverse
5147,0.5114089098152843,0.49906890130353815,mit_dataverse
5149,0.3318422796554009,0.2882490793438232,mit_dataverse
6001,0.7875735271621777,0.7885340523334486,mit_dataverse
6003,0.6098265895953757,0.5957120980091883,mit_dataverse
6005,0.41536416799574694,0.3869907643492549,mit_dataverse
6007,0.4984795321637427,0.4701714562764457,mit_dataverse
6009,0.4210503732944306,0.3979619939410631,mit_dataverse
6011,0.3995955825167211,0.3834935366257872,mit_dataverse
6013,0.6796922395660356,0.6636393093974342,mit_dataverse
6015,0.45357255272269437,0.4322690992018244,mit_dataverse
6017,0.4361427372317758,0.39612949737535763,mit_dataverse
6019,0.50206214720389,0.4989008101936815,mit_dataverse
6021,0.3779734790970746,0.35837585495603086,mit_dataverse
6023,0.6228443203037959,0.5995649904297895,mit_dataverse
6025,0.6224111282843895,0.6517827045248282,mit_dataverse
6027,0.438649947263565,0.4258337481333997,mit_dataverse
6029,0.40136139145372557,0.4040917136251987,mit_dataverse
6031,0.42004671299988605,0.4131071360366669,mit_dataverse
6033,0.5815519536449769,0.5627378051387286,mit_dataverse
6035,0.3149205234038816,0.2857811476177104,mit_dataverse
6037,0.6918871042791256,0.6969054722833565,mit_dataverse
6039,0.4238460630386023,0.4017960166557969,mit_dataverse
6041,0.7797599092705265,0.7426328466502126,mit_dataverse
6043,0.4248264428556626,0.38866666666666666,mit_dataverse
6045,0.695796681327469,0.6623354370734215,mit_dataverse
6047,0.5333343781344032,0.5318497510353385,mit_dataverse
6049,0.29705882352941176,0.2787255393878575,mit_dataverse
6051,0.5551965535810447,0.527504342790967,mit_dataverse
6053,0.6815453487744928,0.6713191599604916,mit_dataverse
6055,0.6513698400456055,0.6296517343069794,mit_dataverse
6057,0.5142595288155696,0.4772621719947364,mit_dataverse
6059,0.47634930444739343,0.45645001532070145,mit_dataverse
6061,0.433905041390585,0.39001412544798686,mit_dataverse
6063,0.4275480594849474,0.40071663183039713,mit_dataverse
6065,0.5021126249229491,0.49714385857831994,mit_dataverse
6067,0.5849296157279325,0.5814585272315305,mit_dataverse
6069,0.604770362852068,0.5921024994749002,mit_dataverse
6071,0.5207031108267061,0.5246776964387971,mit_dataverse
6073,0.5414748583928964,0.5258462343640179,mit_dataverse
6075,0.8416021312995442,0.835314180986631,mit_dataverse
6077,0.5444210385528472,0.5575118345652355,mit_dataverse
6079,0.5139423910503343,0.48757541508142443,mit_dataverse
6081,0.734691320575551,0.7212830743385132,mit_dataverse
6083,0.6038122027076472,0.5763470487386726,mit_dataverse
6085,0.6944841336019676,0.7010174298816186,mit_dataverse
6087,0.7745738647505942,0.7561097464507265,mit_dataverse
6089,0.35908695111332256,0.3382327896770813,mit_dataverse
6091,0.37317930688096435,0.3637883008356546,mit_dataverse
6093,0.4327899394503959,0.40411853340030135,mit_dataverse
6095,0.634236797475353,0.6348757576552702,mit_dataverse
6097,0.7363735061107212,0.7110222255066787,mit_dataverse
6099,0.49858087755799146,0.5002542334699972,mit_dataverse
6101,0.40715218117239915,0.39296074260297814,mit_dataverse
6103,0.3660582746767065,0.3453018235626931,mit_dataverse
6105,0.5072168183244431,0.4712724709199859,mit_dataverse
6107,0.41474820827709447,0.41297725024727994,mit_dataverse
6109,0.4242669511791325,0.4049904808198647,mit_dataverse
6111,0.5520924072984108,0.5227602194669912,mit_dataverse
6113,0.6707043348505938,0.6541121181604566,mit_dataverse
6115,0.4142797065557684,0.3914213197969543,mit_dataverse
8001,0.5822030043800897,0.5711229643080066,mit_dataverse
8003,0.5601336302895323,0.5675353685778108,mit_dataverse
8005,0.5569006718066639,0.5390415948668376,mit_dataverse
8007,0.4280754716981132,0.3978318978318978,mit_dataverse
8009,0.2464367816091954,0.22174738841405509,mit_dataverse
8011,0.4161458333333333,0.4196704428424305,mit_dataverse
8013,0.7228506721470864,0.6968896762656059,mit_dataverse
8014,0.5489423827793434,0.5176190621472374,mit_dataverse
8015,0.49002016129032255,0.4861403173389409,mit_dataverse
8017,0.1782178217821782,0.15736505032021958,mit_dataverse
8019,0.5777700710941565,0.5430959428869928,mit_dataverse
8021,0.5560144553433144,0.539624481833699,mit_dataverse
8023,0.7336476134354744,0.7294501905280348,mit_dataverse
8025,0.35430038510911427,0.3561917443408788,mit_dataverse
8027,0.3468999619627235,0.3197053406998158,mit_dataverse
8029,0.329402617597512,0.29023547880690737,mit_dataverse
8031,0.7545381224381567,0.7359045920701107,mit_dataverse
8033,0.3032046014790468,0.26827309236947794,mit_dataverse
8035,0.4081175610430842,0.3635155351321067,mit_dataverse
8037,0.609043044522446,0.5643197458973002,mit_dataverse
8039,0.28918673330304406,0.25412611087600506,mit_dataverse
8041,0.39864189622037155,0.38535021969501165,mit_dataverse
8043,0.34359154576032935,0.3283699059561129,mit_dataverse
8045,0.49202842041417555,0.46316781383153066,mit_dataverse
8047,0.5919418358073311,0.566806470940683,mit_dataverse
8049,0.48591718825228697,0.44998167827042873,mit_dataverse
8051,0.6263810597519729,0.581977616245529,mit_dataverse
8053,0.4006677796327212,0.38166666666666665,mit_dataverse
8055,0.5459785890749382,0.5258481421647819,mit_dataverse
8057,0.30339539978094193,0.25471698113207547,mit_dataverse
8059,0.5359992137245732,0.5121201599732521,mit_dataverse
8061,0.20892018779342722,0.14372716199756394,mit_dataverse
8063,0.26496223126089485,0.22636412749864937,mit_dataverse
8065,0.6192538307794804,0.6049342105263158,mit_dataverse
8067,0.573894706744344,0.5307360197368421,mit_dataverse
8069,0.5398832743293683,0.5147463647463647,mit_dataverse
8071,0.5268451412512942,0.5020402215097639,mit_dataverse
8073,0.23697916666666666,0.24136423261915171,mit_dataverse
8075,0.3170324161746686,0.29723805348531346,mit_dataverse
8077,0.3447889589407017,0.32689486887740415,mit_dataverse
8079,0.4333868378812199,0.44769230769230767,mit_dataverse
8081,0.2694600579117697,0.21562905317769132,mit_dataverse
8083,0.39416490486257927,0.3687286897223575,mit_dataverse
8085,0.3391113663655824,0.30491803278688523,mit_dataverse
8087,0.37258159077584524,0.3629952676997309,mit_dataverse
8089,0.43973214285714285,0.4451904296875,mit_dataverse
8091,0.534640522875817,0.514053716427233,mit_dataverse
8093,0.4529468187146968,0.41234251548152895,mit_dataverse
8095,0.2752212389380531,0.2596026490066225,mit_dataverse
8097,0.737407184427052,0.6798014888337469,mit_dataverse
8099,0.3222101841820152,0.3123586263623278,mit_dataverse
8101,0.5674265122122966,0.5584560464078536,mit_dataverse
8103,0.20813473149030823,0.16859602255862274,mit_dataverse
8105,0.449669360764144,0.44785830471715166,mit_dataverse
8107,0.6265626183801803,0.5667192310580461,mit_dataverse
8109,0.6297779395704405,0.6361774744027304,mit_dataverse
8111,0.532258064516129,0.525691699604743,mit_dataverse
8113,0.7698850574712643,0.7030075187969925,mit_dataverse
8115,0.3464100666173205,0.3131539611360239,mit_dataverse
8117,0.6578965031210149,0.6104362591431557,mit_dataverse
8119,0.34968231830156515,0.32318937868277764,mit_dataverse
8121,0.21050537206526065,0.18062524121960633,mit_dataverse
8123,0.4467156594185102,0.4233338511729066,mit_dataverse
8125,0.2491635065804149,0.21564343456412496,mit_dataverse
9001,0.5870161714052192,0.5485421452553455,mit_dataverse
9003,0.6515560304527849,0.6236972261880481,mit_dataverse
9005,0.5162030949731972,0.47449338396788815,mit_dataverse
9007,0.6077218748207217,0.5728530728530729,mit_dataverse
9009,0.609893146888319,0.606526953737404,mit_dataverse
9011,0.5990862822105558,0.5833434692707338,mit_dataverse
9013,0.5963583799697637,0.5550135348522446,mit_dataverse
9015,0.6066039915406352,0.558287090807416,mit_dataverse
10001,0.5437728800896526,0.5171625713287528,mit_dataverse
10003,0.6971768642484703,0.662992238464835,mit_dataverse
10005,0.4524418996295049,0.4287828894442716,mit_dataverse
11001,0.9245710975614343,0.9091311392818725,mit_dataverse
12001,0.6020204112524797,0.5788088159577471,mit_dataverse
12003,0.21041685505018537,0.2032899366643209,mit_dataverse
12005,0.2915552158960642,0.276117253728353,mit_dataverse
12007,0.29376498800959233,0.28577567683712934,mit_dataverse
12009,0.44334205288005585,0.43070959066252507,mit_dataverse
12011,0.6712640295190483,0.6719952619040694,mit_dataverse
12013,0.2916399743754004,0.270481144343303,mit_dataverse
12015,0.4583362690528195,0.4240098249923242,mit_dataverse
12017,0.4130885790068016,0.38493271116521266,mit_dataverse
12019,0.2822779322668302,0.26668668274855317,mit_dataverse
12021,0.38348311124883794,0.3467058318579323,mit_dataverse
12023,0.3260452218430034,0.31152670912638514,mit_dataverse
12027,0.4326325140657388,0.42311201216421696,mit_dataverse
12029,0.26500550660792954,0.2590404840801037,mit_dataverse
12031,0.487342487631115,0.4776932266272994,mit_dataverse
12033,0.3986610293498741,0.391812904876702,mit_dataverse
12035,0.5042932022597948,0.45868168791382546,mit_dataverse
12037,0.3539558799137502,0.3370478626233102,mit_dataverse
12039,0.6922256774766771,0.7009200408907063,mit_dataverse
12041,0.25527561069190435,0.2383360728284233,mit_dataverse
12043,0.3928655245247594,0.40185510152920534,mit_dataverse
12045,0.29826509368494103,0.28334271243669107,mit_dataverse
12047,0.4231251118668337,0.41205844275938597,mit_dataverse
12049,0.34646519158121963,0.3408524771657902,mit_dataverse
12051,0.45941722584796396,0.4664702994599902,mit_dataverse
12053,0.4765133502462998,0.45214959302950986,mit_dataverse
12055,0.4049527722573298,0.3804542455941947,mit_dataverse
12057,0.5317682033539056,0.528437452730298,mit_dataverse
12059,0.16835487251135173,0.15276770606719844,mit_dataverse
12061,0.42087518238868976,0.38469719019366394,mit_dataverse
12063,0.35571527938789704,0.35060407812425387,mit_dataverse
12065,0.5137614678899083,0.5052510245901639,mit_dataverse
12067,0.19112831199761834,0.20211827007943514,mit_dataverse
12069,0.42843336101166574,0.40977780135401265,mit_dataverse
12071,0.44452903340810174,0.41386578300759674,mit_dataverse
12073,0.6173759151593454,0.6125996777955283,mit_dataverse
12075,0.3583978638184246,0.33257242241426166,mit_dataverse
12077,0.273032336790726,0.2868453105968331,mit_dataverse
12079,0.4793982261142921,0.47917383820998277,mit_dataverse
12081,0.46076818821795595,0.4332697031096286,mit_dataverse
12083,0.4372184024391749,0.41410911794776467,mit_dataverse
12085,0.4279766010166807,0.38171490877740166,mit_dataverse
12086,0.5788524654713568,0.6164537967059617,mit_dataverse
12087,0.5191448152562574,0.496812351179046,mit_dataverse
12089,0.277203425229741,0.25293624161073824,mit_dataverse
12091,0.2708287535722137,0.24706217430747485,mit_dataverse
12093,0.3994994525262005,0.3940279130152548,mit_dataverse
12095,0.590020552785648,0.5868118766872731,mit_dataverse
12097,0.5956292837985497,0.6185854385545272,mit_dataverse
12099,0.611805249788315,0.5820522338989315,mit_dataverse
12101,0.47665521767054814,0.4600909290968428,mit_dataverse
12103,0.5359565016555791,0.5224010382301147,mit_dataverse
12105,0.4650721103772776,0.4609161060466538,mit_dataverse
12107,0.3990232431943565,0.37246200996041373,mit_dataverse
12109,0.3381485960470126,0.306546452371619,mit_dataverse
12111,0.5566889756922847,0.5354027977598413,mit_dataverse
12113,0.2555621185272691,0.2312156781094657,mit_dataverse
12115,0.4952231219225186,0.4584490071332177,mit_dataverse
12117,0.4824546492144054,0.4622998753714888,mit_dataverse
12119,0.3612793648195138,0.3228227979959986,mit_dataverse
12121,0.27833767410259314,0.2694991207669181,mit_dataverse
12123,0.2992739696775571,0.3030701754385965,mit_dataverse
12125,0.24578997161778618,0.2482848136473206,mit_dataverse
12127,0.5241280595839622,0.489255380837057,mit_dataverse
12129,0.3694351697273233,0.3530013642564802,mit_dataverse
12131,0.26525179324114473,0.23411946374675371,mit_dataverse
12133,0.2572095948252628,0.2563869442676607,mit_dataverse
13001,0.2638650657518582,0.2480948348856901,mit_dataverse
13003,0.32300275482093666,0.32046864231564437,mit_dataverse
13005,0.207465718638903,0.2012210633426609,mit_dataverse
13007,0.5014819205690575,0.49968533668974197,mit_dataverse
13009,0.5192598415673944,0.5224165537627786,mit_dataverse
13011,0.16455696202531644,0.12590799031476999,mit_dataverse
13013,0.27080790822553086,0.23921584189848805,mit_dataverse
13015,0.26769733743385143,0.23451203843360707,mit_dataverse
13017,0.42909211398277003,0.42175957018132976,mit_dataverse
13019,0.22809737943867267,0.20528946944041285,mit_dataverse
13021,0.5874367164898746,0.5962019839920888,mit_dataverse
13023,0.27213567343719186,0.25861014876706745,mit_dataverse
13025,0.17826987414369921,0.15644785071642786,mit_dataverse
13027,0.4304144492823738,0.465440522100267,mit_dataverse
13029,0.2830673413779681,0.27555192150449714,mit_dataverse
13031,0.400752508361204,0.39829769566119994,mit_dataverse
13033,0.5436318304591731,0.5527150015338992,mit_dataverse
13035,0.3371466285337147,0.3163841807909605,mit_dataverse
13037,0.6069651741293532,0.593235831809872,mit_dataverse
13039,0.37941933973308356,0.3546126897625535,mit_dataverse
13043,0.34366117111995453,0.32794784580498865,mit_dataverse
13045,0.3295323922938986,0.30537437724132954,mit_dataverse
13047,0.24595852384062705,0.2265816369625813,mit_dataverse
13049,0.3248303934871099,0.31801275239107335,mit_dataverse
13051,0.5692683103829895,0.5546083882608536,mit_dataverse
13053,0.5021173623714459,0.489261744966443,mit_dataverse
13055,0.3125075237751294,0.285349015597034,mit_dataverse
13057,0.23834406859190377,0.20200570148645897,mit_dataverse
13059,0.6502087453306965,0.6299791914387634,mit_dataverse
13061,0.6104166666666667,0.6148359486447932,mit_dataverse
13063,0.8299342303747058,0.8481476469547296,mit_dataverse
13065,0.366839762611276,0.3446601941747573,mit_dataverse
13067,0.44767375508806634,0.42927162739104074,mit_dataverse
13069,0.34996726558521857,0.3498685484986855,mit_dataverse
13071,0.3080759211016003,0.29809423769507803,mit_dataverse
13073,0.2836985781648028,0.27919488145545884,mit_dataverse
13075,0.35151617821446723,0.3385839827557619,mit_dataverse
13077,0.28984668247773065,0.2730267302673027,mit_dataverse
13079,0.34961832061068704,0.33235924410676015,mit_dataverse
13081,0.40860927152317883,0.42820443482963766,mit_dataverse
13083,0.2515605493133583,0.23438538205980067,mit_dataverse
13085,0.1636254261078805,0.12114408434205388,mit_dataverse
13087,0.42645074224021595,0.437863614687649,mit_dataverse
13089,0.7899261870115203,0.7778361876153005,mit_dataverse
13091,0.3160009741841208,0.3157894736842105,mit_dataverse
13093,0.5139423076923076,0.5316426244765007,mit_dataverse
13095,0.6727848427122484,0.6934518315356417,mit_dataverse
13097,0.5051467784979031,0.5146108889572439,mit_dataverse
13099,0.4879100281162137,0.5165327853540072,mit_dataverse
13101,0.16933445661331087,0.1569872958257713,mit_dataverse
13103,0.24296121283717267,0.23765372790161415,mit_dataverse
13105,0.40471323794637487,0.3906422694338696,mit_dataverse
13107,0.3722397476340694,0.362118025485587,mit_dataverse
13109,0.35642023346303503,0.3558798765085602,mit_dataverse
13111,0.2466931216931217,0.20245582509733454,mit_dataverse
13113,0.34242511083764604,0.3369758229750034,mit_dataverse
13115,0.31248355888112705,0.2936428158031009,mit_dataverse
13117,0.20438866482700063,0.17827996720950434,mit_dataverse
13119,0.23708658491267187,0.19312032981190416,mit_dataverse
13121,0.6705651483625391,0.6428325193186937,mit_dataverse
13123,0.23446048973002062,0.17770920312216373,mit_dataverse
13125,0.14705882352941177,0.13203300825206302,mit_dataverse
13127,0.3801925557121862,0.3606676123502249,mit_dataverse
13129,0.24240358948145624,0.20358643546191632,mit_dataverse
13131,0.37789642285104114,0.36387824606215413,mit_dataverse
13133,0.4216441469882561,0.3845969001561937,mit_dataverse
13135,0.44468838209597206,0.4465672265509153,mit_dataverse
13137,0.19584008643976228,0.15716139607950277,mit_dataverse
13139,0.24123948738486184,0.21183430024118374,mit_dataverse
13141,0.8137661141804788,0.8091976516634051,mit_dataverse
13143,0.20257727313688384,0.1724171164225135,mit_dataverse
13145,0.28065468204990607,0.26762654958677684,mit_dataverse
13147,0.3364327134573085,0.3017558616338976,mit_dataverse
13149,0.24662721893491124,0.22722914669223393,mit_dataverse
13151,0.45933876616531977,0.478900829521329,mit_dataverse
13153,0.39502243836155265,0.3910362408708833,mit_dataverse
13155,0.3126959247648903,0.30763008897276894,mit_dataverse
13157,0.21559233449477352,0.17878839014512318,mit_dataverse
13159,0.3277439024390244,0.3059194163488642,mit_dataverse
13161,0.25691549829480864,0.23894302848575713,mit_dataverse
13163,0.5735416090682887,0.5838585913949027,mit_dataverse
13165,0.4308139534883721,0.4389380530973451,mit_dataverse
13167,0.3284891691801481,0.34597030752916225,mit_dataverse
13169,0.3675832127351664,0.3530772408095828,mit_dataverse
13171,0.35796045785639957,0.34272918861959956,mit_dataverse
13173,0.3696484510964149,0.37483176312247646,mit_dataverse
13175,0.3896774840748357,0.3832381146704754,mit_dataverse
13177,0.23687628944754335,0.23451717053125917,mit_dataverse
13179,0.6395945285784074,0.6466914038342609,mit_dataverse
13181,0.3736413043478261,0.35833709896068683,mit_dataverse
13183,0.37333333333333335,0.37927406628090476,mit_dataverse
13185,0.4498216106014271,0.446380662799908,mit_dataverse
13187,0.23349887133182845,0.18844566712517194,mit_dataverse
13189,0.41795892707460186,0.4216013344453711,mit_dataverse
13191,0.4658434894162925,0.45166377542974295,mit_dataverse
13193,0.6522873194221509,0.671616816565572,mit_dataverse
13195,0.2608886933567972,0.22460374639769454,mit_dataverse
13197,0.43318695106649935,0.44542586750788643,mit_dataverse
13199,0.4698021885521885,0.46750863557858374,mit_dataverse
13201,0.2987582176771366,0.307027027027027,mit_dataverse
13205,0.4768472906403941,0.49317220543806645,mit_dataverse
13207,0.33847168411507705,0.30830007330781134,mit_dataverse
13209,0.29108635097493035,0.2961899791231733,mit_dataverse
13211,0.33777729209922414,0.3049739669879251,mit_dataverse
13213,0.26585837286944297,0.22662030846037265,mit_dataverse
13215,0.5962060352393168,0.602991374304208,mit_dataverse
13217,0.5026426933751659,0.5054124069019753,mit_dataverse
13219,0.28163670324538875,0.24813380479317507,mit_dataverse
13221,0.34620753838994883,0.305117168818747,mit_dataverse
13223,0.30234272176888655,0.27570166727643336,mit_dataverse
13225,0.5308553515450067,0.5338659256686349,mit_dataverse
13227,0.20295635851712812,0.1557570977917981,mit_dataverse
13229,0.18450890884994847,0.16418346479696172,mit_dataverse
13231,0.1920029257588687,0.16722160562338143,mit_dataverse
13233,0.2871111740948062,0.265652557319224,mit_dataverse
13235,0.34834303060966354,0.33107007061379684,mit_dataverse
13237,0.3396846254927727,0.31728475384949034,mit_dataverse
13239,0.5359066427289049,0.5425531914893617,mit_dataverse
13241,0.2633241215949467,0.2088972263164947,mit_dataverse
13243,0.570139968895801,0.578809679529104,mit_dataverse
13245,0.6567254484262539,0.6651480637813212,mit_dataverse
13247,0.5443695963507135,0.5782591571484836,mit_dataverse
13249,0.2756041426927503,0.2562929061784897,mit_dataverse
13251,0.4665946613176979,0.4547540983606557,mit_dataverse
13253,0.41541541541541543,0.3921464579464049,mit_dataverse
13255,0.401544248663631,0.39453125,mit_dataverse
13257,0.25720262432252544,0.22436302379448306,mit_dataverse
13259,0.6199524940617577,0.6372832369942196,mit_dataverse
13261,0.5275030649775235,0.5388386442397093,mit_dataverse
13263,0.6402702702702703,0.648811228874248,mit_dataverse
13265,0.6494949494949495,0.660436137071651,mit_dataverse
13267,0.2877569258266309,0.28453577321133944,mit_dataverse
13269,0.4286910410270723,0.44431882419446017,mit_dataverse
13271,0.4256973022405121,0.41628228782287824,mit_dataverse
13273,0.5663496376811594,0.5784447476125512,mit_dataverse
13275,0.41822417249038407,0.4037883184720097,mit_dataverse
13277,0.3330995300554114,0.33460185251669416,mit_dataverse
13279,0.3059454995871181,0.2938784246575342,mit_dataverse
13281,0.24237672068304583,0.20495894380937046,mit_dataverse
13283,0.3764387271496276,0.39054545454545453,mit_dataverse
13285,0.4016828031350853,0.4058723928269068,mit_dataverse
13287,0.4016324233042499,0.42427648215790953,mit_dataverse
13289,0.5315335251161761,0.5402189433603046,mit_dataverse
13291,0.2337784464923829,0.19306796642296237,mit_dataverse
13293,0.3555730671569915,0.3515049276391725,mit_dataverse
13295,0.2588989890408631,0.2408659115820241,mit_dataverse
13297,0.2350802198412258,0.21663298947144527,mit_dataverse
13299,0.32490335051546393,0.3266605243320211,mit_dataverse
13301,0.5842105263157895,0.605304829770388,mit_dataverse
13303,0.519801421640528,0.5351952770208901,mit_dataverse
13305,0.2706439393939394,0.2527996883825105,mit_dataverse
13307,0.46354635463546356,0.4903117101937658,mit_dataverse
13309,0.3592760180995475,0.3574074074074074,mit_dataverse
13311,0.2020258340302946,0.15932494279176201,mit_dataverse
13313,0.2950825595259602,0.2682690876618544,mit_dataverse
13315,0.3092001264622194,0.3387663790348354,mit_dataverse
13317,0.4582343626286619,0.4383532871245537,mit_dataverse
13319,0.4917611812540124,0.4901123595505618,mit_dataverse
13321,0.3037037037037037,0.2954032545432949,mit_dataverse
15001,0.7594446769083627,0.74422416238535,mit_dataverse
15003,0.6982722374866775,0.6886419852936221,mit_dataverse
15007,0.7499265354099324,0.73470755163172,mit_dataverse
15009,0.7670933982119755,0.7410026103220767,mit_dataverse
16001,0.4583895385781652,0.427242918702159,mit_dataverse
16003,0.3137931034482759,0.28009708737864075,mit_dataverse
16005,0.42136447799458765,0.374758933635848,mit_dataverse
16007,0.17057424396873938,0.10701630049610206,mit_dataverse
16009,0.33789625360230546,0.2996910401647786,mit_dataverse
16011,0.25788399883415913,0.21712208146338693,mit_dataverse
16013,0.6571752908901712,0.587796743182264,mit_dataverse
16015,0.32865094089583885,0.30566037735849055,mit_dataverse
16017,0.4010845654064562,0.3506689684937419,mit_dataverse
16019,0.27376927319377503,0.22916714877467428,mit_dataverse
16021,0.31354320726811746,0.2695862676056338,mit_dataverse
16023,0.225531914893617,0.2006220839813375,mit_dataverse
16025,0.30258899676375406,0.2750865051903114,mit_dataverse
16027,0.31359150764249916,0.3005901044030867,mit_dataverse
16029,0.16747425802543914,0.12647444298820446,mit_dataverse
16031,0.16985462892119357,0.1307765602667937,mit_dataverse
16033,0.17066666666666666,0.20121951219512196,mit_dataverse
16035,0.3100358422939068,0.2792207792207792,mit_dataverse
16037,0.25977891156462585,0.22534013605442177,mit_dataverse
16039,0.30713608345187293,0.31408573928258965,mit_dataverse
16041,0.11827321111768184,0.05803571428571429,mit_dataverse
16043,0.18112244897959184,0.13960703205791106,mit_dataverse
16045,0.2725556813892035,0.26128170894526037,mit_dataverse
16047,0.27620107586718606,0.2514654161781946,mit_dataverse
16049,0.2456760048721072,0.21794053847135383,mit_dataverse
16051,0.1571688535580883,0.11448906071522713,mit_dataverse
16053,0.26201256024536296,0.25430324801676396,mit_dataverse
16055,0.35716592391655366,0.31508658153373004,mit_dataverse
16057,0.5190809529185955,0.49561429679575153,mit_dataverse
16059,0.2584652862362972,0.23357664233576642,mit_dataverse
16061,0.2655210643015521,0.24535315985130113,mit_dataverse
16063,0.2914438502673797,0.2821901323706378,mit_dataverse
16065,0.12460749023512292,0.057729669719678044,mit_dataverse
16067,0.2365747460087083,0.19934031263444715,mit_dataverse
16069,0.39965213488189416,0.3828941120607787,mit_dataverse
16071,0.17622571692876965,0.1038774533269507,mit_dataverse
16073,0.23262690980778708,0.2236842105263158,mit_dataverse
16075,0.28039010797631486,0.2673337257210124,mit_dataverse
16077,0.3613652357494722,0.33827075439200827,mit_dataverse
16079,0.4449346981997882,0.4423076923076923,mit_dataverse
16081,0.4942035208243882,0.4258235684280345,mit_dataverse
16083,0.3041560824160316,0.2679624760144979,mit_dataverse
16085,0.45411631419939574,0.42589957308396015,mit_dataverse
16087,0.275410563692854,0.25496535796766745,mit_dataverse
17001,0.3826363429906239,0.31522200803737704,mit_dataverse
17003,0.556007112014224,0.5612682090831191,mit_dataverse
17005,0.48498233215547704,0.4116684841875682,mit_dataverse
17007,0.5114862120323148,0.46257898432014977,mit_dataverse
17009,0.3838069287660568,0.3329103214890017,mit_dataverse
17011,0.5194296733477474,0.4890866454212014,mit_dataverse
17013,0.5272323082623194,0.4192546583850932,mit_dataverse
17015,0.5166796976804795,0.49620904413755756,mit_dataverse
17017,0.4974112426035503,0.42225421637186344,mit_dataverse
17019,0.577552499910866,0.5210760729463112,mit_dataverse
17021,0.45814569536423844,0.3737160737364805,mit_dataverse
17023,0.451496138996139,0.3296437659033079,mit_dataverse
17025,0.37573597768825534,0.26811103588354773,mit_dataverse
17027,0.44224327134111124,0.3401823708206687,mit_dataverse
17029,0.5077136418790085,0.43365483659518683,mit_dataverse
17031,0.7621286139756142,0.7399777390799449,mit_dataverse
17033,0.42534779274838425,0.3319781623881984,mit_dataverse
17035,0.386205600451043,0.30991501416430595,mit_dataverse
17037,0.5753045651300817,0.5160858561277134,mit_dataverse
17039,0.4240481989488527,0.3541184479237577,mit_dataverse
17041,0.38630923887027285,0.30771178928707105,mit_dataverse
17043,0.5471597447682027,0.49730851029348333,mit_dataverse
17045,0.4534221683827983,0.32804706484205143,mit_dataverse
17047,0.3402985074626866,0.23358116480793062,mit_dataverse
17049,0.3125631125631126,0.23240835490278697,mit_dataverse
17051,0.40981404958677686,0.31802474640508305,mit_dataverse
17053,0.3487316003758221,0.2757242757242757,mit_dataverse
17055,0.47636929349283835,0.40493468795355586,mit_dataverse
17057,0.5962139312626356,0.5423287314404793,mit_dataverse
17059,0.5550891920251836,0.39992226972405753,mit_dataverse
17061,0.45100740485620805,0.3598363571682675,mit_dataverse
17063,0.49898516079563393,0.4448785539446432,mit_dataverse
17065,0.42120075046904315,0.3219994925145902,mit_dataverse
17067,0.43732178688351464,0.40061464164197125,mit_dataverse
17069,0.39556541019955654,0.3184549356223176,mit_dataverse
17071,0.5807551127425276,0.554372197309417,mit_dataverse
17073,0.5318135969336292,0.5070306718197517,mit_dataverse
17075,0.3414974992644896,0.26697434292866085,mit_dataverse
17077,0.5972113426288579,0.5546809928369149,mit_dataverse
17079,0.40206587409861627,0.2847511401943288,mit_dataverse
17081,0.4353304941368648,0.37310049019607844,mit_dataverse
17083,0.4764244543135217,0.36820965960437796,mit_dataverse
17085,0.544936170212766,0.4958439058535305,mit_dataverse
17087,0.31706490425351636,0.2771509167842031,mit_dataverse
17089,0.5522842849678478,0.497307891346715,mit_dataverse
17091,0.5154531822725759,0.4745215232151882,mit_dataverse
17093,0.5305912375887285,0.47512422031927265,mit_dataverse
17095,0.591587460396865,0.5778417389810121,mit_dataverse
17097,0.5925745139666673,0.5348199782255568,mit_dataverse
17099,0.5468367041944804,0.4882244651812353,mit_dataverse
17101,0.4614443084455324,0.3357822674903991,mit_dataverse
17103,0.47585488417698246,0.45336906084569634,mit_dataverse
17105,0.396096,0.3337987898131525,mit_dataverse
17107,0.4071029776674938,0.3300423131170663,mit_dataverse
17109,0.5200889434135869,0.4791231732776618,mit_dataverse
17111,0.5190567826061981,0.4467663847464212,mit_dataverse
17113,0.49754455445544554,0.43447984519364424,mit_dataverse
17115,0.49763745704467355,0.46585819750915153,mit_dataverse
17117,0.5403834979662987,0.4504521656354117,mit_dataverse
17119,0.5374959091121605,0.48110195716606924,mit_dataverse
17121,0.4805920294862935,0.3948870844963207,mit_dataverse
17123,0.4864992894362861,0.41965811965811967,mit_dataverse
17125,0.5202702702702703,0.4571109693877551,mit_dataverse
17127,0.3747564709156694,0.3220939183987683,mit_dataverse
17129,0.4186262376237624,0.3414079011542839,mit_dataverse
17131,0.5523282097649186,0.528122802906023,mit_dataverse
17133,0.43980534203395455,0.3565282239559431,mit_dataverse
17135,0.5043120192681221,0.4168795846039726,mit_dataverse
17137,0.4863544584120367,0.41188989784335983,mit_dataverse
17139,0.42619808306709267,0.3539706125144461,mit_dataverse
17141,0.4528370221327968,0.4071553900800274,mit_dataverse
17143,0.5618574366004112,0.5127979492673221,mit_dataverse
17145,0.4703351675837919,0.39993716619541314,mit_dataverse
17147,0.4288254250472275,0.35488687263121627,mit_dataverse
17149,0.39705882352941174,0.31265440570958003,mit_dataverse
17151,0.3787539220080681,0.2925292529252925,mit_dataverse
17153,0.5009174311926605,0.46253746253746253,mit_dataverse
17155,0.5693736889421637,0.49728867623604467,mit_dataverse
17157,0.48644915142744377,0.40015286270150086,mit_dataverse
17159,0.41581699346405226,0.32436143916506455,mit_dataverse
17161,0.6170962412830222,0.6022671342438785,mit_dataverse
17163,0.6056750222674641,0.563214638474545,mit_dataverse
17165,0.4447847392369618,0.34524253731343285,mit_dataverse
17167,0.5138838802740714,0.4465359449399239,mit_dataverse
17169,0.4969918911849333,0.44395886889460157,mit_dataverse
17171,0.41923076923076924,0.3561643835616438,mit_dataverse
17173,0.3905962458594038,0.3215007215007215,mit_dataverse
17175,0.46680426556587545,0.4113448534936138,mit_dataverse
17177,0.5252950705855126,0.4827831868914747,mit_dataverse
17179,0.46017477370250887,0.40030795439654043,mit_dataverse
17181,0.42979376919701623,0.37877324317797634,mit_dataverse
17183,0.49422000486736434,0.42482021508214024,mit_dataverse
17185,0.425804219993082,0.30970003895597975,mit_dataverse
17187,0.5338149209116951,0.5189272423970229,mit_dataverse
17189,0.42133131618759456,0.33085752869682644,mit_dataverse
17191,0.3155742782802627,0.19713541666666667,mit_dataverse
17193,0.4447873339594794,0.30973952434881086,mit_dataverse
17195,0.5800564929755445,0.57819443361659,mit_dataverse
17197,0.5600377068640459,0.5199558739234355,mit_dataverse
17199,0.4190000324454106,0.365336444429194,mit_dataverse
17201,0.5556886797692632,0.5188260606468097,mit_dataverse
17203,0.35923625724991015,0.2952209388576878,mit_dataverse
18001,0.3646858580626064,0.29252171239720237,mit_dataverse
18003,0.474062691253559,0.40857770911738883,mit_dataverse
18005,0.43703894597815934,0.3623064857123372,mit_dataverse
18007,0.40980597797587837,0.32392397987702626,mit_dataverse
18009,0.4920051461128469,0.4062829432848408,mit_dataverse
18011,0.3659699028033174,0.30024876518729493,mit_dataverse
18013,0.47846058348851644,0.40241977906365073,mit_dataverse
18015,0.42765567765567764,0.3373879641485275,mit_dataverse
18017,0.4479013607615154,0.37928112421439164,mit_dataverse
18019,0.45998952331063386,0.4413311839816739,mit_dataverse
18021,0.43475208424747697,0.32084569732937684,mit_dataverse
18023,0.42826016785022597,0.3347161792977841,mit_dataverse
18025,0.48187183811129847,0.44466230936819173,mit_dataverse
18027,0.3183449839410542,0.2377560975609756,mit_dataverse
18029,0.3206103434307062,0.29200214707461086,mit_dataverse
18031,0.3710907704042716,0.2853123787349631,mit_dataverse
18033,0.4183917429587731,0.33188388045075945,mit_dataverse
18035,0.569239716824098,0.5037804661092332,mit_dataverse
18037,0.4712092647454888,0.3517419911552152,mit_dataverse
18039,0.43939097091998097,0.35959146377409656,mit_dataverse
18041,0.463855421686747,0.4022858436120855,mit_dataverse
18043,0.4451104359963872,0.41954397394136805,mit_dataverse
18045,0.41754385964912283,0.3145830403600056,mit_dataverse
18047,0.3208294062205467,0.27547348484848483,mit_dataverse
18049,0.4110592938041306,0.3225449175486094,mit_dataverse
18051,0.4276250414044386,0.33475986685687115,mit_dataverse
18053,0.4294079622799346,0.37923670160174017,mit_dataverse
18055,0.4188861985472155,0.33178247273281974,mit_dataverse
18057,0.38511126262939316,0.31999883094773607,mit_dataverse
18059,0.3466557673780399,0.2837438723624517,mit_dataverse
18061,0.4028522469736333,0.3738894233489899,mit_dataverse
18063,0.3779231775844816,0.316787707820659,mit_dataverse
18065,0.47183263755335614,0.4005366443941706,mit_dataverse
18067,0.46269159072079535,0.41705704050702674,mit_dataverse
18069,0.3578515433610975,0.29153187440532824,mit_dataverse
18071,0.4232761597789801,0.3493298228817616,mit_dataverse
18073,0.39176699029126216,0.36228287841191065,mit_dataverse
18075,0.4507516536380036,0.3876724465257562,mit_dataverse
18077,0.4636767976278725,0.43638579917720555,mit_dataverse
18079,0.44868654447166145,0.37278048780487805,mit_dataverse
18081,0.3675226792169702,0.2977710302946657,mit_dataverse
18083,0.460849975645397,0.34519643446682075,mit_dataverse
18085,0.3064976438574368,0.22827677977378577,mit_dataverse
18087,0.3859445790749131,0.311077715757836,mit_dataverse
18089,0.6672878035227561,0.6487822044231207,mit_dataverse
18091,0.6022720006820265,0.5518875483619881,mit_dataverse
18093,0.3889068738534585,0.32426214790708113,mit_dataverse
18095,0.525845831880014,0.46604926484628606,mit_dataverse
18097,0.6378788597698241,0.6025921355732029,mit_dataverse
18099,0.4252830188679245,0.34545454545454546,mit_dataverse
18101,0.34795023455027535,0.28484081804764916,mit_dataverse
18103,0.3942464394529866,0.3303340896643455,mit_dataverse
18105,0.6556988056632128,0.5843105045174143,mit_dataverse
18107,0.39339221458946677,0.29577562326869805,mit_dataverse
18109,0.3585436118149318,0.2819288190759216,mit_dataverse
18111,0.43424317617866004,0.3912274495932083,mit_dataverse
18113,0.41616590078944266,0.3219034720512189,mit_dataverse
18115,0.3968471555860178,0.3526073075558709,mit_dataverse
18117,0.4192431362849369,0.37795781893004116,mit_dataverse
18119,0.4369645042839657,0.3479600640946629,mit_dataverse
18121,0.4198736358414704,0.32386799693016116,mit_dataverse
18123,0.6055359246171967,0.548063492063492,mit_dataverse
18125,0.44790975447909753,0.35858926763415455,mit_dataverse
18127,0.5300340927539369,0.5100288886759129,mit_dataverse
18129,0.4563464098347819,0.3707672174055292,mit_dataverse
18131,0.4134808853118712,0.3517318021855899,mit_dataverse
18133,0.43247303017888844,0.325909320992118,mit_dataverse
18135,0.44772390821613617,0.36990872509569145,mit_dataverse
18137,0.3435346242205448,0.29509241555130655,mit_dataverse
18139,0.4232533752785424,0.316111585539425,mit_dataverse
18141,0.5803748659081502,0.5100086717733776,mit_dataverse
18143,0.48113101272952574,0.45848623853211007,mit_dataverse
18145,0.39757596449300103,0.31974940334128876,mit_dataverse
18147,0.4949415578037521,0.41385690789473684,mit_dataverse
18149,0.5047538559053455,0.4351153758281928,mit_dataverse
18151,0.4442245157641736,0.3543629061701351,mit_dataverse
18153,0.4878159872466409,0.38492159227985523,mit_dataverse
18155,0.45,0.4230203120400353,mit_dataverse
18157,0.552063241568765,0.46947061304836896,mit_dataverse
18159,0.4152293343554363,0.3302104548540394,mit_dataverse
18161,0.3655913978494624,0.32838709677419353,mit_dataverse
18163,0.507661996497373,0.4381663996464284,mit_dataverse
18165,0.5610371408549404,0.45266676796839384,mit_dataverse
18167,0.5729190500160161,0.49432003410487246,mit_dataverse
18169,0.39333862014274384,0.30860649370824916,mit_dataverse
18171,0.4389694847423712,0.34842105263157896,mit_dataverse
18173,0.430106401534973,0.35700365408038975,mit_dataverse
18175,0.40353825740822646,0.36406817546800785,mit_dataverse
18177,0.47122050276591276,0.41570828590493386,mit_dataverse
18179,0.3368010403120936,0.2656358716660224,mit_dataverse
18181,0.4494288102535525,0.3672624457235181,mit_dataverse
18183,0.38596260205425337,0.2944507361268403,mit_dataverse
19001,0.47471009129040215,0.44794794794794796,mit_dataverse
19003,0.5067996373526745,0.47048054919908466,mit_dataverse
19005,0.5625442697265902,0.5124026535910009,mit_dataverse
19007,0.4808937823834197,0.47253803042433945,mit_dataverse
19009,0.506259097525473,0.4660109921897599,mit_dataverse
19011,0.5147316219369895,0.4893389431648007,mit_dataverse
19013,0.6049247394828252,0.5930951281631194,mit_dataverse
19015,0.5281068274822314,0.5221017514595496,mit_dataverse
19017,0.5391966436174346,0.5067435935860932,mit_dataverse
19019,0.5852195782549816,0.5610821072615092,mit_dataverse
19021,0.4840817296269898,0.44136943814863416,mit_dataverse
19023,0.46943901758303097,0.4412193505632869,mit_dataverse
19025,0.45062560153994224,0.42791586998087955,mit_dataverse
19027,0.5104457494945606,0.4634626194491287,mit_dataverse
19029,0.4368707482993197,0.39666897987508676,mit_dataverse
19031,0.54019658561821,0.5152865581925589,mit_dataverse
19033,0.5967274233637117,0.5589321692411015,mit_dataverse
19035,0.4540455616653574,0.4106001558846454,mit_dataverse
19037,0.5959289077927996,0.5481184454040715,mit_dataverse
19039,0.49921224397929326,0.49413092550790066,mit_dataverse
19041,0.46737318409145034,0.398141613737944,mit_dataverse
19043,0.5779285793747914,0.525935653315824,mit_dataverse
19045,0.6075488490634734,0.60564,mit_dataverse
19047,0.5166179947156168,0.4540876777251185,mit_dataverse
19049,0.4641237745098039,0.43488298877111975,mit_dataverse
19051,0.44036697247706424,0.4028624436787702,mit_dataverse
19053,0.4841540711847879,0.46725802243673364,mit_dataverse
19055,0.5223008650713403,0.49221582426956706,mit_dataverse
19057,0.6058337384540593,0.5831739023792004,mit_dataverse
19059,0.4668887542903291,0.40309085539915346,mit_dataverse
19061,0.5966467165766479,0.565253271505482,mit_dataverse
19063,0.5124626121635095,0.44783443567313846,mit_dataverse
19065,0.5758845891412419,0.5529616052479259,mit_dataverse
19067,0.5959708317884068,0.5667918130071454,mit_dataverse
19069,0.5001942501942502,0.43694562283069804,mit_dataverse
19071,0.4745762711864407,0.4462922573609597,mit_dataverse
19073,0.49354704412989175,0.49009492364836976,mit_dataverse
19075,0.4086115992970123,0.3784831944843436,mit_dataverse
19077,0.44894817855310415,0.43631114130434784,mit_dataverse
19079,0.49740034662045063,0.4771035700769522,mit_dataverse
19081,0.4730185497470489,0.42548523206751054,mit_dataverse
19083,0.4958798961508071,0.4579680827152169,mit_dataverse
19085,0.4691211401425178,0.42829827915869984,mit_dataverse
19087,0.46379439053002025,0.4599360626998041,mit_dataverse
19089,0.6220389170896785,0.5959095801937567,mit_dataverse
19091,0.4217102694260055,0.38231872818922064,mit_dataverse
19093,0.409923879334649,0.36063336063336066,mit_dataverse
19095,0.49169201965831966,0.46740356417775775,mit_dataverse
19097,0.6129583124058262,0.5767428236672525,mit_dataverse
19099,0.5277792080737346,0.5255956956187549,mit_dataverse
19101,0.5874174487313173,0.5624853458382181,mit_dataverse
19103,0.6992394655704008,0.6668597075430722,mit_dataverse
19105,0.5443822471011596,0.5296200593358216,mit_dataverse
19107,0.4696884909531804,0.43733383972654766,mit_dataverse
19109,0.5084093657249643,0.43146923680376553,mit_dataverse
19111,0.5701927542963307,0.5665485696155677,mit_dataverse
19113,0.6002117242291914,0.5789722505972833,mit_dataverse
19115,0.5128048780487805,0.49355877616747185,mit_dataverse
19117,0.4538134645493178,0.45963451306962755,mit_dataverse
19119,0.26942255106964774,0.21862037179290214,mit_dataverse
19121,0.4402122641509434,0.4291794750532041,mit_dataverse
19123,0.4083424807903403,0.38711752274189104,mit_dataverse
19125,0.43576042278332355,0.42443602646011197,mit_dataverse
19127,0.5372246341855604,0.538029794376836,mit_dataverse
19129,0.4086789343586927,0.3948973932334997,mit_dataverse
19131,0.551335414498786,0.5068027210884354,mit_dataverse
19133,0.47852376980817346,0.44306199915647404,mit_dataverse
19135,0.46423960753937515,0.45195822454308093,mit_dataverse
19137,0.43994703990921125,0.3824875621890547,mit_dataverse
19139,0.571159579475914,0.5699974830103196,mit_dataverse
19141,0.3188326742124642,0.26821958861190576,mit_dataverse
19143,0.3316277582347298,0.2855353788353162,mit_dataverse
19145,0.3942359978249048,0.36911993219381267,mit_dataverse
19147,0.5052018310445276,0.4376918354818907,mit_dataverse
19149,0.36996483375959077,0.32154440154440156,mit_dataverse
19151,0.4487658937920718,0.3777281746031746,mit_dataverse
19153,0.5643278945453528,0.561271747013745,mit_dataverse
19155,0.4828922495274102,0.4643861847237654,mit_dataverse
19157,0.5501943973681587,0.5370426065162908,mit_dataverse
19159,0.4596504276682782,0.4563293574451712,mit_dataverse
19161,0.44646744508212943,0.40105840105840107,mit_dataverse
19163,0.5664748584594366,0.5611601652947498,mit_dataverse
19165,0.4436696110336278,0.38084220268394264,mit_dataverse
19167,0.18182909265482478,0.1559972267159695,mit_dataverse
19169,0.5700053676865271,0.5555037115588547,mit_dataverse
19171,0.5535593220338983,0.5287789730509038,mit_dataverse
19173,0.44514210178453406,0.4213689482470785,mit_dataverse
19175,0.5077001184633609,0.5108275977841196,mit_dataverse
19177,0.4284922394678492,0.3928271224432614,mit_dataverse
19179,0.553637561986065,0.5493341788205454,mit_dataverse
19181,0.49433279742765274,0.4813976679963179,mit_dataverse
19183,0.4865424430641822,0.4648309705561614,mit_dataverse
19185,0.45536912751677855,0.43137931034482757,mit_dataverse
19187,0.5344939096690741,0.5213754646840149,mit_dataverse
19189,0.5350213745478462,0.490537343697195,mit_dataverse
19191,0.6054078014184398,0.5644171779141104,mit_dataverse
19193,0.49068101158456284,0.4953908349807859,mit_dataverse
19195,0.6030068123091379,0.5632790028763183,mit_dataverse
19197,0.48506645817044564,0.45173622172666456,mit_dataverse
20001,0.373868488471392,0.3519774011299435,mit_dataverse
20003,0.3240485383342526,0.28476621417797887,mit_dataverse
20005,0.45070226672229174,0.38462691039856156,mit_dataverse
20007,0.24289195775792038,0.20829732065687123,mit_dataverse
20009,0.27376322691507643,0.22212551977565032,mit_dataverse
20011,0.3530452735584722,0.31915574032619126,mit_dataverse
20013,0.3009597806215722,0.26947157525669924,mit_dataverse
20015,0.3285975675384781,0.27916427065363236,mit_dataverse
20017,0.27673410404624277,0.2816679779701023,mit_dataverse
20019,0.21652267818574514,0.17177914110429449,mit_dataverse
20021,0.3718572167615106,0.34185042585462605,mit_dataverse
20023,0.21562082777036048,0.16339410939691446,mit_dataverse
20025,0.21138912855910266,0.1710914454277286,mit_dataverse
20027,0.24888998519980265,0.22626153011394465,mit_dataverse
20029,0.277016400808807,0.24001971414489898,mit_dataverse
20031,0.2648865784499055,0.22990271377368152,mit_dataverse
20033,0.19917864476386038,0.1540948275862069,mit_dataverse
20035,0.3635308624066149,0.3398111723052714,mit_dataverse
20037,0.4949922239502333,0.4567413850786216,mit_dataverse
20039,0.22157622739018087,0.17362924281984335,mit_dataverse
20041,0.27945079035421716,0.2511812981845312,mit_dataverse
20043,0.3128507295173962,0.26506024096385544,mit_dataverse
20045,0.6441814300161055,0.6078928237615536,mit_dataverse
20047,0.24539425202652912,0.21516245487364621,mit_dataverse
20049,0.25313807531380755,0.20525931336742148,mit_dataverse
20051,0.3221659837711898,0.2609697797507256,mit_dataverse
20053,0.28965282505105516,0.2588495575221239,mit_dataverse
20055,0.3163028781147383,0.2952443857331572,mit_dataverse
20057,0.3374323104693141,0.31093039942597467,mit_dataverse
20059,0.37763012181616834,0.3361237488626024,mit_dataverse
20061,0.43130714109216706,0.4247291268323773,mit_dataverse
20063,0.18406205923836388,0.1272595806218366,mit_dataverse
20065,0.22839072382290934,0.191044776119403,mit_dataverse
20067,0.23863209319804585,0.19774501300954034,mit_dataverse
20069,0.2057574327512978,0.16547497446373852,mit_dataverse
20071,0.20268456375838925,0.16865671641791044,mit_dataverse
20073,0.27292672224659936,0.2251530852567122,mit_dataverse
20075,0.2125912408759124,0.18586088939566706,mit_dataverse
20077,0.2632331902718169,0.23022185014650481,mit_dataverse
20079,0.40466278101582015,0.37589198265006296,mit_dataverse
20081,0.1770700636942675,0.15401146131805157,mit_dataverse
20083,0.19251824817518248,0.16886792452830188,mit_dataverse
20085,0.3691028306412922,0.3418449919079302,mit_dataverse
20087,0.3957541899441341,0.3715212779233745,mit_dataverse
20089,0.1976010101010101,0.15297261189044756,mit_dataverse
20091,0.44840032177030115,0.40284292821606255,mit_dataverse
20093,0.20850202429149797,0.19336219336219337,mit_dataverse
20095,0.26282751091703055,0.22686474775611265,mit_dataverse
20097,0.1762114537444934,0.14248251748251747,mit_dataverse
20099,0.42509135200974424,0.3878312803284808,mit_dataverse
20101,0.18792599805258034,0.1853448275862069,mit_dataverse
20103,0.43329737504494786,0.3904761904761905,mit_dataverse
20105,0.21878940731399749,0.19487525286581253,mit_dataverse
20107,0.30864197530864196,0.2619207521826729,mit_dataverse
20109,0.15625,0.14592592592592593,mit_dataverse
20111,0.4588335527844474,0.4304,mit_dataverse
20113,0.3151053339309727,0.28047491258030416,mit_dataverse
20115,0.2972437695989437,0.25605472360880016,mit_dataverse
20117,0.35424940428911833,0.30777288916823803,mit_dataverse
20119,0.18487830139823924,0.15096547688706846,mit_dataverse
20121,0.3734148403459713,0.31717824448034465,mit_dataverse
20123,0.21885732126131752,0.196964586846543,mit_dataverse
20125,0.3119292442654778,0.2819521623580575,mit_dataverse
20127,0.3192537838789159,0.28024980483996875,mit_dataverse
20129,0.16333808844507847,0.14788732394366197,mit_dataverse
20131,0.26721403246874414,0.19896538002387584,mit_dataverse
20133,0.35636818687430477,0.31635802469135804,mit_dataverse
20135,0.18950819672131147,0.15096952908587258,mit_dataverse
20137,0.20579710144927535,0.17118279569892472,mit_dataverse
20139,0.33589607635206786,0.32841007819287577,mit_dataverse
20141,0.20880829015544042,0.176278563656148,mit_dataverse
20143,0.22812702527543746,0.1902488919195363,mit_dataverse
20145,0.30635637374088226,0.2753067484662577,mit_dataverse
20147,0.1968503937007874,0.14892787524366471,mit_dataverse
20149,0.2642065670427976,0.24633400147694903,mit_dataverse
20151,0.3088305489260143,0.2578268876611418,mit_dataverse
20153,0.1762427372498386,0.13157894736842105,mit_dataverse
20155,0.374019312009656,0.3310539677340103,mit_dataverse
20157,0.23961063272182703,0.17758749069247953,mit_dataverse
20159,0.2892315344441681,0.24748709589785384,mit_dataverse
20161,0.45636387354872376,0.42543007440405667,mit_dataverse
20163,0.18083462132921174,0.1467479674796748,mit_dataverse
20165,0.28298708590679394,0.2337579617834395,mit_dataverse
20167,0.22350440327968418,0.1853125,mit_dataverse
20169,0.35922415306301564,0.3275027912169706,mit_dataverse
20171,0.14731528223955942,0.13499025341130605,mit_dataverse
20173,0.42720758769904477,0.39354274310396675,mit_dataverse
20175,0.2797976011994003,0.28786707882534773,mit_dataverse
20177,0.4898606507715884,0.48328279395618756,mit_dataverse
20179,0.18459302325581395,0.12518628912071536,mit_dataverse
20181,0.25443786982248523,0.21997712542889822,mit_dataverse
20183,0.20235934664246824,0.17696490360850223,mit_dataverse
20185,0.26133076181292186,0.21968461120174007,mit_dataverse
20187,0.22732769044740025,0.18840579710144928,mit_dataverse
20189,0.13305124588622472,0.12389380530973451,mit_dataverse
20191,0.3243687723710941,0.29077781424351823,mit_dataverse
20193,0.21426626735638443,0.17213586643638457,mit_dataverse
20195,0.2513464991023339,0.18429385687143762,mit_dataverse
20197,0.294234592445328,0.2809917355371901,mit_dataverse
20199,0.11940298507462686,0.08521303258145363,mit_dataverse
20201,0.22114093959731543,0.18137763932156456,mit_dataverse
20203,0.15996074582924436,0.1590678824721378,mit_dataverse
20205,0.28391167192429023,0.2200699488835082,mit_dataverse
20207,0.32020012507817386,0.2626123013130615,mit_dataverse
20209,0.6973184767968654,0.6760613346998305,mit_dataverse
21001,0.22855576870375446,0.21842105263157896,mit_dataverse
21003,0.27388362652232745,0.25464788732394367,mit_dataverse
21005,0.32808946171341924,0.32122093023255816,mit_dataverse
21007,0.3514778325123153,0.30526315789473685,mit_dataverse
21009,0.32331766525852323,0.32592950265572185,mit_dataverse
21011,0.48646268985252034,0.4294032023289665,mit_dataverse
21013,0.28985205251093976,0.23454967306475427,mit_dataverse
21015,0.3208728876984283,0.2976328769210261,mit_dataverse
21017,0.4063625450180072,0.38811056418023476,mit_dataverse
21019,0.42989840348330915,0.40821040474565595,mit_dataverse
21021,0.3774436090225564,0.36135132950779925,mit_dataverse
21023,0.36510738452486025,0.35488861386138615,mit_dataverse
21025,0.4383697813121272,0.31190095846645366,mit_dataverse
21027,0.3649378080262849,0.35449868239427784,mit_dataverse
21029,0.33121786109483825,0.31376065955505206,mit_dataverse
21031,0.29300923308837384,0.2555335968379447,mit_dataverse
21033,0.35683174705597676,0.31604095563139933,mit_dataverse
21035,0.4002207218904181,0.35277335456475584,mit_dataverse
21037,0.3876715388242301,0.37533912437464223,mit_dataverse
21039,0.3358807795185327,0.286368843069874,mit_dataverse
21041,0.44745762711864406,0.44266304347826085,mit_dataverse
21043,0.4398247223071436,0.3797709923664122,mit_dataverse
21045,0.20463320463320464,0.1782958463306518,mit_dataverse
21047,0.3898498551233647,0.3758597130494193,mit_dataverse
21049,0.367865369848989,0.3391281785158277,mit_dataverse
21051,0.21075502444323738,0.15048083434918055,mit_dataverse
21053,0.1824065196548418,0.17118142499430913,mit_dataverse
21055,0.3190839694656489,0.24909185262065386,mit_dataverse
21057,0.2491955666785842,0.20988086895585142,mit_dataverse
21059,0.4420246664527073,0.38510704017867753,mit_dataverse
21061,0.31347248576850095,0.2943444730077121,mit_dataverse
21063,0.610337972166998,0.4943726552730304,mit_dataverse
21065,0.2926232593150169,0.26157407407407407,mit_dataverse
21067,0.5174123896301287,0.493222951392751,mit_dataverse
21069,0.3907750342935528,0.3305084745762712,mit_dataverse
21071,0.480873619005045,0.3178643384822028,mit_dataverse
21073,0.4886830848457162,0.49427947036894204,mit_dataverse
21075,0.4382300884955752,0.41193067311567916,mit_dataverse
21077,0.4002505480739117,0.40444299248611565,mit_dataverse
21079,0.27905686546463243,0.23470397060901513,mit_dataverse
21081,0.35549463102581674,0.32644052044609667,mit_dataverse
21083,0.36168368926029093,0.29329807134103075,mit_dataverse
21085,0.31848934666262746,0.29597670154244415,mit_dataverse
21087,0.23705453829493994,0.23990939044481055,mit_dataverse
21089,0.41910368401063425,0.3973496835443038,mit_dataverse
21091,0.5152027027027027,0.44339622641509435,mit_dataverse
21093,0.3913478369592398,0.3879341118873986,mit_dataverse
21095,0.2608432519669155,0.1717181195458384,mit_dataverse
21097,0.3841897233201581,0.3449671925171018,mit_dataverse
21099,0.335875623349956,0.3447598912715192,mit_dataverse
21101,0.5059664669452696,0.4344860917194716,mit_dataverse
21103,0.39384304090186445,0.38391502276176026,mit_dataverse
21105,0.36088888888888887,0.32071061243571763,mit_dataverse
21107,0.367169733305768,0.2928618404411393,mit_dataverse
21109,0.1422281776416539,0.12092471843509188,mit_dataverse
21111,0.5550704734777842,0.5482700638143112,mit_dataverse
21113,0.308499060057386,0.290844763243348,mit_dataverse
21115,0.2826112480920512,0.1907028223574986,mit_dataverse
21117,0.38819579845484,0.3680727874276261,mit_dataverse
21119,0.44879725085910654,0.24942912348498156,mit_dataverse
21121,0.2699095618579331,0.22378378378378377,mit_dataverse
21123,0.30964713499514407,0.3006592643997224,mit_dataverse
21125,0.20524444444444445,0.17426811852909674,mit_dataverse
21127,0.36041777305717826,0.2718168812589413,mit_dataverse
21129,0.2711864406779661,0.22683949675943577,mit_dataverse
21131,0.1742096884239254,0.08747474747474747,mit_dataverse
21133,0.31851851851851853,0.1943366065311715,mit_dataverse
21135,0.31517428511792944,0.2814007129377228,mit_dataverse
21137,0.30073216041962625,0.2821241258741259,mit_dataverse
21139,0.35314609187894624,0.298381733540235,mit_dataverse
21141,0.3499540863177227,0.3300666032350143,mit_dataverse
21143,0.40907911802853436,0.35764522010940347,mit_dataverse
21145,0.36694413734798725,0.32935092141010114,mit_dataverse
21147,0.23266136489735528,0.18731382512703698,mit_dataverse
21149,0.44391677973767524,0.34095238095238095,mit_dataverse
21151,0.38085871469404065,0.3454774623371946,mit_dataverse
21153,0.4525908406794238,0.2920913167549939,mit_dataverse
21155,0.472225869993434,0.4670675047827275,mit_dataverse
21157,0.36695292826241366,0.3194859723901011,mit_dataverse
21159,0.218851570964247,0.15010460251046026,mit_dataverse
21161,0.4059823058559191,0.37668943467519256,mit_dataverse
21163,0.38756023558807784,0.3776108464639062,mit_dataverse
21165,0.5126556850140619,0.403387220939184,mit_dataverse
21167,0.3140159045725646,0.29842036422175267,mit_dataverse
21169,0.32150512026673017,0.3405831739961759,mit_dataverse
21171,0.2287245444801715,0.1972187104930468,mit_dataverse
21173,0.40983447875326684,0.36114363778298203,mit_dataverse
21175,0.4290934003197077,0.30612701252236135,mit_dataverse
21177,0.4826596322445496,0.37451919302928016,mit_dataverse
21179,0.4218009478672986,0.41067285382830626,mit_dataverse
21181,0.42828282828282827,0.3672994963192561,mit_dataverse
21183,0.40843228013684846,0.30966203607713044,mit_dataverse
21185,0.34111065629690274,0.3091955561504484,mit_dataverse
21187,0.3565565144180173,0.3293833662497257,mit_dataverse
21189,0.22597864768683273,0.17911392405063292,mit_dataverse
21191,0.3493622888659083,0.3359233827249729,mit_dataverse
21193,0.33195180722891565,0.19988282394297432,mit_dataverse
21195,0.4206598065627346,0.23887290573701134,mit_dataverse
21197,0.41532582461786,0.3615264449899576,mit_dataverse
21199,0.21695257315842584,0.19136253509210477,mit_dataverse
21201,0.44433497536945815,0.36363636363636365,mit_dataverse
21203,0.22473700988205292,0.17648005148005147,mit_dataverse
21205,0.49963208241353935,0.44853228962818004,mit_dataverse
21207,0.20989966555183948,0.1827032494626375,mit_dataverse
21209,0.39087683730359857,0.3661109220823409,mit_dataverse
21211,0.3706040992448759,0.355462680169319,mit_dataverse
21213,0.37966890135449444,0.37360778232059777,mit_dataverse
21215,0.3129581314449,0.30233661487368046,mit_dataverse
21217,0.2914364640883978,0.3,mit_dataverse
21219,0.3122849625581866,0.2973717676981772,mit_dataverse
21221,0.34410908533782747,0.31370513200830613,mit_dataverse
21223,0.38929695697796435,0.38244425627998874,mit_dataverse
21225,0.4647000331455088,0.32480347884261584,mit_dataverse
21227,0.40024917884245104,0.3827756645331754,mit_dataverse
21229,0.3582938388625592,0.3197930638053267,mit_dataverse
21231,0.3058643690939411,0.25728155339805825,mit_dataverse
21233,0.4314079422382672,0.3226691042047532,mit_dataverse
21235,0.2542323409223584,0.20524785801713585,mit_dataverse
21237,0.503032345013477,0.38139898397811645,mit_dataverse
21239,0.40879889403919656,0.39596172559195586,mit_dataverse
22001,0.2631224260576563,0.24445686603316563,mit_dataverse
22003,0.3053765712474913,0.2811862039325239,mit_dataverse
22005,0.314036632238947,0.3201104301685822,mit_dataverse
22007,0.43394160583941604,0.43249636098981076,mit_dataverse
22009,0.37353878852284805,0.35679896665100985,mit_dataverse
22011,0.21820378001989485,0.19880492091388402,mit_dataverse
22013,0.48304172274562585,0.484520338747744,mit_dataverse
22015,0.277157072404312,0.2667929656933405,mit_dataverse
22017,0.5102568841249306,0.519321791258444,mit_dataverse
22019,0.3682409808720215,0.3470009544086337,mit_dataverse
22021,0.22848967913345597,0.2154368108566582,mit_dataverse
22023,0.16144324466684223,0.10897435897435898,mit_dataverse
22025,0.317511961722488,0.33579775816837587,mit_dataverse
22027,0.4421868147931589,0.4477124183006536,mit_dataverse
22029,0.3952975753122704,0.40863539445629,mit_dataverse
22031,0.4276739822142449,0.4254846371925523,mit_dataverse
22033,0.5049531540570259,0.5180172679150834,mit_dataverse
22035,0.6369766788423714,0.6182634730538922,mit_dataverse
22037,0.4406353674474716,0.45528455284552843,mit_dataverse
22039,0.3663620430645969,0.3379835129993659,mit_dataverse
22041,0.31626763574176997,0.31287489288774634,mit_dataverse
22043,0.1722566319971953,0.1640706126687435,mit_dataverse
22045,0.37662807525325614,0.3632661616312842,mit_dataverse
22047,0.5494793252542476,0.561184906547549,mit_dataverse
22049,0.31747673216132366,0.306149555053792,mit_dataverse
22051,0.3594081272084806,0.3991312385521399,mit_dataverse
22053,0.2905710688097178,0.25367700597058396,mit_dataverse
22055,0.33609711214738297,0.3220534863445591,mit_dataverse
22057,0.25498113107961895,0.24626999360204735,mit_dataverse
22059,0.1312376010987334,0.1162507608034084,mit_dataverse
22061,0.43169712793733683,0.4188911704312115,mit_dataverse
22063,0.1312780004715869,0.1378232399837224,mit_dataverse
22065,0.5849056603773585,0.608058608058608,mit_dataverse
22067,0.4387878787878788,0.4667829395909307,mit_dataverse
22069,0.4570809163883518,0.4601923745509329,mit_dataverse
22071,0.79324888746095,0.8029883469676136,mit_dataverse
22073,0.36899946463625005,0.38912579957356075,mit_dataverse
22075,0.32347593071107283,0.35149916984080476,mit_dataverse
22077,0.44358665058303176,0.4475179056557175,mit_dataverse
22079,0.34990699049042956,0.34549027042865266,mit_dataverse
22081,0.44934111039101315,0.4686914915747868,mit_dataverse
22083,0.3606360962858077,0.36306142137420944,mit_dataverse
22085,0.23259428097803564,0.21824331045459067,mit_dataverse
22087,0.25782865583456427,0.36252239340738085,mit_dataverse
22089,0.3355514430838288,0.3511625152962539,mit_dataverse
22091,0.5768111254851229,0.5911792305286205,mit_dataverse
22093,0.5566698503661255,0.5695038321903994,mit_dataverse
22095,0.5736978204654599,0.6239170572361881,mit_dataverse
22097,0.4769726778528228,0.4722549043148366,mit_dataverse
22099,0.3883803397657925,0.3704635709511265,mit_dataverse
22101,0.40802514954372787,0.399746192893401,mit_dataverse
22103,0.22455092554541883,0.22787904554392305,mit_dataverse
22105,0.33821653429900006,0.3537395956007106,mit_dataverse
22107,0.5414473684210527,0.5561877667140825,mit_dataverse
22109,0.2845522461417478,0.2851609551026192,mit_dataverse
22111,0.2855171144644829,0.28562140070592607,mit_dataverse
22113,0.2523255345709338,0.22891903789970786,mit_dataverse
22115,0.2241105967404401,0.20326713645099295,mit_dataverse
22117,0.3287156357388316,0.3479898821376675,mit_dataverse
22119,0.36179529282977557,0.3693527367506516,mit_dataverse
22121,0.4249957862801281,0.4455926099890402,mit_dataverse
22123,0.17605775015039102,0.18755496921723835,mit_dataverse
22125,0.42969028123887504,0.4225376492989441,mit_dataverse
22127,0.3022740696987596,0.29369452096724824,mit_dataverse
23001,0.5654876937101185,0.5483901479323522,mit_dataverse
23003,0.537450686225482,0.5250147666863556,mit_dataverse
23005,0.6409829973621848,0.6224585739928932,mit_dataverse
23007,0.5887181278379322,0.5752978749539369,mit_dataverse
23009,0.5874397637183274,0.5704405987207377,mit_dataverse
23011,0.5643318279635074,0.5522780603808054,mit_dataverse
23013,0.5973890339425587,0.5992205555807314,mit_dataverse
23015,0.5506856931060045,0.5451173098231922,mit_dataverse
23017,0.566824644549763,0.5550645819170632,mit_dataverse
23019,0.5171561012589012,0.5020438258349934,mit_dataverse
23021,0.46957812168751323,0.46331658291457284,mit_dataverse
23023,0.5704896483733158,0.5684812926805809,mit_dataverse
23025,0.5177032378290239,0.4928389881792875,mit_dataverse
23027,0.5476887871853547,0.5363468021461469,mit_dataverse
23029,0.49513630359072897,0.4927380651679717,mit_dataverse
23031,0.5936094392686032,0.5696160359810101,mit_dataverse
24001,0.35952525048752604,0.32847571189279734,mit_dataverse
24003,0.48153255347258866,0.48676750398800717,mit_dataverse
24005,0.5621675968267802,0.5725891543783234,mit_dataverse
24009,0.4607440361350069,0.451008392284371,mit_dataverse
24011,0.376078075351793,0.37208954106461034,mit_dataverse
24013,0.3310523831996225,0.31917154085176386,mit_dataverse
24015,0.41570574669365085,0.38975988700564973,mit_dataverse
24017,0.6222282430447617,0.6484007338278696,mit_dataverse
24019,0.45253371742830956,0.4698912198912199,mit_dataverse
24021,0.48578957782454624,0.4708705118900226,mit_dataverse
24023,0.29024238657551277,0.23744014592992324,mit_dataverse
24025,0.39378725820187355,0.3948187433507471,mit_dataverse
24027,0.59986366734833,0.5969185150351386,mit_dataverse
24029,0.494311377245509,0.4888933764135703,mit_dataverse
24031,0.7158477533858002,0.7092229688240145,mit_dataverse
24033,0.8886975771737794,0.8973394817198976,mit_dataverse
24035,0.35662299854439594,0.3437801350048216,mit_dataverse
24037,0.42835911639532526,0.4121570759451322,mit_dataverse
24039,0.48155985489721886,0.5038946052505049,mit_dataverse
24041,0.44446084218811494,0.4305195757368395,mit_dataverse
24043,0.4260551948051948,0.3990439008843917,mit_dataverse
24045,0.4643761647632245,0.46463475236044394,mit_dataverse
24047,0.415929203539823,0.40167760758570387,mit_dataverse
24510,0.8715971183243348,0.8719434656798094,mit_dataverse
25001,0.5614576245558328,0.5320362092927168,mit_dataverse
25003,0.7494026916679268,0.7574202152405173,mit_dataverse
25005,0.6040679499835472,0.5919530949157175,mit_dataverse
25007,0.7498341703780915,0.7273887673231219,mit_dataverse
25009,0.5908868562057314,0.5740357083391336,mit_dataverse
25011,0.7242470621806013,0.7169871285555379,mit_dataverse
25013,0.6138970183126854,0.616864355610557,mit_dataverse
25015,0.7147040341837376,0.7027480672866052,mit_dataverse
25017,0.639757806484847,0.6255936990333745,mit_dataverse
25019,0.6730006609385327,0.6258169934640523,mit_dataverse
25021,0.5818083243456378,0.5685860379274268,mit_dataverse
25023,0.527655026658341,0.5139534793065945,mit_dataverse
25025,0.7693567738029351,0.7744640225805782,mit_dataverse
25027,0.5558651228031574,0.5370835952231301,mit_dataverse
26001,0.45109034267912773,0.40498034076015726,mit_dataverse
26003,0.5204210526315789,0.47899523603291466,mit_dataverse
26005,0.4371461133522676,0.39540850263212907,mit_dataverse
26007,0.510772290354657,0.46731839588982443,mit_dataverse
26009,0.43885359514871497,0.3870405456612353,mit_dataverse
26011,0.5111958661417323,0.46792500956510646,mit_dataverse
26013,0.47338090010976946,0.4510028653295129,mit_dataverse
26015,0.4400130868640602,0.4030232884399551,mit_dataverse
26017,0.5674757957790625,0.5222270096101609,mit_dataverse
26019,0.5287612765544669,0.4731845268154732,mit_dataverse
26021,0.5199315015579533,0.46160530780584025,mit_dataverse
26023,0.46010391030899644,0.4031609027818277,mit_dataverse
26025,0.5383668764408998,0.5017744783719376,mit_dataverse
26027,0.5125127248048863,0.4264562027567808,mit_dataverse
26029,0.4744901510405791,0.42150461320085164,mit_dataverse
26031,0.4834184591036616,0.438058748403576,mit_dataverse
26033,0.4898252334211156,0.45618093035209456,mit_dataverse
26035,0.5145877668703234,0.4693424170616114,mit_dataverse
26037,0.4954062554171516,0.46364215623805277,mit_dataverse
26039,0.4793814432989691,0.4393894922218961,mit_dataverse
26041,0.523185060847671,0.4614958448753463,mit_dataverse
26043,0.45037938547066336,0.3865729898516784,mit_dataverse
26045,0.5335670647042489,0.5094728772723954,mit_dataverse
26047,0.4691718551986335,0.4079846405782371,mit_dataverse
26049,0.6545230472587041,0.6355693751139538,mit_dataverse
26051,0.4976965485990484,0.4577604704760391,mit_dataverse
26053,0.5756292352371732,0.5356388595564942,mit_dataverse
26055,0.4772536063858166,0.43490489385195524,mit_dataverse
26057,0.5133047694215808,0.47458684128468975,mit_dataverse
26059,0.42862731673920484,0.37204188481675393,mit_dataverse
26061,0.46806912096168296,0.44503337259521003,mit_dataverse
26063,0.48829880361832506,0.4209506587445105,mit_dataverse
26065,0.6585487182002256,0.6320616058165898,mit_dataverse
26067,0.4599363080639848,0.4277007880128877,mit_dataverse
26069,0.5151899626418552,0.4677757793764988,mit_dataverse
26071,0.49983771502758845,0.4487307949231797,mit_dataverse
26073,0.5883245149911817,0.5405696753596749,mit_dataverse
26075,0.5030669905909829,0.4651239812228206,mit_dataverse
26077,0.5891605049663178,0.5605789994966633,mit_dataverse
26079,0.44475820684786443,0.3942643692011086,mit_dataverse
26081,0.49436575593186805,0.4553407171015581,mit_dataverse
26083,0.4326241134751773,0.41810344827586204,mit_dataverse
26085,0.5515873015873016,0.5205220351806318,mit_dataverse
26087,0.4730170627397381,0.435950365302099,mit_dataverse
26089,0.508503871681416,0.463882618510158,mit_dataverse
26091,0.5161939079063141,0.486897415258027,mit_dataverse
26093,0.4250286035448323,0.37845368477785574,mit_dataverse
26095,0.43467153284671534,0.3817411402157165,mit_dataverse
26097,0.4732645403377111,0.43482538121003445,mit_dataverse
26099,0.5338155032250678,0.5147815069069456,mit_dataverse
26101,0.556153432239219,0.5219319464602483,mit_dataverse
26103,0.5916829893023957,0.5626824874200161,mit_dataverse
26105,0.5134993102542206,0.46946042180224595,mit_dataverse
26107,0.48762323189027,0.4443327617808786,mit_dataverse
26109,0.5401914739884393,0.47990478806188774,mit_dataverse
26111,0.4736312261193859,0.4179240312305408,mit_dataverse
26113,0.3868126001067806,0.32360893695744986,mit_dataverse
26115,0.5126795948810552,0.49840088946234196,mit_dataverse
26117,0.48826291079812206,0.4494514568833314,mit_dataverse
26119,0.4483208955223881,0.4056622450999802,mit_dataverse
26121,0.638665733170367,0.5834329004897391,mit_dataverse
26123,0.46699848517636877,0.40636930812924854,mit_dataverse
26125,0.565292200501314,0.5356019809486393,mit_dataverse
26127,0.5120313374370453,0.4421834061135371,mit_dataverse
26129,0.500650074294205,0.4624071035614323,mit_dataverse
26131,0.5060489060489061,0.44814919468776493,mit_dataverse
26133,0.4403228732087793,0.38733216579100993,mit_dataverse
26135,0.4359981515711645,0.4099455714992578,mit_dataverse
26137,0.44657577679137606,0.3956220419202164,mit_dataverse
26139,0.3730002641852819,0.3230016929681359,mit_dataverse
26141,0.49593604263824115,0.45084745762711864,mit_dataverse
26143,0.5040210661162906,0.47559852670349906,mit_dataverse
26145,0.5790757997886444,0.5545573208786279,mit_dataverse
26147,0.502805933250927,0.45810921934188,mit_dataverse
26149,0.4794179441288616,0.43322908187309883,mit_dataverse
26151,0.448559670781893,0.3926179977135391,mit_dataverse
26153,0.5048543689320388,0.46072134387351776,mit_dataverse
26155,0.5326651105313744,0.5106149232459396,mit_dataverse
26157,0.48575437081804446,0.4393723801099873,mit_dataverse
26159,0.5346603002933901,0.4960867314310077,mit_dataverse
26161,0.6978489164417604,0.6731368880573745,mit_dataverse
26163,0.741396971446414,0.7303600649649128,mit_dataverse
26165,0.46988028527763626,0.41634686595300613,mit_dataverse
27001,0.48831030818278426,0.48260774447604465,mit_dataverse
27003,0.47730266046184916,0.47523127664709197,mit_dataverse
27005,0.4531093427645152,0.416859968257844,mit_dataverse
27007,0.540519877675841,0.5359394131785407,mit_dataverse
27009,0.43714773256114586,0.4165859625872878,mit_dataverse
27011,0.5190635451505017,0.48225170311939763,mit_dataverse
27013,0.5510407755916737,0.5299644045048725,mit_dataverse
27015,0.4265051395007342,0.404192691506928,mit_dataverse
27017,0.6233942219090466,0.6177587329138642,mit_dataverse
27019,0.4157156371394642,0.3921624227301083,mit_dataverse
27021,0.4461887532961305,0.4248807384920389,mit_dataverse
27023,0.5160478288231592,0.4971778745363651,mit_dataverse
27025,0.4362054256952738,0.42539315919975546,mit_dataverse
27027,0.5696025154653269,0.5264834175725265,mit_dataverse
27029,0.4405069232574513,0.41767929473433407,mit_dataverse
27031,0.6030465949820788,0.5999397953040337,mit_dataverse
27033,0.457090788601723,0.4150460593654043,mit_dataverse
27035,0.45098819849281957,0.422680412371134,mit_dataverse
27037,0.5179268379222254,0.5036586792362914,mit_dataverse
27039,0.43699206893175363,0.4344921080662341,mit_dataverse
27041,0.44248972177072377,0.4129718894669021,mit_dataverse
27043,0.45829244357212956,0.44172176844288863,mit_dataverse
27045,0.52706070856329,0.5245134043334557,mit_dataverse
27047,0.5737847222222222,0.5582425475876931,mit_dataverse
27049,0.4814886605931382,0.47331498779117087,mit_dataverse
27051,0.5131761442441054,0.47232578147404647,mit_dataverse
27053,0.634183012443882,0.6234433473270937,mit_dataverse
27055,0.5426812459799688,0.5055523645414512,mit_dataverse
27057,0.41862863034885717,0.4059027777777778,mit_dataverse
27059,0.4113100284246746,0.396893703318989,mit_dataverse
27061,0.5517524082803853,0.5373134328358209,mit_dataverse
27063,0.4655877645385026,0.4176795580110497,mit_dataverse
27065,0.4404047535004118,0.44085889570552145,mit_dataverse
27067,0.46243434574103676,0.4567901234567901,mit_dataverse
27069,0.5809968847352025,0.5128099173553718,mit_dataverse
27071,0.5364598647456631,0.534375967791886,mit_dataverse
27073,0.5152671755725191,0.4954819277108434,mit_dataverse
27075,0.5989381546850338,0.5928152492668621,mit_dataverse
27077,0.41980112408127973,0.3845120859444942,mit_dataverse
27079,0.4659870744220135,0.4564379858060155,mit_dataverse
27081,0.48528470889315417,0.4580128205128205,mit_dataverse
27083,0.48079949638023295,0.4411527284468841,mit_dataverse
27085,0.394398024068527,0.37557268366301944,mit_dataverse
27087,0.6128894579598805,0.5847846012832264,mit_dataverse
27089,0.487655623549272,0.42528735632183906,mit_dataverse
27091,0.4103589362097824,0.36962071480671044,mit_dataverse
27093,0.42885611797528894,0.40682822990011464,mit_dataverse
27095,0.4483165977554637,0.4452677411962417,mit_dataverse
27097,0.391029086782536,0.36813449802560727,mit_dataverse
27099,0.6048366081200813,0.6003020659150979,mit_dataverse
27101,0.48722210679409933,0.45311516677155445,mit_dataverse
27103,0.5419018909290216,0.5257939750503895,mit_dataverse
27105,0.4815613298536253,0.44518779342723,mit_dataverse
27107,0.6199767035527082,0.5394449641409417,mit_dataverse
27109,0.5062246632666405,0.5022983809183309,mit_dataverse
27111,0.4238994095511977,0.3841174613198611,mit_dataverse
27113,0.4975080621518616,0.4640171858216971,mit_dataverse
27115,0.4925258986303275,0.4833512352309345,mit_dataverse
27117,0.42137054780254113,0.3712871287128713,mit_dataverse
27119,0.511934263727664,0.4609678077996325,mit_dataverse
27121,0.5074969400244798,0.4772654498879283,mit_dataverse
27123,0.6596367516745618,0.6632833850987369,mit_dataverse
27125,0.5111821086261981,0.46987341772151897,mit_dataverse
27127,0.41634640020497055,0.38613607188703464,mit_dataverse
27129,0.47990165949600494,0.44020752269779506,mit_dataverse
27131,0.5465895153935658,0.528527597855394,mit_dataverse
27133,0.4178894472361809,0.40156830375567476,mit_dataverse
27135,0.4022077922077922,0.37704026115342765,mit_dataverse
27137,0.6510259733701416,0.634790733083032,mit_dataverse
27139,0.43508311982363107,0.4146998478652281,mit_dataverse
27141,0.3991331406979329,0.37835687716355976,mit_dataverse
27143,0.38788976581705265,0.3731285988483685,mit_dataverse
27145,0.45317182182944793,0.42752653643742755,mit_dataverse
27147,0.4586894586894587,0.45523948964651745,mit_dataverse
27149,0.4936102236421725,0.4851380042462845,mit_dataverse
27151,0.5543478260869565,0.5374096503223286,mit_dataverse
27153,0.43052949335073837,0.40828602897568417,mit_dataverse
27155,0.5125307125307126,0.5105576610720086,mit_dataverse
27157,0.47473303623980495,0.4603417495536853,mit_dataverse
27159,0.4020086483470498,0.36695626564570755,mit_dataverse
27161,0.44508495145631066,0.44834307992202727,mit_dataverse
27163,0.5127499835837122,0.49392470432622965,mit_dataverse
27165,0.4872575123621149,0.4848367029548989,mit_dataverse
27167,0.45401288810779145,0.3904407200496586,mit_dataverse
27169,0.5837837837837838,0.5500881316098707,mit_dataverse
27171,0.40170484003781753,0.37957119263890526,mit_dataverse
27173,0.505656311725624,0.4553010712966383,mit_dataverse
28001,0.5747324159021406,0.5865863921797113,mit_dataverse
28003,0.2749850189759638,0.23674983142279163,mit_dataverse
28005,0.43902439024390244,0.4207111341811575,mit_dataverse
28007,0.4201047806155861,0.43191816981962167,mit_dataverse
28009,0.48349978289188017,0.49829931972789115,mit_dataverse
28011,0.674015131750587,0.6858957739175525,mit_dataverse
28013,0.35972043930965625,0.36587436332767403,mit_dataverse
28015,0.3420654911838791,0.33494659546061417,mit_dataverse
28017,0.5086474501108648,0.5148771021992238,mit_dataverse
28019,0.35542021924482337,0.3341914345892815,mit_dataverse
28021,0.8592402275646908,0.8822027716994895,mit_dataverse
28023,0.37279025322503584,0.3769538349691021,mit_dataverse
28025,0.5931620839363242,0.6062138728323699,mit_dataverse
28027,0.7200265377689319,0.7386482131007679,mit_dataverse
28029,0.5330475663716814,0.548679459038448,mit_dataverse
28031,0.4087870105062082,0.41484809584937954,mit_dataverse
28033,0.30615046249356564,0.3279174392801775,mit_dataverse
28035,0.4291252815419267,0.4389469506548485,mit_dataverse
28037,0.37133061924148275,0.3841531270865791,mit_dataverse
28039,0.16501507970702284,0.13788555194805194,mit_dataverse
28041,0.2369060006937218,0.223741979061128,mit_dataverse
28043,0.4448867657466384,0.46651962946625497,mit_dataverse
28045,0.22155582995237255,0.22817032678977106,mit_dataverse
28047,0.36756695415342716,0.3650675846387064,mit_dataverse
28049,0.6939040326885204,0.7147270661370444,mit_dataverse
28051,0.8153943085162239,0.8410852713178295,mit_dataverse
28053,0.7105983574501369,0.748848810437452,mit_dataverse
28055,0.6120507399577167,0.6086404066073697,mit_dataverse
28057,0.2119178360789099,0.18308649924876583,mit_dataverse
28059,0.32889406803174076,0.3224117044077905,mit_dataverse
28061,0.5469685425057146,0.5457173447537473,mit_dataverse
28063,0.8686800894854586,0.8912700203022784,mit_dataverse
28065,0.6059863945578231,0.6216491841491841,mit_dataverse
28067,0.303350365213813,0.30541463576378525,mit_dataverse
28069,0.6250719907851795,0.6411322248614411,mit_dataverse
28071,0.43471406827571213,0.4148167136631633,mit_dataverse
28073,0.21671007309081744,0.220740085981759,mit_dataverse
28075,0.4035231090529374,0.4214540684016231,mit_dataverse
28077,0.37068347900845394,0.3684681994625261,mit_dataverse
28079,0.44490889603429795,0.4540799287543137,mit_dataverse
28081,0.3450245400533854,0.3558318699371212,mit_dataverse
28083,0.6814463726014831,0.7139278164879042,mit_dataverse
28085,0.3366354797284902,0.33331302546606556,mit_dataverse
28087,0.4823091247672253,0.49296708152293983,mit_dataverse
28089,0.4203531381817411,0.4180266688184624,mit_dataverse
28091,0.3407042145003467,0.3451174483462959,mit_dataverse
28093,0.5889328063241107,0.5942118226600985,mit_dataverse
28095,0.4114912180002296,0.41707057571817,mit_dataverse
28097,0.4577996139673627,0.4738706820194863,mit_dataverse
28099,0.27431289640591966,0.2804357694053563,mit_dataverse
28101,0.3305598356445814,0.33947018512836247,mit_dataverse
28103,0.7644376899696048,0.7854406130268199,mit_dataverse
28105,0.49627501064282675,0.5020146823425512,mit_dataverse
28107,0.5293938470910753,0.5395815999049091,mit_dataverse
28109,0.19349637194302607,0.1964542836573074,mit_dataverse
28111,0.27180851063829786,0.2668647326109752,mit_dataverse
28113,0.5155624722098711,0.5368866139979971,mit_dataverse
28115,0.23313267140958485,0.22592861171541376,mit_dataverse
28117,0.2797591477535896,0.2807734476228446,mit_dataverse
28119,0.6746089049338146,0.7129932143754713,mit_dataverse
28121,0.22863142488983632,0.2336581183256684,mit_dataverse
28123,0.4316639463963577,0.44911622924477773,mit_dataverse
28125,0.6835125448028674,0.7037914691943128,mit_dataverse
28127,0.38397768035073737,0.385582496530329,mit_dataverse
28129,0.23776730699528814,0.24435115446351402,mit_dataverse
28131,0.2775305895439377,0.2659320233669676,mit_dataverse
28133,0.7025815704553603,0.7302280014250089,mit_dataverse
28135,0.5929510327892532,0.6087959403352299,mit_dataverse
28137,0.39297777079569557,0.39763017894567143,mit_dataverse
28139,0.2724062727178316,0.2528371890004365,mit_dataverse
28141,0.2366136034732272,0.20703125,mit_dataverse
28143,0.758501040943789,0.7930168872660885,mit_dataverse
28145,0.2465108596911388,0.2412670479542455,mit_dataverse
28147,0.445993031358885,0.4531850086081314,mit_dataverse
28149,0.4831636648394675,0.504230751250526,mit_dataverse
28151,0.6723600102275633,0.709155465381689,mit_dataverse
28153,0.38915566226490594,0.40147115756871854,mit_dataverse
28155,0.24802353373781946,0.2273595720290409,mit_dataverse
28157,0.6899648574775479,0.7030702658149598,mit_dataverse
28159,0.4566241413150147,0.4687150269610337,mit_dataverse
28161,0.46331421849727983,0.4768649669499528,mit_dataverse
28163,0.5340551868669228,0.5682444061962134,mit_dataverse
29001,0.4831101002442928,0.41665020738692476,mit_dataverse
29003,0.38054607508532423,0.31892607753431257,mit_dataverse
29005,0.33602150537634407,0.27906976744186046,mit_dataverse
29007,0.41127910212410723,0.35560691318327975,mit_dataverse
29009,0.31617044523354276,0.2656091554396639,mit_dataverse
29011,0.24462004034969737,0.21406195614340412,mit_dataverse
29013,0.39490522757455027,0.329043881096384,mit_dataverse
29015,0.37932476220340755,0.3194277601834662,mit_dataverse
29017,0.2921853388658368,0.2223240469208211,mit_dataverse
29019,0.5520404452733693,0.5017123718868828,mit_dataverse
29021,0.4908811475409836,0.4441975730644334,mit_dataverse
29023,0.3066097589110624,0.2583338267511398,mit_dataverse
29025,0.3974583698510079,0.3148548116150708,mit_dataverse
29027,0.3923192381346721,0.3329859587538394,mit_dataverse
29029,0.3511950481181946,0.2942811574390522,mit_dataverse
29031,0.3268103332887164,0.2723709261955426,mit_dataverse
29033,0.3382547377699427,0.26812267657992567,mit_dataverse
29035,0.33954451345755693,0.2693819221150411,mit_dataverse
29037,0.39546423802786024,0.34845542084926295,mit_dataverse
29039,0.3242052250550834,0.2542597187758478,mit_dataverse
29041,0.4269102990033223,0.35043182412980894,mit_dataverse
29043,0.3152240231318142,0.25848171952375937,mit_dataverse
29045,0.4548611111111111,0.43348837209302327,mit_dataverse
29047,0.49049322117402333,0.4480580363484833,mit_dataverse
29049,0.4347618136598431,0.37399858026569316,mit_dataverse
29051,0.36027874564459933,0.3239166801575738,mit_dataverse
29053,0.37328681784201345,0.3293835707628811,mit_dataverse
29055,0.3878036688150719,0.30806973588057207,mit_dataverse
29057,0.28793774319066145,0.2410164271047228,mit_dataverse
29059,0.3456982949368736,0.291523560928699,mit_dataverse
29061,0.36978341257263603,0.31951150241408693,mit_dataverse
29063,0.3613068545803972,0.27448275862068966,mit_dataverse
29065,0.2993593476994758,0.23859701941893724,mit_dataverse
29067,0.31883194278903454,0.2607899954247369,mit_dataverse
29069,0.38592315538932337,0.34137639658248053,mit_dataverse
29071,0.43121741423731563,0.34963105550208534,mit_dataverse
29073,0.3730536610474842,0.29422483880011213,mit_dataverse
29075,0.37515188335358446,0.3124374791597199,mit_dataverse
29077,0.4140240981613177,0.36726050473587185,mit_dataverse
29079,0.3333333333333333,0.27709190672153633,mit_dataverse
29081,0.32873563218390806,0.26630581867388364,mit_dataverse
29083,0.43632942019894255,0.3562185122987257,mit_dataverse
29085,0.4244379276637341,0.3702991452991453,mit_dataverse
29087,0.30459551842005317,0.23852813852813853,mit_dataverse
29089,0.41936148300720905,0.35401684816108486,mit_dataverse
29091,0.3368371601385871,0.26887311880582404,mit_dataverse
29093,0.5013593112822836,0.41404118084842473,mit_dataverse
29095,0.48762946997264134,0.4479355015907166,mit_dataverse
29097,0.32753774076002085,0.28327214825954267,mit_dataverse
29099,0.5058181336562476,0.4258126645562488,mit_dataverse
29101,0.42934782608695654,0.36473050758765047,mit_dataverse
29103,0.375,0.35666836995401124,mit_dataverse
29105,0.31967162898976903,0.2664366618929827,mit_dataverse
29107,0.4157831325301205,0.35802469135802467,mit_dataverse
29109,0.30636533028791246,0.25496667724531896,mit_dataverse
29111,0.4080408707241226,0.3524187894367843,mit_dataverse
29113,0.4345647558386412,0.3414268055800812,mit_dataverse
29115,0.4447816557073006,0.36774774774774777,mit_dataverse
29117,0.37164224664224665,0.3148331681532871,mit_dataverse
29119,0.30165949600491704,0.24561852373033133,mit_dataverse
29121,0.3724913031843725,0.3224860335195531,mit_dataverse
29123,0.40612569610182975,0.32210953346855986,mit_dataverse
29125,0.35158311345646437,0.2862494490965183,mit_dataverse
29127,0.3746514777344061,0.33155124198058894,mit_dataverse
29129,0.29691075514874143,0.21329305135951662,mit_dataverse
29131,0.30801907238838316,0.24058444504946003,mit_dataverse
29133,0.41952949962658703,0.3776422764227642,mit_dataverse
29135,0.3126781695423856,0.24957318019556107,mit_dataverse
29137,0.3947612424663885,0.3445895982252896,mit_dataverse
29139,0.40078551912568305,0.32663788248545145,mit_dataverse
29141,0.3896600721390316,0.3191758747697974,mit_dataverse
29143,0.41646070192782997,0.38813793103448274,mit_dataverse
29145,0.29323781783830594,0.2561495833831679,mit_dataverse
29147,0.43967120070456994,0.3533868092691622,mit_dataverse
29149,0.3944674362883903,0.3209681067631758,mit_dataverse
29151,0.26938833168526627,0.2128920364214482,mit_dataverse
29153,0.3544600938967136,0.28317987873343814,mit_dataverse
29155,0.42982829572867887,0.42162588792423045,mit_dataverse
29157,0.347519370880074,0.27344434706397897,mit_dataverse
29159,0.3807117750439367,0.34375545851528383,mit_dataverse
29161,0.3803889289021504,0.31874656404617924,mit_dataverse
29163,0.44245654104809035,0.35268405955470566,mit_dataverse
29165,0.4616824440619621,0.4209474885844749,mit_dataverse
29167,0.3324085566182376,0.2728866529461087,mit_dataverse
29169,0.3499333333333333,0.3094097708348685,mit_dataverse
29171,0.29713552800342025,0.25422260718925943,mit_dataverse
29173,0.4014555468135326,0.34471803018268465,mit_dataverse
29175,0.375,0.30480691874497184,mit_dataverse
29177,0.47416990862209357,0.4123661618597473,mit_dataverse
29179,0.4313964101003955,0.3613366645846346,mit_dataverse
29181,0.3347007272049226,0.26524795743872315,mit_dataverse
29183,0.44652546823035183,0.38687059076956215,mit_dataverse
29185,0.3781074578989575,0.3156074362300043,mit_dataverse
29186,0.5641926345609065,0.4724907063197026,mit_dataverse
29187,0.47006109979633404,0.3909751129217961,mit_dataverse
29189,0.5950176295962876,0.5619642276176713,mit_dataverse
29195,0.4784727863525589,0.41611769872639437,mit_dataverse
29197,0.3908219868885527,0.3594636410520887,mit_dataverse
29199,0.37797902764537655,0.33212809917355374,mit_dataverse
29201,0.3471652058138245,0.3013118418730514,mit_dataverse
29203,0.4265242313705055,0.35265438786565545,mit_dataverse
29205,0.33594692400482506,0.2988861386138614,mit_dataverse
29207,0.29399788870456944,0.2450645111145655,mit_dataverse
29209,0.306889607615793,0.24543293293293295,mit_dataverse
29211,0.4088532589752527,0.34990366088631986,mit_dataverse
29213,0.3084841211225997,0.2529664342767441,mit_dataverse
29215,0.3142567505299051,0.26672240802675584,mit_dataverse
29217,0.38082901554404147,0.30278136368970776,mit_dataverse
29219,0.4304699537750385,0.3556146088852548,mit_dataverse
29221,0.49001456209694194,0.39298447383553764,mit_dataverse
29223,0.364478388040299,0.31695804195804195,mit_dataverse
29225,0.34757887013939837,0.2857605807246095,mit_dataverse
29227,0.3637137989778535,0.32538167938931295,mit_dataverse
29229,0.300328870096312,0.24550597108736644,mit_dataverse
29510,0.836753578667741,0.8271184552285056,mit_dataverse
30001,0.3394919168591224,0.28491271820448877,mit_dataverse
30003,0.6736922782142173,0.6230004323389537,mit_dataverse
30005,0.5646980756469807,0.565232598810773,mit_dataverse
30007,0.30774774774774777,0.2537363002324809,mit_dataverse
30009,0.42486956521739133,0.3670886075949367,mit_dataverse
30011,0.12817551963048499,0.12090680100755667,mit_dataverse
30013,0.49903943948468754,0.4406897349843768,mit_dataverse
30015,0.39148639218422887,0.3466855724920241,mit_dataverse
30017,0.41353520612914996,0.34165890027958995,mit_dataverse
30019,0.3196644920782852,0.23535253227408143,mit_dataverse
30021,0.35797752808988764,0.275604793126837,mit_dataverse
30023,0.6704769412692156,0.6412556053811659,mit_dataverse
30025,0.20662768031189083,0.1686832740213523,mit_dataverse
30027,0.31017329910141206,0.2701367155328611,mit_dataverse
30029,0.36891916605705927,0.3195326156960162,mit_dataverse
30031,0.5025016089185991,0.45864834384528635,mit_dataverse
30033,0.15130674002751032,0.09428571428571429,mit_dataverse
30035,0.6885938442969222,0.6567834681042228,mit_dataverse
30037,0.25203252032520324,0.22964509394572025,mit_dataverse
30039,0.349825378346915,0.3126099706744868,mit_dataverse
30041,0.5398588800480408,0.49897360703812316,mit_dataverse
30043,0.4071912947484624,0.34846625766871164,mit_dataverse
30045,0.32119741100323623,0.2773662551440329,mit_dataverse
30047,0.48609813923414036,0.4363349368610944,mit_dataverse
30049,0.5118894505428768,0.4688156552013926,mit_dataverse
30051,0.36663336663336665,0.2601214574898785,mit_dataverse
30053,0.3278422022325783,0.2870964112948588,mit_dataverse
30055,0.29023508137432186,0.22457200402819738,mit_dataverse
30057,0.3517950963222417,0.28454746136865344,mit_dataverse
30059,0.3084886128364389,0.2767489711934156,mit_dataverse
30061,0.4181098466105888,0.34705007436787305,mit_dataverse
30063,0.6180799945858149,0.5739264232759826,mit_dataverse
30065,0.27580225498699046,0.2044038221852929,mit_dataverse
30067,0.4251655629139073,0.4314552919708029,mit_dataverse
30069,0.22666666666666666,0.1644295302013423,mit_dataverse
30071,0.2868705035971223,0.2114003590664273,mit_dataverse
30073,0.4239168110918544,0.35858771607208534,mit_dataverse
30075,0.14814814814814814,0.1655306718597858,mit_dataverse
30077,0.34727891156462587,0.31988472622478387,mit_dataverse
30079,0.25421686746987954,0.2375533428165007,mit_dataverse
30081,0.3800732998506855,0.3280644870755652,mit_dataverse
30083,0.26638618246235607,0.21571582346609258,mit_dataverse
30085,0.5182939155043461,0.568082788671024,mit_dataverse
30087,0.5036745406824147,0.4036332671019018,mit_dataverse
30089,0.33571915473755964,0.29147602101338754,mit_dataverse
30091,0.47507477567298106,0.3449170124481328,mit_dataverse
30093,0.6880782603571218,0.6479470040582478,mit_dataverse
30095,0.3239768587958003,0.2654189706507869,mit_dataverse
30097,0.23531970421922574,0.22437411431270665,mit_dataverse
30099,0.3954767726161369,0.3297775068576653,mit_dataverse
30101,0.3474776049033475,0.2768791627021884,mit_dataverse
30103,0.32098765432098764,0.25054945054945055,mit_dataverse
30105,0.37166741979213735,0.35890126975900494,mit_dataverse
30107,0.29399796541200407,0.27419354838709675,mit_dataverse
30109,0.25932504440497334,0.1801470588235294,mit_dataverse
30111,0.45488492283227555,0.3837254930457657,mit_dataverse
31001,0.3546555639666919,0.3205998421468035,mit_dataverse
31003,0.23767660910518054,0.1766707920792079,mit_dataverse
31005,0.1482889733840304,0.11450381679389313,mit_dataverse
31007,0.14903846153846154,0.13381995133819952,mit_dataverse
31009,0.1360759493670886,0.09570957095709572,mit_dataverse
31011,0.2616361071932299,0.21917320028510334,mit_dataverse
31013,0.3787909218718618,0.3596174282678002,mit_dataverse
31015,0.22522522522522523,0.17553688141923435,mit_dataverse
31017,0.198468410976388,0.1440514469453376,mit_dataverse
31019,0.304099932618048,0.275792936822084,mit_dataverse
31021,0.4171833480956599,0.38251851851851854,mit_dataverse
31023,0.3099765563948945,0.2707955428867582,mit_dataverse
31025,0.3920970136941099,0.35853858784893267,mit_dataverse
31027,0.28509822712026833,0.22104291647438856,mit_dataverse
31029,0.18492407809110628,0.13604713444027852,mit_dataverse
31031,0.19581562602157568,0.1422976501305483,mit_dataverse
31033,0.24240545567265964,0.23316842331684234,mit_dataverse
31035,0.2571711177052423,0.22633186291143537,mit_dataverse
31037,0.3512332188573213,0.31573802541544477,mit_dataverse
31039,0.31172008808416934,0.2593058350100604,mit_dataverse
31041,0.21369666547149516,0.19698072026191343,mit_dataverse
31043,0.46810506566604126,0.4762059973924381,mit_dataverse
31045,0.3403973509933775,0.30364806866952787,mit_dataverse
31047,0.3004007012271475,0.27980659116935996,mit_dataverse
31049,0.24471299093655588,0.21140609636184857,mit_dataverse
31051,0.33858267716535434,0.3239017125837677,mit_dataverse
31053,0.43016077170418004,0.3794648829431438,mit_dataverse
31055,0.5152601885302668,0.4754049310712866,mit_dataverse
31057,0.2139352306182532,0.17868020304568527,mit_dataverse
31059,0.326433661350526,0.2803056616880861,mit_dataverse
31061,0.2847938144329897,0.25,mit_dataverse
31063,0.24857549857549857,0.20766283524904214,mit_dataverse
31065,0.23883161512027493,0.1888392857142857,mit_dataverse
31067,0.44025590551181104,0.40399544560604495,mit_dataverse
31069,0.24868189806678384,0.22181484876260313,mit_dataverse
31071,0.2058252427184466,0.15851063829787235,mit_dataverse
31073,0.2480916030534351,0.23517382413087934,mit_dataverse
31075,0.11171662125340599,0.08264462809917356,mit_dataverse
31077,0.38198498748957466,0.2869198312236287,mit_dataverse
31079,0.36928212119787507,0.3539967373572594,mit_dataverse
31081,0.2775578245467806,0.23526996509956888,mit_dataverse
31083,0.2276330690826727,0.19910011248593926,mit_dataverse
31085,0.15370705244122965,0.09461966604823747,mit_dataverse
31087,0.25090645395213923,0.18327759197324414,mit_dataverse
31089,0.2189384800965018,0.17857865964770198,mit_dataverse
31091,0.17123287671232876,0.14936708860759493,mit_dataverse
31093,0.3614819759679573,0.3184668989547038,mit_dataverse
31095,0.41114417094941846,0.3467788740568775,mit_dataverse
31097,0.43317535545023694,0.3829374697043141,mit_dataverse
31099,0.2780952380952381,0.2430817610062893,mit_dataverse
31101,0.24546370967741934,0.22868408082799407,mit_dataverse
31103,0.21575984990619138,0.1652892561983471,mit_dataverse
31105,0.2424075096631695,0.23414344991108477,mit_dataverse
31107,0.3072967678746327,0.26238850346878095,mit_dataverse
31109,0.5156012236253824,0.48694593851831497,mit_dataverse
31111,0.31000798672974134,0.28425423187480037,mit_dataverse
31113,0.19471153846153846,0.15777262180974477,mit_dataverse
31115,0.21882951653944022,0.17318435754189945,mit_dataverse
31117,0.15358361774744028,0.140893470790378,mit_dataverse
31119,0.29490922036311856,0.25099027727763773,mit_dataverse
31121,0.28737977266103176,0.26511894525652047,mit_dataverse
31123,0.23692045937898767,0.20776255707762556,mit_dataverse
31125,0.3216168717047452,0.29673041332510797,mit_dataverse
31127,0.356937248128958,0.3509645301804605,mit_dataverse
31129,0.29581269698334084,0.25924235508900045,mit_dataverse
31131,0.4110265087422448,0.3668003437410484,mit_dataverse
31133,0.34898843930635837,0.29828486204325133,mit_dataverse
31135,0.21830985915492956,0.17073170731707318,mit_dataverse
31137,0.2347417840375587,0.2009132420091324,mit_dataverse
31139,0.24271543707377558,0.18566015738851646,mit_dataverse
31141,0.28286140089418776,0.23365249016551623,mit_dataverse
31143,0.2626818718049548,0.2148962148962149,mit_dataverse
31145,0.24107850911974624,0.19286871961102106,mit_dataverse
31147,0.38130040322580644,0.3185343674779353,mit_dataverse
31149,0.1735330836454432,0.13054499366286437,mit_dataverse
31151,0.5092363359360121,0.4616780960064542,mit_dataverse
31153,0.4117785422363353,0.37307315708490696,mit_dataverse
31155,0.36887974931453194,0.3206943366951125,mit_dataverse
31157,0.3221317040054311,0.3028627423531882,mit_dataverse
31159,0.35901182095895867,0.3150666842730754,mit_dataverse
31161,0.1844029244516653,0.15776699029126215,mit_dataverse
31163,0.37213740458015265,0.3607843137254902,mit_dataverse
31165,0.1598360655737705,0.13667117726657646,mit_dataverse
31167,0.26613226452905814,0.23222390317700453,mit_dataverse
31169,0.3234298608499436,0.2737871380218127,mit_dataverse
31171,0.13076923076923078,0.10294117647058823,mit_dataverse
31173,0.5268109125117592,0.562979683972912,mit_dataverse
31175,0.2913743293437887,0.22687927107061504,mit_dataverse
31177,0.35959302325581394,0.3056802654694515,mit_dataverse
31179,0.3279936974789916,0.29168929929386206,mit_dataverse
31181,0.3037974683544304,0.2537313432835821,mit_dataverse
31183,0.21818181818181817,0.20758928571428573,mit_dataverse
31185,0.24467113276492083,0.21605035405192763,mit_dataverse
32001,0.32946723243752946,0.28845591816853383,mit_dataverse
32003,0.5847379801342809,0.5641516804351915,mit_dataverse
32005,0.4119827053736875,0.3565484180249281,mit_dataverse
32007,0.28347587240152317,0.21962967596647065,mit_dataverse
32009,0.23690205011389523,0.21149425287356322,mit_dataverse
32011,0.19328859060402684,0.13242574257425743,mit_dataverse
32013,0.3370409604519774,0.3024025069637883,mit_dataverse
32015,0.27450047573739295,0.24665127020785219,mit_dataverse
32017,0.24584717607973422,0.18587360594795538,mit_dataverse
32019,0.39828460408472727,0.3438155136268344,mit_dataverse
32021,0.46900736887732986,0.42407862407862407,mit_dataverse
32023,0.4131267509004631,0.360689419016094,mit_dataverse
32027,0.36655773420479304,0.3354564755838641,mit_dataverse
32029,0.4557485525227461,0.3975799481417459,mit_dataverse
32031,0.5524571263870874,0.5078864017460275,mit_dataverse
32033,0.32014575741801143,0.2653887688984881,mit_dataverse
32510,0.49083614864864866,0.44131394999785584,mit_dataverse
33001,0.49967275539953593,0.4689252198548073,mit_dataverse
33003,0.5238504955947136,0.48884303301622833,mit_dataverse
33005,0.6298250939915466,0.6135918574571477,mit_dataverse
33007,0.5830682652312209,0.5792255763596994,mit_dataverse
33009,0.6303066746843055,0.6086317722681359,mit_dataverse
33011,0.5120439257677972,0.49740849507954416,mit_dataverse
33013,0.562729383566774,0.5559889686700291,mit_dataverse
33015,0.49887976546579116,0.47026446581660497,mit_dataverse
33017,0.5950068913669966,0.5632582864290181,mit_dataverse
33019,0.5822712490111629,0.5572043601722085,mit_dataverse
34001,0.5744751128539124,0.5796128257008809,mit_dataverse
34003,0.5461615265680815,0.5520242237426928,mit_dataverse
34005,0.5926409350808892,0.5852521117368109,mit_dataverse
34007,0.6817798478550299,0.681734300974147,mit_dataverse
34009,0.45439749111768324,0.4518370157100832,mit_dataverse
34011,0.6074559877531139,0.6159118859871229,mit_dataverse
34013,0.762866503282498,0.7808685263960345,mit_dataverse
34015,0.5599788378194257,0.5474901247170565,mit_dataverse
34017,0.7334830690751281,0.7752146791963707,mit_dataverse
34019,0.43091795829172636,0.40418684392576776,mit_dataverse
34021,0.6807106951163363,0.679931731276586,mit_dataverse
34023,0.6087461798673908,0.6324112639596435,mit_dataverse
34025,0.47992836745559264,0.4688567424237089,mit_dataverse
34027,0.4579886435948896,0.44041127216436815,mit_dataverse
34029,0.40591247329256613,0.4071236692866381,mit_dataverse
34031,0.6082676319577219,0.6369980438270655,mit_dataverse
34033,0.5182337930811719,0.4989322395850988,mit_dataverse
34035,0.5296435034020419,0.5219070541973944,mit_dataverse
34037,0.39323697845650396,0.3842609630076693,mit_dataverse
34039,0.6409109449354181,0.6660217031801783,mit_dataverse
34041,0.4268774703557312,0.4140711287828584,mit_dataverse
35001,0.6003121303949219,0.5562961076728334,mit_dataverse
35003,0.3143939393939394,0.263777673104098,mit_dataverse
35005,0.3707036903039074,0.32544845259215455,mit_dataverse
35006,0.640540837638782,0.6018439888390149,mit_dataverse
35007,0.5466791979949874,0.4906315058986815,mit_dataverse
35009,0.3234520016622801,0.29519266055045873,mit_dataverse
35011,0.3438697318007663,0.3181818181818182,mit_dataverse
35013,0.5814376443418013,0.5591286150881472,mit_dataverse
35015,0.3658488030657443,0.3187503243551819,mit_dataverse
35017,0.5919302071973828,0.549527205084483,mit_dataverse
35019,0.7090163934426229,0.6969555035128806,mit_dataverse
35021,0.41533546325878595,0.43261231281198004,mit_dataverse
35023,0.5089697590978985,0.5142118863049095,mit_dataverse
35025,0.27396084741217486,0.23978842198060535,mit_dataverse
35027,0.3645833333333333,0.3183293659381086,mit_dataverse
35028,0.5261541241304544,0.48723484137413176,mit_dataverse
35029,0.5169064748201438,0.47773333333333334,mit_dataverse
35031,0.7140948851639591,0.7223767613662274,mit_dataverse
35033,0.7855072463768116,0.7487552661815396,mit_dataverse
35035,0.3955710741523477,0.34124525284829105,mit_dataverse
35037,0.38713713713713716,0.3730779606150526,mit_dataverse
35039,0.7498819362455726,0.7472463012448674,mit_dataverse
35041,0.34270833333333334,0.28932819567766793,mit_dataverse
35043,0.5572062084257207,0.5036335731060115,mit_dataverse
35045,0.3876072326976414,0.34290719553604254,mit_dataverse
35047,0.7974654199829998,0.7689634199322269,mit_dataverse
35049,0.7693809451282833,0.7346667629431728,mit_dataverse
35051,0.42880583409298084,0.3849470795766366,mit_dataverse
35053,0.5948068397720075,0.5641595996107327,mit_dataverse
35055,0.8181925855738481,0.7808853249885912,mit_dataverse
35057,0.44474859530327043,0.37925648234926584,mit_dataverse
35059,0.28243398392652125,0.26833428084138716,mit_dataverse
35061,0.5317139001349528,0.4872691863819965,mit_dataverse
36001,0.6384365484993475,0.6185495632190681,mit_dataverse
36003,0.3819686411149826,0.34601545449183035,mit_dataverse
36005,0.8871581962096694,0.9021445480379839,mit_dataverse
36007,0.5320679005387858,0.4900508796665236,mit_dataverse
36009,0.43902663557137594,0.4044747539221285,mit_dataverse
36011,0.5333019534008002,0.516699284545542,mit_dataverse
36013,0.49562716940039475,0.4250170286838719,mit_dataverse
36015,0.4881250807597881,0.4628677520708369,mit_dataverse
36017,0.4844821796901233,0.44744744744744747,mit_dataverse
36019,0.6068319625382722,0.589509394572025,mit_dataverse
36021,0.5589658685685176,0.5232242782107178,mit_dataverse
36023,0.5415981735159817,0.5077965756216878,mit_dataverse
36025,0.46407376526558436,0.422845798905462,mit_dataverse
36027,0.537299438958368,0.5017016288751465,mit_dataverse
36029,0.5798816701924273,0.5488356933328504,mit_dataverse
36031,0.5588725727502555,0.5603876293593348,mit_dataverse
36033,0.6041952446273434,0.5982176477971632,mit_dataverse
36035,0.4446227929373997,0.42077882721349563,mit_dataverse
36037,0.4005806595697164,0.3674129152186212,mit_dataverse
36039,0.4414071252520726,0.40953497459945293,mit_dataverse
36041,0.35913221929053063,0.34977578475336324,mit_dataverse
36043,0.44489405532666276,0.4323482428115016,mit_dataverse
36045,0.46762941797307384,0.45454800044807886,mit_dataverse
36047,0.794455757821478,0.7942477694398892,mit_dataverse
36049,0.4480186899092461,0.4305265158715073,mit_dataverse
36051,0.4532479171507286,0.41464325737766156,mit_dataverse
36053,0.4933843777285244,0.4709546522389122,mit_dataverse
36055,0.5825426944971537,0.556946553908925,mit_dataverse
36057,0.45006195786864933,0.4457274826789838,mit_dataverse
36059,0.5383372100709144,0.5186314905720486,mit_dataverse
36061,0.8574117562429657,0.8140489294690294,mit_dataverse
36063,0.4968437194744084,0.4700099985395392,mit_dataverse
36065,0.46129377710389874,0.4501845444059977,mit_dataverse
36067,0.5926698259347186,0.5738165369754343,mit_dataverse
36069,0.49202273618188946,0.46109961757883516,mit_dataverse
36071,0.5155807738385182,0.5030434906277556,mit_dataverse
36073,0.3990587667430916,0.3743370053039576,mit_dataverse
36075,0.503035224850269,0.49736493911327395,mit_dataverse
36077,0.5199034519750201,0.4776502754877998,mit_dataverse
36079,0.45777645987334,0.4180629157740444,mit_dataverse
36081,0.7495105405305909,0.7753519316117519,mit_dataverse
36083,0.5373043548779499,0.5202676864244742,mit_dataverse
36085,0.4763995675156175,0.4900920418501774,mit_dataverse
36087,0.5262986619846219,0.5135565162887128,mit_dataverse
36089,0.5748023859172688,0.5508859670350353,mit_dataverse
36091,0.5091456563749944,0.48334754999526114,mit_dataverse
36093,0.5533405944567056,0.544099302357815,mit_dataverse
36095,0.41784298727487656,0.38759748618157036,mit_dataverse
36097,0.45732558139534885,0.42278418855880184,mit_dataverse
36099,0.5040407470288625,0.506181215136439,mit_dataverse
36101,0.4093480699911676,0.3896862266746256,mit_dataverse
36103,0.5255915159773423,0.4904308342061004,mit_dataverse
36105,0.5408788880685649,0.5142354390286821,mit_dataverse
36107,0.4405370290168904,0.39553724364612747,mit_dataverse
36109,0.7020360127103684,0.6269725233173683,mit_dataverse
36111,0.6076612576768716,0.5597522824490838,mit_dataverse
36113,0.5055269204496057,0.4826560281290148,mit_dataverse
36115,0.49545030331311246,0.47599047412859924,mit_dataverse
36117,0.4434905614360275,0.41899485977574774,mit_dataverse
36119,0.634157448158761,0.6044016300808089,mit_dataverse
36121,0.3612526899988674,0.32794612794612793,mit_dataverse
36123,0.4764224473889322,0.45106968862529123,mit_dataverse
37001,0.44936521995866546,0.42603576487252126,mit_dataverse
37003,0.29946679030949347,0.2681437543614794,mit_dataverse
37005,0.38400152004560134,0.31241365699625023,mit_dataverse
37007,0.60150936364483365,0.6235785358919688,mit_dataverse
37009,0.3727905731119443,0.32640761300555116,mit_dataverse
37011,0.27420370137227745,0.24255703054517336,mit_dataverse
37013,0.41086484137331597,0.3994496189669771,mit_dataverse
37015,0.6519512444945201,0.6613652079423096,mit_dataverse
37017,0.5072997416020671,0.5052328131854359,mit_dataverse
37019,0.4054706508515815,0.38419162511767374,mit_dataverse
37021,0.5631568318591219,0.5530713569728104,mit_dataverse
37023,0.39796490665812034,0.3749179071803853,mit_dataverse
37025,0.40446701028284227,0.39309049134815593,mit_dataverse
37027,0.34364955198407054,0.31377404122998964,mit_dataverse
37029,0.33125907488073014,0.320578231292517,mit_dataverse
37031,0.32170419400526057,0.29003012641833487,mit_dataverse
37033,0.5104953047320936,0.4844641724793913,mit_dataverse
37035,0.3694115275517991,0.34581399692533155,mit_dataverse
37037,0.5432481751824818,0.5181746345318056,mit_dataverse
37039,0.3007309709200699,0.26253205875495456,mit_dataverse
37041,0.4909478168264111,0.47381745502998,mit_dataverse
37043,0.312826988995129,0.27986529599432824,mit_dataverse
37045,0.39609900764229494,0.39367789570835254,mit_dataverse
37047,0.45614035087719296,0.45580167471022565,mit_dataverse
37049,0.4339208036234809,0.40638943036603853,mit_dataverse
37051,0.5854830491867529,0.5937903965026912,mit_dataverse
37053,0.3366060169338858,0.3151096956829441,mit_dataverse
37055,0.4473625886524823,0.4113163458328697,mit_dataverse
37057,0.3271022586430644,0.29074504828363995,mit_dataverse
37059,0.30331893165750196,0.27745524915336234,mit_dataverse
37061,0.4500602893890675,0.4386655011655012,mit_dataverse
37063,0.7557214548163949,0.7579922990424915,mit_dataverse
37065,0.671153104512148,0.6788521429630728,mit_dataverse
37067,0.548265546279186,0.5303816302730526,mit_dataverse
37069,0.49119711700889673,0.47328190496318995,mit_dataverse
37071,0.37183952986896046,0.36659925068797455,mit_dataverse
37073,0.52214022140221406,0.5163083765752409,mit_dataverse
37075,0.3032845840326061,0.2835064606029896,mit_dataverse
37077,0.5287765419615773,0.5175261655566128,mit_dataverse
37079,0.46846846846846846,0.4587178241864983,mit_dataverse
37081,0.587750391899773,0.5765761152167405,mit_dataverse
37083,0.6395520306085848,0.658614210667587,mit_dataverse
37085,0.4123572042746591,0.39919382701831163,mit_dataverse
37087,0.4535575586988278,0.42299992850504037,mit_dataverse
37089,0.38908048203975665,0.35581768208886855,mit_dataverse
37091,0.7054460093896714,0.7183550100751054,mit_dataverse
37093,0.5904524220899725,0.5896190531921118,mit_dataverse
37095,0.5026326447954638,0.48804028535459504,mit_dataverse
37097,0.37339055793991416,0.34146533097623255,mit_dataverse
37099,0.5197438633938101,0.48470151487934854,mit_dataverse
37101,0.37730402579664024,0.35584358008110467,mit_dataverse
37103,0.4549454754161087,0.4497131931166348,mit_dataverse
37105,0.45333781738691775,0.4456041915920624,mit_dataverse
37107,0.4973788898390155,0.49661753186641033,mit_dataverse
37109,0.32719705011453154,0.299768864717879,mit_dataverse
37111,0.3573914935276841,0.3332228299906072,mit_dataverse
37113,0.38403527091309897,0.33876994247079056,mit_dataverse
37115,0.48424703728682916,0.4433896964303372,mit_dataverse
37117,0.5214097759349334,0.5203129939930445,mit_dataverse
37119,0.6181779235036525,0.6065092448206728,mit_dataverse
37121,0.2852408870762172,0.23670315518351578,mit_dataverse
37123,0.43942908117752005,0.41901878728519276,mit_dataverse
37125,0.3888104482880339,0.3555962512118927,mit_dataverse
37127,0.4902372766246445,0.5013816712034975,mit_dataverse
37129,0.48820344707693836,0.46964140965762147,mit_dataverse
37131,0.6501224336033151,0.6723689103756043,mit_dataverse
37133,0.3884030834810669,0.35948284242247497,mit_dataverse
37135,0.718275263649713,0.7022291126542205,mit_dataverse
37137,0.42282479141835516,0.3914522330671399,mit_dataverse
37139,0.565016501650165,0.5678466891257524,mit_dataverse
37141,0.41715440650132635,0.39271007461165247,mit_dataverse
37143,0.4263959390862944,0.41476247745039085,mit_dataverse
37145,0.45330613997423785,0.4405945776195959,mit_dataverse
37147,0.5408498477645425,0.5306254438470123,mit_dataverse
37149,0.41620905131603864,0.38627394359418615,mit_dataverse
37151,0.28228455466318125,0.2433171374454418,mit_dataverse
37153,0.5025611838360843,0.5100684966781687,mit_dataverse
37155,0.5646764950776314,0.5818469706142597,mit_dataverse
37157,0.41466403921945594,0.38912422655878154,mit_dataverse
37159,0.3799707602339181,0.3634933881114392,mit_dataverse
37161,0.33568941504178273,0.3265974496550763,mit_dataverse
37163,0.4545664029495353,0.4418888973790785,mit_dataverse
37165,0.573327706267145,0.5803192992370726,mit_dataverse
37167,0.31144320493931105,0.2935891632134276,mit_dataverse
37169,0.31619371751828174,0.27836625190804387,mit_dataverse
37171,0.35478408128704486,0.30919579233118427,mit_dataverse
37173,0.48395998620213865,0.45705307262569833,mit_dataverse
37175,0.4302442486249926,0.4072063473125336,mit_dataverse
37177,0.4884816753926702,0.46943353897924844,mit_dataverse
37179,0.3622878648840154,0.3428025504602652,mit_dataverse
37181,0.6308274639451871,0.6388702407212046,mit_dataverse
37183,0.5673122364300331,0.5494390730777691,mit_dataverse
37185,0.6950465914664051,0.6866758512103917,mit_dataverse
37187,0.5807251317012705,0.5897830435451608,mit_dataverse
37189,0.513111518398421,0.46982727469827273,mit_dataverse
37191,0.45449260254199914,0.45400373890014023,mit_dataverse
37193,0.3005651998385143,0.2795676788471436,mit_dataverse
37195,0.5284074103949881,0.53376460661228875,mit_dataverse
37197,0.2640111972939873,0.2353535954321061,mit_dataverse
37199,0.46166512298034373,0.4212252671674955,mit_dataverse
38001,0.3422501966955153,0.25505443234836706,mit_dataverse
38003,0.4813839128907622,0.43353857298080406,mit_dataverse
38005,0.6609098567818029,0.5725544738062124,mit_dataverse
38007,0.22845691382765532,0.15397923875432526,mit_dataverse
38009,0.39448236632536976,0.3327707454289733,mit_dataverse
38011,0.2914634146341463,0.23834196891191708,mit_dataverse
38013,0.30328738069989397,0.22482893450635386,mit_dataverse
38015,0.37345590347601265,0.3254892018346509,mit_dataverse
38017,0.5267785883308364,0.47000203100670235,mit_dataverse
38019,0.43661971830985913,0.3953600773320445,mit_dataverse
38021,0.3984732824427481,0.33648915187376727,mit_dataverse
38023,0.41025641025641024,0.3313253012048193,mit_dataverse
38025,0.32055961070559613,0.2497541789577188,mit_dataverse
38027,0.5004291845493563,0.42005185825410546,mit_dataverse
38029,0.29722373434948285,0.20329087048832273,mit_dataverse
38031,0.4161114476075106,0.36087990487514865,mit_dataverse
38033,0.24,0.17456896551724138,mit_dataverse
38035,0.5169325586620871,0.4672816277598322,mit_dataverse
38037,0.2106847253574116,0.23637650389242745,mit_dataverse
38039,0.4550989345509893,0.3991064780342517,mit_dataverse
38041,0.30118694362017806,0.22980910425844348,mit_dataverse
38043,0.34364820846905536,0.29593373493975905,mit_dataverse
38045,0.38732708612226685,0.33728350045578853,mit_dataverse
38047,0.282876064333018,0.21621621621621623,mit_dataverse
38049,0.4060430463576159,0.34771386430678464,mit_dataverse
38051,0.3779373368146214,0.3,mit_dataverse
38053,0.343646408839779,0.26861779194436397,mit_dataverse
38055,0.39421452702702703,0.33819360064803566,mit_dataverse
38057,0.3356834205139868,0.2617283950617284,mit_dataverse
38059,0.382916164053076,0.3282891353852935,mit_dataverse
38061,0.5027229407760381,0.40584321666184553,mit_dataverse
38063,0.5176940639269406,0.4570917759237187,mit_dataverse
38065,0.3192307692307692,0.2773938795656466,mit_dataverse
38067,0.45176897490172363,0.3849462365591398,mit_dataverse
38069,0.3702664796633941,0.30303030303030304,mit_dataverse
38071,0.4859302813943721,0.4328865773154631,mit_dataverse
38073,0.5635018495684341,0.5538144329896907,mit_dataverse
38075,0.37518573551263,0.3114241001564945,mit_dataverse
38077,0.46449821499405,0.42007093130172074,mit_dataverse
38079,0.7505513895015439,0.7365992970123023,mit_dataverse
38081,0.5786196159833938,0.5356253114100648,mit_dataverse
38083,0.2851805728518057,0.19829683698296838,mit_dataverse
38085,0.8309143686502177,0.7867132867132867,mit_dataverse
38087,0.25790754257907544,0.18993135011441648,mit_dataverse
38089,0.34345076784101175,0.2417261239577065,mit_dataverse
38091,0.5949612403100775,0.4971209213051823,mit_dataverse
38093,0.4145543744889616,0.37507846829880725,mit_dataverse
38095,0.518796992481203,0.4365482233502538,mit_dataverse
38097,0.5285820341499629,0.4618719714358582,mit_dataverse
38099,0.47623924621056946,0.41679748822605966,mit_dataverse
38101,0.39592521759494165,0.3315006087263873,mit_dataverse
38103,0.3538073201514514,0.2828919714165616,mit_dataverse
38105,0.31163981649418543,0.23674551386623166,mit_dataverse
39001,0.36617492096944154,0.3585535215078005,mit_dataverse
39003,0.38837713626325526,0.3713693376179123,mit_dataverse
39005,0.3695168467895741,0.34036169338265515,mit_dataverse
39007,0.5577171636136738,0.5527354634961917,mit_dataverse
39009,0.666345102578944,0.6623851219335697,mit_dataverse
39011,0.28642595588861447,0.24913480025635548,mit_dataverse
39013,0.5029773842214064,0.44848561652515523,mit_dataverse
39015,0.3730423109431711,0.36649133663366334,mit_dataverse
39017,0.3799719178712826,0.3665763759540751,mit_dataverse
39019,0.4603311115889056,0.4179610918413512,mit_dataverse
39021,0.39100968920421453,0.3823896639704685,mit_dataverse
39023,0.4786281264040737,0.48793339985033674,mit_dataverse
39025,0.3310745705906996,0.3163711528673668,mit_dataverse
39027,0.33968714389309024,0.3191688712522046,mit_dataverse
39029,0.4513613861386139,0.43041410609975894,mit_dataverse
39031,0.45596868884540115,0.4409428807421056,mit_dataverse
39033,0.3914419307608747,0.3790839771751755,mit_dataverse
39035,0.6889104724904302,0.6941567421668495,mit_dataverse
39037,0.3087659442484395,0.268729577575686,mit_dataverse
39039,0.4375162785851956,0.42279090113735784,mit_dataverse
39041,0.3966088123268698,0.37759844473020726,mit_dataverse
39043,0.5614494651822746,0.5530516431924882,mit_dataverse
39045,0.40655491618714035,0.4147471832158517,mit_dataverse
39047,0.3763468445356593,0.3855716878402904,mit_dataverse
39049,0.5973395967452627,0.6065609659131708,mit_dataverse
39051,0.45055295134938333,0.426603347752492,mit_dataverse
39053,0.35868749061420635,0.3618102421595871,mit_dataverse
39055,0.41583499667332,0.3854932643096653,mit_dataverse
39057,0.40124896816566774,0.38634567014013654,mit_dataverse
39059,0.4401154401154401,0.44308314499821577,mit_dataverse
39061,0.5297183091949198,0.5250182623766394,mit_dataverse
39063,0.37505746193991507,0.3519919314170449,mit_dataverse
39065,0.3822632301357328,0.3710338179773476,mit_dataverse
39067,0.4729677667908052,0.41310740792606077,mit_dataverse
39069,0.42587601078167114,0.3974431019949424,mit_dataverse
39071,0.35735876589535126,0.33908851393015305,mit_dataverse
39073,0.48321054672353625,0.48373664362036456,mit_dataverse
39075,0.28264195086835237,0.2260748959778086,mit_dataverse
39077,0.47205066062074896,0.4462555244698536,mit_dataverse
39079,0.3856928464232116,0.38606980046334355,mit_dataverse
39081,0.49069256239739556,0.46523934802987693,mit_dataverse
39083,0.3901385002302433,0.3688178103423982,mit_dataverse
39085,0.4957761569209214,0.4871457045370089,mit_dataverse
39087,0.4141354710597926,0.41590214067278286,mit_dataverse
39089,0.4119441439908608,0.4202113281729942,mit_dataverse
39091,0.35720394292658775,0.3341060699247765,mit_dataverse
39093,0.5806658087008627,0.5686722093080075,mit_dataverse
39095,0.649829413637811,0.6498777459589569,mit_dataverse
39097,0.37430519740989054,0.39076325854883825,mit_dataverse
39099,0.6232524088418666,0.6352238067760284,mit_dataverse
39101,0.44353310128545337,0.4571512138052062,mit_dataverse
39103,0.4524438646338902,0.4272275646321448,mit_dataverse
39105,0.3954027429012942,0.3941084360931689,mit_dataverse
39107,0.275163367965775,0.21905729190711418,mit_dataverse
39109,0.34790842123203364,0.3154459334565619,mit_dataverse
39111,0.5306502434832426,0.44750810970215277,mit_dataverse
39113,0.5242055071433445,0.5150218944111041,mit_dataverse
39115,0.4488498789346247,0.45912873225648554,mit_dataverse
39117,0.37114702878086886,0.36659663865546216,mit_dataverse
39119,0.45378925545801235,0.4584333288391533,mit_dataverse
39121,0.40084251458198317,0.36290871934604907,mit_dataverse
39123,0.5223026572456544,0.5122461702885643,mit_dataverse
39125,0.4263486539052104,0.3875985977212971,mit_dataverse
39127,0.4713710724487146,0.4693673251468233,mit_dataverse
39129,0.3825760768776869,0.40144260664096504,mit_dataverse
39131,0.48240844394690546,0.490803902944478,mit_dataverse
39133,0.5352087462438463,0.5174910478888758,mit_dataverse
39135,0.3332539758118274,0.30794784074569886,mit_dataverse
39137,0.28270877944325484,0.23503156978010015,mit_dataverse
39139,0.4209122738130297,0.393086719223772,mit_dataverse
39141,0.45398869346733667,0.48429345477512215,mit_dataverse
39143,0.5136469891021631,0.5015175553562806,mit_dataverse
39145,0.4582604157072242,0.4838419819646353,mit_dataverse
39147,0.476775110204379,0.44941018129997623,mit_dataverse
39149,0.3091515970931215,0.2657755803234727,mit_dataverse
39151,0.5171558825881788,0.4928007405897166,mit_dataverse
39153,0.5764720748980707,0.5716500255872937,mit_dataverse
39155,0.6001141381633112,0.6062977418181461,mit_dataverse
39157,0.500535506402794,0.4423377309975248,mit_dataverse
39159,0.35145218228498076,0.3443892517698596,mit_dataverse
39161,0.3533988533988534,0.2905668541756815,mit_dataverse
39163,0.43623804463336874,0.44558258642765686,mit_dataverse
39165,0.3144347367628229,0.2964667939894058,mit_dataverse
39167,0.4132032607243084,0.39496254110308826,mit_dataverse
39169,0.41640136550189866,0.3879053736487545,mit_dataverse
39171,0.44431157253900094,0.4103693663165029,mit_dataverse
39173,0.5272749642434216,0.5129480202664665,mit_dataverse
39175,0.40639518994260726,0.391316685584563,mit_dataverse
40001,0.30672645739910315,0.3268285187461586,mit_dataverse
40003,0.16885784716516022,0.15458473355736918,mit_dataverse
40005,0.280680188485966,0.25998745032419995,mit_dataverse
40007,0.1075487012987013,0.10581092801387684,mit_dataverse
40009,0.21968365553602812,0.20462093862815883,mit_dataverse
40011,0.2458657587548638,0.259958071278826,mit_dataverse
40013,0.3222893759557271,0.2788425119309143,mit_dataverse
40015,0.346745441580931,0.3574737317817196,mit_dataverse
40017,0.23876791908722364,0.22826134049651228,mit_dataverse
40019,0.29733602207599236,0.2866487559864502,mit_dataverse
40021,0.4391941391941392,0.42947015238361524,mit_dataverse
40023,0.33273703041144903,0.2949072246348204,mit_dataverse
40025,0.11959087332808813,0.0960735171261487,mit_dataverse
40027,0.37997701809824763,0.3703494626519113,mit_dataverse
40029,0.2640845070422535,0.2751165748198389,mit_dataverse
40031,0.41229888749379506,0.4148086798078516,mit_dataverse
40033,0.2778896496173983,0.2678353037097432,mit_dataverse
40035,0.3495194739504299,0.32924990576705615,mit_dataverse
40037,0.2918084546570777,0.2729570345408593,mit_dataverse
40039,0.25328508855456106,0.24059153493115756,mit_dataverse
40041,0.3310115870329384,0.2939198655085458,mit_dataverse
40043,0.15705855651384476,0.14381270903010032,mit_dataverse
40045,0.14772132006286012,0.1254858411993337,mit_dataverse
40047,0.2452237749867327,0.2377197388247112,mit_dataverse
40049,0.2819891972434345,0.2698228595529312,mit_dataverse
40051,0.2664735698769008,0.2439471940465875,mit_dataverse
40053,0.21872340425531914,0.19003868471953578,mit_dataverse
40055,0.26773888363292336,0.2663755458515284,mit_dataverse
40057,0.3055045871559633,0.28602383531960995,mit_dataverse
40059,0.1413947536788228,0.1206415620641562,mit_dataverse
40061,0.314889980773339,0.276861451460886,mit_dataverse
40063,0.35288044600454266,0.3255703422053232,mit_dataverse
40065,0.252031615273294,0.24674832680894052,mit_dataverse
40067,0.32763532763532766,0.2702099151406878,mit_dataverse
40069,0.31564316401314124,0.30031695721077656,mit_dataverse
40071,0.29224843524313915,0.2869279424531812,mit_dataverse
40073,0.15812568562921173,0.15568654646324548,mit_dataverse
40075,0.325803879883072,0.32320280537697255,mit_dataverse
40077,0.3146417445482866,0.3080568720379147,mit_dataverse
40079,0.3067917089779583,0.29433676368457606,mit_dataverse
40081,0.2507513954486904,0.2551847809137689,mit_dataverse
40083,0.31286597712471953,0.27726258950581056,mit_dataverse
40085,0.32683307332293293,0.2979827089337176,mit_dataverse
40087,0.24084373304395007,0.22326296658744582,mit_dataverse
40089,0.26511054179713445,0.2421836228287841,mit_dataverse
40091,0.4037455916332239,0.38131174533479695,mit_dataverse
40093,0.14837222702391242,0.1417673235855054,mit_dataverse
40095,0.3057882002605621,0.2715953307392996,mit_dataverse
40097,0.35969467559281737,0.33354080221300136,mit_dataverse
40099,0.29823904083926567,0.29926156237854645,mit_dataverse
40101,0.42485799194974233,0.4261003596506251,mit_dataverse
40103,0.23224530168150345,0.24681494277693802,mit_dataverse
40105,0.31764970733903647,0.30520117762512267,mit_dataverse
40107,0.35896192093136065,0.34976329713171816,mit_dataverse
40109,0.41589524402729156,0.4167426278680223,mit_dataverse
40111,0.41500201099343076,0.412671883309276,mit_dataverse
40113,0.38142232170108864,0.37356513986403656,mit_dataverse
40115,0.3819923028729974,0.35177944862155386,mit_dataverse
40117,0.3127653123104912,0.29991728701406123,mit_dataverse
40119,0.36509849841575975,0.3581915183613069,mit_dataverse
40121,0.31710151664826547,0.308256763654926,mit_dataverse
40123,0.3163651661758519,0.3061588582066398,mit_dataverse
40125,0.3082258504461676,0.3066814574622408,mit_dataverse
40127,0.2828079588642969,0.25254237288135595,mit_dataverse
40129,0.16042481833426495,0.16248506571087215,mit_dataverse
40131,0.27968324029598857,0.24925751341925287,mit_dataverse
40133,0.34709105747930513,0.3487124463519313,mit_dataverse
40135,0.3199712643678161,0.30448042988889695,mit_dataverse
40137,0.23969997887175154,0.23381017391820502,mit_dataverse
40139,0.14746764658891195,0.14882596685082872,mit_dataverse
40141,0.3219029966017918,0.33296582138919517,mit_dataverse
40143,0.3777387463850119,0.3632213374537984,mit_dataverse
40145,0.29123004198208324,0.27154856923774007,mit_dataverse
40147,0.27709202723479026,0.2609433962264151,mit_dataverse
40149,0.2202680067001675,0.19045412418906396,mit_dataverse
40151,0.22293156281920326,0.19746909947027663,mit_dataverse
40153,0.17410368841888058,0.16007346708109635,mit_dataverse
41001,0.31958527970832856,0.2804214015151515,mit_dataverse
41003,0.6433366323852145,0.6199723226641668,mit_dataverse
41005,0.5392801676065,0.5043679885069613,mit_dataverse
41007,0.5769355186543024,0.553429116623639,mit_dataverse
41009,0.5406169250645995,0.5027853403141361,mit_dataverse
41011,0.4652838357403638,0.44777940458760374,mit_dataverse
41013,0.3508500772797527,0.30342130987292276,mit_dataverse
41015,0.42409990269218295,0.39604384312382257,mit_dataverse
41017,0.4865633852247374,0.4512942612942613,mit_dataverse
41019,0.38343691557889564,0.3442563700981869,mit_dataverse
41021,0.38738738738738737,0.34967012252591895,mit_dataverse
41023,0.2573548222051676,0.21810278701099464,mit_dataverse
41025,0.25794189519413524,0.2322076472229975,mit_dataverse
41027,0.6410986775178027,0.6157755641390527,mit_dataverse
41029,0.4858135323166447,0.4578335581249292,mit_dataverse
41031,0.4426544842510219,0.4037920489296636,mit_dataverse
41033,0.41408832552498276,0.37161389731099953,mit_dataverse
41035,0.3187183237525086,0.29489911906791705,mit_dataverse
41037,0.25949023861171366,0.20754716981132076,mit_dataverse
41039,0.6234596249521622,0.5973348850741926,mit_dataverse
41041,0.5968437356105321,0.5830577793247477,mit_dataverse
41043,0.4263591243122619,0.3962587018239801,mit_dataverse
41045,0.282660787884597,0.2771193250301326,mit_dataverse
41047,0.4962629352215345,0.4683325579849804,mit_dataverse
41049,0.34746180384425823,0.30963420917053064,mit_dataverse
41051,0.7668997285514518,0.7536891111586359,mit_dataverse
41053,0.4843262352583754,0.462092634086848,mit_dataverse
41055,0.36771728748806115,0.310916179337232,mit_dataverse
41057,0.5318492893133789,0.5026759325824747,mit_dataverse
41059,0.37158641225561256,0.3437862950058072,mit_dataverse
41061,0.36628553279339365,0.3291632145816073,mit_dataverse
41063,0.3341545352743561,0.2979785969084423,mit_dataverse
41065,0.5189806678383129,0.47926055366504183,mit_dataverse
41067,0.5981608573650224,0.5707927078806698,mit_dataverse
41069,0.3460591133004926,0.31002331002331,mit_dataverse
41071,0.4778063686072692,0.4488778054862843,mit_dataverse
42001,0.396345163973117,0.35544197658807736,mit_dataverse
42003,0.5728653013601891,0.566947069593831,mit_dataverse
42005,0.3703777600425645,0.3055536788054861,mit_dataverse
42007,0.47948805986053067,0.46045927877326837,mit_dataverse
42009,0.2699968807094158,0.22067566944738903,mit_dataverse
42011,0.5394616889758527,0.48738257397839363,mit_dataverse
42013,0.373259735121795,0.3239585199339185,mit_dataverse
42015,0.3997362500969669,0.36813796636216173,mit_dataverse
42017,0.5377549763759187,0.5000404964238543,mit_dataverse
42019,0.3570361352443141,0.3191905640337638,mit_dataverse
42021,0.49451403492731094,0.4006377424577867,mit_dataverse
42023,0.38035482475119,0.34296541923259116,mit_dataverse
42025,0.5001671681711802,0.45267972323208633,mit_dataverse
42027,0.5538904366425921,0.490851118834918,mit_dataverse
42029,0.5419987809913293,0.4933504780274077,mit_dataverse
42031,0.38029833943146635,0.3123687137032003,mit_dataverse
42033,0.43095280393201874,0.34789001157443616,mit_dataverse
42035,0.47975393767322383,0.43226535996984544,mit_dataverse
42037,0.47180913662137586,0.4268430706786871,mit_dataverse
42039,0.4407207017912486,0.3923081270487171,mit_dataverse
42041,0.426362336493142,0.400373599003736,mit_dataverse
42043,0.5402390253694239,0.5238774917747242,mit_dataverse
42045,0.6013547648017304,0.601588435517082,mit_dataverse
42047,0.5112919062982185,0.4126756307599335,mit_dataverse
42049,0.5936525595023582,0.5735674723273675,mit_dataverse
42051,0.4921794725425277,0.452963611998763,mit_dataverse
42053,0.4247135842880524,0.3875432525951557,mit_dataverse
42055,0.3326628427752023,0.3011351025714195,mit_dataverse
42057,0.2499207104345068,0.21146085552865213,mit_dataverse
42059,0.49050811352672136,0.4045907079646018,mit_dataverse
42061,0.35508956344524295,0.30665003685016157,mit_dataverse
42063,0.4575189683369527,0.3984747115993502,mit_dataverse
42065,0.34290729216531035,0.2645189810465823,mit_dataverse
42067,0.31593038821954483,0.2671211326691138,mit_dataverse
42069,0.6259618415441381,0.6309034331479876,mit_dataverse
42071,0.436594957408471,0.39778183387581145,mit_dataverse
42073,0.46837277825301776,0.44863715544625477,mit_dataverse
42075,0.4001579344915196,0.3517143867090845,mit_dataverse
42077,0.5712102529121629,0.5325301696575557,mit_dataverse
42079,0.5363302087109638,0.5167752874902563,mit_dataverse
42081,0.37333197928303036,0.3269954616824038,mit_dataverse
42083,0.40540540540540543,0.3506089489012444,mit_dataverse
42085,0.49094728232582346,0.47641704185753886,mit_dataverse
42087,0.32573783407066237,0.2610103231323682,mit_dataverse
42089,0.576924764202676,0.5598010076767805,mit_dataverse
42091,0.5998731093650497,0.5661232411450752,mit_dataverse
42093,0.4192945282313349,0.3898608096028604,mit_dataverse
42095,0.5550556493904013,0.5171224232225494,mit_dataverse
42097,0.42248496284939263,0.39359267734553777,mit_dataverse
42099,0.32412709674149903,0.2972082810539523,mit_dataverse
42101,0.8310337374765566,0.8529378106317731,mit_dataverse
42103,0.4730213606618101,0.43859272305511404,mit_dataverse
42105,0.3063807113360863,0.26194421430544046,mit_dataverse
42107,0.4488216449392584,0.4252083080707468,mit_dataverse
42109,0.3476968796433878,0.31242500999866685,mit_dataverse
42111,0.3661955810845395,0.27800365329090804,mit_dataverse
42113,0.3951923076923077,0.35062733129874535,mit_dataverse
42115,0.43463154073536275,0.38433828419419197,mit_dataverse
42117,0.35569162259949905,0.31504351917195955,mit_dataverse
42119,0.4214367816091954,0.37552249815588884,mit_dataverse
42121,0.3966849879766403,0.35841566292236204,mit_dataverse
42123,0.46160917054179734,0.40435863344702005,mit_dataverse
42125,0.4706230485092141,0.4258047493403694,mit_dataverse
42127,0.43323260193579466,0.3885777757208312,mit_dataverse
42129,0.4113527731425177,0.3757813790012502,mit_dataverse
42131,0.4558610709117221,0.42629716981132076,mit_dataverse
42133,0.4266027407136567,0.386785323602619,mit_dataverse
44001,0.6238950009650647,0.6068244448046685,mit_dataverse
44003,0.5757546922948831,0.5773222001191034,mit_dataverse
44005,0.6066861918708479,0.5947227010037514,mit_dataverse
44007,0.6601821551078343,0.6652515336399918,mit_dataverse
44009,0.5907194679564691,0.5707469902511172,mit_dataverse
45001,0.41750749931824377,0.4257332958485615,mit_dataverse
45003,0.37410061631073527,0.35987663971121187,mit_dataverse
45005,0.7527335984095428,0.7919769397069422,mit_dataverse
45007,0.32704948026075054,0.31026699163573923,mit_dataverse
45009,0.6495450542999707,0.6718977041557687,mit_dataverse
45011,0.5032659726474791,0.522825758339212,mit_dataverse
45013,0.4413532742848846,0.4072199407888454,mit_dataverse
45015,0.4284435251076705,0.41853508321724464,mit_dataverse
45017,0.5130524683380718,0.5163390349757467,mit_dataverse
45019,0.5354908893119391,0.5039175793255704,mit_dataverse
45021,0.34744293556775496,0.34809608626582583,mit_dataverse
45023,0.5348687504470353,0.5477198584021656,mit_dataverse
45025,0.4793691545938016,0.4795709292515367,mit_dataverse
45027,0.5576774691358025,0.5580039283083722,mit_dataverse
45029,0.49743086426880667,0.49602013344258455,mit_dataverse
45031,0.49447739824094905,0.512669983416252,mit_dataverse
45033,0.5521353506745174,0.577138473341005,mit_dataverse
45035,0.4161053334605477,0.4123647876176238,mit_dataverse
45037,0.4405381944444444,0.42870706024512345,mit_dataverse
45039,0.6533264480592134,0.6538041193778898,mit_dataverse
45041,0.47987939629623283,0.4923092804789925,mit_dataverse
45043,0.4687685704853087,0.45738737284030356,mit_dataverse
45045,0.3717985702072308,0.35234925383950433,mit_dataverse
45047,0.4162200424714329,0.4175502232142857,mit_dataverse
45049,0.6220320855614974,0.6337171409950033,mit_dataverse
45051,0.3709899043874883,0.3459735036879521,mit_dataverse
45053,0.6086514569686018,0.5744935635166151,mit_dataverse
45055,0.40114346971591924,0.4028841336863952,mit_dataverse
45057,0.41972960824314515,0.404869659666908,mit_dataverse
45059,0.4024807853283616,0.4059647466163047,mit_dataverse
45061,0.6511526275538075,0.6710452453126754,mit_dataverse
45063,0.3041036598728906,0.3032062722534473,mit_dataverse
45065,0.5265672782874617,0.5141472868217054,mit_dataverse
45067,0.6331883484908396,0.6464700387027893,mit_dataverse
45069,0.6246781905112173,0.6191007814878717,mit_dataverse
45071,0.4059549745824256,0.42278759708886304,mit_dataverse
45073,0.30454195040472826,0.2788104089219331,mit_dataverse
45075,0.6857926246415456,0.7137380637066982,mit_dataverse
45077,0.2590631093777699,0.24492304990230301,mit_dataverse
45079,0.640195834873392,0.6533860286263619,mit_dataverse
45081,0.38626060676508195,0.3886034563288183,mit_dataverse
45083,0.3843143047042316,0.37724055101632303,mit_dataverse
45085,0.5733125929933721,0.5831659937855377,mit_dataverse
45087,0.4379750571913512,0.4621641017462722,mit_dataverse
45089,0.6859453870948123,0.6952281648675172,mit_dataverse
45091,0.40469176912568305,0.3904899710607724,mit_dataverse
46003,0.44618528610354224,0.39714285714285713,mit_dataverse
46005,0.4577981651376147,0.3966680435081922,mit_dataverse
46007,0.46846089150546677,0.45552784704904403,mit_dataverse
46009,0.43870346598202825,0.3796356538711776,mit_dataverse
46011,0.5226629922401914,0.46991935483870967,mit_dataverse
46013,0.5240248072798933,0.45120736868309685,mit_dataverse
46015,0.4010806317539485,0.346364018495166,mit_dataverse
46017,0.7418300653594772,0.7363494539781591,mit_dataverse
46019,0.31058263971462546,0.23811787072243346,mit_dataverse
46021,0.28791469194312796,0.19440914866581957,mit_dataverse
46023,0.4589789179578359,0.39399574920297553,mit_dataverse
46025,0.4322916666666667,0.3915431081823174,mit_dataverse
46027,0.6182821886669914,0.5645777607948033,mit_dataverse
46029,0.4633156674395495,0.398125650815689,mit_dataverse
46031,0.602158273381295,0.54,mit_dataverse
46033,0.33146067415730335,0.29535398230088494,mit_dataverse
46035,0.42486551105797965,0.3816334211516748,mit_dataverse
46037,0.5616740088105727,0.521058127392969,mit_dataverse
46039,0.4839302112029385,0.4334408106863197,mit_dataverse
46041,0.6623441396508728,0.6369393139841689,mit_dataverse
46043,0.24438040345821327,0.19644970414201182,mit_dataverse
46045,0.3989283974671213,0.3212809917355372,mit_dataverse
46047,0.3563249001331558,0.3242320819112628,mit_dataverse
46049,0.3628620102214651,0.2937000887311446,mit_dataverse
46051,0.4732379438261791,0.4140321686078758,mit_dataverse
46053,0.34761045987376016,0.27847512784751277,mit_dataverse
46055,0.16389132340052587,0.12637362637362637,mit_dataverse
46057,0.38107416879795397,0.3297529538131042,mit_dataverse
46059,0.3624432104997476,0.31114718614718617,mit_dataverse
46061,0.3980944490472245,0.31456953642384106,mit_dataverse
46063,0.18698060941828254,0.11096075778078485,mit_dataverse
46065,0.36215120438826615,0.34163090128755363,mit_dataverse
46067,0.34877843302443134,0.2694890510948905,mit_dataverse
46069,0.2912371134020619,0.2578444747612551,mit_dataverse
46071,0.389087656529517,0.38517179023508136,mit_dataverse
46073,0.49633699633699635,0.44930417495029823,mit_dataverse
46075,0.23786407766990292,0.17733990147783252,mit_dataverse
46077,0.46622855056589996,0.4187116564417178,mit_dataverse
46079,0.49917709019091505,0.4334128878281623,mit_dataverse
46081,0.4152913438868306,0.34976670481556477,mit_dataverse
46083,0.4194941993107131,0.3636115160349854,mit_dataverse
46085,0.4374614910659273,0.38559592096876993,mit_dataverse
46087,0.4196213425129088,0.3463451970914658,mit_dataverse
46089,0.32331378299120234,0.22386831275720165,mit_dataverse
46091,0.5792374827744603,0.5339708102667338,mit_dataverse
46093,0.32716964675098126,0.2706850328187113,mit_dataverse
46095,0.4499396863691194,0.48764629388816644,mit_dataverse
46097,0.505008347245409,0.4201754385964912,mit_dataverse
46099,0.4992355698137798,0.4527636681770106,mit_dataverse
46101,0.5192007492975336,0.4711506758984504,mit_dataverse
46103,0.38880031449974883,0.3401628283555236,mit_dataverse
46105,0.30132850241545894,0.20062893081761007,mit_dataverse
46107,0.33612273361227335,0.24547429398986242,mit_dataverse
46109,0.5958965209634255,0.5408834586466166,mit_dataverse
46111,0.42337002540220153,0.3488789237668161,mit_dataverse
46113,0.8964996982498491,0.9338632750397456,mit_dataverse
46115,0.47854276011114544,0.4274909569220651,mit_dataverse
46117,0.33116883116883117,0.2824675324675325,mit_dataverse
46119,0.28311057108140947,0.2273838630806846,mit_dataverse
46121,0.7866049162807267,0.7913496195434522,mit_dataverse
46123,0.32538269846920614,0.2738758825715347,mit_dataverse
46125,0.39404594467885606,0.3351543942992874,mit_dataverse
46127,0.42572178477690287,0.366245392311743,mit_dataverse
46129,0.3522900763358779,0.2725426482534525,mit_dataverse
46135,0.48540182602588544,0.42370162422297974,mit_dataverse
46137,0.6281179138321995,0.5768725361366623,mit_dataverse
47001,0.36097560975609755,0.34127920698607506,mit_dataverse
47003,0.3241761785000322,0.29151955694011766,mit_dataverse
47005,0.40824201265627413,0.3626726630260199,mit_dataverse
47007,0.3170986622073579,0.29066299610002294,mit_dataverse
47009,0.29534320844225,0.2627046350083276,mit_dataverse
47011,0.24500536775680135,0.22347968745655256,mit_dataverse
47013,0.3062242635413367,0.27501859350466906,mit_dataverse
47015,0.3685175004581272,0.31449829077015884,mit_dataverse
47017,0.3417482397389662,0.32024698184499123,mit_dataverse
47019,0.2566493637741743,0.2322840374448271,mit_dataverse
47021,0.334672510348186,0.30687656435252275,mit_dataverse
47023,0.2782164421737111,0.2533541341653666,mit_dataverse
47025,0.29539347408829175,0.2390449990174887,mit_dataverse
47027,0.4168336673346693,0.3677304964539007,mit_dataverse
47029,0.2676067622786636,0.24480530818927884,mit_dataverse
47031,0.34304954304954305,0.3047925645152916,mit_dataverse
47033,0.32582408481033626,0.303564932702801,mit_dataverse
47035,0.30682171748599874,0.2479898601814077,mit_dataverse
47037,0.5989844453014527,0.5844662335169659,mit_dataverse
47039,0.3287843795926937,0.3065161138555634,mit_dataverse
47041,0.40084925690021234,0.33852382435378386,mit_dataverse
47043,0.38454838874942365,0.34948135688253434,mit_dataverse
47045,0.3052595155709343,0.2722463768115942,mit_dataverse
47047,0.35795159447387553,0.3416777357719424,mit_dataverse
47049,0.27170203294257306,0.2263959390862944,mit_dataverse
47051,0.3793597980725103,0.34760220857373286,mit_dataverse
47053,0.3484684515127276,0.3337570549651701,mit_dataverse
47055,0.3947300881170331,0.34818038707287713,mit_dataverse
47057,0.27535652405704386,0.23000551571980143,mit_dataverse
47059,0.2882042967166599,0.26060200108845816,mit_dataverse
47061,0.4255181347150259,0.38777436865706866,mit_dataverse
47063,0.3002779125678239,0.26128194888178913,mit_dataverse
47065,0.43550704989154015,0.4167416295393856,mit_dataverse
47067,0.26952253458277553,0.23216031280547408,mit_dataverse
47069,0.5267420129927917,0.5251460867899224,mit_dataverse
47071,0.2784255107125062,0.23506431634111483,mit_dataverse
47073,0.2818441064638783,0.2570086376723746,mit_dataverse
47075,0.6025120059106022,0.6036464526357511,mit_dataverse
47077,0.278844378807458,0.2503232222774739,mit_dataverse
47079,0.38043558508674785,0.34060758301279537,mit_dataverse
47081,0.41927512355848434,0.35490660352538805,mit_dataverse
47083,0.5002981514609421,0.46250412950115627,mit_dataverse
47085,0.47493403693931396,0.423284278012531,mit_dataverse
47087,0.4941124194623417,0.41563097514340347,mit_dataverse
47089,0.27940859054608247,0.24101600318924768,mit_dataverse
47091,0.2787133970565923,0.23942525024216985,mit_dataverse
47093,0.3773255376546328,0.3443280562527897,mit_dataverse
47095,0.4575513851653262,0.4235745088643987,mit_dataverse
47097,0.462840008567145,0.46161813787547473,mit_dataverse
47099,0.3221598002496879,0.2784019975031211,mit_dataverse
47101,0.37318990484071163,0.30826587132509586,mit_dataverse
47103,0.2814166031987814,0.24796502864033765,mit_dataverse
47105,0.27307969707897584,0.22914873374711187,mit_dataverse
47107,0.2949065942838895,0.2584389368621734,mit_dataverse
47109,0.30042218384187297,0.2698428892062844,mit_dataverse
47111,0.2798913043478261,0.22476466328747285,mit_dataverse
47113,0.46090863476713956,0.45125546656183974,mit_dataverse
47115,0.3939844364780974,0.3797675088865405,mit_dataverse
47117,0.38267339888386925,0.3468019737454613,mit_dataverse
47119,0.3867089169899606,0.3582681936617585,mit_dataverse
47121,0.32381401935331605,0.29339051463168514,mit_dataverse
47123,0.30118614770221136,0.2675970130982984,mit_dataverse
47125,0.455005484978237,0.4407563327576281,mit_dataverse
47127,0.2984417344173442,0.25187566988210075,mit_dataverse
47129,0.2886250366461448,0.26522140221402213,mit_dataverse
47131,0.3216845878136201,0.270065869724323,mit_dataverse
47133,0.42251606524962926,0.36599686847599167,mit_dataverse
47135,0.443,0.3784814956123617,mit_dataverse
47137,0.31973043803818796,0.2902568283734203,mit_dataverse
47139,0.32671896631287495,0.3063211751114045,mit_dataverse
47141,0.3565309708595695,0.3059607843137255,mit_dataverse
47143,0.26175040518638576,0.2481586402266289,mit_dataverse
47145,0.3103626052586355,0.28534850640113796,mit_dataverse
47147,0.3374375316868255,0.31534101715546425,mit_dataverse
47149,0.39769208842407383,0.3683837811589511,mit_dataverse
47151,0.2535751142562288,0.21775644871025795,mit_dataverse
47153,0.31579915394519037,0.2895760404511863,mit_dataverse
47155,0.2534987183642203,0.21905268131348926,mit_dataverse
47157,0.6335281976492689,0.6263469762253139,mit_dataverse
47159,0.38651337036558586,0.3485254691689008,mit_dataverse
47161,0.44852006537134553,0.40449657869012706,mit_dataverse
47163,0.28679469350125786,0.2558318165879072,mit_dataverse
47165,0.3196138513714524,0.2842303338126855,mit_dataverse
47167,0.3132801390425028,0.29620862920975044,mit_dataverse
47169,0.45538746526705776,0.4268502581755594,mit_dataverse
47171,0.29170704693340715,0.2699689528648038,mit_dataverse
47173,0.28582591029848414,0.25360329444063145,mit_dataverse
47175,0.38485947416137806,0.3804347826086957,mit_dataverse
47177,0.38298611111111114,0.36511717249327696,mit_dataverse
47179,0.32544608223429017,0.2982386742171885,mit_dataverse
47181,0.24516012303238646,0.2119941669704703,mit_dataverse
47183,0.33571950328707084,0.28759017589365327,mit_dataverse
47185,0.34953871669949205,0.3057986870897155,mit_dataverse
47187,0.29778100506161503,0.2612834502468174,mit_dataverse
47189,0.3105220977736078,0.2853453465115828,mit_dataverse
48001,0.2779945962173521,0.2351961509992598,mit_dataverse
48003,0.17066321019658673,0.17737617135207498,mit_dataverse
48005,0.3217164614276404,0.2757868056044498,mit_dataverse
48007,0.30742483125383513,0.2802653399668325,mit_dataverse
48009,0.16953035509736541,0.1260806916426513,mit_dataverse
48011,0.1292929292929293,0.10481283422459893,mit_dataverse
48013,0.4442543771382572,0.40350601367816996,mit_dataverse
48015,0.24067912294172852,0.1933213151343463,mit_dataverse
48017,0.29447322970639034,0.2566079295154185,mit_dataverse
48019,0.2420135527589545,0.19729043183742592,mit_dataverse
48021,0.45092213905393935,0.40292471712756833,mit_dataverse
48023,0.22276323797930614,0.16771356783919597,mit_dataverse
48025,0.4468554615667525,0.4381266658205356,mit_dataverse
48027,0.4473730821174752,0.4119434842122358,mit_dataverse
48029,0.5240995596473375,0.5156040421973949,mit_dataverse
48031,0.2970236890058716,0.24532475366981701,mit_dataverse
48033,0.11080332409972299,0.0881542699724518,mit_dataverse
48035,0.23502484959455924,0.1858346927678086,mit_dataverse
48037,0.3073665662479395,0.28799005762060786,mit_dataverse
48039,0.34762721555174386,0.3224781944743721,mit_dataverse
48041,0.34942818672984166,0.3123012043886923,mit_dataverse
48043,0.5051282051282051,0.456426170157745,mit_dataverse
48045,0.2469879518072289,0.16666666666666666,mit_dataverse
48047,0.7566045907319185,0.7848522679983354,mit_dataverse
48049,0.18794538794538795,0.13651681365168136,mit_dataverse
48051,0.3080270067516879,0.26409541511771994,mit_dataverse
48053,0.27277570591369205,0.21874255775184567,mit_dataverse
48055,0.46385645604395603,0.4328695337911095,mit_dataverse
48057,0.39671463875563306,0.36251504211793023,mit_dataverse
48059,0.18596920923722884,0.14450644602655377,mit_dataverse
48061,0.6407867084341171,0.6499122179595552,mit_dataverse
48063,0.37968031530545215,0.32941176470588235,mit_dataverse
48065,0.13624161073825503,0.10511159107271419,mit_dataverse
48067,0.29461421576903596,0.2480488632507635,mit_dataverse
48069,0.313836752509821,0.2973100519112789,mit_dataverse
48071,0.23984351489617814,0.18934509670851712,mit_dataverse
48073,0.28080648108667844,0.24029517549299267,mit_dataverse
48075,0.21646341463414634,0.16032064128256512,mit_dataverse
48077,0.2032215770743585,0.1463318172829741,mit_dataverse
48079,0.2686849574266793,0.2791712104689204,mit_dataverse
48081,0.1905672402804334,0.12713068181818182,mit_dataverse
48083,0.17368989735278229,0.1265750286368843,mit_dataverse
48085,0.36767785071969733,0.33490081599360677,mit_dataverse
48087,0.19581589958158996,0.15391304347826087,mit_dataverse
48089,0.30025140668023464,0.24996920044351362,mit_dataverse
48091,0.25715353627642346,0.22220497195753847,mit_dataverse
48093,0.25570251102166,0.18141051773338768,mit_dataverse
48095,0.23862581244196843,0.1938061938061938,mit_dataverse
48097,0.20296700372538584,0.15650477318653752,mit_dataverse
48099,0.361062622736199,0.3106480366176825,mit_dataverse
48101,0.2652482269503546,0.242914979757085,mit_dataverse
48103,0.21939477303988997,0.21434138737334374,mit_dataverse
48105,0.3313915857605178,0.32944406314344543,mit_dataverse
48107,0.3573667711598746,0.35758254057078903,mit_dataverse
48109,0.6482213438735178,0.646188850967008,mit_dataverse
48111,0.19005663939584644,0.16492829204693613,mit_dataverse
48113,0.5727964705069855,0.5711326443388907,mit_dataverse
48115,0.28125,0.2797913234486546,mit_dataverse
48117,0.26285834738617203,0.287537711766071,mit_dataverse
48119,0.26931870141746683,0.22497522299306244,mit_dataverse
48121,0.37473845179908166,0.3335433991951594,mit_dataverse
48123,0.25897977663748867,0.22100030129557097,mit_dataverse
48125,0.24074074074074073,0.21197252208047104,mit_dataverse
48127,0.7504878728742682,0.7339732601988345,mit_dataverse
48129,0.17218934911242603,0.1472312703583062,mit_dataverse
48131,0.7480154229984124,0.766804788213628,mit_dataverse
48133,0.1952680903364572,0.14934565050038492,mit_dataverse
48135,0.2562208616525305,0.24968474148802017,mit_dataverse
48137,0.3342995169082126,0.26244343891402716,mit_dataverse
48139,0.28471951423319036,0.2563387564403243,mit_dataverse
48141,0.6587433124767185,0.6551284133354986,mit_dataverse
48143,0.22312575789999287,0.15754028701996312,mit_dataverse
48145,0.3973923914984819,0.3741258741258741,mit_dataverse
48147,0.29622028390627675,0.23009996297667532,mit_dataverse
48149,0.2813141683778234,0.21941048241872807,mit_dataverse
48151,0.3850896860986547,0.31430325352977284,mit_dataverse
48153,0.2895676318921063,0.2642685851318945,mit_dataverse
48155,0.3680297397769517,0.2828282828282828,mit_dataverse
48157,0.4849966966108213,0.4608158039810651,mit_dataverse
48159,0.23068358940102426,0.17641531595019966,mit_dataverse
48161,0.27908891328210755,0.24438573315719947,mit_dataverse
48163,0.5920728705071393,0.5987903225806451,mit_dataverse
48165,0.1598229653307106,0.13157894736842105,mit_dataverse
48167,0.39812769037370005,0.3589363905594215,mit_dataverse
48169,0.21428571428571427,0.17884615384615385,mit_dataverse
48171,0.20878586480791053,0.16374501992031873,mit_dataverse
48173,0.0933572710951526,0.07612456747404844,mit_dataverse
48175,0.3636114911080711,0.3259109311740891,mit_dataverse
48177,0.3446794973755368,0.29337956083869904,mit_dataverse
48179,0.14176810525021516,0.11990797130870212,mit_dataverse
48181,0.3056490093893617,0.25246072307401096,mit_dataverse
48183,0.30898850035203,0.2986966053918616,mit_dataverse
48185,0.3249218937755347,0.2719451226601558,mit_dataverse
48187,0.34040580687301153,0.3179706749606172,mit_dataverse
48189,0.27235240872975963,0.2533318274226338,mit_dataverse
48191,0.2563291139240506,0.23895401262398558,mit_dataverse
48193,0.22842773954473267,0.16638513513513514,mit_dataverse
48195,0.11417697431018078,0.08103975535168195,mit_dataverse
48197,0.23385579937304074,0.2020066889632107,mit_dataverse
48199,0.1902714713554246,0.15772174484669202,mit_dataverse
48201,0.5044781266645725,0.49390157203733853,mit_dataverse
48203,0.3397430996253536,0.323118074130684,mit_dataverse
48205,0.12594458438287154,0.09618400418191322,mit_dataverse
48207,0.33034026465028354,0.2747143566815698,mit_dataverse
48209,0.48145702093070514,0.4327498263035705,mit_dataverse
48211,0.1375796178343949,0.1272365805168986,mit_dataverse
48213,0.2729279481254096,0.22101567307344264,mit_dataverse
48215,0.690153229752875,0.7040076459301949,mit_dataverse
48217,0.28897482559902943,0.22847654628476546,mit_dataverse
48219,0.23505559189012426,0.2082982898794505,mit_dataverse
48221,0.22512834129934503,0.17053472376303527,mit_dataverse
48223,0.27324096292282685,0.2177526856425939,mit_dataverse
48225,0.3079777365491651,0.27574872169466763,mit_dataverse
48227,0.2626690060893797,0.24266820011500861,mit_dataverse
48229,0.47884187082405344,0.4391657010428737,mit_dataverse
48231,0.29108521880503996,0.23783379086598452,mit_dataverse
48233,0.15089601643647985,0.13181130171543895,mit_dataverse
48235,0.200734394124847,0.14213197969543148,mit_dataverse
48237,0.1554746940125703,0.10419532324621733,mit_dataverse
48239,0.25726715443939097,0.21293532338308457,mit_dataverse
48241,0.28631809643080774,0.2532366649404454,mit_dataverse
48243,0.3786407766990291,0.3691275167785235,mit_dataverse
48245,0.508380900607049,0.503999909734054,mit_dataverse
48247,0.7360881542699724,0.7804439112177565,mit_dataverse
48249,0.5775060282466414,0.5814078452444922,mit_dataverse
48251,0.257982017982018,0.21491461566812728,mit_dataverse
48253,0.2630853994490358,0.22022633375246992,mit_dataverse
48255,0.3887784404683013,0.31660692951015534,mit_dataverse
48257,0.3175700668658415,0.27320449956734927,mit_dataverse
48259,0.21491699510330825,0.17111848394534104,mit_dataverse
48261,0.5346534653465347,0.49101796407185627,mit_dataverse
48263,0.22098214285714285,0.16296296296296298,mit_dataverse
48265,0.24694094697641425,0.19827231591937475,mit_dataverse
48267,0.18556701030927836,0.11469344608879492,mit_dataverse
48269,0.049079754601226995,0.034482758620689655,mit_dataverse
48271,0.4081237911025145,0.3663157894736842,mit_dataverse
48273,0.5321992709599028,0.5337375098237341,mit_dataverse
48275,0.2682748538011696,0.21986754966887417,mit_dataverse
48277,0.28553534473368913,0.24312380066290631,mit_dataverse
48279,0.2554696132596685,0.24395013444145686,mit_dataverse
48281,0.24927953890489912,0.2053026096612993,mit_dataverse
48283,0.5923423423423423,0.586269744835966,mit_dataverse
48285,0.22728931047063117,0.17217265493127562,mit_dataverse
48287,0.31362709738121375,0.262337244815946,mit_dataverse
48289,0.20139184774889932,0.15291576673866092,mit_dataverse
48291,0.27702765190049017,0.22869955156950672,mit_dataverse
48293,0.3288029273392577,0.29194763982546607,mit_dataverse
48295,0.12340764331210191,0.10188356164383562,mit_dataverse
48297,0.2509578544061303,0.22343787989302213,mit_dataverse
48299,0.23366912451968014,0.19062565390249006,mit_dataverse
48301,0.1518987341772152,0.140625,mit_dataverse
48303,0.3125679250312711,0.28810975609756095,mit_dataverse
48305,0.29631379962192816,0.25829504849412965,mit_dataverse
48307,0.24186046511627907,0.17941864350150352,mit_dataverse
48309,0.3765092752968346,0.3446962074562992,mit_dataverse
48311,0.24581005586592178,0.13320079522862824,mit_dataverse
48313,0.2812960235640648,0.2400695134061569,mit_dataverse
48315,0.38664158043273755,0.3491359177954227,mit_dataverse
48317,0.18309037900874636,0.15270935960591134,mit_dataverse
48319,0.25742574257425743,0.19308943089430894,mit_dataverse
48321,0.3588458740806595,0.32803098986235885,mit_dataverse
48323,0.781972758021757,0.7860456309760485,mit_dataverse
48325,0.3270636080574442,0.29808710823104245,mit_dataverse
48327,0.28978388998035365,0.20141342756183744,mit_dataverse
48329,0.20968928509607063,0.18579725093616162,mit_dataverse
48331,0.36424554265884884,0.3202916160388821,mit_dataverse
48333,0.18282039503904457,0.1267605633802817,mit_dataverse
48335,0.24105306458247636,0.23229706390328153,mit_dataverse
48337,0.20088050314465408,0.143981421752032,mit_dataverse
48339,0.2325226326759457,0.19016480564717844,mit_dataverse
48341,0.2065477285267611,0.19338014042126378,mit_dataverse
48343,0.39157774390243905,0.3615489394823896,mit_dataverse
48345,0.1127946127946128,0.09166666666666666,mit_dataverse
48347,0.3588132187593519,0.3130295840797947,mit_dataverse
48349,0.3308620795294406,0.2831293933871388,mit_dataverse
48351,0.3328897338403042,0.28573862668256944,mit_dataverse
48353,0.30041477384949633,0.26579234972677596,mit_dataverse
48355,0.4732984293193717,0.4762757013235661,mit_dataverse
48357,0.0781601801222258,0.0845305713331106,mit_dataverse
48359,0.1108695652173913,0.08170310701956271,mit_dataverse
48361,0.2600149629327348,0.22281931974572383,mit_dataverse
48363,0.2526794742163802,0.1939595159044661,mit_dataverse
48365,0.25313234142521535,0.2161290322580645,mit_dataverse
48367,0.21901524472899417,0.16465383486392418,mit_dataverse
48369,0.19364395367627255,0.2071260767423649,mit_dataverse
48371,0.3680798004987531,0.3833734939759036,mit_dataverse
48373,0.3091964861779741,0.25394585554510296,mit_dataverse
48375,0.2978376037050611,0.269413988657845,mit_dataverse
48377,0.7125782583949914,0.7055586130985141,mit_dataverse
48379,0.2474032105760151,0.18620014680694885,mit_dataverse
48381,0.1826670782528168,0.15240663232453316,mit_dataverse
48383,0.1981891348088531,0.1874258600237248,mit_dataverse
48385,0.23034398034398035,0.18045602605863192,mit_dataverse
48387,0.30463182897862234,0.2920772566022862,mit_dataverse
48389,0.5219369515762106,0.5752519986096628,mit_dataverse
48391,0.4237963814780742,0.3728053791557714,mit_dataverse
48393,0.07915057915057915,0.06496062992125984,mit_dataverse
48395,0.3986587183308495,0.38397145601756555,mit_dataverse
48397,0.2648287906193476,0.2275912326924155,mit_dataverse
48399,0.18619084561675717,0.1414940021810251,mit_dataverse
48401,0.26615746180963573,0.23999784320069018,mit_dataverse
48403,0.22096840377513335,0.17627785058977719,mit_dataverse
48405,0.35746971736204575,0.32330623306233064,mit_dataverse
48407,0.3037508372404555,0.25062396006655574,mit_dataverse
48409,0.41381566647971585,0.39127403127801574,mit_dataverse
48411,0.19820919820919822,0.14298362107127047,mit_dataverse
48413,0.24846625766871167,0.21730580137659783,mit_dataverse
48415,0.19536721134853655,0.1666998209667794,mit_dataverse
48417,0.1382059800664452,0.09611151870873075,mit_dataverse
48419,0.27635574837310195,0.25010771219302025,mit_dataverse
48421,0.12450980392156863,0.11657032755298652,mit_dataverse
48423,0.2982114352509395,0.2695443524578837,mit_dataverse
48425,0.22615341069912256,0.17326172979084228,mit_dataverse
48427,0.8449754901960784,0.8634183287048726,mit_dataverse
48429,0.1775382870107771,0.1392145369284877,mit_dataverse
48431,0.1567043618739903,0.06275303643724696,mit_dataverse
48433,0.2802721088435374,0.23703703703703705,mit_dataverse
48435,0.2414448669201521,0.2478173270651444,mit_dataverse
48437,0.3207100591715976,0.2550660792951542,mit_dataverse
48439,0.4373219123924315,0.41426607081471295,mit_dataverse
48441,0.2675014228799089,0.22536578600651827,mit_dataverse
48443,0.3583815028901734,0.33153153153153153,mit_dataverse
48445,0.32219626168224297,0.28552170396333243,mit_dataverse
48447,0.19809069212410502,0.13407134071340712,mit_dataverse
48449,0.34018388318009735,0.29907386491981025,mit_dataverse
48451,0.2871259102956692,0.2531045751633987,mit_dataverse
48453,0.638692628371141,0.6014307970143933,mit_dataverse
48455,0.3167681421754155,0.2588612670408982,mit_dataverse
48457,0.2738305941845765,0.21792526783381239,mit_dataverse
48459,0.24993405433922447,0.19626106486986392,mit_dataverse
48461,0.24060150375939848,0.2561538461538462,mit_dataverse
48463,0.4706821811544604,0.45346769413159455,mit_dataverse
48465,0.5446177847113884,0.5202383908616837,mit_dataverse
48467,0.2208874724197107,0.16146596858638743,mit_dataverse
48469,0.3284888577060573,0.3050635982393512,mit_dataverse
48471,0.38305651310978794,0.3345999464811346,mit_dataverse
48473,0.46124580861490844,0.4096340083008427,mit_dataverse
48475,0.2495835646862854,0.25916795069337445,mit_dataverse
48477,0.2805870487584336,0.23484059178995625,mit_dataverse
48479,0.7144657311889964,0.7655670942781511,mit_dataverse
48481,0.34241919822444167,0.3006317881734933,mit_dataverse
48483,0.1398663697104677,0.10902255639097744,mit_dataverse
48485,0.3015962768039668,0.25659466575649714,mit_dataverse
48487,0.26524728321135504,0.24396984924623116,mit_dataverse
48489,0.6952885988170507,0.7109004739336493,mit_dataverse
48491,0.42733407826871966,0.3789711583808515,mit_dataverse
48493,0.32763045337895635,0.28020924149956405,mit_dataverse
48495,0.23474409448818898,0.23072463768115942,mit_dataverse
48497,0.21662871263142594,0.15526632923596048,mit_dataverse
48499,0.22548358074673863,0.173824014561174,mit_dataverse
48501,0.18307567127746135,0.19219924812030076,mit_dataverse
48503,0.1783709787816564,0.13559322033898305,mit_dataverse
48505,0.676552686671319,0.7132373694609089,mit_dataverse
48507,0.8418472652218782,0.8327402135231317,mit_dataverse
49001,0.21602231964926266,0.13515625,mit_dataverse
49003,0.17373281561548956,0.10222588623248145,mit_dataverse
49005,0.2490564211748766,0.1476367247535053,mit_dataverse
49007,0.44593030731644595,0.30064754856614245,mit_dataverse
49009,0.2984054669703872,0.18076923076923077,mit_dataverse
49011,0.27481019278281726,0.18079772691605614,mit_dataverse
49013,0.15860027855153203,0.09108010659978052,mit_dataverse
49015,0.21875,0.12789390874353787,mit_dataverse
49017,0.18758684576192683,0.14115490375802017,mit_dataverse
49019,0.506990434142752,0.43721518987341773,mit_dataverse
49021,0.1980547112462006,0.12861505299083886,mit_dataverse
49023,0.2049225663716814,0.11354481369587109,mit_dataverse
49025,0.2714013950538998,0.22070602195194305,mit_dataverse
49027,0.15994935640430472,0.08575407879029048,mit_dataverse
49029,0.16558519586637827,0.08766586904502936,mit_dataverse
49031,0.17669172932330826,0.09462915601023018,mit_dataverse
49033,0.15308151093439365,0.08242303872889771,mit_dataverse
49035,0.4865662860928827,0.3827851827794206,mit_dataverse
49037,0.46900584795321637,0.4030525720746184,mit_dataverse
49039,0.18595371109337588,0.10265004713522573,mit_dataverse
49041,0.1697264893218434,0.09146114760193333,mit_dataverse
49043,0.5670771610446784,0.4615736505032022,mit_dataverse
49045,0.3362750187460345,0.23487877057265977,mit_dataverse
49047,0.14402521919022757,0.08607441940775275,mit_dataverse
49049,0.18799076799827058,0.09724105721022097,mit_dataverse
49051,0.33899894502403,0.22849097924705392,mit_dataverse
49053,0.21857901431484586,0.15435458786936238,mit_dataverse
49055,0.2549467275494673,0.16201959306706856,mit_dataverse
49057,0.3497016104858708,0.26136842659922016,mit_dataverse
50001,0.6862459715147105,0.6843662758235622,mit_dataverse
50003,0.6547127398191228,0.6544648439720343,mit_dataverse
50005,0.6042911461162411,0.5996632750164702,mit_dataverse
50007,0.7144175455417067,0.6957187337830825,mit_dataverse
50009,0.5588519832312158,0.550035739814153,mit_dataverse
50011,0.6141192917054986,0.606244971842317,mit_dataverse
50013,0.6310611384399156,0.6211042944785276,mit_dataverse
50015,0.7036627723397537,0.6982816149482817,mit_dataverse
50017,0.6455629488108571,0.6458407457482388,mit_dataverse
50019,0.6262626262626263,0.6087068080738967,mit_dataverse
50021,0.6121706676787804,0.5972945576566815,mit_dataverse
50023,0.6932919254658385,0.6944074794417716,mit_dataverse
50025,0.7302437606411694,0.7305465651638784,mit_dataverse
50027,0.6880795764479384,0.6792571169727168,mit_dataverse
51001,0.48691032452153876,0.4769173260233007,mit_dataverse
51003,0.5843401851561274,0.5520062329567589,mit_dataverse
51005,0.48215497353779346,0.47441795622473165,mit_dataverse
51007,0.3810690764282432,0.3600867678958785,mit_dataverse
51009,0.4145578231292517,0.39412157648630597,mit_dataverse
51011,0.34613368283093054,0.30913673597983615,mit_dataverse
51013,0.7171298103546885,0.6910159172845385,mit_dataverse
51015,0.29470874077629133,0.2806783083867902,mit_dataverse
51017,0.42886513157894735,0.40215924426450744,mit_dataverse
51019,0.30747976555958695,0.2727855711422846,mit_dataverse
51021,0.2919905373436972,0.24932157394843962,mit_dataverse
51023,0.32707112489945994,0.2988871224165342,mit_dataverse
51025,0.6283800859236796,0.6213761353738957,mit_dataverse
51027,0.46519349667964277,0.32075471698113206,mit_dataverse
51029,0.49885616242493563,0.5028831969961111,mit_dataverse
51031,0.31343457038816147,0.29557129514321295,mit_dataverse
51033,0.5544546791547333,0.53296220334017,mit_dataverse
51035,0.3266555370061213,0.2852608762966403,mit_dataverse
51036,0.6833614254755599,0.6550094517958412,mit_dataverse
51037,0.4393373396134481,0.42438114615123773,mit_dataverse
51041,0.4584546666008588,0.45438276370271596,mit_dataverse
51043,0.46521329565334407,0.4172893584127802,mit_dataverse
51045,0.3346051125524609,0.31121109861267343,mit_dataverse
51047,0.44587406919608935,0.40992528820939095,mit_dataverse
51049,0.4773497036409822,0.47979397781299526,mit_dataverse
51051,0.48541389012290836,0.3581981460023175,mit_dataverse
51053,0.4844865032578343,0.4820075060710869,mit_dataverse
51057,0.5469798657718121,0.5314537444933921,mit_dataverse
51059,0.601175003002398,0.5956560429407863,mit_dataverse
51061,0.42713112598264125,0.39277176205878217,mit_dataverse
51063,0.39076636508781265,0.3574045002616431,mit_dataverse
51065,0.4856694149980369,0.4622323319476037,mit_dataverse
51067,0.37864650997992205,0.34036020518965066,mit_dataverse
51069,0.38560633107223613,0.3486838489860966,mit_dataverse
51071,0.40949326491340604,0.3612066684308018,mit_dataverse
51073,0.359796067006555,0.35077529430067933,mit_dataverse
51075,0.3831396274478586,0.3511828764551258,mit_dataverse
51077,0.34349030470914127,0.29040865047043957,mit_dataverse
51079,0.3842615012106538,0.3646237393328161,mit_dataverse
51081,0.6388377327603847,0.6364190012180267,mit_dataverse
51083,0.4822551928783383,0.46525281572010546,mit_dataverse
51085,0.3279583274071967,0.3097632835517627,mit_dataverse
51087,0.5570447711110824,0.5522278585560987,mit_dataverse
51089,0.4409280190362879,0.41329167167407765,mit_dataverse
51091,0.37966537966537967,0.3248407643312102,mit_dataverse
51093,0.4287143071460719,0.42065587938733373,mit_dataverse
51095,0.4494987436209621,0.4335354025218235,mit_dataverse
51097,0.5176788124156545,0.4774281805745554,mit_dataverse
51099,0.4270574756540004,0.39532008830022075,mit_dataverse
51101,0.3986647591797806,0.37476185139527063,mit_dataverse
51103,0.4662727010665898,0.4523775319637983,mit_dataverse
51105,0.3488674542104693,0.2691185663679933,mit_dataverse
51107,0.5366810317010734,0.5153005123078845,mit_dataverse
51109,0.4545040057317788,0.42262338925358617,mit_dataverse
51111,0.4784070796460177,0.46808510638297873,mit_dataverse
51113,0.4272279444693238,0.3990021167221046,mit_dataverse
51115,0.35551470588235295,0.3362486043915147,mit_dataverse
51117,0.47255005967378333,0.45904357630828413,mit_dataverse
51119,0.3981018981018981,0.38980263157894735,mit_dataverse
51121,0.5173295943718791,0.4853324879904411,mit_dataverse
51125,0.5398991761957457,0.5055757575757576,mit_dataverse
51127,0.3496146531878691,0.3245686113393591,mit_dataverse
51131,0.5769814758578804,0.5763364658758281,mit_dataverse
51133,0.4472049689440994,0.42220164064567345,mit_dataverse
51135,0.4884087006296508,0.48846041484078295,mit_dataverse
51137,0.4497816593886463,0.42008071419836124,mit_dataverse
51139,0.40764269900856676,0.36409855299178723,mit_dataverse
51141,0.337475090845153,0.29265044194212375,mit_dataverse
51143,0.3750862550520816,0.35389980769857565,mit_dataverse
51145,0.2930962921970116,0.26331723027375203,mit_dataverse
51147,0.5433532168726033,0.5554713713605368,mit_dataverse
51149,0.4454579532675247,0.4356849058955503,mit_dataverse
51153,0.5751757507110055,0.5734398845694941,mit_dataverse
51155,0.39322259136212623,0.36049046321525885,mit_dataverse
51157,0.4778660612939841,0.4544411292173514,mit_dataverse
51159,0.4320427236315087,0.41750663129973475,mit_dataverse
51161,0.38866110838646395,0.3653279184645723,mit_dataverse
51163,0.4263854830799412,0.4016900854868822,mit_dataverse
51165,0.31358372832543346,0.28867664773705043,mit_dataverse
51167,0.42909344005568123,0.307577763070814,mit_dataverse
51169,0.2759493670886076,0.23969175340272217,mit_dataverse
51171,0.35956926598345734,0.33391833995767306,mit_dataverse
51173,0.3445781173792879,0.3264459575800266,mit_dataverse
51175,0.48549685673320836,0.4789507772020725,mit_dataverse
51177,0.460467180824502,0.4340738951943975,mit_dataverse
51179,0.46372734649715985,0.4486737203505934,mit_dataverse
51181,0.6071676300578035,0.5979572887650882,mit_dataverse
51183,0.6155137050158493,0.6172794117647059,mit_dataverse
51185,0.3279995310943087,0.20646289194676293,mit_dataverse
51187,0.4338955723676051,0.3863935800694694,mit_dataverse
51191,0.32910204081632655,0.2760611735330836,mit_dataverse
51193,0.5463769846006924,0.5289408866995073,mit_dataverse
51195,0.35330315461875794,0.25036622719403384,mit_dataverse
51197,0.3287967336482267,0.30611749474024924,mit_dataverse
51199,0.4041655603740744,0.3882720230907431,mit_dataverse
51510,0.717312830424649,0.7110514772990424,mit_dataverse
51515,0.44184345281638626,0.43672014260249553,mit_dataverse
51520,0.3621415953254518,0.3373493975903614,mit_dataverse
51530,0.4572843582335947,0.36381631037212986,mit_dataverse
51540,0.7835262422670126,0.7574436849107675,mit_dataverse
51550,0.5021716687902829,0.49854652479058187,mit_dataverse
51570,0.2895242400271217,0.2949907235621521,mit_dataverse
51580,0.5539507221750213,0.5660944206008584,mit_dataverse
51590,0.5912876974629009,0.6047317362898436,mit_dataverse
51595,0.6503630110813909,0.6650593471810089,mit_dataverse
51600,0.5768555886997719,0.5719322383695933,mit_dataverse
51610,0.6955555555555556,0.6892523364485982,mit_dataverse
51620,0.6367743392816806,0.6497706422018349,mit_dataverse
51630,0.6360442285832386,0.6235026667832474,mit_dataverse
51640,0.4379683597002498,0.3952569169960474,mit_dataverse
51650,0.6905347129211251,0.7063618589261543,mit_dataverse
51660,0.5754003407155025,0.5549926248957866,mit_dataverse
51670,0.5549139017219655,0.5734691617761045,mit_dataverse
51678,0.6224283985478015,0.5530331224413845,mit_dataverse
51680,0.4737485804140823,0.4375548726953468,mit_dataverse
51683,0.5516988331987965,0.5577631578947368,mit_dataverse
51685,0.5949275362318841,0.6183419243986255,mit_dataverse
51690,0.6348159509202455,0.6134627625716105,mit_dataverse
51700,0.6393013100436681,0.6432203816524847,mit_dataverse
51710,0.7102525834972752,0.7201842767367853,mit_dataverse
51720,0.4914021164021164,0.37935656836461124,mit_dataverse
51730,0.8863577863577864,0.8978501382951973,mit_dataverse
51735,0.24741684359518754,0.2362792006754855,mit_dataverse
51740,0.6927461695060538,0.7077435651757328,mit_dataverse
51750,0.5396942346656843,0.5060196332654195,mit_dataverse
51760,0.7909222753397432,0.7781262491160102,mit_dataverse
51770,0.6115471401942509,0.6010210434566057,mit_dataverse
51775,0.41625020151539577,0.38642636791686963,mit_dataverse
51790,0.505583295506128,0.5109723461195361,mit_dataverse
51800,0.5624436203267515,0.5701028990273928,mit_dataverse
51810,0.4913564787899567,0.4795490258898195,mit_dataverse
51820,0.44085778781038376,0.43681037424638836,mit_dataverse
51830,0.6376897008987771,0.6328084667010841,mit_dataverse
51840,0.5202449140825598,0.49475524475524474,mit_dataverse
53001,0.3194730341704405,0.3213018986021281,mit_dataverse
53003,0.4232106339468303,0.4043025956974043,mit_dataverse
53005,0.36054916267778525,0.353762616423032,mit_dataverse
53007,0.4312222291757932,0.4065736434108527,mit_dataverse
53009,0.5054648355357096,0.4880996164556297,mit_dataverse
53011,0.5217438882930993,0.489410654857053,mit_dataverse
53013,0.30789946140035906,0.2855245683930943,mit_dataverse
53015,0.5438324968493665,0.509323173464814,mit_dataverse
53017,0.38450917220067066,0.3457368491500468,mit_dataverse
53019,0.4190231362467866,0.37616279069767444,mit_dataverse
53021,0.37373070674248576,0.37088724992271344,mit_dataverse
53023,0.28040786598689005,0.26291079812206575,mit_dataverse
53025,0.349916174648298,0.32476957689237246,mit_dataverse
53027,0.5603755482456141,0.5564077534514015,mit_dataverse
53029,0.5232097535520293,0.510178389035369,mit_dataverse
53031,0.6628983042369067,0.6424428866811236,mit_dataverse
53033,0.7030450136220868,0.6906904174516157,mit_dataverse
53035,0.5519193803936077,0.5453403260191138,mit_dataverse
53037,0.4494067606895008,0.43745528589510757,mit_dataverse
53039,0.4884887839433294,0.4475374732334047,mit_dataverse
53041,0.3925659126926956,0.3719891904594055,mit_dataverse
53043,0.3399698845574703,0.2849114441416894,mit_dataverse
53045,0.5316893944746697,0.5228971135115991,mit_dataverse
53047,0.45127445168938946,0.4219399263920218,mit_dataverse
53049,0.5571911858827832,0.5426643861649563,mit_dataverse
53051,0.391025641025641,0.376124775044991,mit_dataverse
53053,0.5517844136926439,0.5436703508209151,mit_dataverse
53055,0.7002184028107492,0.6725505002831792,mit_dataverse
53057,0.5377554306982071,0.5190613182796866,mit_dataverse
53059,0.5131147540983606,0.4807903402854007,mit_dataverse
53061,0.5846853118473588,0.5715775718049706,mit_dataverse
53063,0.481916623768285,0.45702095340213555,mit_dataverse
53065,0.3804216463005237,0.350254952393845,mit_dataverse
53067,0.5988682729719278,0.5826794582215121,mit_dataverse
53069,0.488666085440279,0.4768962510897995,mit_dataverse
53071,0.40769199660290373,0.3890393500079656,mit_dataverse
53073,0.580392469528299,0.554106125459822,mit_dataverse
53075,0.5156631985900278,0.46942351498160156,mit_dataverse
53077,0.4385040616646337,0.43154092993647125,mit_dataverse
54001,0.3881578947368421,0.30689116472834577,mit_dataverse
54003,0.428885551860989,0.38402561067470137,mit_dataverse
54005,0.5410991636798088,0.32823529411764707,mit_dataverse
54007,0.49990756147162135,0.41590341382181517,mit_dataverse
54009,0.4785431672922796,0.43092317624273724,mit_dataverse
54011,0.44206753006475485,0.4221005475360876,mit_dataverse
54013,0.4088102099629477,0.37063887630267334,mit_dataverse
54015,0.4352220520673813,0.3090969455511288,mit_dataverse
54017,0.24353876739562624,0.20765619357168652,mit_dataverse
54019,0.4766355140186916,0.3851457000710732,mit_dataverse
54021,0.3982546608488695,0.33479473893981665,mit_dataverse
54023,0.2363679468942627,0.15656345399040558,mit_dataverse
54025,0.42826973492572096,0.3633418190233742,mit_dataverse
54027,0.3573739067928597,0.2878787878787879,mit_dataverse
54029,0.416338880484115,0.3818286846014194,mit_dataverse
54031,0.3515812835213612,0.2867647058823529,mit_dataverse
54033,0.42614206827309237,0.37220331204344664,mit_dataverse
54035,0.39727034978751224,0.3338530838530839,mit_dataverse
54037,0.518385451319583,0.46969012557593276,mit_dataverse
54039,0.49214393094418313,0.4326225075589062,mit_dataverse
54041,0.3192552225249773,0.27612533799904565,mit_dataverse
54043,0.4431602048280907,0.3266353769433852,mit_dataverse
54045,0.43616784255477165,0.29039008873263017,mit_dataverse
54047,0.5334370139968896,0.34082094376212024,mit_dataverse
54049,0.49214216122336596,0.4158852474236375,mit_dataverse
54051,0.4282551246339547,0.3471663053576959,mit_dataverse
54053,0.4228991794775064,0.3859434058637246,mit_dataverse
54055,0.3543906383788412,0.2553111487121639,mit_dataverse
54057,0.3247596778383996,0.2627743874669824,mit_dataverse
54059,0.42959942432237946,0.27497168742921857,mit_dataverse
54061,0.511099793283202,0.43926926131850674,mit_dataverse
54063,0.3612556053811659,0.2791634689178818,mit_dataverse
54065,0.3739692138537658,0.3354628052243044,mit_dataverse
54067,0.46544172631129155,0.3032441661923734,mit_dataverse
54069,0.43976458546571134,0.37887331807269276,mit_dataverse
54071,0.3858615611192931,0.3315838221673356,mit_dataverse
54073,0.3838655462184874,0.3362676056338028,mit_dataverse
54075,0.42504118616144976,0.3643736017897092,mit_dataverse
54077,0.35647677178704645,0.26275212909009416,mit_dataverse
54079,0.37667473769168686,0.3065095256199045,mit_dataverse
54081,0.3622562723380162,0.2684449686079989,mit_dataverse
54083,0.41899750761561894,0.34255842558425587,mit_dataverse
54085,0.2594903796151846,0.20274551214361142,mit_dataverse
54087,0.45137515728923244,0.3841886269070735,mit_dataverse
54089,0.43077501881113617,0.3423442449841605,mit_dataverse
54091,0.39690472352087697,0.3285375761679079,mit_dataverse
54093,0.36726546906187624,0.2804333970681963,mit_dataverse
54095,0.33172948409516173,0.27142421469960354,mit_dataverse
54097,0.3260506075130978,0.2608485434546114,mit_dataverse
54099,0.3977316915100454,0.3533500537441777,mit_dataverse
54101,0.5076872751063134,0.34373865698729583,mit_dataverse
54103,0.45584133870467924,0.3785860655737705,mit_dataverse
54105,0.33619948409286327,0.31137724550898205,mit_dataverse
54107,0.34923059830009445,0.3305177031521323,mit_dataverse
54109,0.36321381142098275,0.21042137445168152,mit_dataverse
55001,0.5814139795714,0.5387382132788957,mit_dataverse
55003,0.6785630977373455,0.6448877209746775,mit_dataverse
55005,0.5277462203967491,0.47990481226864096,mit_dataverse
55007,0.6307562315166878,0.6163669799754802,mit_dataverse
55009,0.5392131715215545,0.4849683544303797,mit_dataverse
55011,0.5641428571428572,0.5071743145333144,mit_dataverse
55013,0.49919429097605894,0.4593753601475164,mit_dataverse
55015,0.5021908287376293,0.43485995457986376,mit_dataverse
55017,0.5371638384439813,0.4925966636492952,mit_dataverse
55019,0.5254105871572566,0.4472139700021738,mit_dataverse
55021,0.5691787373599344,0.5622667452366922,mit_dataverse
55023,0.6248590402205237,0.5921709095560956,mit_dataverse
55025,0.7280155793298202,0.7103369375470526,mit_dataverse
55027,0.4479602082992784,0.4217317029311275,mit_dataverse
55029,0.5801727589954808,0.5295116292230208,mit_dataverse
55031,0.6577744535859719,0.6492093998427536,mit_dataverse
55033,0.565574840140937,0.5145507457257185,mit_dataverse
55035,0.6025449918196691,0.5595372769404809,mit_dataverse
55037,0.4223463687150838,0.36304761904761906,mit_dataverse
55039,0.44842612235536955,0.4190667016216621,mit_dataverse
55041,0.5707879564381807,0.5217297762478486,mit_dataverse
55043,0.6116365131578947,0.5606235565819861,mit_dataverse
55045,0.6205891874393007,0.5799606665976607,mit_dataverse
55047,0.41946308724832215,0.39204134366925064,mit_dataverse
55049,0.6673072102932576,0.6466411361097814,mit_dataverse
55051,0.5576923076923077,0.4911894273127753,mit_dataverse
55053,0.6023132634309805,0.5688822076667025,mit_dataverse
55055,0.4968725385720243,0.4552291050337617,mit_dataverse
55057,0.5365134431916739,0.5277754291029001,mit_dataverse
55059,0.5817563365444415,0.5546188362980086,mit_dataverse
55061,0.5471400760174284,0.4668841170607955,mit_dataverse
55063,0.6093834034610396,0.5781885222652926,mit_dataverse
55065,0.6042651002426255,0.5704225352112676,mit_dataverse
55067,0.49817342818688715,0.43473714231390814,mit_dataverse
55069,0.5517422059208803,0.49704258675078866,mit_dataverse
55071,0.5287876644504174,0.4787526104606143,mit_dataverse
55073,0.5352811304091846,0.4632418195871862,mit_dataverse
55075,0.5266996000940956,0.4756220821100255,mit_dataverse
55077,0.5184807545245985,0.49524984577421344,mit_dataverse
55078,0.8680939226519337,0.8649237472766884,mit_dataverse
55079,0.6730311116348761,0.674896868706555,mit_dataverse
55081,0.5324770258980785,0.4883243520656916,mit_dataverse
55083,0.5233551244200759,0.4463970995518405,mit_dataverse
55085,0.5430291421535094,0.48272676888970995,mit_dataverse
55087,0.5492830073282876,0.482673685990951,mit_dataverse
55089,0.3856272838002436,0.3432466811186556,mit_dataverse
55091,0.5574118271015646,0.5071640984049743,mit_dataverse
55093,0.5339032885511377,0.4869172216936251,mit_dataverse
55095,0.4803250452678532,0.44624108448146016,mit_dataverse
55097,0.6295215869311552,0.5611765004957165,mit_dataverse
55099,0.5563827190627288,0.49196304265282875,mit_dataverse
55101,0.5306730788338865,0.5128284509113424,mit_dataverse
55103,0.5965680473372781,0.57411900635470825,mit_dataverse
55105,0.6382422412813096,0.6099764530920808,mit_dataverse
55107,0.5301155115511551,0.4723960506188291,mit_dataverse
55109,0.47247941812989447,0.4307193077339102,mit_dataverse
55111,0.6078821916019069,0.5868387258433301,mit_dataverse
55113,0.5244909190974133,0.49706371191135734,mit_dataverse
55115,0.5106774851909005,0.44380886631490707,mit_dataverse
55117,0.489397330413641,0.44561140285071266,mit_dataverse
55119,0.48823025893430344,0.395605550883095,mit_dataverse
55121,0.6249812227730209,0.5641272902603665,mit_dataverse
55123,0.6012788632326821,0.5637395753031046,mit_dataverse
55125,0.47207272727272725,0.4299234214708857,mit_dataverse
55127,0.4794930784181508,0.4311798558400092,mit_dataverse
55129,0.5150351185250219,0.4788413911919888,mit_dataverse
55131,0.345634382013412,0.29420131568921287,mit_dataverse
55133,0.3664237839044728,0.3230554097500164,mit_dataverse
55135,0.507702559680138,0.40145631067961163,mit_dataverse
55137,0.49523166511941935,0.4428120849933599,mit_dataverse
55139,0.5493687055898354,0.5096722101981541,mit_dataverse
55141,0.5559254327563249,0.4776606683804627,mit_dataverse
56001,0.5025289227370502,0.45754601226993863,mit_dataverse
56003,0.2074517880546714,0.16303531179564237,mit_dataverse
56005,0.1824839792493134,0.1231005634283763,mit_dataverse
56007,0.33855072463768116,0.3241665386388078,mit_dataverse
56009,0.21227503461006,0.17168532240264858,mit_dataverse
56011,0.1651376146788991,0.11560379918588874,mit_dataverse
56013,0.3395992097092859,0.31483558651632326,mit_dataverse
56015,0.3071248952221291,0.25111953151911814,mit_dataverse
56017,0.24141965678627145,0.20795228628230616,mit_dataverse
56019,0.20754285714285714,0.17586287861000235,mit_dataverse
56021,0.38444242453236377,0.36185293000885965,mit_dataverse
56023,0.21160766105629716,0.14933859364121607,mit_dataverse
56025,0.3129387864846294,0.27680474469465294,mit_dataverse
56027,0.18711656441717792,0.15673981191222572,mit_dataverse
56029,0.24965113961060537,0.20036966046002191,mit_dataverse
56031,0.30606917554927127,0.26991834032222467,mit_dataverse
56033,0.2964292838619589,0.25261834939254296,mit_dataverse
56035,0.21394285714285713,0.17527422303473492,mit_dataverse
56037,0.3423038079961979,0.28256880733944956,mit_dataverse
56039,0.6045796585484262,0.5419574319609212,mit_dataverse
56041,0.2752435257780946,0.1906546434008666,mit_dataverse
56043,0.25414634146341464,0.2013184584178499,mit_dataverse
56045,0.19273579379027533,0.1256326287585591,mit_dataverse
2938000,0.7838583987625556,0.7724302276282511,mit_dataverse
