fips,year,crude_rate,deaths,population,death_supp
1001,2005,464.45530484211986,134,28851,0
1001,2006,487.0347977965874,145,29772,0
1001,2007,428.0962887344815,130,30367,0
1001,2008,424.7867959402056,131,30839,0
1003,2005,409.2293376194907,387,94568,0
1003,2006,412.79247982016966,404,97870,0
1003,2007,422.2736892544823,423,100172,0
1003,2008,400.1061706791974,407,101723,0
1005,2005,543.0022771063234,93,17127,0
1005,2006,391.9045390734675,67,17096,0
1005,2007,446.7172162463998,76,17013,0
1005,2008,393.7702027622686,67,17015,0
1007,2005,585.2285354470702,79,13499,0
1007,2006,560.3066941905043,76,13564,0
1007,2007,450.77795550385343,62,13754,0
1007,2008,579.8969072164948,81,13968,0
1009,2005,435.32338308457713,140,32160,0
1009,2006,405.6545789797173,132,32540,0
1009,2007,422.4795598917966,139,32901,0
1009,2008,531.387913176619,177,33309,0
1011,2005,751.653638003608,50,6652,0
1011,2006,707.4746231928638,46,6502,0
1011,2007,653.497697905837,44,6733,0
1011,2008,536.9127516778523,36,6705,0
1013,2005,805.6912659638297,94,11667,0
1013,2006,554.5601911099735,65,11721,0
1013,2007,525.4682600220358,62,11799,0
1013,2008,664.08876933423,79,11896,0
1015,2005,587.9427852692544,402,68374,0
1015,2006,611.9349005424955,423,69125,0
1015,2007,595.255212077642,414,69550,0
1015,2008,568.0517399267399,397,69888,0
1017,2005,588.8125613346418,120,20380,0
1017,2006,599.6927194330178,121,20177,0
1017,2007,698.400118876616,141,20189,0
1017,2008,573.5946930021447,115,20049,0
1019,2005,643.2591798445457,96,14924,0
1019,2006,535.9978824775013,81,15112,0
1019,2007,549.5960799894054,83,15102,0
1019,2008,576.082638061184,87,15102,0
1021,2005,505.1922537187763,126,24941,0
1021,2006,614.0595717532597,154,25079,0
1021,2007,520.2790587678846,132,25371,0
1021,2008,511.4284590267123,130,25419,0
1023,2005,663.1299734748011,55,8294,0
1023,2006,692.588092345079,57,8230,0
1023,2007,556.3110396835208,45,8089,0
1023,2008,613.0364068559991,49,7993,0
1025,2005,465.4255319148936,70,15040,0
1025,2006,444.3265468532396,67,15079,0
1025,2007,470.2720859926101,70,14885,0
1025,2008,465.68131200647906,69,14817,0
1027,2005,507.677067855374,41,8076,0
1027,2006,560.9573672400898,45,8022,0
1027,2007,509.12703340370047,41,8053,0
1027,2008,420.4798417017067,34,8086,0
1029,2005,602.908145170824,51,8459,0
1029,2006,480.9384164222874,41,8525,0
1029,2007,556.7799559215869,48,8621,0
1029,2008,441.5011037527594,38,8607,0
1031,2005,440.38066803508116,118,26795,0
1031,2006,472.0808438445084,128,27114,0
1031,2007,405.77420281528293,113,27848,0
1031,2008,424.32318698274656,121,28516,0
1033,2005,504.0798966636212,160,31741,0
1033,2006,565.7175183858194,180,31818,0
1033,2007,568.9001264222503,180,31640,0
1033,2008,496.9927192149414,157,31590,0
1035,2005,655.4798112218143,50,7628,0
1035,2006,574.7126436781609,44,7656,0
1035,2007,635.2567496029645,48,7556,0
1035,2008,530.5743467303356,40,7539,0
1037,2005,659.0509666080844,45,6828,0
1037,2006,603.2960565038258,41,6796,0
1037,2007,614.8440931049627,42,6831,0
1037,2008,614.2146826557473,42,6838,0
1039,2005,623.5422913989242,131,21009,0
1039,2006,566.3048607833884,120,21190,0
1039,2007,600.8543397643525,128,21303,0
1039,2008,526.3899985900267,112,21277,0
1041,2005,529.5789201756652,41,7742,0
1041,2006,495.3639019433507,39,7873,0
1041,2007,517.5460742236809,41,7922,0
1041,2008,681.044267877412,54,7929,0
1043,2005,488.63808350089727,226,46251,0
1043,2006,495.61488568534924,230,46407,0
1043,2007,472.24488043618254,220,46586,0
1043,2008,568.121142222507,266,46821,0
1045,2005,430.0031209903942,124,28837,0
1045,2006,470.3441120525679,136,28915,0
1045,2007,432.06913106096977,126,29162,0
1045,2008,439.1489361702128,129,29375,0
1047,2005,741.9354838709678,184,24800,0
1047,2006,799.0684227433344,199,24904,0
1047,2007,732.4533161622666,182,24848,0
1047,2008,807.7479504902749,201,24884,0
1049,2005,480.2709739389803,190,39561,0
1049,2006,495.0992711736617,197,39790,0
1049,2007,466.2643993417444,187,40106,0
1049,2008,516.1513385360072,209,40492,0
1051,2005,384.12007637994583,173,45038,0
1051,2006,449.2925801922454,208,46295,0
1051,2007,375.10800160158476,178,47453,0
1051,2008,413.38789214143327,197,47655,0
1053,2005,606.114626972101,136,22438,0
1053,2006,582.2222222222223,131,22500,0
1053,2007,502.26686816605917,113,22498,0
1053,2008,574.7126436781609,129,22446,0
1055,2005,598.2367758186398,361,60344,0
1055,2006,620.6259078304503,376,60584,0
1055,2007,624.1354324484553,379,60724,0
1055,2008,622.991347342398,378,60675,0
1057,2005,580.1024847723097,60,10343,0
1057,2006,688.7730000983961,70,10163,0
1057,2007,641.346828339513,64,9979,0
1057,2008,562.3054523546541,56,9959,0
1059,2005,503.1868500503187,90,17886,0
1059,2006,562.7681506658495,101,17947,0
1059,2007,633.869972513603,113,17827,0
1059,2008,573.1137324727354,103,17972,0
1061,2005,488.88293597642644,73,14932,0
1061,2006,529.7311614355715,80,15102,0
1061,2007,495.6711387218294,75,15131,0
1061,2008,385.8983582968147,59,15289,0
1063,2005,690.2985074626865,37,5360,0
1063,2006,655.232222008094,34,5189,0
1063,2007,731.7542846139033,38,5193,0
1063,2008,628.8109756097562,33,5248,0
1065,2005,660.2065807688213,62,9391,0
1065,2006,513.2043194696889,48,9353,0
1065,2007,714.9717212677409,67,9371,0
1065,2008,764.0159259657808,71,9293,0
1067,2005,588.1745949850377,57,9691,0
1067,2006,609.7560975609756,60,9840,0
1067,2007,473.7903225806452,47,9920,0
1067,2008,582.2708563397249,58,9961,0
1069,2005,439.556464012445,243,55283,0
1069,2006,391.6009568530167,221,56435,0
1069,2007,438.5584773527016,253,57689,0
1069,2008,444.16243654822335,259,58312,0
1071,2005,525.5704169944926,167,31775,0
1071,2006,544.5902981080995,173,31767,0
1071,2007,586.7427846495401,185,31530,0
1071,2008,620.9004648793225,195,31406,0
1073,2005,489.9063063703042,1931,394157,0
1073,2006,528.2343935914635,2091,395847,0
1073,2007,504.47920980073326,1998,396052,0
1073,2008,529.8981546838762,2102,396680,0
1075,2005,381.2384473197782,33,8656,0
1075,2006,528.479154433353,45,8515,0
1075,2007,622.5772348173382,53,8513,0
1075,2008,596.8011458582,50,8378,0
1077,2005,410.7903454803597,217,52825,0
1077,2006,469.5012019230769,250,53248,0
1077,2007,443.7814655976133,238,53630,0
1077,2008,418.6890955574493,226,53978,0
1079,2005,612.8456304589104,127,20723,0
1079,2006,522.3589142745558,107,20484,0
1079,2007,558.3608467663624,115,20596,0
1079,2008,493.9599941311684,101,20447,0
1081,2005,302.0651651879376,239,79122,0
1081,2006,281.243859304382,229,81424,0
1081,2007,292.8451776955615,243,82979,0
1081,2008,317.92932277508567,269,84610,0
1083,2005,429.9265257842178,189,43961,0
1083,2006,388.7440915315634,176,45274,0
1083,2007,442.98921417565487,207,46728,0
1083,2008,360.9512612668358,175,48483,0
1085,2005,740.8483439860546,51,6884,0
1085,2006,730.5669199298655,50,6844,0
1085,2007,633.937785640572,43,6783,0
1085,2008,738.5524372230428,50,6770,0
1087,2005,796.8441814595661,101,12675,0
1087,2006,661.7820846135664,84,12693,0
1087,2007,721.7950729640671,92,12746,0
1087,2008,758.7733164717041,96,12652,0
1089,2005,376.62110824854807,690,183208,0
1089,2006,369.1294829523967,693,187739,0
1089,2007,383.4315822421618,735,191690,0
1089,2008,359.679243552775,706,196286,0
1091,2005,672.8909075616116,80,11889,0
1091,2006,607.1338224133569,72,11859,0
1091,2007,528.3905057451983,63,11923,0
1091,2008,583.0164765525983,69,11835,0
1093,2005,521.1251821136389,93,17846,0
1093,2006,616.7351927991999,111,17998,0
1093,2007,534.1048180705463,96,17974,0
1093,2008,601.258709822432,107,17796,0
1095,2005,475.48941588413174,239,50264,0
1095,2006,514.6569605886267,263,51102,0
1095,2007,539.1929499072356,279,51744,0
1095,2008,544.3086325439266,285,52360,0
1097,2005,538.6080561106874,1264,234679,0
1097,2006,517.6327881833153,1229,237427,0
1097,2007,555.7898604888111,1331,239479,0
1097,2008,542.3928266580481,1309,241338,0
1099,2005,483.60284116669186,64,13234,0
1099,2006,476.7309875141884,63,13215,0
1099,2007,470.5168095924717,62,13177,0
1099,2008,581.3953488372093,76,13072,0
1101,2005,450.73665169194425,603,133781,0
1101,2006,471.48400322131926,644,136590,0
1101,2007,422.4133543691791,581,137543,0
1101,2008,434.68414169972453,595,136881,0
1103,2005,484.0839078773654,330,68170,0
1103,2006,425.13058618688336,293,68920,0
1103,2007,427.37502518203013,297,69494,0
1103,2008,431.18833792601265,302,70039,0
1105,2005,904.6624913013222,52,5748,0
1105,2006,670.4304869442484,38,5668,0
1105,2007,705.5918151349445,40,5669,0
1105,2008,723.7422771403354,41,5665,0
1107,2005,541.1159407433692,61,11273,0
1107,2006,530.035335689046,60,11320,0
1107,2007,488.23790501553486,55,11265,0
1107,2008,533.8078291814946,60,11240,0
1109,2005,539.3331880584005,99,18356,0
1109,2006,479.1566842357451,90,18783,0
1109,2007,451.65695079039966,86,19041,0
1109,2008,513.6186770428016,99,19275,0
1111,2005,451.6430462544775,58,12842,0
1111,2006,536.047234307023,69,12872,0
1111,2007,529.7600498597694,68,12836,0
1111,2008,641.6202844774273,83,12936,0
1113,2005,580.1579128046687,169,29130,0
1113,2006,599.7966790918333,177,29510,0
1113,2007,529.5616034320955,158,29836,0
1113,2008,629.7481007596961,189,30012,0
1115,2005,450.90517531462416,201,44577,0
1115,2006,461.6606901290503,215,46571,0
1115,2007,479.4929310806083,233,48593,0
1115,2008,497.8734554836629,247,49611,0
1117,2005,297.57753289626635,320,107535,0
1117,2006,295.5453259058912,330,111658,0
1117,2007,280.2911524345914,320,114167,0
1117,2008,313.5333321911354,366,116734,0
1119,2005,509.683995922528,40,7848,0
1119,2006,572.9564553093965,45,7854,0
1119,2007,435.6181934657271,34,7805,0
1119,2008,520.8333333333333,41,7872,0
1121,2005,524.2356603116745,256,48833,0
1121,2006,584.9979616795761,287,49060,0
1121,2007,540.05766029155,266,49254,0
1121,2008,575.3413556987156,284,49362,0
1123,2005,610.5777328617147,145,23748,0
1123,2006,497.4292521840906,119,23923,0
1123,2007,435.6665698518733,105,24101,0
1123,2008,534.69286247202194,129,24126,0
1125,2005,367.59272942219593,398,108272,0
1125,2006,437.21612245627836,489,111844,0
1125,2007,381.65594812988587,435,113977,0
1125,2008,394.8047479786685,459,116260,0
1127,2005,707.210093144744,287,40582,0
1127,2006,817.1148417768533,330,40386,0
1127,2007,825.2063015753938,330,39990,0
1127,2008,767.686904164576,306,39860,0
1129,2005,511.106742677413,52,10174,0
1129,2006,422.43835347283624,43,10179,0
1129,2007,557.1584916923689,56,10051,0
1129,2008,439.47263284059125,44,10012,0
1131,2005,620.9298803574133,41,6603,0
1131,2006,666.4647076643441,44,6602,0
1131,2007,819.5499925495454,55,6711,0
1131,2008,722.3476297968397,48,6645,0
1133,2005,555.8945156260593,82,14751,0
1133,2006,636.5544795828537,94,14767,0
1133,2007,564.3187381017134,83,14708,0
1133,2008,639.3070736234275,93,14547,0
4001,2005,560.0112565076685,199,35535,0
4001,2006,583.5397742912194,212,36330,0
4001,2007,567.5461813419192,208,36649,0
4001,2008,534.297587565438,198,37058,0
4003,2005,416.9173300502259,298,71477,0
4003,2006,380.5007168854086,276,72536,0
4003,2007,368.3871762917517,269,73021,0
4003,2008,391.4561623656501,287,73316,0
4005,2005,305.83779080183245,239,78146,0
4005,2006,302.9461513216026,240,79222,0
4005,2007,286.3866718133257,230,80311,0
4005,2008,320.4061764452167,260,81147,0
4007,2005,695.9043131569409,192,27590,0
4007,2006,558.4406345592944,157,28114,0
4007,2007,453.8737597635635,129,28422,0
4007,2008,634.0865300402872,181,28545,0
4009,2005,413.4509371554576,75,18140,0
4009,2006,352.8468323977546,66,18705,0
4009,2007,423.231859670593,83,19611,0
4009,2008,388.89699090953286,80,20571,0
4011,2005,376.02820211515865,16,4255,0
4011,2006,471.9101123595505,21,4450,0
4011,2007,406.50406504065046,19,4674,0
4011,2008,388.70703764320785,19,4888,0
4012,2005,622.1607742445191,63,10126,0
4012,2006,776.0314341846758,79,10180,0
4012,2007,735.0749975166385,74,10067,0
4012,2008,658.828299209406,65,9866,0
4013,2005,308.5713463295985,6432,2084445,0
4013,2006,313.77853924351234,6736,2146737,0
4013,2007,298.8585663857625,6525,2183307,0
4013,2008,290.86780915163934,6431,2210970,0
4015,2005,615.8241715813555,638,103601,0
4015,2006,609.3828259780734,657,107814,0
4015,2007,590.5043967897036,646,109398,0
4015,2008,604.8721206429873,657,108618,0
4017,2005,555.5960361410667,305,54896,0
4017,2006,560.6942609192529,314,56002,0
4017,2007,551.4092545438582,314,56945,0
4017,2008,540.0430645273321,311,57588,0
4019,2005,372.5022263117651,2012,540131,0
4019,2006,377.1789546806371,2085,552788,0
4019,2007,362.25421648925544,2031,560656,0
4019,2008,370.4679101615318,2096,565771,0
4021,2005,446.40558926273206,607,135975,0
4021,2006,387.1164591239345,609,157317,0
4021,2007,386.59069709944595,688,177966,0
4021,2008,328.19030909747664,636,193790,0
4023,2005,262.2492241793785,60,22879,0
4023,2006,267.03967446592065,63,23592,0
4023,2007,289.7590860170544,70,24158,0
4023,2008,212.20159151193633,52,24505,0
4025,2005,424.2141044318005,463,109143,0
4025,2006,418.9993002099371,479,114320,0
4025,2007,451.80593777594885,527,116643,0
4025,2008,430.50693689607067,503,116839,0
4027,2005,326.6171333398224,302,92463,0
4027,2006,280.8194058783465,268,95435,0
4027,2007,321.1192129511265,314,97783,0
4027,2008,259.24368906772366,259,99906,0
5001,2005,637.3319364414178,73,11454,0
5001,2006,675.9129213483146,77,11392,0
5001,2007,551.7977928088288,62,11236,0
5001,2008,682.9005301464642,76,11129,0
5003,2005,482.3889739663093,63,13060,0
5003,2006,589.2386416498682,76,12898,0
5003,2007,593.7772147890112,75,12631,0
5003,2008,574.9421065239959,72,12523,0
5005,2005,552.4601001038814,117,21178,0
5005,2006,592.4554501272853,128,21605,0
5005,2007,558.0714514432094,122,21861,0
5005,2008,578.8313120176406,126,21768,0
5007,2005,298.5852084050341,321,107507,0
5007,2006,289.18603417170755,327,113076,0
5007,2007,304.0262243849414,358,117753,0
5007,2008,327.92274501746454,399,121675,0
5009,2005,349.47824374876944,71,20316,0
5009,2006,514.463211026985,106,20604,0
5009,2007,401.1078216025213,84,20942,0
5009,2008,439.0569819604849,92,20954,0
5011,2005,440.72278536800354,30,6807,0
5011,2006,492.39033124440465,33,6702,0
5011,2007,513.7503777576308,34,6618,0
5011,2008,582.3754789272031,38,6525,0
5013,2005,491.85367353212416,16,3253,0
5013,2006,579.2682926829268,19,3280,0
5013,2007,462.3921085080148,15,3244,0
5013,2008,378.54889589905366,12,3170,0
5015,2005,418.7111547268564,64,15285,0
5015,2006,422.5718372123261,65,15382,0
5015,2007,482.14751107636175,74,15348,0
5015,2008,513.7877211238293,79,15376,0
5017,2005,798.5430092462874,57,7138,0
5017,2006,399.5433789954338,28,7008,0
5017,2007,679.7801562048019,47,6914,0
5017,2008,831.9714752637052,56,6731,0
5019,2005,376.2510346903454,50,13289,0
5019,2006,404.25213355292703,54,13358,0
5019,2007,466.7703934207602,63,13497,0
5019,2008,346.53100346531005,47,13563,0
5021,2005,451.6129032258065,42,9300,0
5021,2006,530.1882709370267,49,9242,0
5021,2007,615.3846153846154,56,9100,0
5021,2008,515.5216855317718,46,8923,0
5023,2005,522.7728444571757,73,13964,0
5023,2006,584.4618674269423,82,14030,0
5023,2007,478.57142857142856,67,14000,0
5023,2008,565.335623300415,79,13974,0
5025,2005,516.3853028798411,26,5035,0
5025,2006,516.2827640984908,26,5036,0
5025,2007,456.7116759332804,23,5036,0
5025,2008,423.4724742891712,21,4959,0
5027,2005,549.9153976311337,78,14184,0
5027,2006,472.79655634747013,67,14171,0
5027,2007,504.583895956222,71,14071,0
5027,2008,552.4069158476218,77,13939,0
5029,2005,571.1363055153014,67,11731,0
5029,2006,509.5108695652174,60,11776,0
5029,2007,528.479154433353,63,11921,0
5029,2008,654.0880503144654,78,11925,0
5031,2005,404.00989257867815,214,52969,0
5031,2006,461.2734110149868,249,53981,0
5031,2007,426.0766206455153,233,54685,0
5031,2008,416.3512490537472,231,55482,0
5033,2005,524.8487723876171,177,33724,0
5033,2006,456.3290219444848,157,34405,0
5033,2007,481.40294572754885,168,34898,0
5033,2008,527.8542441183982,186,35237,0
5035,2005,591.5502817739508,169,28569,0
5035,2006,548.0886716704485,157,28645,0
5035,2007,639.4217403391716,184,28776,0
5035,2008,615.9382677601301,178,28899,0
5037,2005,623.7780467368029,67,10741,0
5037,2006,521.3270142180095,55,10550,0
5037,2007,607.5216972034715,63,10370,0
5037,2008,560.3323350400927,58,10351,0
5039,2005,584.9174848548151,28,4787,0
5039,2006,907.747519527127,43,4737,0
5039,2007,790.5982905982905,37,4680,0
5039,2008,476.7063921993499,22,4615,0
5041,2005,733.7796086508754,57,7768,0
5041,2006,571.2801869644248,44,7702,0
5041,2007,609.5137140585664,46,7547,0
5041,2008,605.0013444474321,45,7438,0
5043,2005,459.1368227731864,50,10890,0
5043,2006,389.4297635605007,42,10785,0
5043,2007,533.4081976417742,57,10686,0
5043,2008,516.1895823557015,55,10655,0
5045,2005,314.7971124369582,191,60674,0
5045,2006,340.42687947305086,215,63156,0
5045,2007,311.3680154142582,202,64875,0
5045,2008,347.69055540568894,232,66726,0
5047,2005,461.28177446265585,47,10189,0
5047,2006,422.35536784205874,43,10181,0
5047,2007,548.64308807681,56,10207,0
5047,2008,568.962134588974,58,10194,0
5049,2005,511.1244738424534,34,6652,0
5049,2006,560.2665051483949,37,6604,0
5049,2007,681.6834617664493,46,6748,0
5049,2008,595.8587814687919,40,6713,0
5051,2005,616.4515507609324,320,51910,0
5051,2006,506.75036871761904,268,52886,0
5051,2007,571.7724947336744,304,53168,0
5051,2008,618.1164306585749,330,53388,0
5053,2005,391.4277326548586,40,10219,0
5053,2006,359.53745991643183,37,10291,0
5053,2007,310.6494515095622,32,10301,0
5053,2008,430.6632213608958,45,10449,0
5055,2005,471.1883456533956,109,23133,0
5055,2006,453.6589502247096,107,23586,0
5055,2007,470.0944386149003,112,23825,0
5055,2008,576.2726019960746,138,23947,0
5057,2005,406.7536454336148,53,13030,0
5057,2006,501.7367811655731,65,12955,0
5057,2007,525.5429322204188,68,12939,0
5057,2008,563.6449037106622,72,12774,0
5059,2005,412.438269929994,76,18427,0
5059,2006,488.32271762208063,92,18840,0
5059,2007,446.40512578120894,85,19041,0
5059,2008,572.4789915966386,109,19040,0
5061,2005,508.00101600203203,40,7874,0
5061,2006,422.9142637447136,33,7803,0
5061,2007,545.5253929081699,42,7699,0
5061,2008,463.67851622874804,36,7764,0
5063,2005,432.47971232810147,89,20579,0
5063,2006,491.85070884366866,102,20738,0
5063,2007,451.7710385927813,94,20807,0
5063,2008,561.4203454894433,117,20840,0
5065,2005,458.59538784067087,35,7632,0
5065,2006,613.8174219668277,47,7657,0
5065,2007,566.3856691253952,43,7592,0
5065,2008,590.5511811023622,45,7620,0
5067,2005,580.6986819061665,63,10849,0
5067,2006,552.4861878453038,60,10860,0
5067,2007,580.3242446573323,63,10856,0
5067,2008,459.51658854884664,50,10881,0
5069,2005,582.5691932363086,277,47548,0
5069,2006,485.94971476864566,230,47330,0
5069,2007,494.13878668606145,231,46748,0
5069,2008,578.5941667383636,269,46492,0
5071,2005,488.54084345139734,68,13919,0
5071,2006,403.3684806453896,57,14131,0
5071,2007,452.14245965498054,65,14376,0
5071,2008,450.10733328716844,65,14441,0
5073,2005,613.7758581495794,27,4399,0
5073,2006,559.4405594405595,24,4290,0
5073,2007,608.187134502924,26,4275,0
5073,2008,751.5265382808831,32,4258,0
5075,2005,464.4442150892765,45,9689,0
5075,2006,510.204081632653,49,9604,0
5075,2007,486.4920815650554,47,9661,0
5075,2008,555.0416281221092,54,9729,0
5077,2005,640.7455948740352,44,6867,0
5077,2006,504.45103857566767,34,6740,0
5077,2007,637.0392840891856,42,6593,0
5077,2008,806.4516129032257,53,6572,0
5079,2005,420.2563563773902,40,9518,0
5079,2006,555.6149161235174,52,9359,0
5079,2007,332.9037800687285,31,9312,0
5079,2008,344.7532859297565,32,9282,0
5081,2005,477.01073274148666,36,7547,0
5081,2006,610.6464887826895,46,7533,0
5081,2007,523.489932885906,39,7450,0
5081,2008,676.132521974307,50,7395,0
5083,2005,543.3070866141732,69,12700,0
5083,2006,503.382098474123,64,12714,0
5083,2007,605.7745260011014,77,12711,0
5083,2008,610.9171691526499,77,12604,0
5085,2005,344.4123988463585,123,35713,0
5085,2006,472.1562702352688,175,37064,0
5085,2007,392.32207272440036,149,37979,0
5085,2008,451.6990042090135,176,38964,0
5087,2005,405.8441558441558,35,8624,0
5087,2006,485.27254260241506,43,8861,0
5087,2007,469.79865771812075,42,8940,0
5087,2008,429.7520661157025,39,9075,0
5089,2005,479.284268825221,45,9389,0
5089,2006,544.5026178010471,52,9550,0
5089,2007,586.080586080586,56,9555,0
5089,2008,574.8928608759277,55,9567,0
5091,2005,425.3611556982343,106,24920,0
5091,2006,480.2158987181014,121,25197,0
5091,2007,511.7017056723522,129,25210,0
5091,2008,516.6226288598809,131,25357,0
5093,2005,638.393190472635,171,26786,0
5093,2006,590.4919512562058,157,26588,0
5093,2007,734.9892578493084,195,26531,0
5093,2008,724.7193120799069,193,26631,0
5095,2005,1006.4412238325282,50,4968,0
5095,2006,595.1159450030782,29,4873,0
5095,2007,755.9848803023939,36,4762,0
5095,2008,622.718488297187,29,4657,0
5097,2005,626.1005674036392,32,5111,0
5097,2006,425.2851343514402,22,5173,0
5097,2007,387.22168441432723,20,5165,0
5097,2008,595.581171950048,31,5205,0
5099,2005,503.91937290033593,27,5358,0
5099,2006,703.689615823507,37,5258,0
5099,2007,676.5899864682003,35,5173,0
5099,2008,596.6587112171837,30,5028,0
5101,2005,526.2092693786683,26,4941,0
5101,2006,510.3082261686058,25,4899,0
5101,2007,450.1739308369143,22,4887,0
5101,2008,413.564929693962,20,4836,0
5103,2005,503.89372423270726,77,15281,0
5103,2006,653.1204644412192,99,15158,0
5103,2007,631.6909368974001,95,15039,0
5103,2008,763.5632953784326,114,14930,0
5105,2005,548.4460694698355,33,6017,0
5105,2006,546.9915464942815,33,6033,0
5105,2007,589.7771952817824,36,6104,0
5105,2008,446.3547693833692,27,6049,0
5107,2005,613.350326589135,77,12554,0
5107,2006,830.8218620184084,102,12277,0
5107,2007,722.7714546813991,87,12037,0
5107,2008,798.7892037332884,95,11893,0
5109,2005,507.1315372424723,32,6310,0
5109,2006,348.59768657898906,22,6311,0
5109,2007,345.4773869346734,22,6368,0
5109,2008,363.2917390617596,23,6331,0
5111,2005,705.247873885086,102,14463,0
5111,2006,759.0529247910863,109,14360,0
5111,2007,884.0244159124395,126,14253,0
5111,2008,646.3068181818181,91,14080,0
5113,2005,441.64037854889585,49,11095,0
5113,2006,500.2680007146686,56,11194,0
5113,2007,653.9460718444863,73,11163,0
5113,2008,647.0746832030197,72,11127,0
5115,2005,402.78716961161905,137,34013,0
5115,2006,335.6860044758134,117,34854,0
5115,2007,367.67825324546766,130,35357,0
5115,2008,438.8539482879106,157,35775,0
5117,2005,423.48411934552456,22,5195,0
5117,2006,598.8023952095808,31,5177,0
5117,2007,447.90652385589095,23,5135,0
5117,2008,579.7680927628949,29,5002,0
5119,2005,460.50051338095506,1045,226927,0
5119,2006,475.9555134424684,1090,229013,0
5119,2007,430.51953411791277,991,230187,0
5119,2008,445.75113808801217,1034,231968,0
5121,2005,532.8071040947212,54,10135,0
5121,2006,551.0726234993111,56,10162,0
5121,2007,417.86886876927673,42,10051,0
5121,2008,559.6082742080544,56,10007,0
5123,2005,547.9294036221017,95,17338,0
5123,2006,600.7046727892335,104,17313,0
5123,2007,532.4690357680287,92,17278,0
5123,2008,516.4809656453111,89,17232,0
5125,2005,403.22580645161287,223,55304,0
5125,2006,405.6866070960183,232,57187,0
5125,2007,388.7696286404895,230,59161,0
5125,2008,366.4157575355639,221,60314,0
5127,2005,461.361014994233,28,6069,0
5127,2006,437.88517677586765,27,6166,0
5127,2007,453.36787564766837,28,6176,0
5127,2008,672.4618664917173,41,6097,0
5129,2005,567.4378000872981,26,4582,0
5129,2006,688.0240808428294,32,4651,0
5129,2007,705.7313943541488,33,4676,0
5129,2008,576.7998290963469,27,4681,0
5131,2005,442.4090799869963,313,70749,0
5131,2006,429.17858829411927,309,71998,0
5131,2007,433.0194515086948,315,72745,0
5131,2008,478.1149393794096,349,72995,0
5133,2005,353.39591385974603,32,9055,0
5133,2006,495.7585105210973,45,9077,0
5133,2007,596.0922839165471,54,9059,0
5133,2008,349.87972884321016,32,9146,0
5135,2005,544.6972124319128,51,9363,0
5135,2006,631.6454363617223,60,9499,0
5135,2007,630.9485616511603,59,9351,0
5135,2008,584.6053913608314,54,9237,0
5137,2005,436.2214199759326,29,6648,0
5137,2006,474.42550037064495,32,6745,0
5137,2007,504.2266053685304,34,6743,0
5137,2008,633.3775224628075,43,6789,0
5139,2005,626.9465679731424,155,24723,0
5139,2006,784.6166354988211,193,24598,0
5139,2007,720.5436829607795,176,24426,0
5139,2008,681.1653672548215,166,24370,0
5141,2005,545.4347114650376,50,9167,0
5141,2006,592.8640724372103,55,9277,0
5141,2007,512.5467164975975,48,9365,0
5141,2008,445.8125464388069,42,9421,0
5143,2005,302.70938134321773,343,113310,0
5143,2006,301.5563373682821,354,117391,0
5143,2007,315.3650538713779,377,119544,0
5143,2008,292.1258796972514,352,120496,0
5145,2005,425.9188361408882,178,41792,0
5145,2006,377.34959081153744,160,42401,0
5145,2007,385.0821508588499,165,42848,0
5145,2008,424.70156106519744,185,43560,0
5147,2005,680.4214223002634,31,4556,0
5147,2006,647.0325747434181,29,4482,0
5147,2007,502.283105022831,22,4380,0
5147,2008,982.4561403508773,42,4275,0
5149,2005,512.561969582388,61,11901,0
5149,2006,452.5259173934507,55,12154,0
5149,2007,451.1894995898278,55,12190,0
5149,2008,533.2040717401842,66,12378,0
6001,2005,271.60709986649454,2482,913820,0
6001,2006,271.5055522830901,2489,916740,0
6001,2007,278.5696196777943,2574,924006,0
6001,2008,264.3713954202641,2479,937696,0
6003,2005,354.4842254519674,2.7968805388160227,789,1
6003,2006,274.442538593482,2.275128644939966,829,1
6003,2007,242.46622791825428,2.0027710426047802,826,1
6003,2008,320.3987184051264,2.4638661445354217,769,1
6005,2005,399.82616253802695,92,23010,0
6005,2006,360.082304526749,84,23328,0
6005,2007,420.2394091179217,99,23558,0
6005,2008,413.4901150019382,96,23217,0
6007,2005,374.1807348560079,471,125875,0
6007,2006,437.6967286280282,559,127714,0
6007,2007,424.035980700127,544,128291,0
6007,2008,413.1497455460913,535,129493,0
6009,2005,348.37927900636174,92,26408,0
6009,2006,427.5092936802974,115,26900,0
6009,2007,416.12483745123535,112,26915,0
6009,2008,380.923927250999,102,26777,0
6011,2005,265.55722758254404,30,11297,0
6011,2006,302.0105272240918,35,11589,0
6011,2007,367.86722559671483,43,11689,0
6011,2008,332.7929004181244,39,11719,0
6013,2005,266.92655278909143,1605,601289,0
6013,2006,277.34762063625635,1671,602493,0
6013,2007,279.3484723953967,1696,607127,0
6013,2008,274.5987978168745,1688,614715,0
6015,2005,532.9704598287691,94,17637,0
6015,2006,459.33991153453553,81,17634,0
6015,2007,571.3005488966058,102,17854,0
6015,2008,464.1538977742982,83,17882,0
6017,2005,337.0007879173351,355,105341,0
6017,2006,309.14217729772264,330,106747,0
6017,2007,311.3377268617344,334,107279,0
6017,2008,279.97181740645976,302,107868,0
6019,2005,346.03981191094726,1697,490406,0
6019,2006,348.5502157118491,1737,498350,0
6019,2007,328.3305774662373,1660,505588,0
6019,2008,324.07678066842055,1663,513150,0
6021,2005,402.4012138003826,61,15159,0
6021,2006,450.71526553008033,69,15309,0
6021,2007,357.05011685276554,55,15404,0
6021,2008,321.52273165712813,50,15551,0
6023,2005,412.8167457898763,340,82361,0
6023,2006,415.4774377687055,345,83037,0
6023,2007,478.1001240410901,397,83037,0
6023,2008,488.8510801452175,408,83461,0
6025,2005,310.12859544690326,273,88028,0
6025,2006,302.0648447232358,274,90709,0
6025,2007,303.56338360543197,283,93226,0
6025,2008,259.26042552298185,247,95271,0
6027,2005,488.36541223786264,51,10443,0
6027,2006,438.22044393636276,46,10497,0
6027,2007,407.66021994690936,43,10548,0
6027,2008,475.1496721467262,50,10523,0
6029,2005,370.96200813484825,1607,433198,0
6029,2006,385.969528252033,1731,448481,0
6029,2007,358.7168855804078,1649,459694,0
6029,2008,355.2185277880487,1662,467881,0
6031,2005,262.35584383687046,235,89573,0
6031,2006,307.1642508908856,281,91482,0
6031,2007,336.2482005887029,313,93086,0
6031,2008,239.62171718247458,225,93898,0
6033,2005,605.6509395700959,224,36985,0
6033,2006,572.585155396948,215,37549,0
6033,2007,647.1371504660452,243,37550,0
6033,2008,548.6059578076963,207,37732,0
6035,2005,351.1443922663621,83,23637,0
6035,2006,243.78966836198563,58,23791,0
6035,2007,282.12155408673226,70,24812,0
6035,2008,335.8453473132372,82,24416,0
6037,2005,272.99148970414984,16181,5927291,0
6037,2006,273.83576365244346,16234,5928371,0
6037,2007,265.42724096451843,15724,5924034,0
6037,2008,258.86978602996214,15421,5957049,0
6039,2005,315.9735231672287,253,80070,0
6039,2006,324.5525201625203,266,81959,0
6039,2007,349.4362188839656,291,83277,0
6039,2008,317.06970801192557,268,84524,0
6041,2005,223.07347116629055,343,153761,0
6041,2006,218.05694289388987,334,153171,0
6041,2007,242.36580296702653,372,153487,0
6041,2008,220.82964198238574,339,153512,0
6043,2005,449.90158402849374,48,10669,0
6043,2006,459.9392880139821,50,10871,0
6043,2007,411.4097641250686,45,10938,0
6043,2008,514.9425287356322,56,10875,0
6045,2005,476.57771810049735,252,52877,0
6045,2006,417.9251913907411,220,52641,0
6045,2007,449.45532109392855,236,52508,0
6045,2008,417.9648909491603,220,52636,0
6047,2005,327.6906117394784,434,132442,0
6047,2006,321.7373818620551,432,134271,0
6047,2007,287.44271310724105,392,136375,0
6047,2008,305.87260878094145,421,137639,0
6049,2005,499.5374653098982,27,5405,0
6049,2006,473.8472753781666,26,5487,0
6049,2007,461.1695259177273,25,5421,0
6049,2008,587.1559633027523,32,5450,0
6051,2005,239.83429630437155,22,9173,0
6051,2006,182.59935553168637,17,9310,0
6051,2007,194.11193788417987,18,9273,0
6051,2008,150.0696752063458,14,9329,0
6053,2005,225.00923700281052,542,240879,0
6053,2006,249.17429658430535,596,239190,0
6053,2007,232.6679114608788,557,239397,0
6053,2008,229.6139744808773,553,240839,0
6055,2005,273.000273000273,210,76923,0
6055,2006,277.0475748672749,215,77604,0
6055,2007,261.55298680752253,205,78378,0
6055,2008,287.97332457624975,228,79174,0
6057,2005,347.965273065748,200,57477,0
6057,2006,308.1450705444473,178,57765,0
6057,2007,317.8771335774998,184,57884,0
6057,2008,351.94865690181666,204,57963,0
6059,2005,206.5454106515066,3696,1789437,0
6059,2006,217.65384703594168,3891,1787701,0
6059,2007,215.0430533763382,3843,1787084,0
6059,2008,210.0814662819802,3782,1800254,0
6061,2005,259.9482297196508,474,182344,0
6061,2006,257.6203787340257,482,187097,0
6061,2007,252.7538658782281,483,191095,0
6061,2008,268.28456595755574,524,195315,0
6063,2005,523.9822652156389,65,12405,0
6063,2006,456.50933398548955,56,12267,0
6063,2007,442.0794105607859,54,12215,0
6063,2008,456.39366027715545,55,12051,0
6065,2005,318.7592310837536,3438,1078557,0
6065,2006,312.24384859192764,3516,1126043,0
6065,2007,308.3827801258312,3584,1162192,0
6065,2008,298.7581515090715,3529,1181223,0
6067,2005,343.8475413308908,2808,816641,0
6067,2006,332.08069500179096,2735,823595,0
6067,2007,325.3347193747413,2704,831144,0
6067,2008,321.449096341728,2696,838702,0
6069,2005,245.22903763322537,78,31807,0
6069,2006,178.1793884628846,56,31429,0
6069,2007,252.82427113002848,79,31247,0
6069,2008,238.7774594078319,75,31410,0
6071,2005,337.74440973232015,3786,1120966,0
6071,2006,334.8644087971488,3826,1142552,0
6071,2007,329.3726075244843,3804,1154923,0
6071,2008,323.97826043965773,3768,1163041,0
6073,2005,255.47831063306705,4616,1806807,0
6073,2006,245.2119913170115,4462,1819650,0
6073,2007,253.01463377530754,4657,1840605,0
6073,2008,250.0837178649109,4675,1869374,0
6075,2005,300.2963697048457,1606,534805,0
6075,2006,287.0431599129635,1554,541382,0
6075,2007,281.1870239281791,1546,549812,0
6075,2008,255.835750948449,1433,560125,0
6077,2005,340.01738999753104,1267,372628,0
6077,2006,342.25190058751474,1288,376331,0
6077,2007,356.808502221812,1353,379195,0
6077,2008,349.4311250790286,1332,381191,0
6079,2005,275.2554813807068,435,158035,0
6079,2006,284.03758805790864,454,159838,0
6079,2007,296.3826436339736,478,161278,0
6079,2008,279.04073627590765,456,163417,0
6081,2005,217.70125154960962,936,429947,0
6081,2006,220.16609999442616,948,430584,0
6081,2007,214.53280804740504,929,433034,0
6081,2008,214.90036644728448,943,438808,0
6083,2005,252.02094223447497,607,240853,0
6083,2006,252.51898032007816,610,241566,0
6083,2007,246.39746374877313,600,243509,0
6083,2008,241.19221351815247,593,245862,0
6085,2005,197.3540293510619,2075,1051410,0
6085,2006,193.43964343756952,2052,1060796,0
6085,2007,195.2138122628581,2094,1072670,0
6085,2008,195.57924727723912,2128,1088050,0
6087,2005,262.4622475056668,418,159261,0
6087,2006,244.8739306336661,391,159674,0
6087,2007,277.332867995787,445,160457,0
6087,2008,272.4594084795286,442,162226,0
6089,2005,453.61558302944053,459,101187,0
6089,2006,514.2498233492973,524,101896,0
6089,2007,476.4280613193242,487,102219,0
6089,2008,514.1714229962438,527,102495,0
6091,2005,354.4842254519674,7.203119461183977,2032,1
6091,2006,274.44253859348197,5.724871355060034,2086,1
6091,2007,242.46622791825422,4.99722895739522,2061,1
6091,2008,320.3987184051264,6.536133855464578,2040,1
6093,2005,482.8472411510455,124,25681,0
6093,2006,519.5718415501211,133,25598,0
6093,2007,562.6098847431139,144,25595,0
6093,2008,504.58003415618697,130,25764,0
6095,2005,335.5163402909959,832,247976,0
6095,2006,349.2175758111573,869,248842,0
6095,2007,334.508597633944,833,249022,0
6095,2008,307.66149223835754,768,249625,0
6097,2005,271.8741471129555,777,285794,0
6097,2006,288.3942321153577,824,285720,0
6097,2007,291.10305396736857,835,286840,0
6097,2008,285.500246835159,827,289667,0
6099,2005,355.1924075867975,1012,284916,0
6099,2006,356.01128697906915,1027,288474,0
6099,2007,350.76607448357527,1019,290507,0
6099,2008,333.82789317507417,972,291168,0
6101,2005,321.72745933996526,163,50664,0
6101,2006,295.45498148610017,154,52123,0
6101,2007,342.4721976553827,182,53143,0
6101,2008,364.7041220917184,195,53468,0
6103,2005,394.5416790269949,133,33710,0
6103,2006,414.98626453913147,142,34218,0
6103,2007,441.724167797442,153,34637,0
6103,2008,411.8639704830821,144,34963,0
6105,2005,658.0550816475749,54,8206,0
6105,2006,663.7702148201787,55,8286,0
6105,2007,629.2352371732817,52,8264,0
6105,2008,596.5424884343804,49,8214,0
6107,2005,370.96970489202215,823,221851,0
6107,2006,371.3281612625157,840,226215,0
6107,2007,351.17572242793085,809,230369,0
6107,2008,351.2055064921748,822,234051,0
6109,2005,407.51707760415144,139,34109,0
6109,2006,461.93427669278447,158,34204,0
6109,2007,426.6964863751397,145,33982,0
6109,2008,402.0575888369893,136,33826,0
6111,2005,247.49900766907305,1166,471113,0
6111,2006,239.29149460117029,1134,473899,0
6111,2007,244.4730353190889,1161,474899,0
6111,2008,248.39006439742408,1188,478280,0
6113,2005,263.6018557570645,300,113808,0
6113,2006,234.58041897953223,273,116378,0
6113,2007,230.6188271862832,276,119678,0
6113,2008,229.1919955311668,279,121732,0
6115,2005,489.93783584448425,186,37964,0
6115,2006,422.10954866748256,169,40037,0
6115,2007,442.71597691028273,181,40884,0
6115,2008,409.0668463352423,170,41558,0
8001,2005,300.62360764892463,726,241498,0
8001,2006,280.662929878689,695,247628,0
8001,2007,281.830632456439,712,252634,0
8001,2008,301.4361863085124,777,257766,0
8003,2005,404.26726558113415,36,8905,0
8003,2006,428.55531746926806,38,8867,0
8003,2007,408.16326530612247,36,8820,0
8003,2008,279.6420581655481,25,8940,0
8005,2005,242.2277613811876,792,326965,0
8005,2006,232.2416764946022,768,330690,0
8005,2007,251.20399548130092,845,336380,0
8005,2008,253.2259289331799,867,342382,0
8007,2005,379.96059667886294,27,7106,0
8007,2006,229.66765738989463,17,7402,0
8007,2007,367.21311475409834,28,7625,0
8007,2008,264.8305084745763,20,7552,0
8009,2005,285.4986381386802,5.755652544875792,2016,1
8009,2006,283.78727011388344,5.6360151844617254,1986,1
8009,2007,246.8831008517467,4.804345142574991,1946,1
8009,2008,834.6374543557641,16,1917,0
8011,2005,327.8688524590164,13,3965,0
8011,2006,408.4758743936687,16,3917,0
8011,2007,265.6748140276302,10,3764,0
8011,2008,403.327451474666,16,3967,0
8013,2005,192.9657690751856,353,182934,0
8013,2006,205.19983973838373,379,184698,0
8013,2007,207.49001420797254,387,186515,0
8013,2008,214.34916042146472,403,188011,0
8014,2005,181.32998570282805,52,28677,0
8014,2006,198.19641264493112,60,30273,0
8014,2007,202.90940875319973,65,32034,0
8014,2008,187.4527588813303,62,33075,0
8015,2005,255.24673851389676,27,10578,0
8015,2006,423.01184433164127,45,10638,0
8015,2007,360.3770097948623,39,10822,0
8015,2008,329.57978577313924,36,10923,0
8017,2005,285.4986381386802,3.0005906868375285,1051,1
8017,2006,283.78727011388344,2.914495264069583,1027,1
8017,2007,246.8831008517467,2.4712998395259844,1001,1
8017,2008,299.7463684574591,3.045423103527784,1016,1
8019,2005,316.65611146295123,20,6316,0
8019,2006,303.7569944044764,19,6255,0
8019,2007,368,23,6250,0
8019,2008,335.89251439539345,21,6252,0
8021,2005,320.0731595793324,14,4374,0
8021,2006,206.46937370956644,9,4359,1
8021,2007,230.84025854108958,10,4332,0
8021,2008,274.72527472527474,12,4368,0
8023,2005,285.4986381386801,5.641453089620319,1976,1
8023,2006,570.8354955889984,11,1927,0
8023,2007,246.8831008517467,4.782125663498333,1937,1
8023,2008,630.9148264984227,12,1902,0
8025,2005,268.0965147453083,11,4103,0
8025,2006,254.15896487985214,11,4328,0
8025,2007,266.0164043449346,12,4511,0
8025,2008,247.07996406109615,11,4452,0
8027,2005,531.0457516339869,13,2448,0
8027,2006,615.7635467980296,15,2436,0
8027,2007,399.2015968063872,10,2505,0
8027,2008,299.7463684574591,7.424717546691261,2477,1
8029,2005,355.61005518087063,58,16310,0
8029,2006,375.68926861782705,62,16503,0
8029,2007,351.7138599105812,59,16775,0
8029,2008,401.91053122087607,69,17168,0
8031,2005,362.80313156387245,1292,356116,0
8031,2006,350.2254213347265,1267,361767,0
8031,2007,342.1700096133479,1260,368238,0
8031,2008,353.4131854184534,1331,376613,0
8033,2005,285.4986381386801,3.04341548255833,1066,1
8033,2006,283.78727011388344,3.246526370102827,1144,1
8033,2007,246.8831008517467,2.829280335761017,1146,1
8033,2008,299.7463684574591,3.59096149412036,1198,1
8035,2005,138.4335154826958,209,150975,0
8035,2006,149.6590047991917,237,158360,0
8035,2007,134.99790205963018,222,164447,0
8035,2008,141.25467386788534,238,168490,0
8037,2005,133.71015285501565,44,32907,0
8037,2006,136.5836277799222,46,33679,0
8037,2007,148.29030006978368,51,34392,0
8037,2008,148.40182648401827,52,35040,0
8039,2005,195.49634349431614,27,13811,0
8039,2006,264.75849731663686,37,13975,0
8039,2007,208.09414466130883,29,13936,0
8039,2008,339.72680302923067,48,14129,0
8041,2005,273.8282697295295,946,345472,0
8041,2006,269.9640987200658,958,354862,0
8041,2007,280.8541763797729,1006,358193,0
8041,2008,273.40347483451535,995,363931,0
8043,2005,485.43689320388347,144,29664,0
8043,2006,362.89103188736937,108,29761,0
8043,2007,412.9318158928391,123,29787,0
8043,2008,405.3465545542863,121,29851,0
8045,2005,242.96219508244516,75,30869,0
8045,2006,294.19051158181594,95,32292,0
8045,2007,241.97162061239732,81,33475,0
8045,2008,233.341975628727,81,34713,0
8047,2005,256.8493150684931,9,3504,1
8047,2006,310.29619181946407,11,3545,0
8047,2007,246.8831008517467,8.83100851746698,3577,1
8047,2008,524.5720596355604,19,3622,0
8049,2005,214.36227224008573,20,9330,0
8049,2006,282.01378734071443,27,9574,0
8049,2007,195.15201314708298,19,9736,0
8049,2008,212.37864077669903,21,9888,0
8051,2005,198.86646117132346,20,10057,0
8051,2006,194.9317738791423,20,10260,0
8051,2007,221.13258340544178,23,10401,0
8051,2008,209.30453810293977,22,10511,0
8053,2005,285.4986381386801,1.5302727004233256,536,1
8053,2006,0,0,543,0
8053,2007,246.8831008517467,1.2763856314035305,517,1
8053,2008,299.7463684574591,1.552686188609638,518,1
8055,2005,493.7052579609973,20,4051,0
8055,2006,498.87752556747324,20,4009,0
8055,2007,759.6859964547987,30,3949,0
8055,2008,534.8955680081508,21,3926,0
8057,2005,285.4986381386802,2.4695632198995834,865,1
8057,2006,283.7872701138835,2.522868831312424,889,1
8057,2007,246.8831008517467,2.088631033205777,846,1
8057,2008,299.7463684574591,2.5598339866267006,854,1
8059,2005,255.11219730309963,833,326523,0
8059,2006,274.9695242110666,900,327309,0
8059,2007,275.7648831036305,908,329266,0
8059,2008,279.63885260589024,927,331499,0
8061,2005,0,0,789,0
8061,2006,283.78727011388344,2.2050270887848744,777,1
8061,2007,246.8831008517467,1.8763115664732748,760,1
8061,2008,299.7463684574591,2.239105372377219,747,1
8063,2005,209.68756552736423,10,4769,0
8063,2006,482.4837423956367,23,4767,0
8063,2007,298.4438286079727,14,4691,0
8063,2008,326.79738562091507,16,4896,0
8065,2005,193.29896907216497,9,4656,1
8065,2006,363.4031637451903,17,4678,0
8065,2007,337.6952300548755,16,4738,0
8065,2008,336.1344537815126,16,4760,0
8067,2005,253.05778152678195,78,30823,0
8067,2006,272.4450357980105,86,31566,0
8067,2007,243.58253700580852,78,32022,0
8067,2008,233.54434269559337,76,32542,0
8069,2005,205.2399243249441,358,174430,0
8069,2006,208.71776407579097,371,177752,0
8069,2007,208.04399909257407,376,180731,0
8069,2008,214.5420290012905,394,183647,0
8071,2005,445.9805998439068,40,8969,0
8071,2006,307.86146234194615,28,9095,0
8071,2007,512.5967935434617,47,9169,0
8071,2008,588.7483645878762,54,9172,0
8073,2005,290.5287623474724,10,3442,0
8073,2006,268.0166765932102,9,3358,1
8073,2007,478.0400358530027,16,3347,0
8073,2008,332.02535466344705,11,3313,0
8075,2005,324.0740740740741,42,12960,0
8075,2006,297.12021941185435,39,13126,0
8075,2007,253.37208435799985,34,13419,0
8075,2008,289.1244717918304,39,13489,0
8077,2005,347.38796075311586,262,75420,0
8077,2006,352.2205206738132,276,78360,0
8077,2007,371.72440867602313,303,81512,0
8077,2008,368.8149143992481,310,84053,0
8079,2005,285.4986381386801,1.4417681226003347,505,1
8079,2006,283.78727011388344,1.4217742232705561,501,1
8079,2007,246.8831008517467,1.2393531662757684,502,1
8079,2008,299.7463684574591,1.471754669126124,491,1
8081,2005,346.10947314446867,27,7801,0
8081,2006,365.46943919344676,29,7935,0
8081,2007,420.11614975905104,34,8093,0
8081,2008,256.5042139978014,21,8187,0
8083,2005,565.5708731000353,80,14145,0
8083,2006,458.84315906562847,66,14384,0
8083,2007,440.1347912798294,64,14541,0
8083,2008,430.35726484049457,63,14639,0
8085,2005,342.57981633915404,72,21017,0
8085,2006,306.53476382889784,66,21531,0
8085,2007,413.0932602936554,92,22271,0
8085,2008,315.9003159003159,72,22792,0
8087,2005,249.5894909688013,38,15225,0
8087,2006,292.3406743324888,45,15393,0
8087,2007,384.46500716799164,59,15346,0
8087,2008,267.1009771986971,41,15350,0
8089,2005,473.7961709533939,49,10342,0
8089,2006,548.75061244488,56,10205,0
8089,2007,368.0493385059186,37,10053,0
8089,2008,538.5459259998005,54,10027,0
8091,2005,285.4986381386801,7.411544646080136,2596,1
8091,2006,283.7872701138835,7.415361368075775,2613,1
8091,2007,246.8831008517467,6.752252808295272,2735,1
8091,2008,299.7463684574591,8.431865344708324,2813,1
8093,2005,272.4795640326975,30,11010,0
8093,2006,318.06615776081424,35,11004,0
8093,2007,288.8086642599278,32,11080,0
8093,2008,262.6573679920297,29,11041,0
8095,2005,285.4986381386801,6.552193745282709,2295,1
8095,2006,283.7872701138835,6.447646776987432,2272,1
8095,2007,246.8831008517467,5.5351191210961606,2242,1
8095,2008,299.7463684574591,6.7173161171316575,2241,1
8097,2005,198.64559819413094,22,11075,0
8097,2006,134.06023773348826,15,11189,0
8097,2007,176.24250969333804,20,11348,0
8097,2008,213.96781923998628,25,11684,0
8099,2005,356.9957435122889,26,7283,0
8099,2006,408.91144952058653,29,7092,0
8099,2007,390.11703511053315,27,6921,0
8099,2008,420.5336426914153,29,6896,0
8101,2005,418.6393637614572,359,85754,0
8101,2006,381.5258736597754,332,87019,0
8101,2007,450.4403053985271,400,88802,0
8101,2008,480.8818771129235,431,89627,0
8103,2005,310.47135196161446,11,3543,0
8103,2006,242.84943335132215,9,3706,1
8103,2007,385.60411311053986,15,3890,0
8103,2008,276.6599597585513,11,3976,0
8105,2005,362.21385105766444,25,6902,0
8105,2006,398.75941515285774,27,6771,0
8105,2007,315.647076506839,21,6653,0
8105,2008,449.43820224719104,30,6675,0
8107,2005,273.69826435246995,41,14980,0
8107,2006,222.35301811523118,34,15291,0
8107,2007,191.22896481387048,30,15688,0
8107,2008,223.72754956186688,36,16091,0
8109,2005,320.25620496397113,12,3747,0
8109,2006,266.3825253063399,10,3754,0
8109,2007,347.7795612627073,13,3738,0
8109,2008,321.19914346895075,12,3736,0
8111,2005,0,0,447,0
8111,2006,283.7872701138835,1.3338001695352524,470,1
8111,2007,246.88310085174666,1.1455375879521046,464,1
8111,2008,0,0,456,0
8113,2005,168.50777008050926,9,5341,1
8113,2006,244.8672066302505,13,5309,0
8113,2007,165.2892561983471,9,5445,1
8113,2008,167.00686583781777,9,5389,1
8115,2005,285.4986381386801,3.897056410592984,1365,1
8115,2006,283.78727011388344,3.760181329008956,1325,1
8115,2007,246.8831008517467,3.2539192692260213,1318,1
8115,2008,299.7463684574591,3.983629236799631,1329,1
8117,2005,167.1891327063741,32,19140,0
8117,2006,148.7332034054775,29,19498,0
8117,2007,126.16704516780217,25,19815,0
8117,2008,129.41117913493602,26,20091,0
8119,2005,376.5165248919258,54,14342,0
8119,2006,300.93700841255725,44,14621,0
8119,2007,296.2962962962963,44,14850,0
8119,2008,411.63371347594307,61,14819,0
8121,2005,285.4986381386801,7.7113182161257505,2701,1
8121,2006,283.7872701138835,7.679283529281687,2706,1
8121,2007,246.8831008517467,6.579434637699049,2665,1
8121,2008,299.7463684574591,7.829375144108831,2612,1
8123,2005,256.95124708009945,341,132710,0
8123,2006,251.6144045610565,346,137512,0
8123,2007,245.13440005651515,347,141555,0
8123,2008,271.01395168761496,392,144642,0
8125,2005,489.82667671439333,26,5308,0
8125,2006,375.72797294758595,20,5323,0
8125,2007,169.7152555157458,9,5303,1
8125,2008,281.1621368322399,15,5335,0
9001,2005,242.1687727151471,1280,528557,0
9001,2006,254.7558841427691,1348,529134,0
9001,2007,234.60189341077964,1244,530260,0
9001,2008,235.2328636791843,1256,533939,0
9003,2005,311.3587279486287,1619,519979,0
9003,2006,290.4360163544273,1523,524384,0
9003,2007,293.1077957952492,1546,527451,0
9003,2008,294.2697617528587,1559,529786,0
9005,2005,271.59775314586034,308,113403,0
9005,2006,291.6856452121509,333,114164,0
9005,2007,298.8308896772277,342,114446,0
9005,2008,280.3517934654451,321,114499,0
9007,2005,255.1534955020372,253,99156,0
9007,2006,261.09921770272706,261,99962,0
9007,2007,289.98505231689086,291,100350,0
9007,2008,277.1403879965432,279,100671,0
9009,2005,308.227799174227,1555,504497,0
9009,2006,304.2568423371331,1547,508452,0
9009,2007,299.88876355510894,1534,511523,0
9009,2008,299.82672351692855,1540,513630,0
9011,2005,274.84722264449243,452,164455,0
9011,2006,288.4783671400206,478,165697,0
9011,2007,297.35337402591136,493,165796,0
9011,2008,289.2388765794359,483,166990,0
9013,2005,208.66843455201496,192,92012,0
9013,2006,196.68748186283466,183,93041,0
9013,2007,212.63182638985353,199,93589,0
9013,2008,221.9333565834945,210,94623,0
9015,2005,311.7348972271252,219,70252,0
9015,2006,320.01347425154745,228,71247,0
9015,2007,299.6098104793757,215,71760,0
9015,2008,339.9001109877914,245,72080,0
10001,2005,386.89067676289636,327,84520,0
10001,2006,404.1444845154273,353,87345,0
10001,2007,394.0031386690707,354,89847,0
10001,2008,412.56640250805543,379,91864,0
10003,2005,337.3516640278409,1076,318955,0
10003,2006,343.97927416018985,1106,321531,0
10003,2007,338.30796538992,1094,323374,0
10003,2008,353.3840598876798,1149,325142,0
10005,2005,434.80815559081026,444,102114,0
10005,2006,433.83947939262475,456,105108,0
10005,2007,409.1348657293759,440,107544,0
10005,2008,447.04892854530823,489,109384,0
11001,2005,513.1923464249749,1911,372375,0
11001,2006,490.1169452905637,1852,377869,0
11001,2007,463.52303636330385,1774,382721,0
11001,2008,462.96296296296293,1799,388584,0
12001,2005,289.52436225499247,439,151628,0
12001,2006,282.7127574131782,440,155635,0
12001,2007,274.5619029543873,434,158070,0
12001,2008,298.9273782310533,476,159236,0
12003,2005,449.58677685950414,68,15125,0
12003,2006,490.006447453256,76,15510,0
12003,2007,606.8188927119174,97,15985,0
12003,2008,518.0069067587568,84,16216,0
12005,2005,441.5925626515764,437,98960,0
12005,2006,471.2862642378061,475,100788,0
12005,2007,450.0199123855038,452,100440,0
12005,2008,433.81148558097976,437,100735,0
12007,2005,427.1607677798735,77,18026,0
12007,2006,493.6104864805572,90,18233,0
12007,2007,450.8419337316676,83,18410,0
12007,2008,482.2280017338535,89,18456,0
12009,2005,421.94789918187706,1277,302644,0
12009,2006,430.86590357990247,1322,306824,0
12009,2007,394.87055407694163,1224,309975,0
12009,2008,406.20443477393206,1262,310681,0
12011,2005,347.9529514973229,3649,1048705,0
12011,2006,355.072822277109,3732,1051052,0
12011,2007,337.24920865820457,3517,1042849,0
12011,2008,334.50451399193895,3494,1044530,0
12013,2005,455.1988500239578,38,8348,0
12013,2006,412.05556863668477,35,8494,0
12013,2007,543.1642205015602,47,8653,0
12013,2008,389.9977058958477,34,8718,0
12015,2005,469.79865771812075,371,78970,0
12015,2006,466.48387777129886,376,80603,0
12015,2007,445.94858762584306,365,81848,0
12015,2008,433.18811686233977,352,81258,0
12017,2005,585.183219834321,397,67842,0
12017,2006,577.7392933694834,407,70447,0
12017,2007,565.1908904527069,408,72188,0
12017,2008,609.6886578554444,441,72332,0
12019,2005,382.0411064384292,387,101298,0
12019,2006,363.31205407435226,387,106520,0
12019,2007,388.5726795096322,426,109632,0
12019,2008,343.0022146599687,381,111078,0
12021,2005,293.1707404809439,489,166797,0
12021,2006,312.6366677304587,529,169206,0
12021,2007,277.63770652270637,468,168565,0
12021,2008,297.25591521328266,497,167196,0
12023,2005,507.2736056685813,189,37258,0
12023,2006,521.9927842173946,204,39081,0
12023,2007,534.0284983928526,211,39511,0
12023,2008,554.1763835602698,221,39879,0
12027,2005,427.26135889954145,82,19192,0
12027,2006,451.7221908526256,88,19481,0
12027,2007,422.7791361043195,83,19632,0
12027,2008,410.86744389091467,80,19471,0
12029,2005,639.4277663379213,59,9227,0
12029,2006,566.3345568956476,54,9535,0
12029,2007,708.7763185324161,68,9594,0
12029,2008,661.8407445708376,64,9670,0
12031,2005,440.24592913932605,2257,512668,0
12031,2006,445.8909682668837,2329,522325,0
12031,2007,451.97014807025363,2394,529681,0
12031,2008,449.0807351117731,2394,533089,0
12033,2005,474.2976638317196,846,178369,0
12033,2006,450.0160720025715,812,180438,0
12033,2007,473.18523662061745,845,178577,0
12033,2008,460.88388536356433,820,177919,0
12035,2005,376.0651211500928,158,42014,0
12035,2006,369.25070179226947,171,46310,0
12035,2007,438.87021118112455,218,49673,0
12035,2008,395.1558998152007,201,50866,0
12037,2005,543.8259756877799,34,6252,0
12037,2006,452.17867909016167,33,7298,0
12037,2007,428.38018741633203,32,7470,0
12037,2008,458.6537164440847,34,7413,0
12039,2005,496.25953633064216,134,27002,0
12039,2006,554.4466622310933,150,27054,0
12039,2007,540.0277311537619,148,27406,0
12039,2008,505.92656837236194,140,27672,0
12041,2005,381.6793893129771,35,9170,0
12041,2006,625.1324433142614,59,9438,0
12041,2007,464.5401052957572,45,9687,0
12041,2008,390.1837971044255,38,9739,0
12043,2005,506.73230056464456,35,6907,0
12043,2006,442.85714285714283,31,7000,0
12043,2007,426.1969029691718,30,7039,0
12043,2008,449.53003677973027,33,7341,0
12045,2005,340.1360544217687,35,10290,0
12045,2006,320.0775945683802,33,10310,0
12045,2007,423.6472174080493,44,10386,0
12045,2008,376.88442211055275,39,10348,0
12047,2005,341.3345078176613,31,9082,0
12047,2006,481.9535182606833,45,9337,0
12047,2007,404.5565846907271,38,9393,0
12047,2008,401.1824324324324,38,9472,0
12049,2005,394.9447077409163,60,15192,0
12049,2006,371.21458808205796,57,15355,0
12049,2007,314.9302654412237,49,15559,0
12049,2008,405.1968098790841,63,15548,0
12051,2005,401.4211230563374,87,21673,0
12051,2006,437.68612941070296,97,22162,0
12051,2007,497.13364385524903,111,22328,0
12051,2008,405.4897067997504,91,22442,0
12053,2005,446.6088318425979,365,81727,0
12053,2006,481.74354104663416,416,86353,0
12053,2007,495.8345431398388,444,89546,0
12053,2008,535.1015589659852,485,90637,0
12055,2005,538.3257415600549,247,45883,0
12055,2006,450.45045045045043,212,47064,0
12055,2007,474.56061146924804,226,47623,0
12055,2008,452.5172587977774,215,47512,0
12057,2005,354.33217709149227,2470,697086,0
12057,2006,354.1130898916428,2535,715873,0
12057,2007,368.2130140589168,2667,724309,0
12057,2008,369.5774771272606,2700,730564,0
12059,2005,535.6371490280777,62,11575,0
12059,2006,629.5729113493279,74,11754,0
12059,2007,615.9817736899839,73,11851,0
12059,2008,571.5246259875609,68,11898,0
12061,2005,448.4979832641021,298,66444,0
12061,2006,389.74448467926067,268,68763,0
12061,2007,419.8581560283688,296,70500,0
12061,2008,400.2931724643401,284,70948,0
12063,2005,411.10318350151186,121,29433,0
12063,2006,473.3087663545083,140,29579,0
12063,2007,517.3288250211327,153,29575,0
12063,2008,459.94017561352155,143,31091,0
12065,2005,405.7252338555167,36,8873,0
12065,2006,474.6660779335468,43,9059,0
12065,2007,397.8340148082661,36,9049,0
12065,2008,470.8201029234644,43,9133,0
12067,2005,357.74807004330637,19,5311,0
12067,2006,425.61065877128055,23,5404,0
12067,2007,275.7352941176471,15,5440,0
12067,2008,515.8437730287399,28,5428,0
12069,2005,429.5096778677416,618,143885,0
12069,2006,404.7157021717749,609,150476,0
12069,2007,381.3572970013206,592,155235,0
12069,2008,446.0200549046208,697,156271,0
12071,2005,415.29050792472003,1275,307014,0
12071,2006,414.8446790792292,1350,325423,0
12071,2007,388.46910012554184,1312,337736,0
12071,2008,360.35769713990095,1219,338275,0
12073,2005,284.22661698672016,476,167472,0
12073,2006,241.55154464317044,413,170978,0
12073,2007,243.93463699656195,425,174227,0
12073,2008,256.3985687262119,450,175508,0
12075,2005,671.8416632620637,148,22029,0
12075,2006,600.203009841564,136,22659,0
12075,2007,534.8756305444425,123,22996,0
12075,2008,578.3070596298835,135,23344,0
12077,2005,420.3286205578907,22,5234,0
12077,2006,336.7633302151543,18,5345,0
12077,2007,315.92640773090505,17,5381,0
12077,2008,273.972602739726,15,5475,0
12079,2005,544.5456168541332,61,11202,0
12079,2006,555.0660792951542,63,11350,0
12079,2007,594.717509183138,68,11434,0
12079,2008,524.3380232456524,60,11443,0
12081,2005,406.501638541847,681,167527,0
12081,2006,406.5442574896619,699,171937,0
12081,2007,425.54175628483546,736,172956,0
12081,2008,409.9237391520533,709,172959,0
12083,2005,506.1562872852064,823,162598,0
12083,2006,530.702400235606,901,169775,0
12083,2007,452.64145760849664,791,174752,0
12083,2008,519.6847701591535,912,175491,0
12085,2005,396.2239063954261,298,75210,0
12085,2006,382.88377496996344,290,75741,0
12085,2007,359.9139336245681,276,76685,0
12085,2008,384.5351686740706,295,76716,0
12086,2005,309.1709116544294,4447,1438363,0
12086,2006,312.16817983521145,4551,1457868,0
12086,2007,304.04641289271245,4463,1467868,0
12086,2008,295.12361966187825,4379,1483785,0
12087,2005,485.93899416482896,249,51241,0
12087,2006,520.45944005743,261,50148,0
12087,2007,548.2678796247411,270,49246,0
12087,2008,505.25796910943154,246,48688,0
12089,2005,507.227998985544,200,39430,0
12089,2006,467.5299243629599,191,40853,0
12089,2007,420.42755344418055,177,42100,0
12089,2008,430.5128921157963,185,42972,0
12091,2005,346.6574224687342,390,112503,0
12091,2006,338.4378838353937,383,113167,0
12091,2007,339.8084229678386,381,112122,0
12091,2008,360.5575187902488,402,111494,0
12093,2005,531.09396277803,117,22030,0
12093,2006,526.0811413285778,118,22430,0
12093,2007,501.8430519163299,113,22517,0
12093,2008,488.43301807202164,110,22521,0
12095,2005,303.6575070127182,2007,660942,0
12095,2006,307.08195845810525,2093,681577,0
12095,2007,299.4050819579968,2077,693709,0
12095,2008,289.43724642254995,2036,703434,0
12097,2005,304.3347535621833,415,136363,0
12097,2006,327.01474337656583,472,144336,0
12097,2007,321.8451574529954,487,151315,0
12097,2008,292.9937939170129,457,155976,0
12099,2005,351.69457343057184,2485,706579,0
12099,2006,345.07590829359054,2463,713756,0
12099,2007,359.96878592345837,2574,715062,0
12099,2008,364.3752870603627,2618,718490,0
12101,2005,454.84304469177494,1056,232168,0
12101,2006,489.00555242090456,1196,244578,0
12101,2007,504.48209914922757,1282,254122,0
12101,2008,473.5546878032497,1220,257626,0
12103,2005,449.08492711375646,2431,541323,0
12103,2006,453.5155759906123,2458,541988,0
12103,2007,441.4303603316563,2383,539836,0
12103,2008,469.3779673052686,2525,537946,0
12105,2005,438.52461702838934,1338,305114,0
12105,2006,435.3460749650842,1384,317908,0
12105,2007,415.0085622177667,1362,328186,0
12105,2008,425.0819435071821,1411,331936,0
12107,2005,646.3056102242632,266,41157,0
12107,2006,629.2919866963367,263,41793,0
12107,2007,681.0010238826583,286,41997,0
12107,2008,575.1103686910869,241,41905,0
12109,2005,348.04602987133796,333,95677,0
12109,2006,293.41610195710535,294,100199,0
12109,2007,324.0478090714155,337,103997,0
12109,2008,334.50425351508994,359,107323,0
12111,2005,405.4590831078701,541,133429,0
12111,2006,419.1511131496313,594,141715,0
12111,2007,404.68353747369554,600,148264,0
12111,2008,384.5670146082513,581,151079,0
12113,2005,385.15570124092716,329,85420,0
12113,2006,344.3193072157351,299,86838,0
12113,2007,366.8733611676927,326,88859,0
12113,2008,378.59442655712223,341,90070,0
12115,2005,412.3163211584473,791,191843,0
12115,2006,395.155364401075,769,194607,0
12115,2007,401.60028540121806,788,196215,0
12115,2008,427.61085875526834,835,195271,0
12117,2005,273.93361556796754,693,252981,0
12117,2006,265.4561142355214,683,257293,0
12117,2007,267.3133842649269,690,258124,0
12117,2008,284.5240478647221,739,259732,0
12119,2005,537.9001541011252,185,34393,0
12119,2006,422.7053140096618,161,38088,0
12119,2007,371.78358281968497,152,40884,0
12119,2008,459.2613744526937,193,42024,0
12121,2005,437.5170905113481,96,21942,0
12121,2006,524.2405233443857,117,22318,0
12121,2007,567.1825536405206,129,22744,0
12121,2008,552.3650870194205,126,22811,0
12123,2005,568.727971803909,71,12484,0
12123,2006,401.95460277427486,51,12688,0
12123,2007,457.73348098929495,62,13545,0
12123,2008,565.9431191346085,79,13959,0
12125,2005,1039.1376128969603,107,10297,0
12125,2006,1150.5460218408737,118,10256,0
12125,2007,935.8914365933553,100,10685,0
12125,2008,1213.187627338396,131,10798,0
12127,2005,484.95098092357506,1342,276729,0
12127,2006,463.44102316500266,1315,283747,0
12127,2007,457.75053293745356,1312,286619,0
12127,2008,471.41477123035037,1342,284675,0
12129,2005,578.4483272705587,97,16769,0
12129,2006,366.0698964708574,64,17483,0
12129,2007,403.22580645161287,72,17856,0
12129,2008,411.02647010467473,75,18247,0
12131,2005,433.25298065020525,133,30698,0
12131,2006,489.1132849479331,155,31690,0
12131,2007,418.17674937273483,135,32283,0
12131,2008,502.2219516649419,165,32854,0
12133,2005,514.0430604186844,69,13423,0
12133,2006,696.3586246917162,96,13786,0
12133,2007,508.7620124364048,72,14152,0
12133,2008,637.4925293844212,96,15059,0
13001,2005,592.7908977913759,62,10459,0
13001,2006,681.185839009882,71,10423,0
13001,2007,465.0721336370539,49,10536,0
13001,2008,510.10768940109574,54,10586,0
13003,2005,412.5950054288816,19,4605,0
13003,2006,796.3839862247094,37,4646,0
13003,2007,339.3425238600212,16,4715,0
13003,2008,509.44597749946934,24,4711,0
13005,2005,641.8485237483955,40,6232,0
13005,2006,661.9385342789598,42,6345,0
13005,2007,680.3773001391681,44,6467,0
13005,2008,759.5721593551388,49,6451,0
13007,2005,442.6737494466578,10,2259,0
13007,2006,358.1421376608842,8.004476776720761,2235,1
13007,2007,564.7058823529412,12,2125,0
13007,2008,458.7155963302753,10,2180,0
13009,2005,401.75812100817257,117,29122,0
13009,2006,389.2113349265961,114,29290,0
13009,2007,400.91638029782354,119,29682,0
13009,2008,440.1733812707907,131,29761,0
13011,2005,550.5505505505505,55,9990,0
13011,2006,390.9686247678624,40,10231,0
13011,2007,495.4740352548833,52,10495,0
13011,2008,515.3190293263375,55,10673,0
13013,2005,414.5489650472756,146,35219,0
13013,2006,435.75328832342575,162,37177,0
13013,2007,394.70986262046335,154,39016,0
13013,2008,346.57754672607996,140,40395,0
13015,2005,443.1560093801355,240,54157,0
13015,2006,434.10407734945375,242,55747,0
13015,2007,458.6436007882392,263,57343,0
13015,2008,390.3863127164098,230,58916,0
13017,2005,603.986309643648,60,9934,0
13017,2006,596.9555268132525,60,10051,0
13017,2007,502.76025236593057,51,10144,0
13017,2008,587.2399721309844,59,10047,0
13019,2005,493.994575745835,51,10324,0
13019,2006,526.5173272065863,55,10446,0
13019,2007,461.69791764816733,49,10613,0
13019,2008,504.6797577537163,55,10898,0
13021,2005,617.2357215407454,553,89593,0
13021,2006,489.69961380507726,440,89851,0
13021,2007,539.896696054858,485,89832,0
13021,2008,522.6345227902012,470,89929,0
13023,2005,496.3152353737404,33,6649,0
13023,2006,510.27846624872427,35,6859,0
13023,2007,527.065527065527,37,7020,0
13023,2008,498.57549857549856,35,7020,0
13025,2005,571.7786399836635,56,9794,0
13025,2006,730.6575918326494,73,9991,0
13025,2007,626.2230919765167,64,10220,0
13025,2008,509.7134064243124,53,10398,0
13027,2005,465.46871617233165,43,9238,0
13027,2006,436.0774303339715,41,9402,0
13027,2007,486.8755292125318,46,9448,0
13027,2008,410.2671996633705,39,9506,0
13029,2005,467.6145339652449,74,15825,0
13029,2006,369.00369003690037,60,16260,0
13029,2007,344.95063637444986,58,16814,0
13029,2008,381.04035563766524,66,17321,0
13031,2005,342.1705628836359,131,38285,0
13031,2006,340.68951489881016,134,39332,0
13031,2007,275.43424317617865,111,40300,0
13031,2008,338.6960203217612,140,41335,0
13033,2005,685.247921157992,89,12988,0
13033,2006,556.9306930693069,72,12928,0
13033,2007,571.6934487021014,74,12944,0
13033,2008,620.2618883528601,81,13059,0
13035,2005,440.9744813128027,61,13833,0
13035,2006,435.9136609716656,62,14223,0
13035,2007,590.5782172778464,86,14562,0
13035,2008,588.2746172872518,88,14959,0
13037,2005,553.3199195171026,22,3976,0
13037,2006,914.9357072205737,37,4044,0
13037,2007,937.8084896347483,38,4052,0
13037,2008,258.2765907490021,11,4259,0
13039,2005,327.6840139529967,93,28381,0
13039,2006,302.74558930994885,87,28737,0
13039,2007,355.406538139145,106,29825,0
13039,2008,368.79712865092694,112,30369,0
13043,2005,559.4405594405595,32,5720,0
13043,2006,425.53191489361706,25,5875,0
13043,2007,579.2783846408474,35,6042,0
13043,2008,576.4163372859025,35,6072,0
13045,2005,476.37502825953555,295,61926,0
13045,2006,424.5883851488418,270,63591,0
13045,2007,397.37944366877883,259,65177,0
13045,2008,394.25814013669645,259,65693,0
13047,2005,407.8532853285329,145,35552,0
13047,2006,336.0696380364718,122,36302,0
13047,2007,362.73076714850305,134,36942,0
13047,2008,400.3654342218401,149,37216,0
13049,2005,393.4241955880287,28,7117,0
13049,2006,317.9650238473768,24,7548,0
13049,2007,359.7601598934044,27,7505,0
13049,2008,399.2015968063872,32,8016,0
13051,2005,420.84728768356655,617,146609,0
13051,2006,447.6561150888007,674,150562,0
13051,2007,408.8440097862979,630,154093,0
13051,2008,402.74300642211824,629,156179,0
13053,2005,120.25800809008418,11,9147,0
13053,2006,172.2082395019208,13,7549,0
13053,2007,117.75480832133978,9,7643,1
13053,2008,255.72005383580083,19,7430,0
13055,2005,502.90640715825225,77,15311,0
13055,2006,551.0892116182573,85,15424,0
13055,2007,523.0982542383564,83,15867,0
13055,2008,581.6894284269094,92,15816,0
13057,2005,298.76416248515045,337,112798,0
13057,2006,240.3886563450838,286,118974,0
13057,2007,261.0357900147786,325,124504,0
13057,2008,256.3881418524239,327,127541,0
13059,2005,213.42512908777968,155,72625,0
13059,2006,265.918156300783,198,74459,0
13059,2007,223.25851751060148,169,75697,0
13059,2008,252.00099233551387,193,76587,0
13061,2005,577.0340450086555,10,1733,0
13061,2006,358.14213766088415,6.288975937325126,1756,1
13061,2007,629.6508299942759,11,1747,0
13061,2008,740.3189066059226,13,1756,0
13063,2005,345.20012018078256,540,156431,0
13063,2006,366.52335476670595,578,157698,0
13063,2007,354.14959984876174,562,158690,0
13063,2008,350.4306724006068,559,159518,0
13065,2005,466.94519537970024,19,4069,0
13065,2006,619.4251734390485,25,4036,0
13065,2007,467.51968503937013,19,4064,0
13065,2008,706.9722086786933,29,4102,0
13067,2005,244.54919733033793,1008,412187,0
13067,2006,239.8628811597097,1009,420657,0
13067,2007,235.6067817056046,1000,424436,0
13067,2008,239.55500560437537,1028,429129,0
13069,2005,523.0522630446703,124,23707,0
13069,2006,476.3088137839629,115,24144,0
13069,2007,461.94096966723896,113,24462,0
13069,2008,501.5369681281346,124,24724,0
13071,2005,500.6459948320413,124,24768,0
13071,2006,537.2706650216899,135,25127,0
13071,2007,516.9692186266772,131,25340,0
13071,2008,382.28983811195627,98,25635,0
13073,2005,287.0903471753761,183,63743,0
13073,2006,289.44432719269156,192,66334,0
13073,2007,293.9507268732083,202,68719,0
13073,2008,299.4908655286014,210,70119,0
13075,2005,503.1042603296939,47,9342,0
13075,2006,550.381033022862,52,9448,0
13075,2007,504.51965524490225,48,9514,0
13075,2008,549.2227979274612,53,9650,0
13077,2005,386.8884420885883,254,65652,0
13077,2006,324.6044338345537,223,68699,0
13077,2007,377.62866047112334,269,71234,0
13077,2008,299.1121806637571,220,73551,0
13079,2005,392.9522119406769,31,7889,0
13079,2006,417.1934260429835,33,7910,0
13079,2007,592.1632858762757,47,7937,0
13079,2008,505.5611729019211,40,7912,0
13081,2005,556.6444531556252,71,12755,0
13081,2006,705.809353912976,91,12893,0
13081,2007,580.3298717165546,76,13096,0
13081,2008,463.77252337869686,61,13153,0
13083,2005,443.29896907216494,43,9700,0
13083,2006,448.4304932735426,44,9812,0
13083,2007,425.79075425790757,42,9864,0
13083,2008,598.1346309813463,59,9864,0
13085,2005,344.48818897637796,42,12192,0
13085,2006,407.10874500900337,52,12773,0
13085,2007,330.18159987993397,44,13326,0
13085,2008,288.6323268206039,39,13512,0
13087,2005,434.5047923322683,68,15650,0
13087,2006,543.5813159724418,86,15821,0
13087,2007,477.9874213836478,76,15900,0
13087,2008,585.8157796335535,94,16046,0
13089,2005,315.14609837958113,1354,429642,0
13089,2006,326.4823425740797,1419,434633,0
13089,2007,319.93751969636764,1401,437898,0
13089,2008,309.6171717400666,1366,441190,0
13091,2005,417.14379191886144,51,12226,0
13091,2006,466.2004662004662,58,12441,0
13091,2007,624.851696590999,79,12643,0
13091,2008,564.9717514124294,72,12744,0
13093,2005,422.09807572936063,34,8055,0
13093,2006,446.37471347569067,37,8289,0
13093,2007,523.934270064301,44,8398,0
13093,2008,359.37862276837467,31,8626,0
13095,2005,487.25980472971736,266,54591,0
13095,2006,534.7299796729357,292,54607,0
13095,2007,488.62617352634373,267,54643,0
13095,2008,527.9366476022877,288,54552,0
13097,2005,340.62566806812515,239,70165,0
13097,2006,406.0638873849486,300,73880,0
13097,2007,381.41109086175476,293,76820,0
13097,2008,353.0203558140421,278,78749,0
13099,2005,692.6952141057934,44,6352,0
13099,2006,443.2483773943328,28,6317,0
13099,2007,660.650982919755,41,6206,0
13099,2008,831.5669329854884,51,6133,0
13101,2005,257.53283543651816,6.142158125160958,2385,1
13101,2006,358.14213766088415,8.398433128147733,2345,1
13101,2007,229.03174853893537,5.434923392828937,2373,1
13101,2008,377.51677852348996,9,2384,1
13103,2005,307.3882972883961,84,27327,0
13103,2006,375.92664160489056,107,28463,0
13103,2007,362.0736329182458,107,29552,0
13103,2008,378.5363262053394,114,30116,0
13105,2005,624.6307081961678,74,11847,0
13105,2006,488.17439609460484,58,11881,0
13105,2007,637.0508791302132,75,11773,0
13105,2008,570.7470823749894,67,11739,0
13107,2005,526.9881826892366,66,12524,0
13107,2006,597.1087366436203,76,12728,0
13107,2007,652.2593320235757,83,12725,0
13107,2008,609.5679012345679,79,12960,0
13109,2005,479.92321228603424,30,6251,0
13109,2006,576.6458433445458,36,6243,0
13109,2007,604.2296072507553,38,6289,0
13109,2008,533.4170065892689,34,6374,0
13111,2005,599.1285403050109,77,12852,0
13111,2006,644.0857770705463,85,13197,0
13111,2007,545.0608526842381,73,13393,0
13111,2008,453.93659770799223,61,13438,0
13113,2005,242.54223864836325,147,60608,0
13113,2006,235.6880465524528,145,61522,0
13113,2007,222.87541587260569,138,61918,0
13113,2008,229.43932783971562,142,61890,0
13115,2005,470.1851581863245,258,54872,0
13115,2006,455.5067512607776,252,55323,0
13115,2007,448.3737412088011,248,55311,0
13115,2008,431.6313867956765,240,55603,0
13117,2005,208.61558382389967,174,83407,0
13117,2006,248.88003982080636,220,88396,0
13117,2007,197.39439399921042,185,93721,0
13117,2008,203.3466199947393,201,98846,0
13119,2005,453.8216560509554,57,12560,0
13119,2006,543.7352245862884,69,12690,0
13119,2007,515.3029356652092,66,12808,0
13119,2008,564.5730416372619,72,12753,0
13121,2005,392.11150528724824,2068,527401,0
13121,2006,394.31611774018484,2147,544487,0
13121,2007,373.2431016197713,2087,559153,0
13121,2008,384.278558167233,2194,570940,0
13123,2005,537.5,86,16000,0
13123,2006,400.3396821545554,66,16486,0
13123,2007,481.49262714414687,80,16615,0
13123,2008,428.79574827877764,71,16558,0
13125,2005,771.2082262210797,12,1556,0
13125,2006,615.3846153846154,10,1625,0
13125,2007,651.2729425695677,11,1689,0
13125,2008,705.4673721340388,12,1701,0
13127,2005,509.1267420580921,217,42622,0
13127,2006,543.0090425773617,239,44014,0
13127,2007,464.89901236764837,209,44956,0
13127,2008,486.0107710495206,222,45678,0
13129,2005,477.01073274148666,144,30188,0
13129,2006,407.20033610186476,126,30943,0
13129,2007,399.7842434241837,126,31517,0
13129,2008,450.2532674629479,144,31982,0
13131,2005,622.8931555034442,85,13646,0
13131,2006,500.8227802818917,70,13977,0
13131,2007,511.000709723208,72,14090,0
13131,2008,484.7888709337455,69,14233,0
13133,2005,405.83525282439405,37,9117,0
13133,2006,427.96005706134093,39,9113,0
13133,2007,498.051104374188,46,9236,0
13133,2008,545.1373746184038,50,9172,0
13135,2005,208.58744670613117,932,446815,0
13135,2006,232.21557923923405,1072,461640,0
13135,2007,213.25473172132465,1010,473612,0
13135,2008,225.84703015306948,1088,481742,0
13137,2005,378.42540234884734,87,22990,0
13137,2006,327.9929355367731,78,23781,0
13137,2007,347.13713958996976,85,24486,0
13137,2008,351.60038797284193,87,24744,0
13139,2005,330.88734173251356,317,95803,0
13139,2006,319.91576901271566,316,98776,0
13139,2007,323.0476790797081,328,101533,0
13139,2008,300.462249614792,312,103840,0
13141,2005,648.0558325024925,39,6018,0
13141,2006,560.6860158311346,34,6064,0
13141,2007,302.6441541892322,19,6278,0
13141,2008,577.2931366260424,36,6236,0
13143,2005,583.5022418770346,95,16281,0
13143,2006,586.1879465103499,96,16377,0
13143,2007,680.3540249262447,113,16609,0
13143,2008,551.4265164229201,92,16684,0
13145,2005,397.8702240945527,68,17091,0
13145,2006,316.04492352841584,56,17719,0
13145,2007,422.821371698424,77,18211,0
13145,2008,415.4975178070365,77,18532,0
13147,2005,439.6539497943554,62,14102,0
13147,2006,587.0431197148648,84,14309,0
13147,2007,423.934950309264,61,14389,0
13147,2008,441.74489232468255,64,14488,0
13149,2005,543.0683360989591,36,6629,0
13149,2006,618.738951090159,42,6788,0
13149,2007,469.1394223720862,32,6821,0
13149,2008,683.8352975411028,47,6873,0
13151,2005,326.5282393636091,337,103207,0
13151,2006,298.70439260385933,326,109138,0
13151,2007,316.60041509832206,360,113708,0
13151,2008,335.4668222454828,391,116554,0
13153,2005,336.0721893647706,254,75579,0
13153,2006,341.67096441464673,265,77560,0
13153,2007,323.10787025396024,257,79540,0
13153,2008,338.07212205270457,273,80752,0
13155,2005,635.6701779876498,35,5506,0
13155,2006,461.1564384533522,26,5638,0
13155,2007,486.7090977162112,26,5342,0
13155,2008,409.8360655737705,23,5612,0
13157,2005,483.9547875795765,149,30788,0
13157,2006,407.16363079748965,133,32665,0
13157,2007,446.1181923522596,154,34520,0
13157,2008,360.8073063479535,128,35476,0
13159,2005,426.0263361735089,33,7746,0
13159,2006,412.9645851583031,33,7991,0
13159,2007,444.8288644507599,36,8093,0
13159,2008,462.45588414263113,38,8217,0
13161,2005,629.7229219143577,50,7940,0
13161,2006,641.5792720542875,52,8105,0
13161,2007,624.9234162480088,51,8161,0
13161,2008,657.4229022232847,55,8366,0
13163,2005,613.8160632542655,59,9612,0
13163,2006,798.8380537400145,77,9639,0
13163,2007,601.597344673789,58,9641,0
13163,2008,638.9776357827476,62,9703,0
13165,2005,591.841048404143,28,4731,0
13165,2006,632.1112515802781,30,4746,0
13165,2007,644.7453255963894,30,4653,0
13165,2008,720.3667321545514,33,4581,0
13167,2005,592.6724137931034,33,5568,0
13167,2006,489.3393918210416,28,5722,0
13167,2007,562.610512779296,35,6221,0
13167,2008,428.9799809342231,27,6294,0
13169,2005,380.01838798651545,62,16315,0
13169,2006,297.0056976603224,49,16498,0
13169,2007,504.59542259866646,84,16647,0
13169,2008,462.1674468211175,78,16877,0
13171,2005,523.8766874874068,52,9926,0
13171,2006,648.4437350359138,65,10024,0
13171,2007,476.4683002722676,49,10284,0
13171,2008,484.9291623086432,51,10517,0
13173,2005,394.7641803448992,19,4813,0
13173,2006,538.1702212477576,27,5017,0
13173,2007,302.62909022129753,16,5287,0
13173,2008,304.1689032027196,17,5589,0
13175,2005,555.7408024897188,150,26991,0
13175,2006,547.1102298597342,149,27234,0
13175,2007,486.0578152980302,133,27363,0
13175,2008,539.2103644193537,149,27633,0
13177,2005,363.950404046635,59,16211,0
13177,2006,371.07972228872393,62,16708,0
13177,2007,371.1340206185567,63,16975,0
13177,2008,297.37609329446065,51,17150,0
13179,2005,250.67098799817694,99,39494,0
13179,2006,302.71398747390396,116,38320,0
13179,2007,257.5710271620356,99,38436,0
13179,2008,317.9777682770415,119,37424,0
13181,2005,431.832202344232,21,4863,0
13181,2006,512.9257283545343,25,4874,0
13181,2007,542.3445974134335,26,4794,0
13181,2008,630.2521008403362,30,4760,0
13183,2005,394.9678174370978,27,6836,0
13183,2006,334.6813554594896,24,7171,0
13183,2007,383.6141937251678,28,7299,0
13183,2008,412.50831669993346,31,7515,0
13185,2005,376.4619271504342,225,59767,0
13185,2006,395.8064146808197,242,61141,0
13185,2007,340.4724460513303,210,61679,0
13185,2008,394.06692832710706,250,63441,0
13187,2005,333.207594618383,53,15906,0
13187,2006,357.2917286964807,60,16793,0
13187,2007,456.51545796012715,79,17305,0
13187,2008,430.3599374021909,77,17892,0
13189,2005,613.6455389584174,76,12385,0
13189,2006,579.85020536361435,72,12417,0
13189,2007,508.7620124364048,63,12383,0
13189,2008,710.5788423153692,89,12525,0
13191,2005,498.5459077690071,36,7221,0
13191,2006,529.6610169491526,40,7552,0
13191,2007,401.8585960065302,32,7963,0
13191,2008,475.6677643615075,39,8199,0
13193,2005,699.5452955578874,60,8577,0
13193,2006,695.9498003422704,61,8765,0
13193,2007,656.1828261115511,58,8839,0
13193,2008,591.3858513724615,53,8962,0
13195,2005,486.8729200049304,79,16226,0
13195,2006,459.81239654221076,75,16311,0
13195,2007,497.54262484072575,82,16481,0
13195,2008,466.15813052427654,77,16518,0
13197,2005,480.6641905178064,22,4577,0
13197,2006,656.2235393734123,31,4724,0
13197,2007,686.7845993756504,33,4805,0
13197,2008,473.0563554092966,23,4862,0
13199,2005,599.4466646172763,78,13012,0
13199,2006,618.840247536099,81,13089,0
13199,2007,533.5601608413239,69,12932,0
13199,2008,590.0383141762452,77,13050,0
13201,2005,561.9639160011831,19,3381,0
13201,2006,830.121553513193,28,3373,0
13201,2007,764.0317367029091,26,3403,0
13201,2008,590.8419497784344,20,3385,0
13205,2005,497.58419268767574,69,13867,0
13205,2006,502.9096917882032,70,13919,0
13205,2007,522.5988700564972,74,14160,0
13205,2008,631.6984881822699,89,14089,0
13207,2005,463.026011167098,68,14686,0
13207,2006,386.4797589414385,59,15266,0
13207,2007,456.3316009633668,72,15778,0
13207,2008,360.0075791069286,57,15833,0
13209,2005,576.9588684161548,31,5373,0
13209,2006,416.51575516117344,23,5522,0
13209,2007,435.72984749455344,24,5508,0
13209,2008,456.20437956204375,25,5480,0
13211,2005,381.83279742765274,38,9952,0
13211,2006,412.9793510324484,42,10170,0
13211,2007,437.9988320031147,45,10274,0
13211,2008,383.76666986472225,40,10423,0
13213,2005,453.996418009913,109,24009,0
13213,2006,459.076057736052,111,24179,0
13213,2007,470.79410049162567,113,24002,0
13213,2008,461.8549775370534,110,23817,0
13215,2005,471.405079481089,516,109460,0
13215,2006,504.3324301848325,564,111831,0
13215,2007,496.836227718135,541,108889,0
13215,2008,487.79148515576384,533,109268,0
13217,2005,395.3113322581914,201,50846,0
13217,2006,424.7198158923794,227,53447,0
13217,2007,396.4073353213221,222,56003,0
13217,2008,357.3296147812446,205,57370,0
13219,2005,360.3497164461248,61,16928,0
13219,2006,245.85477415666094,43,17490,0
13219,2007,244.53954315567165,44,17993,0
13219,2008,264.6788743045427,49,18513,0
13221,2005,337.7155952237366,28,8291,0
13221,2006,400.75436115040077,34,8484,0
13221,2007,416.28122109158187,36,8648,0
13221,2008,398.17974971558584,35,8790,0
13223,2005,289.67786075083336,199,68697,0
13223,2006,300.66064446541725,223,74170,0
13223,2007,323.9932163920318,256,79014,0
13223,2008,288.9576883384933,238,82365,0
13225,2005,492.212258108017,73,14831,0
13225,2006,468.3068399182112,71,15161,0
13225,2007,447.51310574095385,70,15642,0
13225,2008,515.8483530142946,83,16090,0
13227,2005,589.988443525333,97,16441,0
13227,2006,393.63139651019327,67,17021,0
13227,2007,358.62697102521776,63,17567,0
13227,2008,468.10670576955613,83,17731,0
13229,2005,495.09852460639667,50,10099,0
13229,2006,631.4971339745458,65,10293,0
13229,2007,679.9463704271212,71,10442,0
13229,2008,435.8537047564904,46,10554,0
13231,2005,525.5255255255256,49,9324,0
13231,2006,380.11095130470517,37,9734,0
13231,2007,457.30191867978925,46,10059,0
13231,2008,270.68832173240526,28,10344,0
13233,2005,512.6879496790315,119,23211,0
13233,2006,538.7976751092444,127,23571,0
13233,2007,557.1971295905445,132,23690,0
13233,2008,564.5464809936018,135,23913,0
13235,2005,615.3384361398769,41,6663,0
13235,2006,544.8387571786187,37,6791,0
13235,2007,402.0100502512563,28,6965,0
13235,2008,357.7561534058386,25,6988,0
13237,2005,368.3241252302026,44,11946,0
13237,2006,517.4537987679671,63,12175,0
13237,2007,462.0997162545602,57,12335,0
13237,2008,443.72730939895115,55,12395,0
13239,2005,1200.3000750187548,16,1333,0
13239,2006,1013.7581462708182,14,1381,0
13239,2007,786.2759113652609,11,1399,0
13239,2008,456.62100456621005,6.292237442922374,1378,1
13241,2005,493.3128699846525,45,9122,0
13241,2006,403.4896401308615,37,9170,0
13241,2007,401.86814380362773,37,9207,0
13241,2008,481.66392993979196,44,9135,0
13243,2005,654.2056074766356,28,4280,0
13243,2006,763.7121036797038,33,4321,0
13243,2007,719.7585326213141,31,4307,0
13243,2008,443.0970149253731,19,4288,0
13245,2005,525.7820688714859,617,117349,0
13245,2006,559.2216582064298,661,118200,0
13245,2007,539.2931709255049,638,118303,0
13245,2008,531.0652248454893,635,119571,0
13247,2005,353.6172093708561,168,47509,0
13247,2006,342.40924092409244,166,48480,0
13247,2007,368.0336487907466,182,49452,0
13247,2008,327.5872400775023,164,50063,0
13249,2005,756.6204287515762,18,2379,0
13249,2006,410.17227235438884,10,2438,0
13249,2007,399.68025579536373,10,2502,0
13249,2008,460.29919447640964,12,2607,0
13251,2005,411.71626867427364,35,8501,0
13251,2006,558.659217877095,47,8413,0
13251,2007,642.0164070859589,54,8411,0
13251,2008,581.1195445920304,49,8432,0
13253,2005,680.2721088435374,34,4998,0
13253,2006,580.8131383937513,29,4993,0
13253,2007,585.9769650434431,29,4949,0
13253,2008,566.4576168318835,28,4943,0
13255,2005,576.1453659077059,208,36102,0
13255,2006,451.3252550671518,165,36559,0
13255,2007,499.8784079548218,185,37009,0
13255,2008,521.6693418940611,195,37380,0
13257,2005,535.4843082762827,79,14753,0
13257,2006,517.0214194588061,77,14893,0
13257,2007,569.590564899819,85,14923,0
13257,2008,537.9200425023243,81,15058,0
13259,2005,653.5947712418301,23,3519,0
13259,2006,474.19804741980477,17,3585,0
13259,2007,406.83482506102524,15,3687,0
13259,2008,570.3914959813326,22,3857,0
13261,2005,458.4466122927662,86,18759,0
13261,2006,465.85494970884065,88,18890,0
13261,2007,486.2836302130134,92,18919,0
13261,2008,405.7971014492754,77,18975,0
13263,2005,755.3606237816764,31,4104,0
13263,2006,581.1138014527845,24,4130,0
13263,2007,665.5574043261231,28,4207,0
13263,2008,531.9148936170212,22,4136,0
13265,2005,1028.03738317757,11,1070,0
13265,2006,358.1421376608842,3.7640738668158926,1051,1
13265,2007,229.03174853893543,2.4162849470857686,1055,1
13265,2008,456.6210045662101,4.840182648401827,1060,1
13267,2005,442.17687074829934,65,14700,0
13267,2006,494.9501705571534,74,14951,0
13267,2007,454.9103559004549,68,14948,0
13267,2008,436.33478778262594,66,15126,0
13269,2005,602.7610344157107,31,5143,0
13269,2006,646.931974122721,33,5101,0
13269,2007,524.17006406523,27,5151,0
13269,2008,408.321991055804,21,5143,0
13271,2005,403.22580645161287,39,9672,0
13271,2006,331.19229225210756,33,9964,0
13271,2007,409.7161252560726,42,10251,0
13271,2008,398.44417038231666,42,10541,0
13273,2005,695.4102920723227,40,5752,0
13273,2006,530.5039787798408,30,5655,0
13273,2007,673.216885007278,37,5496,0
13273,2008,685.6730422230243,38,5542,0
13275,2005,446.67783361250696,112,25074,0
13275,2006,569.3049735115047,144,25294,0
13275,2007,602.21994804376925,153,25406,0
13275,2008,495.1267056530214,127,25650,0
13277,2005,546.5215248846481,122,22323,0
13277,2006,375.2262393501964,85,22653,0
13277,2007,457.8472375082545,104,22715,0
13277,2008,457.0022410686821,104,22757,0
13279,2005,537.7057886351568,81,15064,0
13279,2006,551.1449379961945,84,15241,0
13279,2007,527.9624560031288,81,15342,0
13279,2008,467.3200493282274,72,15407,0
13281,2005,746.6973004020678,39,5223,0
13281,2006,466.6791114429718,25,5357,0
13281,2007,518.4225143491946,28,5401,0
13281,2008,369.5491500369549,20,5412,0
13283,2005,571.5770329955833,22,3849,0
13283,2006,308.40400925212026,12,3891,0
13283,2007,586.5850548329507,23,3921,0
13283,2008,596.5697240865026,24,4023,0
13285,2005,472.7292600284184,173,36596,0
13285,2006,542.4222797927462,201,37056,0
13285,2007,491.9427750890815,185,37606,0
13285,2008,512.2681658172648,195,38066,0
13287,2005,603.3476060724017,31,5138,0
13287,2006,534.0189873417721,27,5056,0
13287,2007,497.51243781094524,25,5025,0
13287,2008,558.5477757829643,28,5013,0
13289,2005,481.9677580189463,29,6017,0
13289,2006,556.0235888795282,33,5935,0
13289,2007,620.3687747716698,36,5803,0
13289,2008,576.4192139737992,33,5725,0
13291,2005,473.63147827671,52,10979,0
13291,2006,442.2821760283061,50,11305,0
13291,2007,467.81599237633196,54,11543,0
13291,2008,586.965904186448,68,11585,0
13293,2005,574.4586831639416,91,15841,0
13293,2006,542.7579678131904,86,15845,0
13293,2007,599.6339077194976,95,15843,0
13293,2008,531.847537039382,84,15794,0
13295,2005,559.3681211964263,216,38615,0
13295,2006,484.24915893567135,190,39236,0
13295,2007,473.7425662735611,188,39684,0
13295,2008,500.93457943925233,201,40125,0
13297,2005,408.3206678311367,180,44083,0
13297,2006,355.4218181025272,163,45861,0
13297,2007,285.5103497501784,136,47634,0
13297,2008,421.28193008774997,205,48661,0
13299,2005,623.9866358767749,127,20353,0
13299,2006,573.0521044014254,119,20766,0
13299,2007,746.4105733574213,157,21034,0
13299,2008,523.2115677321157,110,21024,0
13301,2005,631.2769010043041,22,3485,0
13301,2006,559.1524426133019,19,3398,0
13301,2007,799.7630331753554,27,3376,0
13301,2008,472.6735598227474,16,3385,0
13303,2005,476.5146358066712,56,11752,0
13303,2006,537.2842722240313,66,12284,0
13303,2007,524.3088655862726,66,12588,0
13303,2008,625.346315206206,79,12633,0
13305,2005,529.500756429652,91,17186,0
13305,2006,535.6834283739416,93,17361,0
13305,2007,551.8261463192628,97,17578,0
13305,2008,412.0726138768237,74,17958,0
13307,2005,257.53283543651816,3.857841874839042,1498,1
13307,2006,358.14213766088415,5.544040290990487,1548,1
13307,2007,229.03174853893537,3.643895119254462,1591,1
13307,2008,456.62100456621005,6.981735159817352,1529,1
13309,2005,272.975432211101,12,4396,0
13309,2006,349.72677595628414,16,4575,0
13309,2007,390.9643788010426,18,4604,0
13309,2008,497.2972972972973,23,4625,0
13311,2005,466.9640367995539,67,14348,0
13311,2006,411.4671163575042,61,14825,0
13311,2007,409.4300997160404,62,15143,0
13311,2008,405.7060594163068,62,15282,0
13313,2005,371.74721189591077,204,54876,0
13313,2006,406.67884911677237,227,55818,0
13313,2007,381.76668250030787,217,56841,0
13313,2008,341.6816983488275,197,57656,0
13315,2005,546.1496450027307,30,5493,0
13315,2006,394.90217196194584,22,5571,0
13315,2007,448.2696790389098,25,5577,0
13315,2008,557.6856047403277,32,5738,0
13317,2005,607.7529566360053,37,6088,0
13317,2006,378.35170258266163,23,6079,0
13317,2007,347.05007436787304,21,6051,0
13317,2008,640.0787789266371,39,6093,0
13319,2005,492.3509759099701,28,5687,0
13319,2006,476.69491525423734,27,5664,0
13319,2007,585.3139411138701,33,5638,0
13319,2008,541.4185165132648,30,5541,0
13321,2005,493.86649673410864,62,12554,0
13321,2006,422.2771093936738,53,12551,0
13321,2007,624.4496037146745,78,12491,0
13321,2008,488.7428891915711,61,12481,0
15001,2005,348.50085397518046,353,101291,0
15001,2006,380.5871916671436,399,104838,0
15001,2007,369.8231724881294,398,107619,0
15001,2008,393.08462238398545,432,109900,0
15003,2005,273.2636224956051,1528,559167,0
15003,2006,270.6183063038874,1532,566111,0
15003,2007,262.50117504748965,1480,563807,0
15003,2008,256.754760514635,1460,568636,0
15005,2005,0,0,75,0
15005,2006,0,0,75,0
15005,2007,0,0,70,0
15005,2008,0,0,69,0
15007,2005,376.8743484884933,141,37413,0
15007,2006,294.84546938345704,112,37986,0
15007,2007,364.56717344089355,141,38676,0
15007,2008,278.5092161231517,110,39496,0
15009,2005,315.35863657712866,282,89422,0
15009,2006,323.64234777838726,295,91150,0
15009,2007,316.99664611057017,293,92430,0
15009,2008,318.5724567122476,301,94484,0
16001,2005,228.0672237489017,488,213972,0
16001,2006,239.77147484198926,533,222295,0
16001,2007,221.2408689049668,507,229162,0
16001,2008,229.64428743738438,535,232969,0
16003,2005,264.18786692759295,5.862328767123287,2219,1
16003,2006,443.26241134751774,10,2256,0
16003,2007,428.8164665523156,10,2332,0
16003,2008,553.898593949723,13,2347,0
16005,2005,300.3732579455353,136,45277,0
16005,2006,310.0405437634152,143,46123,0
16005,2007,284.02366863905326,132,46475,0
16005,2008,346.52097195943793,163,47039,0
16007,2005,352.6771401090093,11,3119,0
16007,2006,387.22168441432723,12,3099,0
16007,2007,351.10118097669965,11,3133,0
16007,2008,444.02156676181414,14,3153,0
16009,2005,460.65259117082536,24,5210,0
16009,2006,342.01026030780923,18,5263,0
16009,2007,572.5190839694657,30,5240,0
16009,2008,488.99755501222495,26,5317,0
16011,2005,323.39830434402586,74,22882,0
16011,2006,341.8877396459947,79,23107,0
16011,2007,296.7103848634702,69,23255,0
16011,2008,293.0682976554536,69,23544,0
16013,2005,198.9536511679316,27,13571,0
16013,2006,257.2961846651474,35,13603,0
16013,2007,162.4335499113999,22,13544,0
16013,2008,213.88007965189175,29,13559,0
16015,2005,372.006510113927,16,4301,0
16015,2006,475.0056548292241,21,4421,0
16015,2007,269.2393986986762,12,4457,0
16015,2008,362.3188405797101,16,4416,0
16017,2005,436.80960981141584,104,23809,0
16017,2006,315.7326243197208,76,24071,0
16017,2007,343.5161329898172,84,24453,0
16017,2008,440.31311154598825,108,24528,0
16019,2005,290.84048971250024,148,50887,0
16019,2006,294.6375957572186,155,52607,0
16019,2007,305.77096649413323,166,54289,0
16019,2008,304.85071281269614,170,55765,0
16021,2005,536.7036011080332,31,5776,0
16021,2006,473.45282380791343,28,5914,0
16021,2007,430.60616098045716,26,6038,0
16021,2008,329.97855139415935,20,6061,0
16023,2005,264.18786692759295,3.97866927592955,1506,1
16023,2006,273.8336713995944,4.080121703853956,1490,1
16023,2007,347.49370167665705,5.191555903049257,1494,1
16023,2008,213.48222349946633,3.1723458412020693,1486,1
16025,2005,264.18786692759295,1.7040117416829745,645,1
16025,2006,273.8336713995943,1.779918864097363,650,1
16025,2007,347.49370167665705,2.324732864216836,669,1
16025,2008,0,0,682,0
16027,2005,283.9814641555954,258,90851,0
16027,2006,272.1217087982517,259,95178,0
16027,2007,295.514831213628,293,99149,0
16027,2008,287.0907482056828,292,101710,0
16029,2005,241.2868632707775,9,3730,1
16029,2006,326.0869565217391,12,3680,0
16029,2007,354.70668485675304,13,3665,0
16029,2008,384.4041735310269,14,3642,0
16031,2005,310.04924311508296,34,10966,0
16031,2006,384.7563209967021,42,10916,0
16031,2007,388.0166035011731,43,11082,0
16031,2008,194.17475728155338,22,11330,0
16033,2005,0,0,491,0
16033,2006,273.8336713995943,1.3883367139959433,507,1
16033,2007,0,0,511,0
16033,2008,213.48222349946627,1.1229164956071926,526,1
16035,2005,368.86041545331005,19,5151,0
16035,2006,291.5451895043732,15,5145,0
16035,2007,697.6744186046511,36,5160,0
16035,2008,369.57790313168647,19,5141,0
16037,2005,650.142218610321,16,2461,0
16037,2006,273.8336713995943,6.8513184584178495,2502,1
16037,2007,347.4937016766571,8.767266093302059,2523,1
16037,2008,423.728813559322,11,2596,0
16039,2005,246.96172093325535,38,15387,0
16039,2006,292.9306079937508,45,15362,0
16039,2007,338.35546475995915,53,15664,0
16039,2008,327.91020305208724,52,15858,0
16041,2005,202.53164556962025,12,5925,0
16041,2006,302.2670025188917,18,5955,0
16041,2007,199.36866589134408,12,6019,0
16041,2008,227.16209638163235,14,6163,0
16043,2005,283.3706189410887,19,6705,0
16043,2006,220.4909598706453,15,6803,0
16043,2007,335.4236546594721,23,6857,0
16043,2008,364.2721841760163,25,6863,0
16045,2005,324.2397137745975,29,8944,0
16045,2006,351.3780608323268,32,9107,0
16045,2007,444.44444444444446,41,9225,0
16045,2008,384.10886742756804,35,9112,0
16047,2005,372.2721437740693,29,7790,0
16047,2006,524.0286298568507,41,7824,0
16047,2007,366.6245259165613,29,7910,0
16047,2008,261.519302615193,21,8030,0
16049,2005,410.86509929239895,36,8762,0
16049,2006,384.57188100893563,34,8841,0
16049,2007,381.9366434509099,34,8902,0
16049,2008,482.3331463825014,43,8915,0
16051,2005,217.97889964251462,25,11469,0
16051,2006,293.42723004694835,35,11928,0
16051,2007,297.6190476190476,37,12432,0
16051,2008,146.142604415045,19,13001,0
16053,2005,389.7550111358575,42,10776,0
16053,2006,343.64261168384877,38,11058,0
16053,2007,265.0879208270743,30,11317,0
16053,2008,282.9945973758683,33,11661,0
16055,2005,282.11805555555554,208,73728,0
16055,2006,279.5874765911429,212,75826,0
16055,2007,289.25246316550664,224,77441,0
16055,2008,329.035126722988,259,78715,0
16057,2005,178.1214701537927,41,23018,0
16057,2006,163.33548248441866,38,23265,0
16057,2007,240.70492155598538,56,23265,0
16057,2008,171.47511467398294,40,23327,0
16059,2005,425.722608111136,19,4463,0
16059,2006,424.67590523021903,19,4474,0
16059,2007,402.95500335795833,18,4467,0
16059,2008,444.8398576512456,20,4496,0
16061,2005,562.0848237097598,11,1957,0
16061,2006,748.50299401197606,15,2004,0
16061,2007,347.49370167665705,6.883850230214577,1981,1
16061,2008,213.48222349946633,4.226948025289433,1980,1
16063,2005,432.22003929273086,11,2545,0
16063,2006,273.8336713995943,7.116937119675456,2599,1
16063,2007,334.44816053511704,9,2691,1
16063,2008,510.204081632653,14,2744,0
16065,2005,127.35473600424517,24,18845,0
16065,2006,176.17154074596064,35,19867,0
16065,2007,126.508369015181,26,20552,0
16065,2008,117.60831726019664,25,21257,0
16067,2005,465.71541815299247,47,10092,0
16067,2006,326.4417845484222,33,10109,0
16067,2007,334.2508847817538,34,10172,0
16067,2008,427.3089249295911,44,10297,0
16069,2005,305.99196200219217,67,21896,0
16069,2006,361.4348965392609,80,22134,0
16069,2007,310.20995369329677,69,22243,0
16069,2008,386.7080354332479,86,22239,0
16071,2005,264.18786692759295,5.6007827788649704,2120,1
16071,2006,273.8336713995943,5.783367139959432,2112,1
16071,2007,347.4937016766571,7.481539397098428,2153,1
16071,2008,213.48222349946633,4.5898678052385256,2150,1
16073,2005,350.7599799565726,21,5987,0
16073,2006,263.3311389071758,16,6076,0
16073,2007,291.2150137518201,18,6181,0
16073,2008,272.26137091607944,17,6244,0
16075,2005,327.33224222585926,38,11609,0
16075,2006,312.0782726045884,37,11856,0
16075,2007,380.54268696227666,46,12088,0
16075,2008,346.2775166955231,42,12129,0
16077,2005,274.04085700049825,11,4014,0
16077,2006,267.7050377220735,11,4109,0
16077,2007,269.8062300711307,11,4077,0
16077,2008,340.38414782397274,14,4113,0
16079,2005,404.53074433656957,30,7416,0
16079,2006,532.2687957418497,40,7515,0
16079,2007,577.8016662187583,43,7442,0
16079,2008,470.2404944242912,35,7443,0
16081,2005,228.64269382664725,11,4811,0
16081,2006,194.43904335990666,10,5143,0
16081,2007,197.16795124574298,11,5579,0
16081,2008,149.08066920655955,9,6037,1
16083,2005,336.8979862688548,132,39181,0
16083,2006,338.46381895891494,137,40477,0
16083,2007,342.73852912070674,142,41431,0
16083,2008,282.7409237787493,119,42088,0
16085,2005,369.5491500369549,20,5412,0
16085,2006,218.1208053691275,13,5960,0
16085,2007,206.18556701030928,13,6305,0
16085,2008,220.29897718332023,14,6355,0
16087,2005,307.51489525273877,16,5203,0
16087,2006,475.0142504275128,25,5263,0
16087,2007,380.01140034201023,20,5263,0
16087,2008,491.3076341647771,26,5292,0
17001,2005,317.8843328435956,119,37435,0
17001,2006,360.8288450823804,136,37691,0
17001,2007,417.36448945955283,157,37617,0
17001,2008,371.23462028001694,140,37712,0
17003,2005,618.1455633100697,31,5015,0
17003,2006,650.4065040650406,32,4920,0
17003,2007,539.7550342536849,26,4817,0
17003,2008,556.3568926437256,27,4853,0
17005,2005,172.1170395869191,19,11039,0
17005,2006,299.78197674418607,33,11008,0
17005,2007,395.6122999460529,44,11122,0
17005,2008,309.4847988348808,34,10986,0
17007,2005,288.75272906542716,82,28398,0
17007,2006,312.6486780398287,92,29426,0
17007,2007,260.40808253947324,79,30337,0
17007,2008,264.97432038993753,81,30569,0
17009,2005,231.57894736842107,11,4750,0
17009,2006,189.67334035827187,9,4745,1
17009,2007,359.4080338266385,17,4730,0
17009,2008,273.3964248159832,13,4755,0
17011,2005,377.2430668841762,74,19616,0
17011,2006,353.98230088495575,70,19775,0
17011,2007,343.7642181891714,68,19781,0
17011,2008,374.19093851132686,74,19776,0
17013,2005,267.2903441363181,7.767457400601403,2906,1
17013,2006,548.3207676490747,16,2918,0
17013,2007,447.1964224286206,13,2907,0
17013,2008,251.09170305676855,7.166157205240174,2854,1
17015,2005,327.8688524590164,29,8845,0
17015,2006,361.7045326099243,32,8847,0
17015,2007,343.0531732418525,30,8745,0
17015,2008,437.5863657300783,38,8684,0
17017,2005,244.46731857951625,19,7772,0
17017,2006,386.64776388709885,30,7759,0
17017,2007,424.6557714579848,33,7771,0
17017,2008,412.31800025769877,32,7761,0
17019,2005,235.105797608924,282,119946,0
17019,2006,198.51319336655502,243,122410,0
17019,2007,241.16918822451242,300,124394,0
17019,2008,211.92540225840506,265,125044,0
17021,2005,438.5746324445552,88,20065,0
17021,2006,369.2614770459082,74,20040,0
17021,2007,469.81207516993203,94,20008,0
17021,2008,395.23714228537125,79,19988,0
17023,2005,447.85668586052464,42,9378,0
17023,2006,405.11727078891255,38,9380,0
17023,2007,362.82147049407746,34,9371,0
17023,2008,502.9427501337613,47,9345,0
17025,2005,329.5728229179871,26,7889,0
17025,2006,305.65461029037186,24,7852,0
17025,2007,372.6548445129787,29,7782,0
17025,2008,552.2023885963786,43,7787,0
17027,2005,303.6437246963563,66,21736,0
17027,2006,403.31717043549196,89,22067,0
17027,2007,275.0845546786922,61,22175,0
17027,2008,329.62138084632517,74,22450,0
17029,2005,345.08257333004684,112,32456,0
17029,2006,308.29339763743474,101,32761,0
17029,2007,332.6416015625,109,32768,0
17029,2008,351.8110621634851,115,32688,0
17031,2005,353.77336097352554,11178,3159650,0
17031,2006,353.20507186109654,11131,3151427,0
17031,2007,345.66566962734066,10900,3153336,0
17031,2008,347.9557716851741,11017,3166207,0
17033,2005,312.63202365863964,37,11835,0
17033,2006,329.75395281981906,39,11827,0
17033,2007,329.58674892250485,39,11833,0
17033,2008,381.4205797592812,45,11798,0
17035,2005,365.4854600349595,23,6293,0
17035,2006,396.25931209383424,25,6309,0
17035,2007,253.28478708247587,16,6317,0
17035,2008,426.6076789382209,27,6329,0
17037,2005,227.22782058881646,138,60732,0
17037,2006,226.03186730974323,142,62823,0
17037,2007,201.6254110056455,130,64476,0
17037,2008,187.5278601841462,122,65057,0
17039,2005,520.1289919900136,50,9613,0
17039,2006,472.91045543332996,46,9727,0
17039,2007,318.7005243137658,31,9727,0
17039,2008,372.20843672456573,36,9672,0
17041,2005,360.81544290095616,40,11086,0
17041,2006,323.10177705977384,36,11142,0
17041,2007,250.78369905956114,28,11165,0
17041,2008,305.48068283917337,34,11130,0
17043,2005,205.58450761075284,1146,557435,0
17043,2006,205.38640676211833,1143,556512,0
17043,2007,204.2992930595891,1134,555068,0
17043,2008,219.43472176756467,1220,555974,0
17045,2005,416.7438414521208,45,10798,0
17045,2006,388.6369945405756,42,10807,0
17045,2007,454.2083796811272,49,10788,0
17045,2008,449.1017964071856,48,10688,0
17047,2005,732.6007326007326,28,3822,0
17047,2006,473.80889707817846,18,3799,0
17047,2007,340.93889325990034,13,3813,0
17047,2008,477.32696897374706,18,3771,0
17049,2005,272.18570254724733,53,19472,0
17049,2006,354.8470043713037,69,19445,0
17049,2007,339.715873996294,66,19428,0
17049,2008,307.8659756785879,60,19489,0
17051,2005,369.17759798916035,47,12731,0
17051,2006,303.50194552529183,39,12850,0
17051,2007,328.99890333698886,42,12766,0
17051,2008,310.43849437330226,40,12885,0
17053,2005,487.1626069782752,37,7595,0
17053,2006,327.61106014939065,25,7631,0
17053,2007,386.79731820526047,30,7756,0
17053,2008,402.75431986488246,31,7697,0
17055,2005,515.6719429621991,115,22301,0
17055,2006,571.81148090239,128,22385,0
17055,2007,641.5720759118848,143,22289,0
17055,2008,548.536486668765,122,22241,0
17057,2005,443.61108570383243,97,21866,0
17057,2006,416.9721407624633,91,21824,0
17057,2007,334.66281575207444,73,21813,0
17057,2008,349.1203086958519,76,21769,0
17059,2005,582.5808330905913,20,3433,0
17059,2006,412.00706297822245,14,3398,0
17059,2007,544.2999697611128,18,3307,0
17059,2008,616.7129201356769,20,3243,0
17061,2005,470.87980173482026,38,8070,0
17061,2006,374.25149700598803,30,8016,0
17061,2007,376.88442211055275,30,7960,0
17061,2008,478.34843907351456,38,7944,0
17063,2005,246.95110368147107,65,26321,0
17063,2006,233.38479767333308,65,27851,0
17063,2007,279.17364600781684,80,28656,0
17063,2008,325.59893066456453,95,29177,0
17065,2005,427.35042735042737,20,4680,0
17065,2006,509.5541401273885,24,4710,0
17065,2007,536.2505362505362,25,4662,0
17065,2008,386.59793814432993,18,4656,0
17067,2005,350.1981384204221,38,10851,0
17067,2006,341.6120395162035,37,10831,0
17067,2007,427.78759415976936,46,10753,0
17067,2008,430.6309679835237,46,10682,0
17069,2005,685.1785070320952,19,2773,0
17069,2006,961.5384615384615,26,2704,0
17069,2007,537.2217958557176,14,2606,0
17069,2008,744.8059584476676,19,2551,0
17071,2005,419.6113074204947,19,4528,0
17071,2006,518.1347150259068,23,4439,0
17071,2007,526.5567765567766,23,4368,0
17071,2008,444.8606883633809,19,4271,0
17073,2005,274.2389002672961,79,28807,0
17073,2006,307.8645396025749,88,28584,0
17073,2007,373.746899996507,107,28629,0
17073,2008,343.859649122807,98,28500,0
17075,2005,411.37542478984085,69,16773,0
17075,2006,293.23758228605624,49,16710,0
17075,2007,477.27001551127546,80,16762,0
17075,2008,492.61083743842363,82,16646,0
17077,2005,258.1244676182855,100,38741,0
17077,2006,254.17201540436457,99,38950,0
17077,2007,323.1811365634211,125,38678,0
17077,2008,294.7488171264576,114,38677,0
17079,2005,375.67084078711986,21,5590,0
17079,2006,286.99551569506724,16,5575,0
17079,2007,341.29692832764505,19,5567,0
17079,2008,554.6609411343711,31,5589,0
17081,2005,337.4193823943963,79,23413,0
17081,2006,443.81854649426026,104,23433,0
17081,2007,442.15496887744155,103,23295,0
17081,2008,453.79894545768866,105,23138,0
17083,2005,344.29992348890585,45,13070,0
17083,2006,340.39334341906203,45,13220,0
17083,2007,270.10804321728693,36,13328,0
17083,2008,341.85493460166464,46,13456,0
17085,2005,318.2982687679528,41,12881,0
17085,2006,285.1198273869153,37,12977,0
17085,2007,334.24018655266224,43,12865,0
17085,2008,352.7198620473428,45,12758,0
17087,2005,344.74267421817285,28,8122,0
17087,2006,369.9593044765076,30,8109,0
17087,2007,477.8672032193159,38,7952,0
17087,2008,370.4176778643505,29,7829,0
17089,2005,235.09387798521354,663,282015,0
17089,2006,244.27672168112494,702,287379,0
17089,2007,216.2560416958021,634,293171,0
17089,2008,229.59989780619483,683,297474,0
17091,2005,408.1108004755937,254,62238,0
17091,2006,336.54605782904093,213,63290,0
17091,2007,383.6297274209831,247,64385,0
17091,2008,404.4784842053459,263,65022,0
17093,2005,223.32968010091193,108,48359,0
17093,2006,144.76883386848309,78,53879,0
17093,2007,195.4070981210856,117,59875,0
17093,2008,180.79518710743287,116,64161,0
17095,2005,377.4680603948897,117,30996,0
17095,2006,376.1348897535668,116,30840,0
17095,2007,433.49304129591604,133,30681,0
17095,2008,444.7933019361591,136,30576,0
17097,2005,235.98834637652868,955,404681,0
17097,2006,235.3142619522278,962,408815,0
17097,2007,222.3526517928248,913,410609,0
17097,2008,234.78444171458062,969,412719,0
17099,2005,426.3565891472868,275,64500,0
17099,2006,388.0130053370959,253,65204,0
17099,2007,362.39055957365815,238,65675,0
17099,2008,385.2278759384242,254,65935,0
17101,2005,387.1351995235259,39,10074,0
17101,2006,505.20059435364044,51,10095,0
17101,2007,375.90361445783134,39,10375,0
17101,2008,346.68721109399075,36,10384,0
17103,2005,363.43040543729643,77,21187,0
17103,2006,378.4516189319254,81,21403,0
17103,2007,374.6357707784099,81,21621,0
17103,2008,318.23632506226363,69,21682,0
17105,2005,370.2397743300423,84,22688,0
17105,2006,399.8418208181379,91,22759,0
17105,2007,410.55206149545774,94,22896,0
17105,2008,426.49490817303507,98,22978,0
17107,2005,317.7680831582916,59,18567,0
17107,2006,270.10966452379665,50,18511,0
17107,2007,356.91109669046074,66,18492,0
17107,2008,303.0631020673233,56,18478,0
17109,2005,193.2127817686401,39,20185,0
17109,2006,211.62458782420396,43,20319,0
17109,2007,250.14714537963508,51,20388,0
17109,2008,242.40625309191648,49,20214,0
17111,2005,225.0222471617156,397,176427,0
17111,2006,240.6151764973305,434,180371,0
17111,2007,220.0328407224959,402,182700,0
17111,2008,259.4280617406154,477,183866,0
17113,2005,208.71143375680577,207,99180,0
17113,2006,213.76614379731802,216,101045,0
17113,2007,209.04357679420932,214,102371,0
17113,2008,266.3567242965761,275,103245,0
17115,2005,371.8918246039897,239,64266,0
17115,2006,402.3078122563543,258,64130,0
17115,2007,357.6001748961554,229,64038,0
17115,2008,398.3316931440086,255,64017,0
17117,2005,420.7166690845786,116,27572,0
17117,2006,432.4285039427305,119,27519,0
17117,2007,344.5899379738112,95,27569,0
17117,2008,399.47704822777456,110,27536,0
17119,2005,365.3755883435038,576,157646,0
17119,2006,394.79722636088746,628,159069,0
17119,2007,383.34987856424857,614,160167,0
17119,2008,381.41103416522003,613,160719,0
17121,2005,497.6892996800568,112,22504,0
17121,2006,492.61083743842363,111,22533,0
17121,2007,472.28657993227586,106,22444,0
17121,2008,540.3956946987629,121,22391,0
17123,2005,399.22907488986783,29,7264,0
17123,2006,318.118948824343,23,7230,0
17123,2007,484.89886395123307,35,7218,0
17123,2008,337.98056611744823,24,7101,0
17125,2005,403.73745530049604,35,8669,0
17125,2006,470.0352526439483,40,8510,0
17125,2007,497.1590909090909,42,8448,0
17125,2008,510.7494951894524,43,8419,0
17127,2005,422.2780187171878,37,8762,0
17127,2006,458.9261128958238,40,8716,0
17127,2007,503.3748998970369,44,8741,0
17127,2008,437.989857076994,38,8676,0
17129,2005,352.4945770065076,26,7376,0
17129,2006,297.2972972972973,22,7400,0
17129,2007,281.0492505353319,21,7472,0
17129,2008,293.2160469145675,22,7503,0
17131,2005,259.7672485453034,25,9624,0
17131,2006,416.0599126274184,40,9614,0
17131,2007,366.9917164726853,35,9537,0
17131,2008,252.25982762245113,24,9514,0
17133,2005,236.41961733010777,43,18188,0
17133,2006,257.80117084698423,48,18619,0
17133,2007,227.41696636344403,43,18908,0
17133,2008,286.3241189025978,55,19209,0
17135,2005,473.9069111424542,84,17725,0
17135,2006,269.70837781648595,48,17797,0
17135,2007,348.7064116985377,62,17780,0
17135,2008,370.93238914179733,66,17793,0
17137,2005,348.5961937064255,74,21228,0
17137,2006,405.6221111215923,86,21202,0
17137,2007,406.52328054833373,86,21155,0
17137,2008,369.755866319033,78,21095,0
17139,2005,414.3126177024482,33,7965,0
17139,2006,238.7234577208192,19,7959,0
17139,2007,398.9030167040638,32,8022,0
17139,2008,322.3007313747366,26,8067,0
17141,2005,310.98024944585967,94,30227,0
17141,2006,330.2812295618051,101,30580,0
17141,2007,312.3678130999252,96,30733,0
17141,2008,260.12876373805034,80,30754,0
17143,2005,385.60052158524655,414,107365,0
17143,2006,392.3274083258538,424,108073,0
17143,2007,364.9365968740785,396,108512,0
17143,2008,378.1640182917292,411,108683,0
17145,2005,368.1614019586187,50,13581,0
17145,2006,308.5739475424289,42,13611,0
17145,2007,461.7075851960425,63,13645,0
17145,2008,458.8853526755977,62,13511,0
17147,2005,387.02928870292885,37,9560,0
17147,2006,229.14279762524737,22,9601,0
17147,2007,239.78315262718934,23,9592,0
17147,2008,321.3767364710761,31,9646,0
17149,2005,418.72450075155683,39,9314,0
17149,2006,391.2193001521408,36,9202,0
17149,2007,331.87024943796166,31,9341,0
17149,2008,368.0450313920762,34,9238,0
17151,2005,515.2596115735237,13,2523,0
17151,2006,217.15526601520088,5.49185667752443,2529,1
17151,2007,553.3596837944664,14,2530,0
17151,2008,518.9620758483034,13,2505,0
17153,2005,719.4244604316547,26,3614,0
17153,2006,559.753708368318,20,3573,0
17153,2007,991.7823746103712,35,3529,0
17153,2008,348.93864495492875,12,3439,0
17155,2005,427.96005706134093,15,3505,0
17155,2006,217.15526601520088,7.613463626492942,3506,1
17155,2007,310.64670996893534,11,3541,0
17155,2008,426.25745950554136,15,3519,0
17157,2005,364.4314868804665,75,20580,0
17157,2006,338.24595312877506,70,20695,0
17157,2007,342.84610555796996,71,20709,0
17157,2008,300.00967773153974,62,20666,0
17159,2005,429.37355499284376,39,9083,0
17159,2006,375.566110681542,34,9053,0
17159,2007,419.93590451983647,38,9049,0
17159,2008,445.0873483921219,40,8987,0
17161,2005,328.3085175252011,284,86504,0
17161,2006,338.52481745078103,293,86552,0
17161,2007,357.2205493410884,312,87341,0
17161,2008,388.3899157332594,336,86511,0
17163,2005,441.4996512744931,671,151982,0
17163,2006,453.8715045095792,701,154449,0
17163,2007,437.8148998089768,683,156002,0
17163,2008,422.51549435585474,664,157154,0
17165,2005,642.9277942631059,91,14154,0
17165,2006,600.579382463082,85,14153,0
17165,2007,566.6525003541578,80,14118,0
17165,2008,658.554044380816,92,13970,0
17167,2005,357.36900084137847,412,115287,0
17167,2006,357.4258449030213,415,116108,0
17167,2007,367.4955351009754,428,116464,0
17167,2008,356.7395544605277,417,116892,0
17169,2005,434.981684981685,19,4368,0
17169,2006,410.49030786773085,18,4385,0
17169,2007,385.4875283446712,17,4410,0
17169,2008,406.41228268232106,18,4429,0
17171,2005,267.2903441363181,8.232542599398597,3080,1
17171,2006,217.15526601520088,6.590662323561347,3035,1
17171,2007,394.86673247778873,12,3039,0
17171,2008,251.09170305676855,7.522707423580786,2996,1
17173,2005,296.8787611329535,37,12463,0
17173,2006,279.84328775885507,35,12507,0
17173,2007,240.86712163789645,30,12455,0
17173,2008,407.7064513550244,51,12509,0
17175,2005,511.7399157134257,17,3322,0
17175,2006,419.9160167966407,14,3334,0
17175,2007,266.9039145907473,9,3372,1
17175,2008,251.09170305676855,8.31113537117904,3310,1
17177,2005,398.3035220357736,108,27115,0
17177,2006,206.61157024793388,56,27104,0
17177,2007,297.16578136027636,80,26921,0
17177,2008,362.1429904797461,97,26785,0
17179,2005,354.75792988313856,272,76672,0
17179,2006,322.15911296269945,249,77291,0
17179,2007,353.66931918656053,276,78039,0
17179,2008,294.68044393417523,231,78390,0
17181,2005,374.8558246828143,39,10404,0
17181,2006,526.1647373959628,55,10453,0
17181,2007,441.5011037527594,46,10419,0
17181,2008,474.71420267390045,49,10322,0
17183,2005,473.3527746080047,224,47322,0
17183,2006,461.7665748782038,218,47210,0
17183,2007,503.44518633871616,236,46877,0
17183,2008,498.1213097155126,232,46575,0
17185,2005,352.95778624876465,25,7083,0
17185,2006,426.1363636363636,30,7040,0
17185,2007,231.0803004043905,16,6924,0
17185,2008,348.68516635188143,24,6883,0
17187,2005,362.9230014713095,37,10195,0
17187,2006,442.43437223478514,45,10171,0
17187,2007,376.0886777513856,38,10104,0
17187,2008,508.88046298144087,51,10022,0
17189,2005,456.0336763330215,39,8552,0
17189,2006,428.0425728829246,37,8644,0
17189,2007,326.98820506831714,28,8563,0
17189,2008,396.03960396039605,34,8585,0
17191,2005,414.18861512319455,39,9416,0
17191,2006,384.24591738712775,36,9369,0
17191,2007,445.5760661998727,42,9426,0
17191,2008,373.01502717680916,35,9383,0
17193,2005,521.388790141012,44,8439,0
17193,2006,359.84166966534724,30,8337,0
17193,2007,435.7825929064278,36,8261,0
17193,2008,470.9007486114465,39,8282,0
17195,2005,407.79610194902546,136,33350,0
17195,2006,393.2162689479214,131,33315,0
17195,2007,373.0669715386004,124,33238,0
17195,2008,425.2367452801737,141,33158,0
17197,2005,236.04558010679654,881,373233,0
17197,2006,236.14279389032305,912,386207,0
17197,2007,243.92973602681954,959,393146,0
17197,2008,247.6991250994205,981,396045,0
17199,2005,457.3008614272041,172,37612,0
17199,2006,434.1876743329299,165,38002,0
17199,2007,411.5011980414626,158,38396,0
17199,2008,481.77791592198304,186,38607,0
17201,2005,379.2982685241795,639,168469,0
17201,2006,349.40027436128923,596,170578,0
17201,2007,350.23030821423,606,173029,0
17201,2008,378.299322861486,657,173672,0
17203,2005,268.1350251376586,56,20885,0
17203,2006,241.78637462665338,51,21093,0
17203,2007,317.1493866890537,68,21441,0
17203,2008,254.38231349151286,55,21621,0
19001,2005,352.94117647058823,15,4250,0
19001,2006,402.55742363248874,17,4223,0
19001,2007,380.86169959533447,16,4201,0
19001,2008,313.1775475788967,13,4151,0
19003,2005,440.33465433729634,10,2271,0
19003,2006,212.31422505307856,4.8471337579617835,2283,1
19003,2007,253.613999492772,5.703778848592442,2249,1
19003,2008,491.29075480125056,11,2239,0
19005,2005,394.051099529681,31,7867,0
19005,2006,228.86204704386523,18,7865,0
19005,2007,319.40718027341256,25,7827,0
19005,2008,242.5944841675179,19,7832,0
19007,2005,527.4546929943197,39,7394,0
19007,2006,410.17227235438884,30,7314,0
19007,2007,612.1313299944352,44,7188,0
19007,2008,506.2579102798481,36,7111,0
19009,2005,339.9258343634116,11,3236,0
19009,2006,212.31422505307856,6.828025477707007,3216,1
19009,2007,501.25313283208015,16,3192,0
19009,2008,251.58498540807085,8.06329878232867,3205,1
19011,2005,284.26395939086296,42,14775,0
19011,2006,351.6602421045513,52,14787,0
19011,2007,250,37,14800,0
19011,2008,277.57091598402275,41,14771,0
19013,2005,255.9424588851409,195,76189,0
19013,2006,276.62156343376085,212,76639,0
19013,2007,275.9877628067435,212,76815,0
19013,2008,301.5774822146613,234,77592,0
19015,2005,276.4430987954979,42,15193,0
19015,2006,381.27793846962925,58,15212,0
19015,2007,355.0996251726179,54,15207,0
19015,2008,368.63932591666116,56,15191,0
19017,2005,222.76676319893073,30,13467,0
19017,2006,169.3293086946919,23,13583,0
19017,2007,205.3839947186973,28,13633,0
19017,2008,236.0578341693715,32,13556,0
19019,2005,373.0695818150269,43,11526,0
19019,2006,250.66989368138994,29,11569,0
19019,2007,301.69812947159727,35,11601,0
19019,2008,352.354761086284,41,11636,0
19021,2005,264.33324218393943,29,10971,0
19021,2006,199.8909685626022,22,11006,0
19021,2007,200.47384727537818,22,10974,0
19021,2008,244.41024712591656,27,11047,0
19023,2005,292.21965177158165,24,8213,0
19023,2006,230.07992249939454,19,8258,0
19023,2007,435.2557127312296,36,8271,0
19023,2008,413.22314049586777,34,8228,0
19025,2005,401.09389243391064,22,5485,0
19025,2006,495.68569854966034,27,5447,0
19025,2007,319.0690690690691,17,5328,0
19025,2008,266.6666666666667,14,5250,0
19027,2005,294.1438630894019,33,11219,0
19027,2006,178.38030681412772,20,11212,0
19027,2007,355.7769278662279,40,11243,0
19027,2008,285.0271666518215,32,11227,0
19029,2005,382.93938993793745,29,7573,0
19029,2006,422.3864836325237,32,7576,0
19029,2007,317.83869686134284,24,7551,0
19029,2008,424.1781548250265,32,7544,0
19031,2005,296.5088474414156,31,10455,0
19031,2006,219.11022196818138,23,10497,0
19031,2007,275.95394423827196,29,10509,0
19031,2008,333.555703802535,35,10493,0
19033,2005,316.70315921176103,81,25576,0
19033,2006,297.01422541816476,76,25588,0
19033,2007,356.5970453387672,91,25519,0
19033,2008,345.5452153767621,88,25467,0
19035,2005,195.22450818441206,13,6659,0
19035,2006,332.8290468986384,22,6610,0
19035,2007,381.1556639731666,25,6559,0
19035,2008,460.9002919035182,30,6509,0
19037,2005,248.21141772521537,17,6849,0
19037,2006,175.13134851138355,12,6852,0
19037,2007,293.040293040293,20,6825,0
19037,2008,249.92649220817407,17,6802,0
19039,2005,743.0582714118108,38,5114,0
19039,2006,393.77830281551485,20,5079,0
19039,2007,313.11154598825834,16,5110,0
19039,2008,348.56700232378006,18,5164,0
19041,2005,307.92100233595244,29,9418,0
19041,2006,233.12493377132563,22,9437,0
19041,2007,329.40176389331634,31,9411,0
19041,2008,353.1678082191781,33,9344,0
19043,2005,328.68525896414343,33,10040,0
19043,2006,247.86833234186003,25,10086,0
19043,2007,317.17712359996034,32,10089,0
19043,2008,357.9596301083822,36,10057,0
19045,2005,385.41146242238244,108,28022,0
19045,2006,324.3397369640375,91,28057,0
19045,2007,361.1915745806959,101,27963,0
19045,2008,404.5249516717978,113,27934,0
19047,2005,306.2117235345582,28,9144,0
19047,2006,273.4930532764468,25,9141,0
19047,2007,282.2711974812724,26,9211,0
19047,2008,339.0572022312151,31,9143,0
19049,2005,223.5094125794875,71,31766,0
19049,2006,225.79399269140498,76,33659,0
19049,2007,235.0276086648733,83,35315,0
19049,2008,191.13252752577597,71,37147,0
19051,2005,331.858407079646,15,4520,0
19051,2006,287.2293415819708,13,4526,0
19051,2007,288.3762200532387,13,4508,0
19051,2008,267.9169457468185,12,4479,0
19053,2005,342.0265070542967,16,4678,0
19053,2006,365.19871106337274,17,4655,0
19053,2007,345.6470079930871,16,4629,0
19053,2008,262.8120893561104,12,4566,0
19055,2005,242.4487321951712,24,9899,0
19055,2006,242.32633279483036,24,9904,0
19055,2007,191.12765315360627,19,9941,0
19055,2008,323.39565437089436,32,9895,0
19057,2005,381.19991336365604,88,23085,0
19057,2006,377.4076002082249,87,23052,0
19057,2007,386.20091126057713,89,23045,0
19057,2008,305.29024379606614,70,22929,0
19059,2005,190.94091439482338,18,9427,0
19059,2006,348.72661946528586,33,9463,0
19059,2007,295.7954785548278,28,9466,0
19059,2008,316.78986272439283,30,9470,0
19061,2005,273.42396118149964,142,51934,0
19061,2006,252.1152854441622,132,52357,0
19061,2007,260.741412538261,138,52926,0
19061,2008,306.9506430898443,163,53103,0
19063,2005,406.28864158275917,23,5661,0
19063,2006,374.13148049171565,21,5613,0
19063,2007,285.96961572832885,16,5595,0
19063,2008,265.86316908897555,15,5642,0
19065,2005,308.1136597055803,36,11684,0
19065,2006,397.44254363227924,46,11574,0
19065,2007,323.59629176141334,37,11434,0
19065,2008,325.1032422458484,37,11381,0
19067,2005,315.7776023457765,28,8867,0
19067,2006,269.4812485964518,24,8906,0
19067,2007,362.1958121109225,32,8835,0
19067,2008,319.926873857404,28,8752,0
19069,2005,255.3191489361702,15,5875,0
19069,2006,205.2334530528476,12,5847,0
19069,2007,322.5806451612903,19,5890,0
19069,2008,308.3775912283707,18,5837,0
19071,2005,434.67761410287375,18,4141,0
19071,2006,263.1578947368421,11,4180,0
19071,2007,263.1578947368421,11,4180,0
19071,2008,217.23388848660392,9,4143,1
19073,2005,249.85585239285027,13,5203,0
19073,2006,408.24261275272164,21,5144,0
19073,2007,273.33073018352206,14,5122,0
19073,2008,416.3362410785091,21,5044,0
19075,2005,235.08668821627978,16,6806,0
19075,2006,307.0175438596491,21,6840,0
19075,2007,368.62282512533176,25,6782,0
19075,2008,206.88636027781882,14,6767,0
19077,2005,486.61800486618006,30,6165,0
19077,2006,229.47057859367317,14,6101,0
19077,2007,425.4622811323842,26,6111,0
19077,2008,429.61004626569735,26,6052,0
19079,2005,321.57906409403415,29,9018,0
19079,2006,355.2792272676807,32,9007,0
19079,2007,259.3887447840307,23,8867,0
19079,2008,341.06412005457025,30,8796,0
19081,2005,263.1986375599938,17,6459,0
19081,2006,245.81348901520974,16,6509,0
19081,2007,294.3454686289698,19,6455,0
19081,2008,187.03241895261846,12,6416,0
19083,2005,345.9119496855346,33,9540,0
19083,2006,368.45983787767136,35,9499,0
19083,2007,392.7396242437108,37,9421,0
19083,2008,310.06094301293706,29,9353,0
19085,2005,460.77504725897916,39,8464,0
19085,2006,377.0028275212064,32,8488,0
19085,2007,449.59772834831995,38,8452,0
19085,2008,325.45805207328834,27,8296,0
19087,2005,259.89268947015427,31,11928,0
19087,2006,319.89224682212307,38,11879,0
19087,2007,269.06583704700245,32,11893,0
19087,2008,364.0057563701007,43,11813,0
19089,2005,213.3850630455868,11,5155,0
19089,2006,252.62339681305866,13,5146,0
19089,2007,290.8103916246607,15,5158,0
19089,2008,293.19781078967947,15,5116,0
19091,2005,298.6188876446435,16,5358,0
19091,2006,316.1614283057467,17,5377,0
19091,2007,319.2488262910798,17,5325,0
19091,2008,282.37951807228916,15,5312,0
19093,2005,335.8305347455438,13,3871,0
19093,2006,364.29872495446267,14,3843,0
19093,2007,286.90662493479397,11,3834,0
19093,2008,260.55237102657634,10,3838,0
19095,2005,309.22142462727777,28,9055,0
19095,2006,263.8232384302517,24,9097,0
19095,2007,320.6900364923145,29,9043,0
19095,2008,187.03927824843217,17,9089,0
19097,2005,367.4493636852483,41,11158,0
19097,2006,322.696306920043,36,11156,0
19097,2007,314.070351758794,35,11144,0
19097,2008,361.82722749886926,40,11055,0
19099,2005,281.44320383870075,61,21674,0
19099,2006,355.7732292196091,77,21643,0
19099,2007,250.22010101478153,54,21581,0
19099,2008,500.18525379770284,108,21592,0
19101,2005,303.0895580758702,31,10228,0
19101,2006,319.2106790481718,33,10338,0
19101,2007,302.2003966380206,32,10589,0
19101,2008,215.47685965898444,23,10674,0
19103,2005,138.40053863993415,111,80202,0
19103,2006,168.18070218512153,137,81460,0
19103,2007,159.56289437419917,132,82726,0
19103,2008,197.19648372535045,166,84180,0
19105,2005,291.3995504121222,35,12011,0
19105,2006,214.5214521452145,26,12120,0
19105,2007,262.8768586215395,32,12173,0
19105,2008,362.1995390187685,44,12148,0
19107,2005,375.81141100102496,22,5854,0
19107,2006,325.6212510711226,19,5835,0
19107,2007,189.42655415877388,11,5807,0
19107,2008,259.0226213089276,15,5791,0
19109,2005,244.61269656377402,21,8585,0
19109,2006,237.19165085388994,20,8432,0
19109,2007,261.74895895300415,22,8405,0
19109,2008,408.8504088504088,34,8316,0
19111,2005,422.52183820736803,89,21064,0
19111,2006,431.62737750794474,91,21083,0
19111,2007,465.38132776142083,98,21058,0
19111,2008,445.7438650306749,93,20864,0
19113,2005,266.72017792493375,319,119601,0
19113,2006,275.4137409125872,333,120909,0
19113,2007,246.78646433445283,302,122373,0
19113,2008,249.51147429789572,309,123842,0
19115,2005,271.985494106981,18,6618,0
19115,2006,348.32651824928064,23,6603,0
19115,2007,271.7801600483165,18,6623,0
19115,2008,407.11700844390833,27,6632,0
19117,2005,496.72163719451623,25,5033,0
19117,2006,341.2284223203533,17,4982,0
19117,2007,343.4343434343434,17,4950,0
19117,2008,269.54177897574124,13,4823,0
19119,2005,262.72577996715927,16,6090,0
19119,2006,362.91652919828437,22,6062,0
19119,2007,198.28155981493722,12,6052,0
19119,2008,262.4671916010499,16,6096,0
19121,2005,306.9295242592374,26,8471,0
19121,2006,254.98377375985166,22,8628,0
19121,2007,402.5301897642324,35,8695,0
19121,2008,297.34675205855444,26,8744,0
19123,2005,388.4880678664869,49,12613,0
19123,2006,349.261787585331,44,12598,0
19123,2007,347.3867045633981,44,12666,0
19123,2008,275.46041240358886,35,12706,0
19125,2005,353.14571335434096,65,18406,0
19125,2006,277.3185430110394,52,18751,0
19125,2007,283.9691384483498,53,18664,0
19125,2008,363.9477627916934,68,18684,0
19127,2005,344.65780403741996,77,22341,0
19127,2006,413.92963196256636,92,22226,0
19127,2007,354.06955898171384,79,22312,0
19127,2008,398.19247460963715,89,22351,0
19129,2005,395.882818685669,35,8841,0
19129,2006,535.2960856473737,48,8967,0
19129,2007,476.4542936288089,43,9025,0
19129,2008,447.97849703214246,40,8929,0
19131,2005,346.65207079000186,19,5481,0
19131,2006,199.3114694691067,11,5519,0
19131,2007,181.32366273798732,10,5515,0
19131,2008,271.3458755426917,15,5528,0
19133,2005,319.36127744510975,16,5010,0
19133,2006,425.44570502431117,21,4936,0
19133,2007,630.3375355835706,31,4918,0
19133,2008,351.38486978090117,17,4838,0
19135,2005,321.9871205151794,14,4348,0
19135,2006,414.4600506562284,18,4343,0
19135,2007,277.4566473988439,12,4325,0
19135,2008,320.43945983062486,14,4369,0
19137,2005,282.15767634854774,17,6025,0
19137,2006,333.16674995835416,20,6003,0
19137,2007,406.9175991861648,24,5898,0
19137,2008,551.0590666437058,32,5807,0
19139,2005,337.04632331785115,82,24329,0
19139,2006,302.41111565181853,74,24470,0
19139,2007,281.34556574923545,69,24525,0
19139,2008,392.60592180598724,96,24452,0
19141,2005,340.7601572739187,26,7630,0
19141,2006,339.5585738539898,26,7657,0
19141,2007,327.3108143493061,25,7638,0
19141,2008,499.47423764458466,38,7608,0
19143,2005,418.0602006688963,15,3588,0
19143,2006,305.1317614424411,11,3605,0
19143,2007,253.0933633295838,9,3556,1
19143,2008,334.82142857142856,12,3584,0
19145,2005,387.12531799579693,35,9041,0
19145,2006,329.7428006155199,30,9098,0
19145,2007,419.24095322153573,38,9064,0
19145,2008,435.99776411403013,39,8945,0
19147,2005,216.2799842705466,11,5086,0
19147,2006,315.3330705557745,16,5074,0
19147,2007,332.81127642913077,17,5108,0
19147,2008,454.81510777140596,23,5057,0
19149,2005,254.71217524197655,35,13741,0
19149,2006,291.24799767001605,40,13734,0
19149,2007,269.44363530439847,37,13732,0
19149,2008,283.40963592762154,39,13761,0
19151,2005,346.8780971258672,14,4036,0
19151,2006,617.7415369409439,25,4047,0
19151,2007,521.8687872763419,21,4024,0
19151,2008,324.5132301547678,13,4006,0
19153,2005,297.8772156663775,728,244396,0
19153,2006,270.22462421888196,672,248682,0
19153,2007,307.6253929341057,778,252905,0
19153,2008,303.3114751541898,778,256502,0
19155,2005,357.01467727006553,189,52939,0
19155,2006,360.08326925601546,192,53321,0
19155,2007,372.28967504162534,199,53453,0
19155,2008,383.9272401968093,206,53656,0
19157,2005,254.54888281323656,27,10607,0
19157,2006,215.0939867202843,23,10693,0
19157,2007,270.3206562266965,29,10728,0
19157,2008,282.2732404968009,30,10628,0
19159,2005,230.12752900565732,6.123693546840541,2661,1
19159,2006,417.7744018230156,11,2633,0
19159,2007,253.61399949277202,6.6548313466903375,2624,1
19159,2008,251.58498540807085,6.513535272214955,2589,1
19161,2005,303.40888809566303,17,5603,0
19161,2006,178.34849295523455,10,5607,0
19161,2007,288.08066258552395,16,5554,0
19161,2008,433.76106994397253,24,5533,0
19163,2005,292.0634920634921,276,94500,0
19163,2006,344.93637606478075,328,95090,0
19163,2007,302.6019580126695,289,95505,0
19163,2008,318.65314553210925,307,96343,0
19165,2005,288.7537993920973,19,6580,0
19165,2006,167.42770167427702,11,6570,0
19165,2007,226.4834667069304,15,6623,0
19165,2008,413.03350160624143,27,6537,0
19167,2005,148.41029739140362,26,17519,0
19167,2006,169.1665726852374,30,17734,0
19167,2007,230.63509028519996,41,17777,0
19167,2008,167.42940060274586,30,17918,0
19169,2005,156.8832527127729,84,53543,0
19169,2006,168.3193677046361,92,54658,0
19169,2007,161.56828953037484,90,55704,0
19169,2008,185.97566375599993,105,56459,0
19171,2005,289.01734104046244,28,9688,0
19171,2006,369.6478077831399,36,9739,0
19171,2007,319.7854342892511,31,9694,0
19171,2008,217.66169154228857,21,9648,0
19173,2005,230.12752900565732,7.94400230127529,3452,1
19173,2006,212.31422505307856,7.32484076433121,3450,1
19173,2007,253.61399949277202,8.622875982754248,3400,1
19173,2008,418.66028708133973,14,3344,0
19175,2005,220.7505518763797,15,6795,0
19175,2006,319.442427762451,22,6887,0
19175,2007,449.79686593151484,31,6892,0
19175,2008,462.0938628158845,32,6925,0
19177,2005,338.49129593810443,14,4136,0
19177,2006,479.96160307175427,20,4167,0
19177,2007,430.5190145898111,18,4181,0
19177,2008,435.20309477756285,18,4136,0
19179,2005,394.1605839416058,81,20550,0
19179,2006,447.84111376137855,92,20543,0
19179,2007,417.8957718780727,85,20340,0
19179,2008,353.7562030167543,72,20353,0
19181,2005,246.32499006754074,62,25170,0
19181,2006,246.23803009575923,63,25585,0
19181,2007,265.7935285053929,69,25960,0
19181,2008,311.68041354669504,82,26309,0
19183,2005,249.6126699948356,29,11618,0
19183,2006,306.53950953678475,36,11744,0
19183,2007,227.5792312879299,27,11864,0
19183,2008,327.538422776518,39,11907,0
19185,2005,298.06259314456037,10,3355,0
19185,2006,446.82752457551385,15,3357,0
19185,2007,305.25030525030525,10,3276,0
19185,2008,363.6363636363636,12,3300,0
19187,2005,362.41857051105603,79,21798,0
19187,2006,388.41162493145674,85,21884,0
19187,2007,428.4216763137505,94,21941,0
19187,2008,442.2156371096421,97,21935,0
19189,2005,304.73135525260625,19,6235,0
19189,2006,374.5928338762215,23,6140,0
19189,2007,293.87755102040813,18,6125,0
19189,2008,277.460421086992,17,6127,0
19191,2005,193.05019305019306,23,11914,0
19191,2006,184.87394957983193,22,11900,0
19191,2007,192.51694986189,23,11947,0
19191,2008,227.04339051463168,27,11892,0
19193,2005,310.04511330581244,178,57411,0
19193,2006,338.75338753387535,195,57564,0
19193,2007,319.5443020388316,184,57582,0
19193,2008,331.0454797559623,191,57696,0
19195,2005,208.52641334569046,9,4316,1
19195,2006,302.39590602465694,13,4299,0
19195,2007,300.36968576709796,13,4328,0
19195,2008,324.22417786012045,14,4318,0
19197,2005,425.298394841542,31,7289,0
19197,2006,333.425951653237,24,7198,0
19197,2007,405.9918801623968,29,7143,0
19197,2008,364.86107213022734,26,7126,0
20001,2005,527.0786664909738,40,7589,0
20001,2006,544.4887118193891,41,7530,0
20001,2007,443.608011829547,33,7439,0
20001,2008,572.6752113444232,42,7334,0
20003,2005,617.1374317588417,26,4213,0
20003,2006,262.5298329355609,11,4190,0
20003,2007,286.0548271752086,12,4195,0
20003,2008,378.3400331047529,16,4229,0
20005,2005,410.94408997512704,38,9247,0
20005,2006,385.1915257864327,36,9346,0
20005,2007,364.33776253750534,34,9332,0
20005,2008,364.0256959314775,34,9340,0
20007,2005,289.42908987298114,7.562782118380997,2613,1
20007,2006,335.69563595673253,9,2681,1
20007,2007,560.9573672400898,15,2674,0
20007,2008,452.14770158251696,12,2654,0
20009,2005,259.0501494520093,39,15055,0
20009,2006,351.7854772335059,53,15066,0
20009,2007,331.4111486710413,50,15087,0
20009,2008,403.78632422056,61,15107,0
20011,2005,556.9306930693069,45,8080,0
20011,2006,596.7180507210343,48,8044,0
20011,2007,348.7358326068004,28,8029,0
20011,2008,473.5202492211838,38,8025,0
20013,2005,552.3844595838704,30,5431,0
20013,2006,537.9335930254127,29,5391,0
20013,2007,405.3805048829924,22,5427,0
20013,2008,500.27793218454696,27,5397,0
20015,2005,339.23014382236676,121,35669,0
20015,2006,298.07904614705234,108,36232,0
20015,2007,354.9100439542439,130,36629,0
20015,2008,361.38079827400213,134,37080,0
20017,2005,289.42908987298114,4.651125474258807,1607,1
20017,2006,807.9552517091362,13,1609,0
20017,2007,347.6756333246278,5.444600417863672,1566,1
20017,2008,334.167352353445,5.142835552719518,1539,1
20019,2005,535.5404089581305,11,2054,0
20019,2006,336.58964243221243,6.721695159371282,1997,1
20019,2007,347.6756333246278,6.7970586314964745,1955,1
20019,2008,926.4024704065878,18,1943,0
20021,2005,709.7919019196645,88,12398,0
20021,2006,529.7800610049767,66,12458,0
20021,2007,603.330383718124,75,12431,0
20021,2008,559.8377281947262,69,12325,0
20023,2005,289.42908987298114,4.089633039905223,1413,1
20023,2006,336.58964243221243,4.7627434404158056,1415,1
20023,2007,347.6756333246278,4.891796160877513,1407,1
20023,2008,334.167352353445,4.638242850665816,1388,1
20025,2005,289.42908987298114,3.267654424665957,1129,1
20025,2006,336.58964243221243,3.6553635168138268,1086,1
20025,2007,347.6756333246278,3.7514200835727345,1079,1
20025,2008,334.1673523534449,3.6925492435055665,1105,1
20027,2005,287.6106194690265,13,4520,0
20027,2006,286.7225408028231,13,4534,0
20027,2007,457.9153946794592,21,4586,0
20027,2008,365.8274155369055,17,4647,0
20029,2005,316.39311844967375,16,5057,0
20029,2006,543.8066465256798,27,4965,0
20029,2007,484.94645382905634,24,4949,0
20029,2008,380.8378432551614,19,4989,0
20031,2005,430.5043050430504,21,4878,0
20031,2006,369.4581280788177,18,4872,0
20031,2007,291.72744321733694,14,4799,0
20031,2008,291.90992493744784,14,4796,0
20033,2005,289.4290898729811,2.8248279171602957,976,1
20033,2006,336.58964243221243,3.1269177781952533,929,1
20033,2007,347.6756333246278,3.3237790545834422,956,1
20033,2008,334.167352353445,3.3650652381991906,1007,1
20035,2005,460.55266319583495,92,19976,0
20035,2006,443.868136252556,89,20051,0
20035,2007,399.84203771349587,81,20258,0
20035,2008,406.96249080657026,83,20395,0
20037,2005,357.3607600453238,82,22946,0
20037,2006,333.17467872441694,77,23111,0
20037,2007,496.09594064104226,115,23181,0
20037,2008,368.07690642185946,85,23093,0
20039,2005,289.42908987298114,4.552719583701993,1573,1
20039,2006,336.58964243221243,5.324848143277601,1582,1
20039,2007,347.6756333246278,5.364635022199008,1543,1
20039,2008,334.167352353445,5.2130106967137415,1560,1
20041,2005,525.7623554153523,55,10461,0
20041,2006,189.50161076369147,20,10554,0
20041,2007,264.7754137115839,28,10575,0
20041,2008,414.5173176123802,45,10856,0
20043,2005,412.4656278643446,18,4364,0
20043,2006,363.38859868271635,16,4403,0
20043,2007,202.47469066366702,9,4445,1
20043,2008,290.3081732916481,13,4478,0
20045,2005,191.4578145018498,133,69467,0
20045,2006,195.62813642936123,138,70542,0
20045,2007,187.70199133465994,133,70857,0
20045,2008,173.7887345657384,124,71351,0
20047,2005,289.42908987298114,4.983968927612735,1722,1
20047,2006,336.58964243221243,5.661437785709813,1682,1
20047,2007,347.6756333246278,5.87571820318621,1690,1
20047,2008,334.167352353445,5.603986498967272,1677,1
20049,2005,820.7070707070708,13,1584,0
20049,2006,696.2025316455696,11,1580,0
20049,2007,347.6756333246278,5.475891224862888,1575,1
20049,2008,334.1673523534449,5.259794126043223,1574,1
20051,2005,223.3894825816579,37,16563,0
20051,2006,184.07457989430554,31,16841,0
20051,2007,295.40352120997284,50,16926,0
20051,2008,250.14543339150669,43,17190,0
20053,2005,290.6208718626156,11,3785,0
20053,2006,365.7262277951933,14,3828,0
20053,2007,257.53283543651816,10,3883,0
20053,2008,283.43210512754445,11,3881,0
20055,2005,252.9551977428613,52,20557,0
20055,2006,299.43059100726487,61,20372,0
20055,2007,284.28927680798006,57,20050,0
20055,2008,285.7142857142857,57,19950,0
20057,2005,278.1176994103905,50,17978,0
20057,2006,246.6920834267773,44,17836,0
20057,2007,245.61795243943286,44,17914,0
20057,2008,245.45353118375544,44,17926,0
20059,2005,256.46357524086784,37,14427,0
20059,2006,377.0480564886543,55,14587,0
20059,2007,366.8727495074393,54,14719,0
20059,2008,358.5441753483967,53,14782,0
20061,2005,367.8102606379606,58,15769,0
20061,2006,313.5567168767292,51,16265,0
20061,2007,362.6974857072601,59,16267,0
20061,2008,327.27683105744273,58,17722,0
20063,2005,289.42908987298114,4.205404675854416,1453,1
20063,2006,336.58964243221243,4.863720333145469,1445,1
20063,2007,347.6756333246278,4.902226429877253,1410,1
20063,2008,334.167352353445,4.578092727242196,1370,1
20065,2005,289.4290898729811,4.167778894170928,1440,1
20065,2006,336.58964243221243,4.8065000939319935,1428,1
20065,2007,347.6756333246279,4.850075084878559,1395,1
20065,2008,334.1673523534449,4.718443015230642,1412,1
20067,2005,212.31422505307856,9,4239,1
20067,2006,234.46658851113713,10,4265,0
20067,2007,255.93299208934388,11,4298,0
20067,2008,212.0640904806786,9,4244,1
20069,2005,347.66118836915297,11,3164,0
20069,2006,316.4556962025316,10,3160,0
20069,2007,451.4672686230248,14,3101,0
20069,2008,351.88739603326934,11,3126,0
20071,2005,289.42908987298114,1.9970607201235697,690,1
20071,2006,336.58964243221243,2.352761600601165,699,1
20071,2007,347.6756333246278,2.4302526769391486,699,1
20071,2008,334.167352353445,2.349196487044718,703,1
20073,2005,624.5120999219359,24,3843,0
20073,2006,536.480686695279,20,3728,0
20073,2007,452.8502930207778,17,3754,0
20073,2008,568.6433793663688,21,3693,0
20075,2005,289.42908987298114,3.9304470404750838,1358,1
20075,2006,336.58964243221243,4.5877168263510555,1363,1
20075,2007,347.6756333246278,4.874412379211282,1402,1
20075,2008,334.1673523534449,4.721784688754177,1413,1
20077,2005,599.1800693787449,19,3171,0
20077,2006,599.7474747474747,19,3168,0
20077,2007,348.4320557491289,11,3157,0
20077,2008,535.0960025180989,17,3177,0
20079,2005,300.62858704564087,55,18295,0
20079,2006,382.01266099105,70,18324,0
20079,2007,358.9492576276717,66,18387,0
20079,2008,334.4301202869626,62,18539,0
20081,2005,289.4290898729811,6.680023394268404,2308,1
20081,2006,520.1560468140442,12,2307,0
20081,2007,347.6756333246278,8.010446591799425,2304,1
20081,2008,334.167352353445,7.74265755402932,2317,1
20083,2005,289.4290898729811,3.06215977085614,1058,1
20083,2006,336.58964243221243,3.527459452689586,1048,1
20083,2007,347.6756333246278,3.535861190911465,1017,1
20083,2008,334.1673523534449,3.4085069940051382,1020,1
20085,2005,338.0662609871535,25,7395,0
20085,2006,414.88222698072803,31,7472,0
20085,2007,321.9315895372233,24,7455,0
20085,2008,554.8037889039242,41,7390,0
20087,2005,342.99124469717486,38,11079,0
20087,2006,425.9947430435965,47,11033,0
20087,2007,416.93102510649874,46,11033,0
20087,2008,335.60090702947844,37,11025,0
20089,2005,289.42908987298114,4.917400236941949,1699,1
20089,2006,336.58964243221243,5.624412925042269,1671,1
20089,2007,347.6756333246278,5.774892269522068,1661,1
20089,2008,334.1673523534449,5.52044466087891,1652,1
20091,2005,206.97015801749836,638,308257,0
20091,2006,206.52622883106153,650,314730,0
20091,2007,198.54545909338202,635,319826,0
20091,2008,212.8164142744069,691,324693,0
20093,2005,289.42908987298114,6.387700013496693,2207,1
20093,2006,336.58964243221243,7.233311415868244,2149,1
20093,2007,347.6756333246278,7.349862888482632,2114,1
20093,2008,334.167352353445,6.994122684757603,2093,1
20095,2005,209.7902097902098,9,4290,1
20095,2006,211.21802393804273,9,4261,1
20095,2007,427.8583313525077,18,4207,0
20095,2008,312.2748018256065,13,4163,0
20097,2005,289.42908987298114,4.6742798014486455,1615,1
20097,2006,336.58964243221243,5.402263761037009,1605,1
20097,2007,347.6756333246278,5.573240402193784,1603,1
20097,2008,334.167352353445,4.397642356971335,1316,1
20099,2005,485.5167873601053,59,12152,0
20099,2006,507.28195058091967,62,12222,0
20099,2007,508.94762764734855,62,12182,0
20099,2008,451.37464095199016,55,12185,0
20101,2005,289.42908987298114,2.8450879534514044,983,1
20101,2006,336.58964243221243,3.170674431711441,942,1
20101,2007,347.6756333246278,3.2577206842517628,937,1
20101,2008,334.167352353445,3.1244647445047105,935,1
20103,2005,283.06159420289856,125,44160,0
20103,2006,304.7491936380825,137,44955,0
20103,2007,276.7649255370558,126,45526,0
20103,2008,303.6876355748373,140,46100,0
20105,2005,289.42908987298114,5.264715144789527,1819,1
20105,2006,336.58964243221243,6.001393324566347,1783,1
20105,2007,783.8745800671893,14,1786,0
20105,2008,334.1673523534449,5.991620627697268,1793,1
20107,2005,250.4024324807727,14,5591,0
20107,2006,501.70220390611,28,5581,0
20107,2007,438.35616438356163,24,5475,0
20107,2008,500.27793218454696,27,5397,0
20109,2005,289.42908987298114,4.387745002474394,1516,1
20109,2006,336.58964243221243,5.001722086542676,1486,1
20109,2007,347.6756333246278,5.1873204492034475,1492,1
20109,2008,334.1673523534449,4.959043508925123,1484,1
20111,2005,340.8029878618114,73,21420,0
20111,2006,266.7789946644201,57,21366,0
20111,2007,341.32884462523964,73,21387,0
20111,2008,194.80210956430844,41,21047,0
20113,2005,315.45741324921136,51,16167,0
20113,2006,378.8584559965219,61,16101,0
20113,2007,308.96619909781873,50,16183,0
20113,2008,291.9435989813032,47,16099,0
20115,2005,279.08343125734433,19,6808,0
20115,2006,339.4833948339483,23,6775,0
20115,2007,402.80471430702676,27,6703,0
20115,2008,253.80710659898475,17,6698,0
20117,2005,365.0301149844862,20,5479,0
20117,2006,309.6539162112933,17,5490,0
20117,2007,310.5590062111801,17,5474,0
20117,2008,328.34731849689894,18,5482,0
20119,2005,289.42908987298114,6.685811976065864,2310,1
20119,2006,336.58964243221243,7.808879704427328,2320,1
20119,2007,573.1922398589065,13,2268,0
20119,2008,434.97172683775557,10,2299,0
20121,2005,310.3312080347571,55,17723,0
20121,2006,392.8729526339088,71,18072,0
20121,2007,306.43513789581203,57,18601,0
20121,2008,316.04885365331046,59,18668,0
20123,2005,325.25133057362507,11,3382,0
20123,2006,385.7566765578635,13,3370,0
20123,2007,503.1074282332051,17,3379,0
20123,2008,444.5761707172495,15,3374,0
20125,2005,495.9446195174872,96,19357,0
20125,2006,506.86053655539627,99,19532,0
20125,2007,508.130081300813,100,19680,0
20125,2008,576.4717885930007,113,19602,0
20127,2005,442.1983575489577,14,3166,0
20127,2006,443.74009508716324,14,3155,0
20127,2007,378.54889589905366,12,3170,0
20127,2008,466.8534080298786,15,3213,0
20129,2005,289.4290898729811,5.137366345245415,1775,1
20129,2006,336.58964243221243,5.977832049596093,1776,1
20129,2007,347.6756333246279,6.004358187516323,1727,1
20129,2008,334.167352353445,5.740995113432184,1718,1
20131,2005,268.5593708037598,14,5213,0
20131,2006,382.7751196172249,20,5225,0
20131,2007,341.6856492027335,18,5268,0
20131,2008,359.0325018896447,19,5292,0
20133,2005,363.87694343367514,33,9069,0
20133,2006,478.0433574207894,43,8995,0
20133,2007,431.32050431320505,39,9042,0
20133,2008,474.77089543999114,43,9057,0
20135,2005,289.42908987298114,4.7929457282965675,1656,1
20135,2006,336.58964243221243,5.472947585947773,1626,1
20135,2007,347.6756333246278,5.687973361190911,1636,1
20135,2008,334.1673523534449,5.350019311178653,1601,1
20137,2005,265.87887740029544,9,3385,1
20137,2006,264.70588235294116,9,3400,1
20137,2007,265.80035440047254,9,3386,1
20137,2008,644.0281030444966,22,3416,0
20139,2005,429.7378599054577,40,9308,0
20139,2006,398.6209868562809,37,9282,0
20139,2007,400.6930907515703,37,9234,0
20139,2008,347.82608695652175,32,9200,0
20141,2005,289.42908987298114,5.8696219426240575,2028,1
20141,2006,336.58964243221243,6.849599223495523,2035,1
20141,2007,542.4063116370809,11,2028,0
20141,2008,334.167352353445,6.636563617739417,1986,1
20143,2005,626.491646778043,21,3352,0
20143,2006,297.000297000297,10,3367,0
20143,2007,296.2085308056872,10,3376,0
20143,2008,325.34753031647443,11,3381,0
20145,2005,331.12582781456956,13,3926,0
20145,2006,409.8360655737705,16,3904,0
20145,2007,355.7814485387548,14,3935,0
20145,2008,354.0718259989884,14,3954,0
20147,2005,411.80507892930683,12,2914,0
20147,2006,308.3247687564234,9,2919,1
20147,2007,509.5108695652174,15,2944,0
20147,2008,474.89823609226596,14,2948,0
20149,2005,320.63026749725174,35,10916,0
20149,2006,316.05562579013906,35,11074,0
20149,2007,184.38844499078058,21,11389,0
20149,2008,292.80055115397863,34,11612,0
20151,2005,287.411381490707,15,5219,0
20151,2006,323.99466361730515,17,5247,0
20151,2007,417.9331306990881,22,5264,0
20151,2008,358.0851865812288,19,5306,0
20153,2005,289.42908987298114,3.959389949462382,1368,1
20153,2006,336.58964243221243,4.574253240653767,1359,1
20153,2007,347.6756333246278,4.7562026638809085,1368,1
20153,2008,334.167352353445,4.504575909724438,1348,1
20155,2005,407.71349862258955,148,36300,0
20155,2006,382.3302893607658,139,36356,0
20155,2007,375.80480256431514,136,36189,0
20155,2008,395.3006219765031,143,36175,0
20157,2005,289.4290898729811,7.7161795360136765,2666,1
20157,2006,336.58964243221243,8.882600663786086,2639,1
20157,2007,340.6510219530659,9,2642,1
20157,2008,334.1673523534449,8.708401202330775,2606,1
20159,2005,377.35849056603774,21,5565,0
20159,2006,471.441523118767,26,5515,0
20159,2007,367.37692872887584,20,5444,0
20159,2008,438.0361379813835,24,5479,0
20161,2005,136.03208480896873,58,42637,0
20161,2006,128.1676522834079,57,44473,0
20161,2007,109.84330516263533,49,44609,0
20161,2008,138.91903624918604,64,46070,0
20163,2005,424.3281471004243,12,2828,0
20163,2006,421.6444132115249,12,2846,0
20163,2007,315.3468815697267,9,2854,1
20163,2008,349.7726477789437,10,2859,0
20165,2005,289.4290898729811,5.160520672435253,1783,1
20165,2006,336.58964243221243,5.876855156866429,1746,1
20165,2007,347.6756333246278,6.09127709584748,1752,1
20165,2008,668.8963210702341,12,1794,0
20167,2005,646.551724137931,24,3712,0
20167,2006,537.0569280343716,20,3724,0
20167,2007,397.87798408488067,15,3770,0
20167,2008,350.1211957985456,13,3713,0
20169,2005,333.4603658536585,105,31488,0
20169,2006,388.65015166835184,123,31648,0
20169,2007,370.77769049489393,118,31825,0
20169,2008,383.57542602024773,122,31806,0
20171,2005,289.42908987298114,7.721968117811136,2668,1
20171,2006,336.58964243221243,8.825380424572609,2622,1
20171,2007,346.28703347441325,9,2599,1
20171,2008,459.2422502870264,12,2613,0
20173,2005,392.4893472397839,1074,273638,0
20173,2006,366.3215184117165,1015,277079,0
20173,2007,366.2638594742743,1029,280945,0
20173,2008,357.2254092332262,1020,285534,0
20175,2005,313.404050144648,39,12444,0
20175,2006,289.738430583501,36,12425,0
20175,2007,247.96032634778436,31,12502,0
20175,2008,279.41880887753473,35,12526,0
20177,2005,330.9589907232689,335,101221,0
20177,2006,391.7218087926329,399,101858,0
20177,2007,395.615988746923,405,102372,0
20177,2008,406.34994701896625,418,102867,0
20179,2005,289.42908987298114,4.014381476538248,1387,1
20179,2006,336.58964243221243,4.681961926232074,1391,1
20179,2007,347.6756333246279,4.801400496213111,1381,1
20179,2008,334.1673523534449,4.661634565330557,1395,1
20181,2005,415.67695961995247,14,3368,0
20181,2006,364.29872495446267,12,3294,0
20181,2007,576.2814680012133,19,3297,0
20181,2008,272.4795640326975,9,3303,1
20183,2005,574.1626794258373,12,2090,0
20183,2006,336.58964243221243,6.883258187738744,2045,1
20183,2007,347.6756333246278,7.047385087490206,2027,1
20183,2008,334.1673523534449,6.6833470470688985,2000,1
20185,2005,456.62100456621005,11,2409,0
20185,2006,460.44370029300967,11,2389,0
20185,2007,543.2511491851233,13,2393,0
20185,2008,422.11903756859436,10,2369,0
20187,2005,289.42908987298114,3.4586776239821244,1195,1
20187,2006,336.58964243221243,4.045807502035193,1202,1
20187,2007,347.6756333246279,4.095618960564116,1178,1
20187,2008,334.167352353445,3.923124716629444,1174,1
20189,2005,403.7685060565276,12,2972,0
20189,2006,343.17089910775564,10,2914,0
20189,2007,314.4654088050315,9,2862,1
20189,2008,346.1405330564209,10,2889,0
20191,2005,292.141396435875,40,13692,0
20191,2006,499.3757802746567,68,13617,0
20191,2007,456.31853978067267,62,13587,0
20191,2008,403.55125100887807,55,13629,0
20193,2005,610.7587502936341,26,4257,0
20193,2006,308.05687203791473,13,4220,0
20193,2007,400.75436115040077,17,4242,0
20193,2008,212.36432279377067,9,4238,1
20195,2005,289.42908987298114,4.685856965043564,1619,1
20195,2006,336.58964243221243,5.422459139582942,1611,1
20195,2007,347.6756333246278,5.61496147819274,1615,1
20195,2008,334.167352353445,5.40014441403167,1616,1
20197,2005,329.9492385786802,13,3940,0
20197,2006,585.6888209829386,23,3927,0
20197,2007,302.2670025188917,12,3970,0
20197,2008,272.6822012890431,11,4034,0
20199,2005,289.42908987298114,2.2604411919079825,781,1
20199,2006,336.58964243221243,2.692717139457699,800,1
20199,2007,347.6756333246278,2.663195351266649,766,1
20199,2008,334.1673523534449,2.462813386844889,737,1
20201,2005,289.42908987298114,8.908627386290359,3078,1
20201,2006,490.19607843137254,15,3060,0
20201,2007,394.9967083607637,12,3038,0
20201,2008,298.2107355864811,9,3018,1
20203,2005,289.4290898729811,3.693115186779239,1276,1
20203,2006,336.58964243221243,4.200638737554011,1248,1
20203,2007,347.6756333246279,4.245119482893706,1221,1
20203,2008,334.167352353445,4.04008328995315,1209,1
20205,2005,489.3657067570111,26,5313,0
20205,2006,416.6666666666667,22,5280,0
20205,2007,661.1258027956177,35,5294,0
20205,2008,441.7130785481083,23,5207,0
20207,2005,629.9212598425197,12,1905,0
20207,2006,336.58964243221243,6.344714759847204,1885,1
20207,2007,693.3333333333333,13,1875,0
20207,2008,798.7220447284345,15,1878,0
20209,2005,497.8338103776632,447,89789,0
20209,2006,491.0147638452802,441,89814,0
20209,2007,439.214294428855,396,90161,0
20209,2008,506.463491501808,458,90431,0
21001,2005,367.6124045621642,39,10609,0
21001,2006,402.207464222243,43,10691,0
21001,2007,315.51596139569415,34,10776,0
21001,2008,446.0137520906894,48,10762,0
21003,2005,514.7191620010835,57,11074,0
21003,2006,374.0981562305157,42,11227,0
21003,2007,429.3349688951196,49,11413,0
21003,2008,442.82365199270646,51,11517,0
21005,2005,288.5408079142622,35,12130,0
21005,2006,435.02779344235887,54,12413,0
21005,2007,386.9541182974019,49,12663,0
21005,2008,354.55404979514657,45,12692,0
21007,2005,599.6691480562448,29,4836,0
21007,2006,623.8303181534623,30,4809,0
21007,2007,393.7007874015748,19,4826,0
21007,2008,394.0273745333886,19,4822,0
21009,2005,387.286886971164,92,23755,0
21009,2006,363.42370190901875,87,23939,0
21009,2007,441.09159864786875,107,24258,0
21009,2008,447.5099560701236,109,24357,0
21011,2005,487.0848708487085,33,6775,0
21011,2006,425.4694835680751,29,6816,0
21011,2007,635.71850975754,43,6764,0
21011,2008,619.4690265486726,42,6780,0
21013,2005,643.7151560434509,112,17399,0
21013,2006,571.263704558569,99,17330,0
21013,2007,678.3395176252319,117,17248,0
21013,2008,637.8660481298928,110,17245,0
21015,2005,281.2786523489099,181,64349,0
21015,2006,260.6677917068467,173,66368,0
21015,2007,295.6143189104921,201,67994,0
21015,2008,286.80550551271887,199,69385,0
21017,2005,416.80843824430076,49,11756,0
21017,2006,367.678495083369,43,11695,0
21017,2007,392.32409381663115,46,11725,0
21017,2008,458.32626039721606,54,11782,0
21019,2005,526.1027923917442,156,29652,0
21019,2006,438.3155197410567,130,29659,0
21019,2007,536.1020629750271,158,29472,0
21019,2008,618.7740114915174,182,29413,0
21021,2005,403.9551428915953,67,16586,0
21021,2006,356.5816511543576,59,16546,0
21021,2007,482.18913868965103,80,16591,0
21021,2008,439.75903614457826,73,16600,0
21023,2005,380.38038038038036,19,4995,0
21023,2006,443.19097502014506,22,4964,0
21023,2007,464.9282393369719,23,4947,0
21023,2008,425.6181597081476,21,4934,0
21025,2005,840.9870532256281,76,9037,0
21025,2006,689.1876624110271,61,8851,0
21025,2007,678.7070056367193,59,8693,0
21025,2008,766.728624535316,66,8608,0
21027,2005,488.6135590262629,56,11461,0
21027,2006,509.03984553273654,58,11394,0
21027,2007,517.9558011049724,60,11584,0
21027,2008,532.3259208379841,62,11647,0
21029,2005,341.20121523720496,146,42790,0
21029,2006,326.1443763063001,142,43539,0
21029,2007,375.5656108597285,166,44200,0
21029,2008,331.42985108050607,148,44655,0
21031,2005,561.7243631613325,43,7655,0
21031,2006,537.9165573340331,41,7622,0
21031,2007,397.1405877680699,30,7554,0
21031,2008,648.2338933721392,49,7559,0
21033,2005,639.8293788323114,48,7502,0
21033,2006,614.3982903699746,46,7487,0
21033,2007,520.694259012016,39,7490,0
21033,2008,492.87331823631274,37,7507,0
21035,2005,281.882245964992,62,21995,0
21035,2006,308.71101964117935,69,22351,0
21035,2007,325.03673360345516,73,22459,0
21035,2008,297.8439653256279,67,22495,0
21037,2005,388.56927284730733,206,53015,0
21037,2006,418.54354354354354,223,53280,0
21037,2007,373.55946132725677,200,53539,0
21037,2008,327.07067328241436,176,53811,0
21039,2005,334.22459893048125,10,2992,0
21039,2006,502.1760964178105,15,2987,0
21039,2007,724.8878149810148,21,2897,0
21039,2008,731.96235622168,21,2869,0
21041,2005,729.2327203551046,46,6308,0
21041,2006,601.3609748377908,38,6319,0
21041,2007,440.3900597672224,28,6358,0
21041,2008,483.0917874396135,31,6417,0
21043,2005,533.1862474719618,87,16317,0
21043,2006,607.250199349813,99,16303,0
21043,2007,552.0456357725573,90,16303,0
21043,2008,565.9100695085193,92,16257,0
21045,2005,421.0753616929389,39,9262,0
21045,2006,516.0735404795183,48,9301,0
21045,2007,494.4110060189166,46,9304,0
21045,2008,484.7570828395992,45,9283,0
21047,2005,359.35968637700097,154,42854,0
21047,2006,420.99150758510564,174,41331,0
21047,2007,391.0523498056377,168,42961,0
21047,2008,379.68335840676264,159,41877,0
21049,2005,419.787244192148,88,20963,0
21049,2006,530.5542396968261,112,21110,0
21049,2007,418.4690615008463,89,21268,0
21049,2008,428.25544731516777,91,21249,0
21051,2005,654.9153487075873,94,14353,0
21051,2006,441.11468981935303,63,14282,0
21051,2007,604.4229538505298,85,14063,0
21051,2008,573.0248549530836,80,13961,0
21053,2005,477.00170357751284,28,5870,0
21053,2006,574.7126436781609,34,5916,0
21053,2007,756.1754327003864,45,5951,0
21053,2008,570.5655311293841,34,5959,0
21055,2005,540.0372439478585,29,5370,0
21055,2006,349.5217071376012,19,5436,0
21055,2007,686.8386857248933,37,5387,0
21055,2008,442.1518054532056,24,5428,0
21057,2005,556.9620253164557,22,3950,0
21057,2006,560.5095541401274,22,3925,0
21057,2007,752.46497145822525,29,3854,0
21057,2008,708.1038552321007,27,3813,0
21059,2005,408.2007906591891,222,54385,0
21059,2006,411.8676191864703,226,54872,0
21059,2007,371.9485772064134,206,55384,0
21059,2008,430.94160741219565,240,55692,0
21061,2005,410.12586621411396,29,7071,0
21061,2006,467.7533664068037,33,7055,0
21061,2007,298.1683941502201,21,7043,0
21061,2008,508.0440304826418,36,7086,0
21063,2005,546.1993627674101,24,4394,0
21063,2006,506.8312031732041,23,4538,0
21063,2007,588.2352941176471,27,4590,0
21063,2008,375.9398496240601,18,4788,0
21065,2005,630.6306306306307,56,8880,0
21065,2006,576.0108425570363,51,8854,0
21065,2007,555.3666553326533,49,8823,0
21065,2008,616.50873387373,54,8759,0
21067,2005,303.06920359217935,543,179167,0
21067,2006,311.97728673298707,567,181744,0
21067,2007,313.21540628279655,576,183899,0
21067,2008,294.52231490239916,548,186064,0
21069,2005,472.9809625162587,40,8457,0
21069,2006,512.575992370962,43,8389,0
21069,2007,461.8117229129663,39,8445,0
21069,2008,510.8101686861487,43,8418,0
21071,2005,604.5280335058675,153,25309,0
21071,2006,582.5552629478892,146,25062,0
21071,2007,685.4806381784655,171,24946,0
21071,2008,719.804798698658,177,24590,0
21073,2005,429.0570645895904,130,30299,0
21073,2006,307.2551869961676,93,30268,0
21073,2007,363.85287112992853,110,30232,0
21073,2008,418.69972306475006,127,30332,0
21075,2005,953.5452322738386,39,4090,0
21075,2006,645.3214197071234,26,4029,0
21075,2007,820.8955223880597,33,4020,0
21075,2008,510.45211473018963,21,4114,0
21077,2005,551.3579742699612,27,4897,0
21077,2006,368.09815950920245,18,4890,0
21077,2007,568.7588868576072,28,4923,0
21077,2008,663.1832797427652,33,4976,0
21079,2005,332.4937027707809,33,9925,0
21079,2006,356.3650762225302,36,10102,0
21079,2007,293.42723004694835,30,10224,0
21079,2008,481.6671581637668,49,10173,0
21081,2005,533.9703505936907,76,14233,0
21081,2006,399.6914662365893,57,14261,0
21081,2007,373.9612188365651,54,14440,0
21081,2008,412.96716911005575,60,14529,0
21083,2005,466.4530719939691,99,21224,0
21083,2006,453.2577903682719,96,21180,0
21083,2007,466.8490049985853,99,21206,0
21083,2008,518.8993620870228,109,21006,0
21085,2005,419.9720018665422,63,15001,0
21085,2006,539.7840863654538,81,15006,0
21085,2007,565.5732250981437,85,15029,0
21085,2008,494.2559444296019,74,14972,0
21087,2005,348.53765722079106,23,6599,0
21087,2006,377.4724445115507,25,6623,0
21087,2007,362.7021308750189,24,6617,0
21087,2008,362.64732547597464,24,6618,0
21089,2005,537.4121537825548,117,21771,0
21089,2006,437.24398214203524,95,21727,0
21089,2007,514.8951820522251,112,21752,0
21089,2008,564.631832276577,122,21607,0
21091,2005,438.85896668661485,22,5013,0
21091,2006,522.7181342983514,26,4974,0
21091,2007,324.28050263477905,16,4934,0
21091,2008,485.14251061249246,24,4947,0
21093,2005,296.3320297021174,172,58043,0
21093,2006,357.82442748091603,210,58688,0
21093,2007,328.10607080360745,195,59432,0
21093,2008,340.50893628330346,205,60204,0
21095,2005,708.8691064952193,129,18198,0
21095,2006,701.1925795053004,127,18112,0
21095,2007,689.348454525239,124,17988,0
21095,2008,681.6901408450703,121,17750,0
21097,2005,452.86506469500927,49,10820,0
21097,2006,506.5856129685917,55,10857,0
21097,2007,492.1618665694495,54,10972,0
21097,2008,464.90428441203284,51,10970,0
21099,2005,458.8471465443074,48,10461,0
21099,2006,438.8475481778287,46,10482,0
21099,2007,486.4091559370529,51,10485,0
21099,2008,541.7221060634861,57,10522,0
21101,2005,469.500523673661,130,27689,0
21101,2006,470.9803637417578,130,27602,0
21101,2007,456.07557823867955,126,27627,0
21101,2008,468.5022343952717,130,27748,0
21103,2005,504.1648399824638,46,9124,0
21103,2006,491.320013101867,45,9159,0
21103,2007,504.7734006364534,46,9113,0
21103,2008,606.1273969583425,55,9074,0
21105,2005,695.1685783802573,20,2877,0
21105,2006,600.7067137809187,17,2830,0
21105,2007,244.37927663734115,6.864613880742913,2809,1
21105,2008,609.1006807595844,17,2791,0
21107,2005,510.01953266295305,141,27646,0
21107,2006,453.13961015608146,126,27806,0
21107,2007,466.6690598413325,130,27857,0
21107,2008,551.073332372857,153,27764,0
21109,2005,428.0821917808219,35,8176,0
21109,2006,623.7769080234833,51,8176,0
21109,2007,527.0899730326059,43,8158,0
21109,2008,602.4096385542169,49,8134,0
21111,2005,408.8242937223893,1762,430992,0
21111,2006,401.642455401815,1746,434715,0
21111,2007,419.2177025234816,1846,440344,0
21111,2008,413.58823290764923,1835,443678,0
21113,2005,349.106363601867,92,26353,0
21113,2006,327.06159047479053,89,27212,0
21113,2007,399.9711732487749,111,27752,0
21113,2008,341.9827950923706,97,28364,0
21115,2005,635.1200446677834,91,14328,0
21115,2006,565.3266331658292,81,14328,0
21115,2007,573.2662192393736,82,14304,0
21115,2008,681.6584680252986,97,14230,0
21117,2005,389.45380437682053,365,93721,0
21117,2006,390.13486013138055,370,94839,0
21117,2007,361.77268616219476,348,96193,0
21117,2008,383.1773770424077,371,96822,0
21119,2005,633.3301824369032,67,10579,0
21119,2006,663.8445256878969,69,10394,0
21119,2007,664.1922250439538,68,10238,0
21119,2008,469.98922941349264,48,10213,0
21121,2005,696.2059474337525,129,18529,0
21121,2006,637.1490280777538,118,18520,0
21121,2007,653.2771838894288,121,18522,0
21121,2008,682.2981534629339,126,18467,0
21123,2005,456.73373657573137,37,8101,0
21123,2006,390.0060938452163,32,8205,0
21123,2007,498.23793899623286,41,8229,0
21123,2008,437.3177842565598,36,8232,0
21125,2005,465.6712942751535,160,34359,0
21125,2006,433.64636282702963,151,34821,0
21125,2007,469.9917395391232,165,35107,0
21125,2008,541.6809214277569,190,35076,0
21127,2005,537.9746835443038,51,9480,0
21127,2006,676.3897696047347,64,9462,0
21127,2007,370.2528297894848,35,9453,0
21127,2008,560.965283657917,53,9448,0
21129,2005,631.4931757995519,31,4909,0
21129,2006,500.3001801080648,25,4997,0
21129,2007,580,29,5000,0
21129,2008,596.0659646334194,30,5033,0
21131,2005,685.8710562414266,50,7290,0
21131,2006,596.8906163242643,43,7204,0
21131,2007,544.5406311086289,39,7162,0
21131,2008,565.2911249293386,40,7076,0
21133,2005,622.3386832623648,95,15265,0
21133,2006,771.1573952016873,117,15172,0
21133,2007,689.838153356328,104,15076,0
21133,2008,716.34196960567715,107,14937,0
21135,2005,482.6837214914927,40,8287,0
21135,2006,455.30793194344596,38,8346,0
21135,2007,420.0672107537206,35,8332,0
21135,2008,544.069640914037,45,8271,0
21137,2005,386.31346578366447,56,14496,0
21137,2006,531.4376423493685,77,14489,0
21137,2007,495.4923955680958,72,14531,0
21137,2008,473.6365535975482,68,14357,0
21139,2005,428.6694101508916,25,5832,0
21139,2006,380.0310934531007,22,5789,0
21139,2007,525.2100840336135,30,5712,0
21139,2008,515.3723120668207,29,5627,0
21141,2005,543.2004089979549,85,15648,0
21141,2006,467.7688068691529,73,15606,0
21141,2007,442.70499165918136,69,15586,0
21141,2008,489.2808858559196,76,15533,0
21143,2005,530.8056872037914,28,5275,0
21143,2006,375.7985719654265,20,5322,0
21143,2007,649.5987772258311,34,5234,0
21143,2008,560.3864734299517,29,5175,0
21145,2005,476.20293571260373,182,38219,0
21145,2006,531.9009563736407,203,38165,0
21145,2007,491.8761937154967,188,38221,0
21145,2008,473.16550335921363,181,38253,0
21147,2005,573.3838897623232,62,10813,0
21147,2006,657.354149548069,72,10953,0
21147,2007,405.8807612519167,45,11087,0
21147,2008,467.20575022461816,52,11130,0
21149,2005,556.1348627042058,32,5754,0
21149,2006,602.0896051000532,34,5647,0
21149,2007,585.8334812710812,33,5633,0
21149,2008,558.9614136314461,31,5546,0
21151,2005,302.1026343349714,150,49652,0
21151,2006,384.83664279621513,194,50411,0
21151,2007,328.21891806390386,166,50576,0
21151,2008,318.8097768331562,162,50814,0
21153,2005,656.8347998512827,53,8069,0
21153,2006,484.7129008202834,39,8046,0
21153,2007,746.8259895444362,60,8034,0
21153,2008,780.3650094398994,62,7945,0
21155,2005,464.39628482972137,54,11628,0
21155,2006,375.0106537117532,44,11733,0
21155,2007,441.8387288639646,52,11769,0
21155,2008,397.16072333953014,47,11834,0
21157,2005,393.7662913870556,71,18031,0
21157,2006,495.2401914928741,90,18173,0
21157,2007,476.03414313854233,87,18276,0
21157,2008,545.1241671714113,99,18161,0
21159,2005,469.0002287805994,41,8742,0
21159,2006,655.2477296240946,57,8699,0
21159,2007,594.4748805222054,51,8579,0
21159,2008,564.7723261560184,48,8499,0
21161,2005,362.06376345167456,36,9943,0
21161,2006,438.4653712007972,44,10035,0
21161,2007,566.8257756563246,57,10056,0
21161,2008,258.2952513411484,26,10066,0
21163,2005,302.4193548387097,54,17856,0
21163,2006,354.7497043752464,63,17759,0
21163,2007,419.54870166685566,74,17638,0
21163,2008,315.5660106718687,55,17429,0
21165,2005,461.5384615384616,18,3900,0
21165,2006,416.4497657470068,16,3842,0
21165,2007,608.4656084656085,23,3780,0
21165,2008,457.1121269158376,17,3719,0
21167,2005,416.1664665866346,52,12495,0
21167,2006,448.82583954476235,56,12477,0
21167,2007,584.3272232450172,73,12493,0
21167,2008,536.3861980626051,67,12491,0
21169,2005,408.02448146888815,24,5882,0
21169,2006,543.1093007467753,32,5892,0
21169,2007,610.5834464043419,36,5896,0
21169,2008,582.6906598114824,34,5835,0
21171,2005,525.9993988578299,35,6654,0
21171,2006,624.7143074813348,41,6563,0
21171,2007,495.6629491945477,32,6456,0
21171,2008,683.4075015893197,43,6292,0
21173,2005,371.49611617696723,55,14805,0
21173,2006,487.0984728804634,74,15192,0
21173,2007,439.9870592041411,68,15455,0
21173,2008,504.18022847660984,79,15669,0
21175,2005,339.3541324575807,31,9135,0
21175,2006,209.04389921883597,19,9089,0
21175,2007,352.53938525944693,32,9077,0
21175,2008,333.07427556345067,30,9007,0
21177,2005,417.8788680243322,79,18905,0
21177,2006,625.662778366914,118,18860,0
21177,2007,467.26490734349284,88,18833,0
21177,2008,560.1194921583271,105,18746,0
21179,2005,381.1475409836066,93,24400,0
21179,2006,400.91408411177486,100,24943,0
21179,2007,395.0539248607435,100,25313,0
21179,2008,422.46909716789236,108,25564,0
21181,2005,538.6416861826698,23,4270,0
21181,2006,730.9596793209149,31,4241,0
21181,2007,639.2045454545455,27,4224,0
21181,2008,500.7153075822604,21,4194,0
21183,2005,514.455474240997,71,13801,0
21183,2006,580.7622504537204,80,13775,0
21183,2007,515.0152328449151,71,13786,0
21183,2008,471.3218765861794,65,13791,0
21185,2005,247.18241473678017,84,33983,0
21185,2006,253.72751375545226,89,35077,0
21185,2007,258.48411573417826,93,35979,0
21185,2008,287.8762954433295,105,36474,0
21187,2005,417.0528266913809,27,6474,0
21187,2006,264.4268159900451,17,6429,0
21187,2007,403.22580645161287,26,6448,0
21187,2008,387.5968992248062,25,6450,0
21189,2005,1078.2608695652175,31,2875,0
21189,2006,851.0638297872341,24,2820,0
21189,2007,930.8986752595775,26,2793,0
21189,2008,608.0114449213162,17,2796,0
21191,2005,519.4805194805194,46,8855,0
21191,2006,494.3820224719101,44,8900,0
21191,2007,472.972972972973,42,8880,0
21191,2008,517.6099921233263,46,8887,0
21193,2005,717.6234979973298,129,17976,0
21193,2006,749.7084467151664,135,18007,0
21193,2007,619.1777765381827,111,17927,0
21193,2008,705.7637371870273,126,17853,0
21195,2005,684.8810663524561,279,40737,0
21195,2006,663.9289841886542,270,40667,0
21195,2007,677.1283825528235,274,40465,0
21195,2008,697.5585450921774,280,40140,0
21197,2005,758.8212975844189,60,7907,0
21197,2006,595.7777489962441,46,7721,0
21197,2007,676.5547749154307,52,7686,0
21197,2008,763.7608638398735,58,7594,0
21199,2005,490.37567285742466,174,35483,0
21199,2006,469.2213160540722,168,35804,0
21199,2007,459.14698235326654,166,36154,0
21199,2008,475.7738160341245,174,36572,0
21201,2005,469.4835680751174,6,1278,1
21201,2006,458.3651642475172,6,1309,1
21201,2007,244.37927663734115,3.135386119257087,1283,1
21201,2008,462.6060138781804,6,1297,1
21203,2005,484.9084611578427,49,10105,0
21203,2006,525.2725470763132,53,10090,0
21203,2007,452.7113473083358,46,10161,0
21203,2008,541.7651694247439,55,10152,0
21205,2005,413.9433551198257,57,13770,0
21205,2006,381.13044728894,53,13906,0
21205,2007,329.46569259418425,46,13962,0
21205,2008,477.07205924238104,67,14044,0
21207,2005,339.05065815715994,34,10028,0
21207,2006,494.0223298093074,50,10121,0
21207,2007,442.04322200392926,45,10180,0
21207,2008,360.30772227091245,37,10269,0
21209,2005,216.29121776036564,53,24504,0
21209,2006,318.00201659815406,82,25786,0
21209,2007,247.02447788008084,66,26718,0
21209,2008,290.3495082205204,80,27553,0
21211,2005,300.18439898794975,70,23319,0
21211,2006,327.5561821046521,79,24118,0
21211,2007,312.0440914248663,77,24676,0
21211,2008,300.6012024048096,75,24950,0
21213,2005,497.9087831109341,50,10042,0
21213,2006,445.588672145757,45,10099,0
21213,2007,481.2886749828111,49,10181,0
21213,2008,394.90571626024285,40,10129,0
21215,2005,322.40730789897907,30,9305,0
21215,2006,298.1698539995887,29,9726,0
21215,2007,375.16043044723074,38,10129,0
21215,2008,298.82398303450935,31,10374,0
21217,2005,354.14859786065335,49,13836,0
21217,2006,422.81783001289955,59,13954,0
21217,2007,499.9642882651239,70,14001,0
21217,2008,427.01587075652975,60,14051,0
21219,2005,550.7246376811595,38,6900,0
21219,2006,491.32947976878614,34,6920,0
21219,2007,431.0344827586207,30,6960,0
21219,2008,415.11594617807043,29,6986,0
21221,2005,395.206527281999,31,7844,0
21221,2006,404.8070841239722,32,7905,0
21221,2007,437.22673329169265,35,8005,0
21221,2008,538.4422739794641,43,7986,0
21223,2005,412.8354287858885,22,5329,0
21223,2006,504.95605012156346,27,5347,0
21223,2007,393.1847968545216,21,5341,0
21223,2008,540.0372439478585,29,5370,0
21225,2005,586.6425992779783,52,8864,0
21225,2006,362.9764065335753,32,8816,0
21225,2007,505.68900126422255,44,8701,0
21225,2008,471.047794117647,41,8704,0
21227,2005,355.84947252401196,226,63510,0
21227,2006,321.84401293506414,210,65249,0
21227,2007,316.2269606071558,210,66408,0
21227,2008,336.56117146905996,228,67744,0
21229,2005,461.6094783812894,30,6499,0
21229,2006,487.58189852201735,32,6563,0
21229,2007,358.31591519856676,24,6698,0
21229,2008,373.5803945008966,25,6692,0
21231,2005,394.2505133470226,48,12175,0
21231,2006,460.4884466737933,56,12161,0
21231,2007,612.5949522175937,75,12243,0
21231,2008,450.04500450045003,55,12221,0
21233,2005,446.32086851628475,37,8290,0
21233,2006,575.7687124831557,47,8163,0
21233,2007,502.51256281407035,41,8159,0
21233,2008,497.57432516482146,40,8039,0
21235,2005,725.1528508460116,153,21099,0
21235,2006,598.9731888191671,126,21036,0
21235,2007,504.54567090294637,106,21009,0
21235,2008,611.3578831733295,128,20937,0
21237,2005,867.7298311444653,37,4264,0
21237,2006,825.082508250825,35,4242,0
21237,2007,703.0700726505742,30,4267,0
21237,2008,704.8872180451127,30,4256,0
21239,2005,328.81216605014384,48,14598,0
21239,2006,453.0700568028131,67,14788,0
21239,2007,338.9141191622043,50,14753,0
21239,2008,302.4600080656002,45,14878,0
23001,2005,355.5088413503153,230,64696,0
23001,2006,378.9622265181503,247,65178,0
23001,2007,357.57585058547295,233,65161,0
23001,2008,346.17906760404435,227,65573,0
23003,2005,413.4172695668514,176,42572,0
23003,2006,347.1489221964206,148,42633,0
23003,2007,410.913872452334,175,42588,0
23003,2008,379.42167652534584,161,42433,0
23005,2005,297.2379195695337,506,170234,0
23005,2006,282.6211358566807,484,171254,0
23005,2007,276.6243707810434,477,172436,0
23005,2008,270.10527770738787,469,173636,0
23007,2005,275.512453162883,50,18148,0
23007,2006,295.06584339653574,54,18301,0
23007,2007,398.4281192009606,73,18322,0
23007,2008,415.0964006772626,76,18309,0
23009,2005,373.76929621976416,123,32908,0
23009,2006,347.10693912046116,115,33131,0
23009,2007,294.4800024039184,98,33279,0
23009,2008,340.2282238882365,113,33213,0
23011,2005,336.22174233933794,246,73166,0
23011,2006,380.4958632923048,281,73851,0
23011,2007,356.0542713025652,264,74146,0
23011,2008,335.7372117696037,250,74463,0
23013,2005,313.7125402460167,76,24226,0
23013,2006,388.09297716857276,94,24221,0
23013,2007,314.12746962056707,76,24194,0
23013,2008,353.9454507599417,85,24015,0
23015,2005,347.8857366847959,71,20409,0
23015,2006,278.67409797594604,57,20454,0
23015,2007,351.5625,72,20480,0
23015,2008,407.381957396682,83,20374,0
23017,2005,428.29714960862503,145,33855,0
23017,2006,404.00491832074476,138,34158,0
23017,2007,404.08151399749994,139,34399,0
23017,2008,403.2024134130069,139,34474,0
23019,2005,335.2609936311261,309,92167,0
23019,2006,384.02952092853616,358,93222,0
23019,2007,349.25570202525716,328,93914,0
23019,2008,335.5313991765192,317,94477,0
23021,2005,407.3714839961203,42,10310,0
23021,2006,454.32576123731275,47,10345,0
23021,2007,374.92789848106133,39,10402,0
23021,2008,516.1164670367124,53,10269,0
23023,2005,365.7310048459358,80,21874,0
23023,2006,351.4697827277707,77,21908,0
23023,2007,236.74026860915095,52,21965,0
23023,2008,232.98309730470532,51,21890,0
23025,2005,410.6975390486046,127,30923,0
23025,2006,365.9623217922607,115,31424,0
23025,2007,392.5665621933074,124,31587,0
23025,2008,398.4952818158633,125,31368,0
23027,2005,411.08208795443835,96,23353,0
23027,2006,339.8759452799728,80,23538,0
23027,2007,347.94415920566894,82,23567,0
23027,2008,374.9467405198125,88,23470,0
23029,2005,473.1536720839333,92,19444,0
23029,2006,451.5831066865089,88,19487,0
23029,2007,430.10752688172045,84,19530,0
23029,2008,438.2346875644463,85,19396,0
23031,2005,296.90865692495777,357,120239,0
23031,2006,312.0631116436988,375,120168,0
23031,2007,319.9667567006025,385,120325,0
23031,2008,317.37591598677324,382,120362,0
24001,2005,360.38103982554804,157,43565,0
24001,2006,413.5913899869753,181,43763,0
24001,2007,400.82429402839733,177,44159,0
24001,2008,356.3775797902334,158,44335,0
24003,2005,323.048889712468,1046,323790,0
24003,2006,336.98502937857626,1096,325237,0
24003,2007,307.9334178160603,1006,326694,0
24003,2008,326.004318340784,1072,328830,0
24005,2005,375.2487924848823,1776,473286,0
24005,2006,368.3148757355834,1760,477852,0
24005,2007,356.6537498671147,1711,479737,0
24005,2008,343.0053924605336,1650,481042,0
24009,2005,341.36974610625134,176,51557,0
24009,2006,309.0507726269316,161,52095,0
24009,2007,322.75930559003837,169,52361,0
24009,2008,317.44824833197106,167,52607,0
24011,2005,413.8531910259203,76,18364,0
24011,2006,429.63984511748794,81,18853,0
24011,2007,369.5414563056264,71,19213,0
24011,2008,443.4589800443459,86,19393,0
24013,2005,312.92683424051535,307,98106,0
24013,2006,282.0432466311501,279,98921,0
24013,2007,273.3094649790732,271,99155,0
24013,2008,300.5001613423685,298,99168,0
24015,2005,374.2489270386266,218,58250,0
24015,2006,425.38881883144177,253,59475,0
24015,2007,418.2427140786163,251,60013,0
24015,2008,429.49770326517756,259,60303,0
24017,2005,328.26719314026707,281,85601,0
24017,2006,322.8549106117009,281,87036,0
24017,2007,280.4665321339399,246,87711,0
24017,2008,322.76395044891467,284,87990,0
24019,2005,462.63538888586515,85,18373,0
24019,2006,436.02303924207354,81,18577,0
24019,2007,434.27603008155916,82,18882,0
24019,2008,411.97908413880526,78,18933,0
24021,2005,252.25278854668164,339,134389,0
24021,2006,246.42283518272694,336,136351,0
24021,2007,258.30258302583024,357,138210,0
24021,2008,250.5923745243053,349,139270,0
24023,2005,343.01394923393553,60,17492,0
24023,2006,360.2882305844676,63,17486,0
24023,2007,428.7674365424194,75,17492,0
24023,2008,332.75960986804364,58,17430,0
24025,2005,332.2097508426869,478,143885,0
24025,2006,321.8463527518551,468,145411,0
24025,2007,307.6901944354778,448,145601,0
24025,2008,326.7570900123304,477,145980,0
24027,2005,176.22355899905017,295,167401,0
24027,2006,171.47790300263722,290,169118,0
24027,2007,180.68167864389338,309,171019,0
24027,2008,203.83156892236397,351,172201,0
24029,2005,259.50782997762866,29,11175,0
24029,2006,528.2005371530886,59,11170,0
24029,2007,482.1859094562015,54,11199,0
24029,2008,395.01404494382024,45,11392,0
24031,2005,177.94411001465213,1008,566470,0
24031,2006,188.52471953659747,1075,570217,0
24031,2007,180.78993707186487,1038,574147,0
24031,2008,169.81817743416102,986,580621,0
24033,2005,358.59212477961137,1922,535985,0
24033,2006,350.3125995206249,1881,536949,0
24033,2007,356.54621085559876,1908,535134,0
24033,2008,351.6722661267254,1881,534873,0
24035,2005,335.5329381500951,90,26823,0
24035,2006,308.1551047360505,84,27259,0
24035,2007,340.9008486255168,94,27574,0
24035,2008,284.2442341596805,79,27793,0
24037,2005,326.6911827589156,191,58465,0
24037,2006,320.58239134427544,192,59891,0
24037,2007,289.1550429625249,176,60867,0
24037,2008,317.78458744750884,196,61677,0
24039,2005,358.7998762759047,58,16165,0
24039,2006,377.4733637747336,62,16425,0
24039,2007,342.0752565564424,57,16663,0
24039,2008,343.6218953460333,57,16588,0
24041,2005,406.2851828283323,83,20429,0
24041,2006,322.627245148553,67,20767,0
24041,2007,389.1798395233748,81,20813,0
24041,2008,414.7176544341033,86,20737,0
24043,2005,333.4722801167153,288,86364,0
24043,2006,344.6622994225195,302,87622,0
24043,2007,398.05595336092284,353,88681,0
24043,2008,350.4304322350926,311,88748,0
24045,2005,430.9179092367885,239,55463,0
24045,2006,442.3531070459272,251,56742,0
24045,2007,423.20486250195927,243,57419,0
24045,2008,412.6025032369443,239,57925,0
24047,2005,349.74721241083176,101,28878,0
24047,2006,465.5939746662102,136,29210,0
24047,2007,494.5429740791269,145,29320,0
24047,2008,397.79157093378143,116,29161,0
24510,2005,726.4976429715177,2754,379079,0
24510,2006,703.8773391763172,2692,382453,0
24510,2007,703.5288070384033,2710,385201,0
24510,2008,637.108744756373,2468,387375,0
25001,2005,326.87105500450855,406,124208,0
25001,2006,349.21588851079724,430,123133,0
25001,2007,361.4339338108742,441,122014,0
25001,2008,328.91466445733226,397,120700,0
25003,2005,341.86263337822436,264,77224,0
25003,2006,336.848651309823,260,77186,0
25003,2007,344.3321122056673,266,77251,0
25003,2008,363.4428421230254,280,77041,0
25005,2005,308.40801555183333,1009,327164,0
25005,2006,330.9561429730538,1085,327838,0
25005,2007,319.79669198897125,1052,328959,0
25005,2008,314.25650732405734,1036,329667,0
25007,2005,309.8141115330801,31,10006,0
25007,2006,299.64043148222135,30,10012,0
25007,2007,256.9677801937142,26,10118,0
25007,2008,274.0262282247015,28,10218,0
25009,2005,286.3412236761045,1241,433399,0
25009,2006,287.37415885583704,1250,434973,0
25009,2007,301.7813802262216,1318,436740,0
25009,2008,267.88398983134243,1176,438996,0
25011,2005,279.80480816582354,125,44674,0
25011,2006,321.22063842601887,144,44829,0
25011,2007,319.57449661429814,143,44747,0
25011,2008,281.1558629923017,126,44815,0
25013,2005,369.170524648111,988,267627,0
25013,2006,358.27507646794294,964,269067,0
25013,2007,353.7840804580651,954,269656,0
25013,2008,356.41113988581503,962,269913,0
25015,2005,220.33915756309008,214,97123,0
25015,2006,229.91089675467998,225,97864,0
25015,2007,267.27099042702383,263,98402,0
25015,2008,252.85472990057752,250,98871,0
25017,2005,232.77647170442023,2110,906449,0
25017,2006,221.04536541184123,2011,909768,0
25017,2007,214.85563908624061,1966,915033,0
25017,2008,213.48110465116278,1974,924672,0
25019,2005,216.18282890673254,14,6476,0
25019,2006,243.30900243309003,16,6576,0
25019,2007,150.10507355148604,10,6662,0
25019,2008,267.97677534613666,18,6717,0
25021,2005,249.81417197330208,978,391491,0
25021,2006,262.4958707087134,1033,393530,0
25021,2007,252.86781404489983,1001,395859,0
25021,2008,234.2025965177706,935,399227,0
25023,2005,313.3812771062738,909,290062,0
25023,2006,309.8992138889941,900,290417,0
25023,2007,297.2978546436894,865,290954,0
25023,2008,311.15776762312515,907,291492,0
25025,2005,280.6995897467534,1274,453866,0
25025,2006,285.62354203857234,1304,456545,0
25025,2007,270.03109252243223,1248,462169,0
25025,2008,260.97312083375056,1225,469397,0
25027,2005,282.5503799705072,1324,468589,0
25027,2006,283.67384066034026,1341,472726,0
25027,2007,295.7453476900942,1406,475409,0
25027,2008,281.88127479026446,1346,477506,0
26001,2005,497.1135343168698,31,6236,0
26001,2006,501.61812297734633,31,6180,0
26001,2007,427.9131007241606,26,6076,0
26001,2008,601.8054162487462,36,5982,0
26003,2005,304.4654939106901,18,5912,0
26003,2006,370.9949409780776,22,5930,0
26003,2007,268.5464921114468,16,5958,0
26003,2008,288.4289107567017,17,5894,0
26005,2005,287.1655524849084,186,64771,0
26005,2006,317.1328725156642,206,64957,0
26005,2007,333.563907462916,217,65055,0
26005,2008,275.4481803493114,179,64985,0
26007,2005,360.082304526749,63,17496,0
26007,2006,380.84246970571263,66,17330,0
26007,2007,358.63026376677465,62,17288,0
26007,2008,476.30111524163567,82,17216,0
26009,2005,350.6977423832834,48,13687,0
26009,2006,387.20046756282875,53,13688,0
26009,2007,382.71877529991906,52,13587,0
26009,2008,314.3947900291938,42,13359,0
26011,2005,424.7143290524826,42,9889,0
26011,2006,481.31080389144904,47,9765,0
26011,2007,456.6683964711988,44,9635,0
26011,2008,549.8572485989214,52,9457,0
26013,2005,394.51437159496527,21,5323,0
26013,2006,294.8221853694491,16,5427,0
26013,2007,295.36643898836996,16,5417,0
26013,2008,393.7007874015748,21,5334,0
26015,2005,382.0602742850626,134,35073,0
26015,2006,316.01423487544486,111,35125,0
26015,2007,318.55285986518385,112,35159,0
26015,2008,289.00907087875925,101,34947,0
26017,2005,307.63971970603313,198,64361,0
26017,2006,422.124955217371,271,64199,0
26017,2007,417.4710045984588,266,63717,0
26017,2008,411.7036990477388,262,63638,0
26019,2005,366.73604916245415,37,10089,0
26019,2006,480.15678588926994,49,10205,0
26019,2007,455.5808656036446,46,10097,0
26019,2008,320.3844613536244,32,9988,0
26021,2005,403.4109544112824,369,91470,0
26021,2006,439.43971436418565,400,91025,0
26021,2007,406.62501239710406,369,90747,0
26021,2008,412.5166826599605,374,90663,0
26023,2005,346.50785056848946,96,27705,0
26023,2006,373.6437450599986,104,27834,0
26023,2007,335.36475424615054,93,27731,0
26023,2008,434.2273307790549,119,27405,0
26025,2005,444.4224365243442,359,80779,0
26025,2006,433.6265593161374,349,80484,0
26025,2007,455.05119325924164,364,79991,0
26025,2008,441.06559437044484,351,79580,0
26027,2005,382.77825034351895,117,30566,0
26027,2006,375.9029843428235,115,30593,0
26027,2007,443.16996871741395,136,30688,0
26027,2008,445.6094364351245,136,30520,0
26029,2005,423.2873144047929,65,15356,0
26029,2006,321.05883894640283,49,15262,0
26029,2007,380.27799632835035,58,15252,0
26029,2008,385.89487691284097,58,15030,0
26031,2005,397.2067397014543,62,15609,0
26031,2006,346.39810122522294,54,15589,0
26031,2007,442.21889835468556,68,15377,0
26031,2008,443.47365634101135,67,15108,0
26033,2005,251.08330296035314,62,24693,0
26033,2006,262.1602000483988,65,24794,0
26033,2007,387.3492532545324,97,25042,0
26033,2008,321.18194957443393,80,24908,0
26035,2005,611.6888172162598,110,17983,0
26035,2006,544.4746930385021,98,17999,0
26035,2007,581.4928711210512,104,17885,0
26035,2008,447.79503457657864,79,17642,0
26037,2005,263.28665625946553,113,42919,0
26037,2006,222.49747683273694,97,43596,0
26037,2007,231.4762282991036,102,44065,0
26037,2008,191.7696958758235,85,44324,0
26039,2005,484.69086180399574,41,8459,0
26039,2006,476.70122750566077,40,8391,0
26039,2007,398.50259630479417,33,8281,0
26039,2008,462.56847230675595,38,8215,0
26041,2005,314.72359058565957,69,21924,0
26041,2006,351.7909356725146,77,21888,0
26041,2007,346.26038781163436,75,21660,0
26041,2008,283.04951046355154,61,21551,0
26043,2005,370.68908453035016,56,15107,0
26043,2006,264.9006622516556,40,15100,0
26043,2007,324.3744207599629,49,15106,0
26043,2008,410.8408985488039,62,15091,0
26045,2005,277.85026787221955,181,65143,0
26045,2006,281.31975659725407,184,65406,0
26045,2007,317.9018478044904,208,65429,0
26045,2008,265.86752727831566,173,65070,0
26047,2005,295.9040647874163,57,19263,0
26047,2006,299.49395848394096,58,19366,0
26047,2007,249.35064935064935,48,19250,0
26047,2008,290.89397953353074,56,19251,0
26049,2005,438.3013898767758,1140,260095,0
26049,2006,437.7430032406854,1136,259513,0
26049,2007,434.219280736772,1116,257013,0
26049,2008,456.87185060764745,1156,253025,0
26051,2005,498.00796812749,75,15060,0
26051,2006,618.9683860232946,93,15025,0
26051,2007,478.3708057131142,70,14633,0
26051,2008,487.46518105849583,70,14360,0
26053,2005,280.6652806652807,27,9620,0
26053,2006,282.0432466311501,27,9573,0
26053,2007,415.15308770108976,40,9635,0
26053,2008,363.6741479634248,35,9624,0
26055,2005,224.13964097986712,113,50415,0
26055,2006,261.8056776664127,134,51183,0
26055,2007,248.9962940086473,129,51808,0
26055,2008,325.1876082355205,169,51970,0
26057,2005,260.37557203724157,66,25348,0
26057,2006,337.0698440072117,86,25514,0
26057,2007,312.25604996096797,80,25620,0
26057,2008,308.1724205188219,79,25635,0
26059,2005,336.466371649051,92,27343,0
26059,2006,357.4685391209192,98,27415,0
26059,2007,340.79665799406354,93,27289,0
26059,2008,341.2209776722795,92,26962,0
26061,2005,339.50174532587386,71,20913,0
26061,2006,336.86236766121266,70,20780,0
26061,2007,340.25015574831076,71,20867,0
26061,2008,389.6042191286169,82,21047,0
26063,2005,386.42297650130547,74,19150,0
26063,2006,368.55683672932133,70,18993,0
26063,2007,376.99782297031805,71,18833,0
26063,2008,533.1179321486268,99,18570,0
26065,2005,269.77810750657585,480,177924,0
26065,2006,277.4588595484118,493,177684,0
26065,2007,277.5834442914852,492,177244,0
26065,2008,275.0914608207368,485,176305,0
26067,2005,307.6845476784949,122,39651,0
26067,2006,264.029690885994,106,40147,0
26067,2007,295.3586497890295,119,40290,0
26067,2008,320.9354397313099,129,40195,0
26069,2005,523.8808001088584,77,14698,0
26069,2006,488.26800488268003,72,14746,0
26069,2007,498.8383217165505,73,14634,0
26069,2008,525.6605339604372,76,14458,0
26071,2005,359.982000899955,24,6667,0
26071,2006,614.7848253111412,41,6669,0
26071,2007,419.4128220491312,28,6676,0
26071,2008,347.58954208855977,23,6617,0
26073,2005,254.14469621395656,107,42102,0
26073,2006,259.4549109438549,111,42782,0
26073,2007,218.49286411603367,94,43022,0
26073,2008,215.37748957850857,93,43180,0
26075,2005,395.4639768268381,385,97354,0
26075,2006,406.02595702465817,397,97777,0
26075,2007,375.88979361909156,367,97635,0
26075,2008,339.15284836215267,325,95827,0
26077,2005,291.5766738660907,432,148160,0
26077,2006,276.3524164067478,412,149085,0
26077,2007,277.81302382113114,416,149741,0
26077,2008,331.72897941817797,499,150424,0
26079,2005,372.25705329153607,38,10208,0
26079,2006,463.8577502899111,48,10348,0
26079,2007,505.44323483670297,52,10288,0
26079,2008,371.3113152237639,38,10234,0
26081,2005,265.5435264180308,935,352108,0
26081,2006,253.12174084618204,898,354770,0
26081,2007,274.7892767624827,979,356273,0
26081,2008,271.8647963116075,970,356795,0
26083,2005,497.10024855012426,6,1207,1
26083,2006,328.6770747740345,4,1217,1
26083,2007,583.8198498748957,7,1199,1
26083,2008,663.9004149377594,8,1205,1
26085,2005,736.7313185987069,49,6651,0
26085,2006,540.4593904819096,36,6661,0
26085,2007,554.1410813239479,37,6677,0
26085,2008,515.2295802394302,34,6599,0
26087,2005,273.67963171058835,151,55174,0
26087,2006,306.5147997678468,169,55136,0
26087,2007,325.8104076290886,178,54633,0
26087,2008,329.1492329149233,177,53775,0
26089,2005,229.96057818659656,28,12176,0
26089,2006,254.41116126384898,31,12185,0
26089,2007,239.29367109497483,29,12119,0
26089,2008,266.2672657680146,32,12018,0
26091,2005,298.477597505461,179,59971,0
26091,2006,337.57379230065686,203,60135,0
26091,2007,292.8452579034942,176,60100,0
26091,2008,318.63690486172834,190,59629,0
26093,2005,256.7346674916654,278,108283,0
26093,2006,249.0376019412162,273,109622,0
26093,2007,280.004742751343,307,109641,0
26093,2008,234.7805352262514,256,109038,0
26095,2005,284.56248517903725,12,4217,0
26095,2006,262.9691608893139,11,4183,0
26095,2007,329.3342742884027,14,4251,0
26095,2008,457.94167269221504,19,4149,0
26097,2005,387.82816229116946,26,6704,0
26097,2006,378.0432481475881,25,6613,0
26097,2007,409.5252540573335,27,6593,0
26097,2008,388.92345986309897,25,6428,0
26099,2005,336.00459984906746,1683,500886,0
26099,2006,330.83781797962547,1666,503570,0
26099,2007,352.29417455710455,1777,504408,0
26099,2008,342.2843162349916,1725,503967,0
26101,2005,402.5380364331036,59,14657,0
26101,2006,414.4021739130435,61,14720,0
26101,2007,416.46753601420085,61,14647,0
26101,2008,316.3251272177142,46,14542,0
26103,2005,305.9675919126646,125,40854,0
26103,2006,298.9500291658565,123,41144,0
26103,2007,278.4571054989225,115,41299,0
26103,2008,330.5107235048612,137,41451,0
26105,2005,354.93543846765806,58,16341,0
26105,2006,359.734162551064,59,16401,0
26105,2007,336.82405536162656,55,16329,0
26105,2008,417.87009156271125,68,16273,0
26107,2005,239.60704444710672,60,25041,0
26107,2006,310.8065030283711,78,25096,0
26107,2007,281.62214354682976,70,24856,0
26107,2008,306.55050016134237,76,24792,0
26109,2005,372.47874060018273,53,14229,0
26109,2006,374.9027374973474,53,14137,0
26109,2007,333.56990773598295,47,14090,0
26109,2008,370.1067615658363,52,14050,0
26111,2005,286.2985685071575,140,48900,0
26111,2006,344.29757147248694,168,48795,0
26111,2007,289.0469650068674,141,48781,0
26111,2008,320.2167621158938,156,48717,0
26113,2005,327.7920861624912,28,8542,0
26113,2006,340.41554173025,29,8519,0
26113,2007,353.6901674133459,30,8482,0
26113,2008,471.58688988446124,40,8482,0
26115,2005,333.02824123595377,302,90683,0
26115,2006,332.7896309757085,304,91349,0
26115,2007,372.4496483026781,341,91556,0
26115,2008,358.4938858098003,326,90936,0
26117,2005,374.1814780168382,140,37415,0
26117,2006,375.2395145837769,141,37576,0
26117,2007,377.3080010703773,141,37370,0
26117,2008,392.95356732337143,147,37409,0
26119,2005,672.3283793347488,38,5652,0
26119,2006,624.5538900785153,35,5604,0
26119,2007,379.60954446854663,21,5532,0
26119,2008,583.3029529711994,32,5486,0
26121,2005,385.3107679539998,390,101217,0
26121,2006,377.0761339358675,383,101571,0
26121,2007,390.763415882515,397,101596,0
26121,2008,386.8224455446519,393,101597,0
26123,2005,385.3839566086212,108,28024,0
26123,2006,404.27891667561084,113,27951,0
26123,2007,350.50071530758225,98,27960,0
26123,2008,438.73844715359445,122,27807,0
26125,2005,286.69391025857954,2118,738767,0
26125,2006,290.05710287331465,2139,737441,0
26125,2007,279.2329674700403,2050,734154,0
26125,2008,296.5192819557969,2169,731487,0
26127,2005,376.20808198741645,58,15417,0
26127,2006,394.9753949753949,61,15444,0
26127,2007,340.58160859313597,52,15268,0
26127,2008,451.61718801886167,68,15057,0
26129,2005,528.3381364073007,66,12492,0
26129,2006,660.2254428341384,82,12420,0
26129,2007,453.84553043196365,56,12339,0
26129,2008,524.0317694260215,64,12213,0
26131,2005,450.0236854571293,19,4222,0
26131,2006,408.75210387112287,17,4159,0
26131,2007,515.8437730287399,21,4071,0
26131,2008,707.6067728076825,28,3957,0
26133,2005,310.4671791839148,42,13528,0
26133,2006,415.3070305547315,56,13484,0
26133,2007,373.69207772795215,50,13380,0
26133,2008,378.35792659856224,50,13215,0
26135,2005,541.6248746238716,27,4985,0
26135,2006,586.3323898099475,29,4946,0
26135,2007,754.4861337683524,37,4904,0
26135,2008,665.2806652806653,32,4810,0
26137,2005,448.87080937017816,64,14258,0
26137,2006,411.83861510540277,59,14326,0
26137,2007,392.48668348752454,56,14268,0
26137,2008,399.17314135006063,56,14029,0
26139,2005,192.41490909585391,283,147078,0
26139,2006,199.45870801797145,297,148903,0
26139,2007,224.51698867421717,337,150100,0
26139,2008,219.0370311548744,331,151116,0
26141,2005,309.91735537190084,24,7744,0
26141,2006,376.9170782427866,29,7694,0
26141,2007,419.23228088562826,32,7633,0
26141,2008,347.2685989047683,26,7487,0
26143,2005,580.2023632632845,82,14133,0
26143,2006,509.19377652050923,72,14140,0
26143,2007,617.6829706241471,86,13923,0
26143,2008,575.2636625119846,78,13559,0
26145,2005,434.2670073992417,520,119742,0
26145,2006,428.72274248053935,510,118958,0
26145,2007,461.1476695420914,541,117316,0
26145,2008,454.3420645028052,528,116212,0
26147,2005,354.3685432850164,354,99896,0
26147,2006,339.87764404814266,340,100036,0
26147,2007,421.6182493283289,419,99379,0
26147,2008,401.48396605173554,395,98385,0
26149,2005,420.9817293929444,150,35631,0
26149,2006,388.20749409249464,138,35548,0
26149,2007,422.2140906915867,150,35527,0
26149,2008,404.6635350048107,143,35338,0
26151,2005,415.98336066557334,104,25001,0
26151,2006,330.49295213824956,83,25114,0
26151,2007,346.98679854823916,87,25073,0
26151,2008,431.55602161813346,107,24794,0
26153,2005,614.3479984145858,31,5046,0
26153,2006,356.50623885918003,18,5049,0
26153,2007,400.5607850991388,20,4993,0
26153,2008,352.25859925404063,17,4826,0
26155,2005,331.5200896505031,142,42833,0
26155,2006,357.2846367606193,153,42823,0
26155,2007,356.2581101804884,151,42385,0
26155,2008,363.7930209180987,152,41782,0
26157,2005,419.9071472927817,142,33817,0
26157,2006,328.0742044200543,110,33529,0
26157,2007,393.42883743280174,131,33297,0
26157,2008,424.0907981449841,139,32776,0
26159,2005,373.01005794977686,168,45039,0
26159,2006,359.2336349121873,162,45096,0
26159,2007,444.7026749201099,199,44749,0
26159,2008,441.9914294047699,197,44571,0
26161,2005,222.5752272406589,489,219701,0
26161,2006,217.28677317801186,479,220446,0
26161,2007,223.86064448301335,494,220673,0
26161,2008,222.26805068628124,485,218205,0
26163,2005,525.3759291386833,5993,1140707,0
26163,2006,524.6689324841398,5914,1127187,0
26163,2007,521.6455891216623,5790,1109949,0
26163,2008,531.6958032175119,5796,1090097,0
26165,2005,323.1713885597328,60,18566,0
26165,2006,421.9860050210993,79,18721,0
26165,2007,367.5491397219411,69,18773,0
26165,2008,346.33418584825233,65,18768,0
27001,2005,405.54241297735723,36,8877,0
27001,2006,356.6254318511089,32,8973,0
27001,2007,257.6453455808222,23,8927,0
27001,2008,420.4067719577321,37,8801,0
27003,2005,212.01306404308914,420,198101,0
27003,2006,213.72536290866236,428,200257,0
27003,2007,207.31004036828602,417,201148,0
27003,2008,225.29659925924457,455,201956,0
27005,2005,318.453544890776,57,17899,0
27005,2006,359.33440212283705,65,18089,0
27005,2007,358.2056651603659,65,18146,0
27005,2008,335.7551739321885,61,18168,0
27007,2005,347.7478214621773,85,24443,0
27007,2006,391.27102577548305,97,24791,0
27007,2007,373.19422150882826,93,24920,0
27007,2008,267.00673494600085,67,25093,0
27009,2005,260.49715219214977,59,22649,0
27009,2006,175.84736448762473,40,22747,0
27009,2007,259.36973155232783,60,23133,0
27009,2008,266.42602380645434,62,23271,0
27011,2005,434.15340086830685,12,2764,0
27011,2006,399.41902687000726,11,2754,0
27011,2007,225.22522522522522,6.126126126126126,2720,1
27011,2008,403.6697247706422,11,2725,0
27013,2005,217.83562822719446,81,37184,0
27013,2006,164.58110190966326,63,38279,0
27013,2007,216.31644004944374,84,38832,0
27013,2008,217.81526226477217,86,39483,0
27015,2005,219.75003433594287,32,14562,0
27015,2006,260.11362858511876,38,14609,0
27015,2007,185.36317451599615,27,14566,0
27015,2008,310.21646215359164,45,14506,0
27017,2005,322.1968870823833,65,20174,0
27017,2006,378.8810707080648,77,20323,0
27017,2007,270.7225831856665,55,20316,0
27017,2008,316.2093792566647,65,20556,0
27019,2005,115.26561646882773,57,49451,0
27019,2006,185.07215845326928,94,50791,0
27019,2007,183.85910586413777,95,51670,0
27019,2008,169.4398964322431,89,52526,0
27021,2005,489.7402516892939,79,16131,0
27021,2006,352.0909259373649,57,16189,0
27021,2007,518.0376981650231,83,16022,0
27021,2008,425.6917490922749,68,15974,0
27023,2005,220.1996476805637,15,6812,0
27023,2006,220.6531332744925,15,6798,0
27023,2007,266.0753880266075,18,6765,0
27023,2008,133.0770368179802,9,6763,1
27025,2005,255.72899368980404,77,30110,0
27025,2006,242.40465416936007,75,30940,0
27025,2007,267.16707483858653,84,31441,0
27025,2008,225.88235294117646,72,31875,0
27027,2005,221.23893805309734,70,31640,0
27027,2006,228.6420515989495,74,32365,0
27027,2007,239.85183835807754,79,32937,0
27027,2008,237.14243367422557,80,33735,0
27029,2005,324.81593763534,15,4618,0
27029,2006,258.4535860435064,12,4643,0
27029,2007,320.85561497326205,15,4675,0
27029,2008,299.9785729590743,14,4667,0
27031,2005,227.80250052977325,7.335240517058699,3220,1
27031,2006,202.99988722228485,6.636066313296492,3269,1
27031,2007,337.94162826420893,11,3255,0
27031,2008,208.95793585899884,6.8538202961751615,3280,1
27033,2005,262.0802620802621,16,6105,0
27033,2006,332.5573661456601,20,6014,0
27033,2007,331.6749585406302,20,6030,0
27033,2008,347.91252485089467,21,6036,0
27035,2005,298.7193516902783,101,33811,0
27035,2006,284.70991545858635,98,34421,0
27035,2007,307.59500948657507,107,34786,0
27035,2008,343.2003432003432,120,34965,0
27037,2005,213.23682455536724,502,235419,0
27037,2006,205.92561462492122,490,237950,0
27037,2007,200.34665791015988,482,240583,0
27037,2008,188.87376799043258,458,242490,0
27039,2005,136.5249840720852,15,10987,0
27039,2006,198.64559819413094,22,11075,0
27039,2007,280.7462416228944,31,11042,0
27039,2008,269.03416733925206,30,11151,0
27041,2005,291.6038210155857,58,19890,0
27041,2006,194.9025487256372,39,20010,0
27041,2007,192.67822736030828,39,20241,0
27041,2008,266.8907230761627,54,20233,0
27043,2005,309.4825451844516,25,8078,0
27043,2006,360.02482929857234,29,8055,0
27043,2007,299.7002997002997,24,8008,0
27043,2008,402.1616187005153,32,7957,0
27045,2005,279.3539938891314,32,11455,0
27045,2006,227.85031986679522,26,11411,0
27045,2007,157.12290502793297,18,11456,0
27045,2008,280.7510089489384,32,11398,0
27047,2005,317.8747800420049,56,17617,0
27047,2006,267.0758040686442,47,17598,0
27047,2007,302.0803647762895,53,17545,0
27047,2008,374.14378633511774,65,17373,0
27049,2005,214.16551935138443,56,26148,0
27049,2006,301.1703709351531,79,26231,0
27049,2007,245.00565397663024,65,26530,0
27049,2008,323.50285886247366,86,26584,0
27051,2005,227.80250052977325,7.405859292222929,3251,1
27051,2006,401.11076828139466,13,3241,0
27051,2007,395.8587088915956,13,3284,0
27051,2008,364.07766990291265,12,3296,0
27053,2005,248.60831844568716,1752,704723,0
27053,2006,248.36389051656585,1759,708235,0
27053,2007,237.4265483502707,1695,713905,0
27053,2008,252.22083644438143,1814,719211,0
27055,2005,263.181776930756,29,11019,0
27055,2006,288.7565421404079,32,11082,0
27055,2007,262.2061482820977,29,11060,0
27055,2008,256.15222760955083,28,10931,0
27057,2005,370.94001628517145,41,11053,0
27057,2006,261.2848004324714,29,11099,0
27057,2007,301.8197958277852,34,11265,0
27057,2008,406.21688449311193,46,11324,0
27059,2005,209.51671477791228,45,21478,0
27059,2006,222.85896211397642,49,21987,0
27059,2007,214.5634973850074,48,22371,0
27059,2008,214.22833169686692,48,22406,0
27061,2005,358.1690085409533,91,25407,0
27061,2006,350.0216305502026,89,25427,0
27061,2007,362.9268292682927,93,25625,0
27061,2008,364.72018510529824,93,25499,0
27063,2005,171.7032967032967,10,5824,0
27063,2006,155.440414507772,9,5790,1
27063,2007,190.83969465648855,11,5764,0
27063,2008,263.48146847005097,15,5693,0
27065,2005,266.4961091568063,25,9381,0
27065,2006,264.8585655260091,25,9439,0
27065,2007,263.1578947368421,25,9500,0
27065,2008,463.15789473684214,44,9500,0
27067,2005,250.03178370131798,59,23597,0
27067,2006,295.7329953527672,70,23670,0
27067,2007,249.13436365171862,59,23682,0
27067,2008,248.91363962367635,59,23703,0
27069,2005,477.7070063694267,12,2512,0
27069,2006,202.99988722228485,5.05266719296267,2489,1
27069,2007,406.83482506102524,10,2458,0
27069,2008,208.95793585899878,5.102752793676751,2442,1
27071,2005,396.0649035390316,31,7827,0
27071,2006,388.24899702342435,30,7727,0
27071,2007,533.7846634552792,41,7681,0
27071,2008,368.4695354651928,28,7599,0
27073,2005,305.1881993896236,12,3932,0
27073,2006,202.99988722228488,7.87436562535243,3879,1
27073,2007,225.22522522522522,8.788288288288289,3902,1
27073,2008,283.7977296181631,11,3876,0
27075,2005,352.8468323977546,22,6235,0
27075,2006,464.07425188030084,29,6249,0
27075,2007,370.430020937349,23,6209,0
27075,2008,323.62459546925567,20,6180,0
27077,2005,598.3246908655764,15,2507,0
27077,2006,202.99988722228488,5.03033720536822,2478,1
27077,2007,495.6629491945477,12,2421,0
27077,2008,208.95793585899884,4.996184246388662,2391,1
27079,2005,243.74599101988454,38,15590,0
27079,2006,188.8098684624583,30,15889,0
27079,2007,291.68993980016137,47,16113,0
27079,2008,253.93286262851478,41,16146,0
27081,2005,321.646831778707,10,3109,0
27081,2006,202.99988722228488,6.276756512913049,3092,1
27081,2007,225.22522522522522,6.88063063063063,3055,1
27081,2008,208.95793585899884,6.379485781775234,3053,1
27083,2005,213.55745384403417,31,14516,0
27083,2006,197.35946644889069,29,14694,0
27083,2007,277.683711479851,41,14765,0
27083,2008,261.95593766792047,39,14888,0
27085,2005,223.49625886697115,46,20582,0
27085,2006,275.7964812173086,58,21030,0
27085,2007,170.2530148971388,36,21145,0
27085,2008,236.84335180711477,50,21111,0
27087,2005,227.80250052977323,6.337465564738292,2782,1
27087,2006,514.3277002204262,14,2722,0
27087,2007,769.5126419934041,21,2729,0
27087,2008,208.95793585899884,5.767239029708367,2760,1
27089,2005,204.68924451060664,11,5374,0
27089,2006,260.3682350753208,14,5377,0
27089,2007,169.3002257336343,9,5316,1
27089,2008,208.9268755935423,11,5265,0
27091,2005,313.9443620824976,36,11467,0
27091,2006,306.99061485834574,35,11401,0
27091,2007,351.09277626612834,40,11393,0
27091,2008,271.8106093818501,31,11405,0
27093,2005,224.63206816421376,29,12910,0
27093,2006,327.71892386251045,43,13121,0
27093,2007,259.60143544323125,34,13097,0
27093,2008,320,42,13125,0
27095,2005,358.87692632467804,51,14211,0
27095,2006,331.37728684846394,48,14485,0
27095,2007,287.10096383895007,42,14629,0
27095,2008,390.4911968212646,57,14597,0
27097,2005,299.0430622009569,55,18392,0
27097,2006,243.07243558580458,45,18513,0
27097,2007,321.4056138847225,60,18668,0
27097,2008,222.08121827411168,42,18912,0
27099,2005,256.86153260714457,54,21023,0
27099,2006,222.92842574586157,47,21083,0
27099,2007,251.30393551446184,53,21090,0
27099,2008,265.90693257359925,56,21060,0
27101,2005,363.6363636363636,17,4675,0
27101,2006,277.06734867860183,13,4692,0
27101,2007,257.0143499678732,12,4669,0
27101,2008,192.8433683308335,9,4667,1
27103,2005,131.82872811643114,25,18964,0
27103,2006,237.86131651067788,46,19339,0
27103,2007,195.0418313401427,38,19483,0
27103,2008,183.5049444387807,36,19618,0
27105,2005,200.57556466381794,23,11467,0
27105,2006,157.67344078486335,18,11416,0
27105,2007,331.64601152033515,38,11458,0
27105,2008,230.98639746770468,27,11689,0
27107,2005,377.9697624190065,14,3704,0
27107,2006,520.6906001644286,19,3649,0
27107,2007,389.10505836575874,14,3598,0
27107,2008,208.95793585899884,7.474425365676388,3577,1
27109,2005,227.11648006285603,185,81456,0
27109,2006,223.3436353100251,185,82832,0
27109,2007,230.8864134056936,194,84024,0
27109,2008,214.71312917986626,183,85230,0
27111,2005,315.00031500031497,100,31746,0
27111,2006,297.339593114241,95,31950,0
27111,2007,304.21828445977735,97,31885,0
27111,2008,305.252226453095,97,31777,0
27113,2005,378.16714988024705,30,7933,0
27113,2006,248.4472049689441,20,8050,0
27113,2007,298.5817367504354,24,8038,0
27113,2008,299.17726252804783,24,8022,0
27115,2005,366.53857522908663,62,16915,0
27115,2006,403.579575364099,69,17097,0
27115,2007,242.43823597321634,42,17324,0
27115,2008,305.75845082384916,54,17661,0
27117,2005,287.5333744095297,14,4869,0
27117,2006,407.6640847941296,20,4906,0
27117,2007,343.0185633575464,17,4956,0
27117,2008,457.16557344464326,23,5031,0
27119,2005,274.9298356148691,48,17459,0
27119,2006,296.88838138738225,52,17515,0
27119,2007,256.2204634743495,45,17563,0
27119,2008,306.9053708439898,54,17595,0
27121,2005,196.49582446373014,12,6107,0
27121,2006,437.45949449125084,27,6172,0
27121,2007,194.61563412260784,12,6166,0
27121,2008,323.78177108628785,20,6177,0
27123,2005,284.0261700392022,860,302789,0
27123,2006,277.8061216093006,844,303809,0
27123,2007,265.29012023000524,812,306080,0
27123,2008,269.28118146307276,830,308228,0
27125,2005,227.80250052977323,5.266793812248357,2312,1
27125,2006,528.169014084507,12,2272,0
27125,2007,225.22522522522522,5.126126126126126,2276,1
27125,2008,208.95793585899884,4.766330516943763,2281,1
27127,2005,316.52989449003513,27,8530,0
27127,2006,363.9779264999413,31,8517,0
27127,2007,505.8228443712505,43,8501,0
27127,2008,339.9765533411489,29,8530,0
27129,2005,281.0883741848437,25,8894,0
27129,2006,236.9935673174585,21,8861,0
27129,2007,315.955766192733,28,8862,0
27129,2008,422.3262184682114,37,8761,0
27131,2005,255.03132449963962,92,36074,0
27131,2006,190.64738404553748,70,36717,0
27131,2007,173.57815085026172,64,36871,0
27131,2008,238.4205309544858,89,37329,0
27133,2005,337.5694996028594,17,5036,0
27133,2006,335.9683794466403,17,5060,0
27133,2007,255.15210991167814,13,5095,0
27133,2008,490.5808477237049,25,5096,0
27135,2005,206.63404023926049,19,9195,0
27135,2006,328.8031565103025,30,9124,0
27135,2007,287.1658935277226,26,9054,0
27135,2008,276.4263600176913,25,9044,0
27137,2005,318.65658430489873,378,118623,0
27137,2006,344.58762670512186,411,119273,0
27137,2007,367.1267544662926,441,120122,0
27137,2008,348.2933625236342,420,120588,0
27139,2005,155.20351235336065,111,71519,0
27139,2006,213.0373425966131,157,73696,0
27139,2007,156.86483037328512,118,75224,0
27139,2008,199.04145824057827,152,76366,0
27141,2005,211.55979131577865,103,48686,0
27141,2006,195.907705703091,99,50534,0
27141,2007,166.63760196864888,86,51609,0
27141,2008,182.9861044926901,96,52463,0
27143,2005,213.82751247327158,18,8418,0
27143,2006,260.7871028923661,22,8436,0
27143,2007,210.01050052502626,18,8571,0
27143,2008,209.49720670391062,18,8592,0
27145,2005,201.66963699465342,172,85288,0
27145,2006,182.9520872646937,159,86908,0
27145,2007,197.73117599204554,175,88504,0
27145,2008,215.12122977636355,192,89252,0
27147,2005,177.13048612477857,36,20324,0
27147,2006,208.86967503764512,43,20587,0
27147,2007,197.36208722441512,41,20774,0
27147,2008,210.4256336681014,44,20910,0
27149,2005,164.6542261251372,9,5466,1
27149,2006,255.89471760190094,14,5471,0
27149,2007,239.3665991530105,13,5431,0
27149,2008,311.64069660861594,17,5455,0
27151,2005,411.59627773801003,23,5588,0
27151,2006,286.99551569506724,16,5575,0
27151,2007,360.1656762110571,20,5553,0
27151,2008,309.2595961433509,17,5497,0
27153,2005,220.15117047038964,30,13627,0
27153,2006,345.1567893074833,47,13617,0
27153,2007,306.2117235345582,42,13716,0
27153,2008,299.31376843334795,41,13698,0
27155,2005,227.80250052977325,4.2029561347743165,1845,1
27155,2006,202.99988722228485,3.7392579226344873,1842,1
27155,2007,225.22522522522522,4.1058558558558556,1823,1
27155,2008,208.95793585899884,3.7758699009721086,1807,1
27157,2005,248.45716117656485,31,12477,0
27157,2006,255.65231285451787,32,12517,0
27157,2007,288.6697137358672,36,12471,0
27157,2008,192.21528111484864,24,12486,0
27159,2005,386.90064944037584,28,7237,0
27159,2006,443.8895824663615,32,7209,0
27159,2007,454.295154185022,33,7264,0
27159,2008,288.8185944161739,21,7271,0
27161,2005,175.19271198318148,20,11416,0
27161,2006,269.09722222222223,31,11520,0
27161,2007,276.0048300845265,32,11594,0
27161,2008,224.77738393706233,26,11567,0
27163,2005,188.62416634855052,252,133599,0
27163,2006,188.09373947919258,257,136634,0
27163,2007,204.29521734143825,285,139504,0
27163,2008,212.09657464031955,300,141445,0
27165,2005,264.5065300049595,16,6049,0
27165,2006,264.63777704267284,16,6046,0
27165,2007,299.6005326231691,18,6008,0
27165,2008,252.4402558061259,15,5942,0
27167,2005,313.64349189754313,12,3826,0
27167,2006,202.99988722228488,7.636855757302357,3762,1
27167,2007,319.744204636291,12,3753,0
27167,2008,324.3243243243243,12,3700,0
27169,2005,171.83266142356752,52,30262,0
27169,2006,252.56666776002885,77,30487,0
27169,2007,227.34654108476775,70,30790,0
27169,2008,184.1620626151013,57,30951,0
27171,2005,235.45706371191133,153,64980,0
27171,2006,196.2925792549737,133,67756,0
27171,2007,191.9990829894544,134,69792,0
27171,2008,192.2941960839357,137,71245,0
27173,2005,521.9206680584551,30,5748,0
27173,2006,310.2913290811929,18,5801,0
27173,2007,313.64349189754313,18,5739,0
27173,2008,192.9147667485093,11,5702,0
28001,2005,555.1996583386718,104,18732,0
28001,2006,621.8970472955317,119,19135,0
28001,2007,682.4863502729946,130,19048,0
28001,2008,644.0127755379863,123,19099,0
28003,2005,549.1619311398691,115,20941,0
28003,2006,483.4581476917244,102,21098,0
28003,2007,533.5977711668319,113,21177,0
28003,2008,628.6038377918518,133,21158,0
28005,2005,342.33048057932854,26,7595,0
28005,2006,663.2852126414358,51,7689,0
28005,2007,612.7770534550195,47,7670,0
28005,2008,417.5910217930314,32,7663,0
28007,2005,390.4018282231956,41,10502,0
28007,2006,560.357108937221,59,10529,0
28007,2007,644.061375260466,68,10558,0
28007,2008,697.3237843950245,74,10612,0
28009,2005,517.464424320828,24,4638,0
28009,2006,610.1409636019356,29,4753,0
28009,2007,603.2868733097566,29,4807,0
28009,2008,834.6905537459284,41,4912,0
28011,2005,609.1802040045335,129,21176,0
28011,2006,714.8944228766215,151,21122,0
28011,2007,716.9666057164854,149,20782,0
28011,2008,661.2534642874508,136,20567,0
28013,2005,481.4636494944632,40,8308,0
28013,2006,557.4003795066413,47,8432,0
28013,2007,546.5779467680608,46,8416,0
28013,2008,646.010288311999,54,8359,0
28015,2005,626.103708460427,39,6229,0
28015,2006,543.3045701502077,34,6258,0
28015,2007,510.204081632653,32,6272,0
28015,2008,428.7756074321105,27,6297,0
28017,2005,509.4542960713236,52,10207,0
28017,2006,424.27232363098176,43,10135,0
28017,2007,497.06730291281434,50,10059,0
28017,2008,575.9321006365566,57,9897,0
28019,2005,536.4593681700775,27,5033,0
28019,2006,623.3661773577318,31,4973,0
28019,2007,620.347394540943,30,4836,0
28019,2008,645.4299396210702,31,4803,0
28021,2005,617.3869514433505,37,5993,0
28021,2006,562.0848237097598,33,5871,0
28021,2007,654.6355272469922,37,5652,0
28021,2008,542.8121169672562,31,5711,0
28023,2005,521.5540180947312,49,9395,0
28023,2006,517.6967776016904,49,9465,0
28023,2007,512.4372798121063,48,9367,0
28023,2008,631.2185728041082,59,9347,0
28025,2005,510.84498785696337,61,11941,0
28025,2006,536.822680758262,64,11922,0
28025,2007,446.2030644889712,53,11878,0
28025,2008,474.17442845046565,56,11810,0
28027,2005,697.5184439973173,104,14910,0
28027,2006,699.8654104979811,104,14860,0
28027,2007,781.8874082132172,115,14708,0
28027,2008,816.0442600276625,118,14460,0
28029,2005,597.8621897457576,99,16559,0
28029,2006,535.2045670789723,90,16816,0
28029,2007,604.4086276368807,102,16876,0
28029,2008,619.4324818594773,105,16951,0
28031,2005,536.5402405180388,58,10810,0
28031,2006,403.5216434336023,44,10904,0
28031,2007,431.74719823626674,47,10886,0
28031,2008,530.7467057101026,58,10928,0
28033,2005,377.9612041112425,310,82019,0
28033,2006,319.3598966980262,277,86736,0
28033,2007,362.6705946681843,325,89613,0
28033,2008,360.87041078721614,334,92554,0
28035,2005,471.70896707241303,205,43459,0
28035,2006,501.83100501831007,222,44238,0
28035,2007,430.06899023385,192,44644,0
28035,2008,474.84657080141557,212,44646,0
28037,2005,618.6478126380911,28,4526,0
28037,2006,417.39894551845344,19,4552,0
28037,2007,508.9621597698606,23,4519,0
28037,2008,534.1642555085689,24,4493,0
28039,2005,568.0868838763575,68,11970,0
28039,2006,476.3058044724308,59,12387,0
28039,2007,589.0781722655628,74,12562,0
28039,2008,569.3783636221824,73,12821,0
28041,2005,415.82511583699653,35,8417,0
28041,2006,456.8955152098112,38,8317,0
28041,2007,316.2412468940592,28,8854,0
28041,2008,332.9395338846526,31,9311,0
28043,2005,584.9802371541501,74,12650,0
28043,2006,587.2220482305042,75,12772,0
28043,2007,627.0575325286095,80,12758,0
28043,2008,600.8380109099534,76,12649,0
28045,2005,562.8047031832521,157,27896,0
28045,2006,564.8050579557429,134,23725,0
28045,2007,494.18011027159486,121,24485,0
28045,2008,468.20601064468366,117,24989,0
28047,2005,541.9872305794901,646,119191,0
28047,2006,550.9512149180637,585,106180,0
28047,2007,494.8676986356709,539,108918,0
28047,2008,499.69783614601283,554,110867,0
28049,2005,476.1871946303175,691,145111,0
28049,2006,482.00184596451646,705,146265,0
28049,2007,505.7449028237424,732,144737,0
28049,2008,478.92853662271847,688,143654,0
28051,2005,649.2301984789464,70,10782,0
28051,2006,792.6886132612143,85,10723,0
28051,2007,679.1812093198755,72,10601,0
28051,2008,683.2646948708349,73,10684,0
28053,2005,647.6683937823834,35,5404,0
28053,2006,1037.229116503056,56,5399,0
28053,2007,735.8490566037735,39,5300,0
28053,2008,524.4427795467316,28,5339,0
28055,2005,467.28971962616816,5,1070,1
28055,2006,396.03960396039605,4,1010,1
28055,2007,315.45741324921136,3,951,1
28055,2008,213.90374331550802,2,935,1
28057,2005,507.46042566083463,67,13203,0
28057,2006,493.05924296442385,65,13183,0
28057,2007,522.766876278506,69,13199,0
28057,2008,621.5888417222559,82,13192,0
28059,2005,507.37391515445773,418,82385,0
28059,2006,524.5085091128636,417,79503,0
28059,2007,456.2055015186355,371,81323,0
28059,2008,407.3170731707317,334,82000,0
28061,2005,610.7328794553464,61,9988,0
28061,2006,608.4788029925187,61,10025,0
28061,2007,634.4410876132931,63,9930,0
28061,2008,573.1523378582202,57,9945,0
28063,2005,548.6968449931412,28,5103,0
28063,2006,619.3806193806194,31,5005,0
28063,2007,525.9963584867489,26,4943,0
28063,2008,644.0889258258882,31,4813,0
28065,2005,745.4594741122256,55,7378,0
28065,2006,631.5506584251546,47,7442,0
28065,2007,622.3785685292924,46,7391,0
28065,2008,451.7453798767967,33,7305,0
28067,2005,463.10998200486927,175,37788,0
28067,2006,608.3750329207269,231,37970,0
28067,2007,500.39297877914595,191,38170,0
28067,2008,580.7717462393721,222,38225,0
28069,2005,306.3829787234042,18,5875,0
28069,2006,493.1972789115646,29,5880,0
28069,2007,542.7408412483039,32,5896,0
28069,2008,463.5989010989011,27,5824,0
28071,2005,345.904931934836,93,26886,0
28071,2006,276.1638332974679,77,27882,0
28071,2007,236.74911660777386,67,28300,0
28071,2008,273.85863348008456,79,28847,0
28073,2005,372.1029130342335,105,28218,0
28073,2006,382.830233424806,113,29517,0
28073,2007,327.9540214956002,101,30797,0
28073,2008,342.2077106618109,109,31852,0
28075,2005,564.3038765222822,253,44834,0
28075,2006,543.0774388199799,243,44745,0
28075,2007,523.2596648488728,237,45293,0
28075,2008,565.9717669682269,259,45762,0
28077,2005,567.8816693079767,43,7572,0
28077,2006,569.4609985432394,43,7551,0
28077,2007,555.2617662612375,42,7564,0
28077,2008,599.0415335463258,45,7512,0
28079,2005,580.6092420265649,73,12573,0
28079,2006,619.0967537106119,78,12599,0
28079,2007,555.8202318564396,70,12594,0
28079,2008,732.134330733726,92,12566,0
28081,2005,438.4338532010034,201,45845,0
28081,2006,560.2723785717365,260,46406,0
28081,2007,566.1425397367972,265,46808,0
28081,2008,477.57519156071567,225,47113,0
28083,2005,573.7027082902625,111,19348,0
28083,2006,578.9609718273456,112,19345,0
28083,2007,589.2782644972882,113,19176,0
28083,2008,643.3241932081839,122,18964,0
28085,2005,517.0207320194522,101,19535,0
28085,2006,581.1015664477009,115,19790,0
28085,2007,494.52490286117984,98,19817,0
28085,2008,594.3087383530597,118,19855,0
28087,2005,491.5994332147711,170,34581,0
28087,2006,440.69358834034216,153,34718,0
28087,2007,377.53249373180785,131,34699,0
28087,2008,467.1010899025431,162,34682,0
28089,2005,518.7113699147405,261,50317,0
28089,2006,527.3250239693192,275,52150,0
28089,2007,486.2598975314392,261,53675,0
28089,2008,526.172548308083,290,55115,0
28091,2005,624.0998559769563,91,14581,0
28091,2006,781.9810185804037,117,14962,0
28091,2007,640.771568238869,97,15138,0
28091,2008,650.9303701755539,99,15209,0
28093,2005,572.457411938507,124,21661,0
28093,2006,652.1639987230354,143,21927,0
28093,2007,519.6899780475785,116,22321,0
28093,2008,457.7167488779274,103,22503,0
28095,2005,481.4884068810771,103,21392,0
28095,2006,421.4864421861097,90,21353,0
28095,2007,493.65303244005645,105,21270,0
28095,2008,432.02629725287625,92,21295,0
28097,2005,616.0164271047228,39,6331,0
28097,2006,603.0788763688303,38,6301,0
28097,2007,596.3894261766602,37,6204,0
28097,2008,732.7796775769418,45,6141,0
28099,2005,696.3958460598656,114,16370,0
28099,2006,540.5405405405405,89,16465,0
28099,2007,658.8981758281984,108,16391,0
28099,2008,688.2689730783286,113,16418,0
28101,2005,506.14005974112183,61,12052,0
28101,2006,389.75039389667467,47,12059,0
28101,2007,445.03049283006425,54,12134,0
28101,2008,520.5751115518096,63,12102,0
28103,2005,421.17930204572804,28,6648,0
28103,2006,376.6194636938837,25,6638,0
28103,2007,508.82969170906915,34,6682,0
28103,2008,542.8226779252111,36,6632,0
28105,2005,265.12071830039946,75,28289,0
28105,2006,279.4645321556721,81,28984,0
28105,2007,267.55173231279844,79,29527,0
28105,2008,258.60621326616285,77,29775,0
28107,2005,664.4686786710627,131,19715,0
28107,2006,727.9344858962694,144,19782,0
28107,2007,656.1017462400323,130,19814,0
28107,2008,574.1626794258373,114,19855,0
28109,2005,556.7552976110136,165,29636,0
28109,2006,615.5759365770247,198,32165,0
28109,2007,621.2517299707827,202,32515,0
28109,2008,583.3768307286069,190,32569,0
28111,2005,469.75088967971533,33,7025,0
28111,2006,557.0632766747607,39,7001,0
28111,2007,562.5087891998313,40,7111,0
28111,2008,434.84359657736013,31,7129,0
28113,2005,629.5907660020987,138,21919,0
28113,2006,619.7706848466067,140,22589,0
28113,2007,583.1552706552707,131,22464,0
28113,2008,568.813047149269,128,22503,0
28115,2005,357.987986165888,59,16481,0
28115,2006,367.4509571504771,62,16873,0
28115,2007,431.5185907666844,73,16917,0
28115,2008,347.0384095053232,59,17001,0
28117,2005,547.0016207455429,81,14808,0
28117,2006,544.3287745798463,80,14697,0
28117,2007,451.37464095199016,66,14622,0
28117,2008,512.8205128205128,75,14625,0
28119,2005,829.3838862559243,42,5064,0
28119,2006,744.3170388251862,37,4971,0
28119,2007,1009.6847310941687,49,4853,0
28119,2008,1008.827238335435,48,4758,0
28121,2005,341.0860377171952,276,80918,0
28121,2006,362.93920466877273,301,82934,0
28121,2007,379.48863905886816,320,84324,0
28121,2008,372.2040801994452,318,85437,0
28123,2005,524.2136794807789,84,16024,0
28123,2006,487.95552810376773,79,16190,0
28123,2007,568.4626791893228,92,16184,0
28123,2008,500.8037591195746,81,16174,0
28125,2005,782.9627309740057,25,3193,0
28125,2006,549.4505494505495,17,3094,0
28125,2007,736.7716008037509,22,2986,0
28125,2008,673.8544474393532,20,2968,0
28127,2005,578.4708249496981,92,15904,0
28127,2006,527.8371245444263,84,15914,0
28127,2007,603.5961623991359,95,15739,0
28127,2008,609.2916984006093,96,15756,0
28129,2005,705.2951388888889,65,9216,0
28129,2006,720.4301075268817,67,9300,0
28129,2007,656.1256319242766,61,9297,0
28129,2008,412.1475054229935,38,9220,0
28131,2005,633.5558321077045,56,8839,0
28131,2006,513.4238956038079,48,9349,0
28131,2007,472.788400924564,45,9518,0
28131,2008,479.4246903715541,48,10012,0
28133,2005,720.8691622470521,140,19421,0
28133,2006,688.1564650488954,133,19327,0
28133,2007,623.9043002990616,121,19394,0
28133,2008,646.7345207803223,122,18864,0
28135,2005,464.0371229698376,42,9051,0
28135,2006,404.3273959130149,37,9151,0
28135,2007,560.2240896358544,52,9282,0
28135,2008,500,47,9400,0
28137,2005,489.5960832313341,76,15523,0
28137,2006,564.2553731059405,89,15773,0
28137,2007,452.17609746906993,72,15923,0
28137,2008,557.9665220086795,90,16130,0
28139,2005,511.0188438198659,64,12524,0
28139,2006,454.72676505783807,57,12535,0
28139,2007,492.1806779391919,62,12597,0
28139,2008,457.5575891448407,58,12676,0
28141,2005,643.1742005616451,71,11039,0
28141,2006,577.2005772005772,64,11088,0
28141,2007,494.2487419122933,55,11128,0
28141,2008,541.7118093174431,60,11076,0
28143,2005,702.2953066118533,41,5838,0
28143,2006,626.2359920896506,38,6068,0
28143,2007,703.0739045127534,43,6116,0
28143,2008,687.010704585397,43,6259,0
28145,2005,451.68892380204244,69,15276,0
28145,2006,454.95905368516827,70,15386,0
28145,2007,405.67951318458415,62,15283,0
28145,2008,421.36652405030463,65,15426,0
28147,2005,641.4063427960566,54,8419,0
28147,2006,542.0991926182238,47,8670,0
28147,2007,395.07320474087845,34,8606,0
28147,2008,695.0075292482335,60,8633,0
28149,2005,540.1802939422638,154,28509,0
28149,2006,547.0914127423823,158,28880,0
28149,2007,505.3849639259698,145,28691,0
28149,2008,484.3214197334465,137,28287,0
28151,2005,681.4691579216791,213,31256,0
28151,2006,677.4668630338733,207,30555,0
28151,2007,648.764338026285,194,29903,0
28151,2008,726.9021739130435,214,29440,0
28153,2005,530.0207039337474,64,12075,0
28153,2006,471.386040357261,57,12092,0
28153,2007,369.5795006570302,45,12176,0
28153,2008,696.3087248322147,83,11920,0
28155,2005,655.4472984942427,37,5645,0
28155,2006,299.50669485553203,17,5676,0
28155,2007,581.4977973568282,33,5675,0
28155,2008,586.7126833477136,34,5795,0
28157,2005,544.5544554455445,33,6060,0
28157,2006,611.8177427145388,38,6211,0
28157,2007,685.1549755301794,42,6130,0
28157,2008,804.5977011494252,49,6090,0
28159,2005,625.3398586188146,69,11034,0
28159,2006,435.5716878402904,48,11020,0
28159,2007,618.1818181818181,68,11000,0
28159,2008,700.4608294930875,76,10850,0
28161,2005,591.3183711866684,44,7441,0
28161,2006,678.5181164337088,50,7369,0
28161,2007,663.9566395663957,49,7380,0
28161,2008,699.8764923836969,51,7287,0
28163,2005,519.3550335165168,86,16559,0
28163,2006,614.9561988745141,106,17237,0
28163,2007,454.8635409377187,78,17148,0
28163,2008,505.0801667939155,86,17027,0
29001,2005,389.44470556637344,58,14893,0
29001,2006,325.3004049658103,49,15063,0
29001,2007,319.893368877041,48,15005,0
29001,2008,328.7310979618672,50,15210,0
29003,2005,384.45552784704904,37,9624,0
29003,2006,397.9591836734694,39,9800,0
29003,2007,407.95512493625705,40,9805,0
29003,2008,296.79664312762253,29,9771,0
29005,2005,366.9724770642202,12,3270,0
29005,2006,281.69014084507046,9,3195,1
29005,2007,498.13200498132005,16,3212,0
29005,2008,445.1510333863275,14,3145,0
29007,2005,385.1709195955705,56,14539,0
29007,2006,430.8576118178088,63,14622,0
29007,2007,317.63568567877365,46,14482,0
29007,2008,420.54463977938644,61,14505,0
29009,2005,458.94951555328913,90,19610,0
29009,2006,456.23182593001104,91,19946,0
29009,2007,490.9081801332465,98,19963,0
29009,2008,595.8938407611417,119,19970,0
29011,2005,506.82810080247776,36,7103,0
29011,2006,479.4134235758601,34,7092,0
29011,2007,415.29428612344265,29,6983,0
29011,2008,453.68066734962684,31,6833,0
29013,2005,416.6221557525905,39,9361,0
29013,2006,391.86613005719124,37,9442,0
29013,2007,498.5150615188799,47,9428,0
29013,2008,401.56398605093517,38,9463,0
29015,2005,512.9694154084398,53,10332,0
29015,2006,550.0868558193398,57,10362,0
29015,2007,554.069545280856,58,10468,0
29015,2008,661.2362242453282,69,10435,0
29017,2005,405.76465649923045,29,7147,0
29017,2006,448.55620970002803,32,7134,0
29017,2007,405.0845090096383,29,7159,0
29017,2008,449.69083754918495,32,7116,0
29019,2005,230.02027119284944,219,95209,0
29019,2006,247.04717375991507,242,97957,0
29019,2007,246.72289809140784,246,99707,0
29019,2008,243.0926123562196,246,101196,0
29021,2005,432.0757310917768,220,50917,0
29021,2006,425.03411971144476,218,51290,0
29021,2007,367.91616904881147,191,51914,0
29021,2008,419.5241561625991,219,52202,0
29023,2005,541.1881351730975,131,24206,0
29023,2006,627.7695716395864,153,24372,0
29023,2007,630.433886851539,153,24269,0
29023,2008,543.8141144481523,132,24273,0
29025,2005,392.0031360250882,20,5102,0
29025,2006,525.8033106134371,27,5135,0
29025,2007,403.84615384615387,21,5200,0
29025,2008,555.9815950920246,29,5216,0
29027,2005,333.89622351857537,87,26056,0
29027,2006,398.3156936383294,105,26361,0
29027,2007,350.5994118977607,93,26526,0
29027,2008,379.9731783638802,102,26844,0
29029,2005,407.70478845113786,98,24037,0
29029,2006,366.4331158895063,91,24834,0
29029,2007,443.898378978241,112,25231,0
29029,2008,417.19143576826195,106,25408,0
29031,2005,283.6447174101596,121,42659,0
29031,2006,311.1817993223152,135,43383,0
29031,2007,371.9762665449566,163,43820,0
29031,2008,292.63645025180347,129,44082,0
29033,2005,466.50494495241645,25,5359,0
29033,2006,413.3007702423445,22,5323,0
29033,2007,551.0165304959149,29,5263,0
29033,2008,579.0387955993051,30,5181,0
29035,2005,651.6587677725119,22,3376,0
29035,2006,759.3457943925233,26,3424,0
29035,2007,460.5641911341394,16,3474,0
29035,2008,635.470826112074,22,3462,0
29037,2005,334.0276604927846,178,53289,0
29037,2006,337.8254323798333,184,54466,0
29037,2007,363.2914563871291,203,55878,0
29037,2008,352.53684807256235,199,56448,0
29039,2005,558.4363781412046,42,7521,0
29039,2006,442.5372133565777,33,7457,0
29039,2007,639.5427949380868,47,7349,0
29039,2008,573.8488864598988,42,7319,0
29041,2005,502.85714285714283,22,4375,0
29041,2006,482.31511254019296,21,4354,0
29041,2007,370.9714815673545,16,4313,0
29041,2008,635.4436337961873,27,4249,0
29043,2005,255.2974214960429,100,39170,0
29043,2006,293.50617585911704,120,40885,0
29043,2007,281.9085206850377,120,42567,0
29043,2008,315.9991756543244,138,43671,0
29045,2005,444.0059200789344,18,4054,0
29045,2006,446.3178775105381,18,4033,0
29045,2007,569.8711595639247,23,4036,0
29045,2008,523.5602094240838,21,4011,0
29047,2005,288.10446847582125,353,122525,0
29047,2006,295.20060944641955,372,126016,0
29047,2007,320.04971646080946,412,128730,0
29047,2008,311.76033519981,407,130549,0
29049,2005,360.669815371404,42,11645,0
29049,2006,457.4881312041433,53,11585,0
29049,2007,244.76704929101956,29,11848,0
29049,2008,496.3822985024399,59,11886,0
29051,2005,334.0042911809595,151,45209,0
29051,2006,342.34550561797755,156,45568,0
29051,2007,306.2988163738596,140,45707,0
29051,2008,313.24777028496845,144,45970,0
29053,2005,288.2121241233548,30,10409,0
29053,2006,343.9709535639213,36,10466,0
29053,2007,312.41124680488497,33,10563,0
29053,2008,382.81175232079624,40,10449,0
29055,2005,527.9366476022877,72,13638,0
29055,2006,441.9649326184611,61,13802,0
29055,2007,528.6469495642235,74,13998,0
29055,2008,493.385770468359,69,13985,0
29057,2005,576.036866359447,25,4340,0
29057,2006,504.1246562786435,22,4364,0
29057,2007,321.02728731942216,14,4361,0
29057,2008,482.2043628013777,21,4355,0
29059,2005,413.9433551198257,38,9180,0
29059,2006,482.41852487135503,45,9328,0
29059,2007,378.46930193439863,36,9512,0
29059,2008,409.4488188976378,39,9525,0
29061,2005,360.6853020739405,16,4436,0
29061,2006,399.2901508429458,18,4508,0
29061,2007,446.82752457551385,20,4476,0
29061,2008,223.2142857142857,10,4480,0
29063,2005,399.0142002112428,34,8521,0
29063,2006,267.7532013969732,23,8590,0
29063,2007,254.4529262086514,22,8646,0
29063,2008,280.99754127151385,24,8541,0
29065,2005,470.25628967787446,40,8506,0
29065,2006,593.299208934388,51,8596,0
29065,2007,609.4702297233943,52,8532,0
29065,2008,590.4828065300452,51,8637,0
29067,2005,333.1556503198294,25,7504,0
29067,2006,423.89720492780503,32,7549,0
29067,2007,475.43581616481777,36,7572,0
29067,2008,379.77998952331063,29,7636,0
29069,2005,754.5714915179555,137,18156,0
29069,2006,626.9766409587749,113,18023,0
29069,2007,558.3784689262382,100,17909,0
29069,2008,639.1209284072434,114,17837,0
29071,2005,338.9361554956077,196,57828,0
29071,2006,380.00034234265075,222,58421,0
29071,2007,356.3126728540645,210,58937,0
29071,2008,432.4269753668058,257,59432,0
29073,2005,440.5286343612335,38,8626,0
29073,2006,369.60036960036956,32,8658,0
29073,2007,429.2841396913795,37,8619,0
29073,2008,364.10617805966643,31,8514,0
29075,2005,289.4356005788712,10,3455,0
29075,2006,462.5614339404453,16,3459,0
29075,2007,375.61398439757295,13,3461,0
29075,2008,345.42314335060445,12,3474,0
29077,2005,361.9169555875287,571,157771,0
29077,2006,366.66109242708586,592,161457,0
29077,2007,333.97817279264154,549,164382,0
29077,2008,370.7671750671113,616,166142,0
29079,2005,404.7838086476541,22,5435,0
29079,2006,297.3977695167286,16,5380,0
29079,2007,352.50463821892396,19,5390,0
29079,2008,483.6309523809524,26,5376,0
29081,2005,471.2939160239932,22,4668,0
29081,2006,344.90191851692174,16,4639,0
29081,2007,449.00577293136627,21,4677,0
29081,2008,365.277180919639,17,4654,0
29083,2005,494.45729324507533,62,12539,0
29083,2006,562.4653410441258,71,12623,0
29083,2007,404.34472369777217,51,12613,0
29083,2008,575.9539236861051,72,12501,0
29085,2005,503.5246727089627,25,4965,0
29085,2006,703.9420756234915,35,4972,0
29085,2007,522.0883534136547,26,4980,0
29085,2008,547.3342793431989,27,4933,0
29087,2005,433.68268883267075,12,2767,0
29087,2006,303.929372602938,8.355018452854765,2749,1
29087,2007,307.69230769230774,8.624615384615385,2803,1
29087,2008,363.901018922853,10,2748,0
29089,2005,449.9826929733472,26,5778,0
29089,2006,343.3476394849785,20,5825,0
29089,2007,463.3602196670671,27,5827,0
29089,2008,476.3525008506295,28,5878,0
29091,2005,441.4703285468656,95,21519,0
29091,2006,560.3784851407836,122,21771,0
29091,2007,459.50864422202005,101,21980,0
29091,2008,523.3948472679691,116,22163,0
29093,2005,642.504118616145,39,6070,0
29093,2006,604.3776543613199,37,6122,0
29093,2007,723.922342875946,44,6078,0
29093,2008,670.3727926749509,41,6116,0
29095,2005,419.3692545023493,1661,396071,0
29095,2006,421.7531046762536,1677,397626,0
29095,2007,402.6018898252888,1608,399402,0
29095,2008,438.75722017385755,1760,401133,0
29097,2005,477.1514838628933,305,63921,0
29097,2006,442.86571019975094,288,65031,0
29097,2007,420.3777351015409,278,66131,0
29097,2008,443.2929477483414,296,66773,0
29099,2005,352.6803708182185,455,129012,0
29099,2006,369.14187887866467,483,130844,0
29099,2007,347.23011955936653,458,131901,0
29099,2008,374.4300510311925,496,132468,0
29101,2005,236.93647540983608,74,31232,0
29101,2006,234.06610786019297,74,31615,0
29101,2007,283.6164245422746,90,31733,0
29101,2008,290.15674772132337,92,31707,0
29103,2005,455.1661356395084,10,2197,0
29103,2006,506.44567219152856,11,2172,0
29103,2007,307.6923076923077,6.72,2184,1
29103,2008,461.2546125461255,10,2168,0
29105,2005,449.85175339944794,88,19562,0
29105,2006,360.5227579990987,72,19971,0
29105,2007,506.0025796209942,102,20158,0
29105,2008,481.8917979035223,97,20129,0
29107,2005,476.6696679201313,90,18881,0
29107,2006,422.56496936403977,80,18932,0
29107,2007,472.32393992464046,89,18843,0
29107,2008,423.5941967595044,80,18886,0
29109,2005,450.8653706307268,93,20627,0
29109,2006,397.20520673813166,83,20896,0
29109,2007,406.31200982708117,86,21166,0
29109,2008,439.1971664698937,93,21175,0
29111,2005,605.4315862307559,35,5781,0
29111,2006,446.5819306080384,26,5822,0
29111,2007,395.4607977991747,23,5816,0
29111,2008,466.24071835606975,27,5791,0
29113,2005,335.8277057857273,92,27395,0
29113,2006,369.4795914810554,106,28689,0
29113,2007,340.93977855792605,101,29624,0
29113,2008,390.18583427022025,118,30242,0
29115,2005,413.4587966923296,29,7014,0
29115,2006,518.5825410544511,36,6942,0
29115,2007,304.3478260869565,21,6900,0
29115,2008,435.22414043232266,30,6893,0
29117,2005,473.3584172836509,39,8239,0
29117,2006,530.3760848601736,44,8296,0
29117,2007,438.90865954922896,37,8430,0
29117,2008,447.9019330504479,38,8484,0
29119,2005,469.05036524413686,61,13005,0
29119,2006,516.6780639769015,68,13161,0
29119,2007,539.718738122387,71,13155,0
29119,2008,496.9418960244648,65,13080,0
29121,2005,421.7432052483599,36,8536,0
29121,2006,411.57102539981184,35,8504,0
29121,2007,473.0928444707274,40,8455,0
29121,2008,428.3674440742504,36,8404,0
29123,2005,490.19607843137254,33,6732,0
29123,2006,589.7965202005308,40,6782,0
29123,2007,523.2558139534883,36,6880,0
29123,2008,727.6961141027507,50,6871,0
29125,2005,482.6254826254826,25,5180,0
29125,2006,501.25313283208015,26,5187,0
29125,2007,555.1301684532925,29,5224,0
29125,2008,368.64571206829646,19,5154,0
29127,2005,469.8608964451314,76,16175,0
29127,2006,471.1497277121703,77,16343,0
29127,2007,359.5149594783987,59,16411,0
29127,2008,407.5425790754258,67,16440,0
29129,2005,612.5574272588055,12,1959,0
29129,2006,303.92937260293803,6.032998046168319,1985,1
29129,2007,307.6923076923077,6.08,1976,1
29129,2008,324.7924936845904,6.466618549260195,1991,1
29131,2005,470.4540594482857,66,14029,0
29131,2006,457.87545787545787,65,14196,0
29131,2007,519.2618061890394,74,14251,0
29131,2008,393.72846797440764,56,14223,0
29133,2005,591.861898890259,48,8110,0
29133,2006,640.1739340500061,53,8279,0
29133,2007,501.312962520888,42,8378,0
29133,2008,485.1496864276417,41,8451,0
29135,2005,300.66815144766144,27,8980,0
29135,2006,366.5852032881582,33,9002,0
29135,2007,309.42645596198474,28,9049,0
29135,2008,387.89759503491075,35,9023,0
29137,2005,432.22003929273086,22,5090,0
29137,2006,607.0099862933229,31,5107,0
29137,2007,394.9447077409163,20,5064,0
29137,2008,318.21797931583137,16,5028,0
29139,2005,522.1932114882507,36,6894,0
29139,2006,421.08320023232176,29,6887,0
29139,2007,490.9038406006353,34,6926,0
29139,2008,639.720849084036,44,6878,0
29141,2005,567.8745267712277,63,11094,0
29141,2006,615.4669521006155,69,11211,0
29141,2007,548.1874447391689,62,11310,0
29141,2008,533.997864008544,60,11236,0
29143,2005,553.9654694857354,60,10831,0
29143,2006,482.017055988135,52,10788,0
29143,2007,768.3762266246991,83,10802,0
29143,2008,632.0877486521658,68,10758,0
29145,2005,385.0970569818409,123,31940,0
29145,2006,393.87172807344007,127,32244,0
29145,2007,390.2049344025563,127,32547,0
29145,2008,475.7227917254926,155,32582,0
29147,2005,168.943734391068,23,13614,0
29147,2006,248.4472049689441,34,13685,0
29147,2007,226.26085687176118,31,13701,0
29147,2008,282.71112722000726,39,13795,0
29149,2005,613.0790190735695,36,5872,0
29149,2006,504.6257359125316,30,5945,0
29149,2007,505.5611729019211,30,5934,0
29149,2008,490.7767811812489,29,5909,0
29151,2005,340.44781982453844,26,7637,0
29151,2006,219.2134107027724,17,7755,0
29151,2007,324.33834976647637,25,7708,0
29151,2008,425.4221993038546,33,7757,0
29153,2005,501.0205975134533,27,5389,0
29153,2006,568.911726922371,31,5449,0
29153,2007,556.1735261401558,30,5394,0
29153,2008,710.413161338568,38,5349,0
29155,2005,590.1131856438038,61,10337,0
29155,2006,703.9499413375049,72,10228,0
29155,2007,723.2212666145426,74,10232,0
29155,2008,652.2383634746516,66,10119,0
29157,2005,332.09981971724073,35,10539,0
29157,2006,348.7276154571159,37,10610,0
29157,2007,363.0608825172221,39,10742,0
29157,2008,439.4576905095839,47,10695,0
29159,2005,394.1836019621584,90,22832,0
29159,2006,331.8965517241379,77,23200,0
29159,2007,423.1492562831253,99,23396,0
29159,2008,378.22446984828525,89,23531,0
29161,2005,340.66274388355527,88,25832,0
29161,2006,322.83793535645106,85,26329,0
29161,2007,381.4343441972884,101,26479,0
29161,2008,420.6616894682988,111,26387,0
29163,2005,377.15517241379314,42,11136,0
29163,2006,439.81689255901625,49,11141,0
29163,2007,369.9693196173976,41,11082,0
29163,2008,341.7573522798813,38,11119,0
29165,2005,222.64447899272565,116,52101,0
29165,2006,290.3501280956448,153,52695,0
29165,2007,283.91049348126563,152,53538,0
29165,2008,273.62816151456883,148,54088,0
29167,2005,520.8333333333333,85,16320,0
29167,2006,479.415113561455,80,16687,0
29167,2007,418.2867915635678,71,16974,0
29167,2008,422.8329809725159,72,17028,0
29169,2005,328.13479334881833,89,27123,0
29169,2006,329.84368277642335,92,27892,0
29169,2007,301.183722070463,86,28554,0
29169,2008,278.01613180024026,81,29135,0
29171,2005,266.38869585360203,7.370975214269168,2767,1
29171,2006,579.2903692976104,16,2762,0
29171,2007,367.6470588235294,10,2720,0
29171,2008,324.7924936845904,8.756405629736557,2696,1
29173,2005,405.2684903748734,24,5922,0
29173,2006,218.1574089612351,13,5959,0
29173,2007,283.90113560454245,17,5988,0
29173,2008,421.94092827004215,25,5925,0
29175,2005,461.7718846889636,70,15159,0
29175,2006,414.2011834319527,63,15210,0
29175,2007,424.1435562805873,65,15325,0
29175,2008,431.14711262085183,66,15308,0
29177,2005,490.12435991221656,67,13670,0
29177,2006,340.8514032924795,47,13789,0
29177,2007,344.34757125064107,47,13649,0
29177,2008,578.203908365659,79,13663,0
29179,2005,575.9162303664921,22,3820,0
29179,2006,894.0310281356823,34,3803,0
29179,2007,558.659217877095,21,3759,0
29179,2008,728.9416846652268,27,3704,0
29181,2005,722.6738934056007,56,7749,0
29181,2006,684.4008264462809,53,7744,0
29181,2007,765.8359293873312,59,7704,0
29181,2008,612.6971711641246,47,7671,0
29183,2005,257.2747966172384,512,199009,0
29183,2006,253.55787128640313,519,204687,0
29183,2007,226.7107333661761,474,209077,0
29183,2008,243.41324695380328,517,212396,0
29185,2005,501.76547110202563,27,5381,0
29185,2006,835.4994430003715,45,5386,0
29185,2007,425.2172305416898,23,5409,0
29185,2008,729.6538821328344,39,5345,0
29186,2005,332.162854702477,35,10537,0
29186,2006,414.70311027332707,44,10610,0
29186,2007,338.6960203217612,36,10629,0
29186,2008,331.2825366777094,35,10565,0
29187,2005,508.59070306735526,193,37948,0
29187,2006,427.4840996767803,164,38364,0
29187,2007,476.6567041121303,185,38812,0
29187,2008,494.62036612105453,194,39222,0
29189,2005,315.27056916237535,1863,590921,0
29189,2006,323.80162070162663,1912,590485,0
29189,2007,300.6231561355148,1770,588777,0
29189,2008,333.1097849509952,1957,587494,0
29195,2005,478.75978417812905,63,13159,0
29195,2006,395.76832331227644,52,13139,0
29195,2007,455.4425383330803,60,13174,0
29195,2008,448.70332344664996,59,13149,0
29197,2005,266.38869585360203,6.028376187167014,2263,1
29197,2006,303.929372602938,6.9022360518127215,2271,1
29197,2007,307.6923076923077,6.975384615384615,2267,1
29197,2008,610.5538595726123,14,2293,0
29199,2005,266.38869585360203,6.462589761408386,2426,1
29199,2006,303.92937260293803,7.4189159852377164,2441,1
29199,2007,405.51500405515003,10,2466,0
29199,2008,324.7924936845904,7.99314326957777,2461,1
29201,2005,474.8296328863487,108,22745,0
29201,2006,413.7323943661971,94,22720,0
29201,2007,436.1425613463148,99,22699,0
29201,2008,425.3810705423609,96,22568,0
29203,2005,545.9890802183957,26,4762,0
29203,2006,631.0475389145982,30,4754,0
29203,2007,415.2823920265781,20,4816,0
29203,2008,584.5511482254698,28,4790,0
29205,2005,304.8780487804878,11,3608,0
29205,2006,366.09405801182766,13,3551,0
29205,2007,545.9770114942529,19,3480,0
29205,2008,581.2263876780006,20,3441,0
29207,2005,460.8026131591227,79,17144,0
29207,2006,495.0783388665618,85,17169,0
29207,2007,477.46593688133225,82,17174,0
29207,2008,533.3802239024676,91,17061,0
29209,2005,529.5524427741715,93,17562,0
29209,2006,473.14222098524914,85,17965,0
29209,2007,437.9885790319898,79,18037,0
29209,2008,445.8314757021846,80,17944,0
29211,2005,473.80889707817846,18,3799,0
29211,2006,369.68576709796673,14,3787,0
29211,2007,452.60915867944624,17,3756,0
29211,2008,455.5198285101822,17,3732,0
29213,2005,448.17283383130314,117,26106,0
29213,2006,415.4764996104908,112,26957,0
29213,2007,433.5208340797535,121,27911,0
29213,2008,452.8985507246377,130,28704,0
29215,2005,559.0105513241563,80,14311,0
29215,2006,369.60985626283366,54,14610,0
29215,2007,559.5741776989219,82,14654,0
29215,2008,437.0092181631956,64,14645,0
29217,2005,558.7079877782628,64,11455,0
29217,2006,584.1834510419392,67,11469,0
29217,2007,461.83339142558384,53,11476,0
29217,2008,448.7788038318806,52,11587,0
29219,2005,287.7444359621822,49,17029,0
29219,2006,392.4914675767918,69,17580,0
29219,2007,313.3589884551952,57,18190,0
29219,2008,456.7682304261379,85,18609,0
29221,2005,636.1149110807113,93,14620,0
29221,2006,646.0730870179689,96,14859,0
29221,2007,546.3388633486575,82,15009,0
29221,2008,627.7256508523853,95,15134,0
29223,2005,613.7424949966644,46,7495,0
29223,2006,564.8957632817753,42,7435,0
29223,2007,657.8064169687206,49,7449,0
29223,2008,660.0215517241379,49,7424,0
29225,2005,396.9890699113219,77,19396,0
29225,2006,404.1424602172266,80,19795,0
29225,2007,286.1089187056038,58,20272,0
29225,2008,446.03470248014895,91,20402,0
29227,2005,266.38869585360203,3.138058837155432,1178,1
29227,2006,303.929372602938,3.5802880092626093,1178,1
29227,2007,307.6923076923077,3.6,1170,1
29227,2008,324.7924936845904,3.783832551425478,1165,1
29229,2005,526.8389662027832,53,10060,0
29229,2006,493.7296336526118,50,10127,0
29229,2007,598.6848562174895,61,10189,0
29229,2008,517.3760249902382,53,10244,0
29510,2005,560.5923239649441,1113,198540,0
29510,2006,589.1410253174142,1167,198085,0
29510,2007,549.4836964718421,1093,198914,0
29510,2008,543.4160566506263,1092,200951,0
31001,2005,357.57540803967936,62,17339,0
31001,2006,351.5647513111636,61,17351,0
31001,2007,242.08888120352756,42,17349,0
31001,2008,370.5604013454193,65,17541,0
31003,2005,247.86560176259985,9,3631,1
31003,2006,277.31558513588465,10,3606,0
31003,2007,306.4920590693786,11,3589,0
31003,2008,338.5049365303244,12,3545,0
31005,2005,460.8294930875576,1,217,1
31005,2006,421.94092827004215,1,237,1
31005,2007,0,0,231,0
31005,2008,431.0344827586207,1,232,1
31007,2005,277.7646260435901,1.1471679055600272,413,1
31007,2006,253.69099604907464,1.0173008941567894,401,1
31007,2007,279.6954068517291,1.0936090407902608,391,1
31007,2008,0,0,388,0
31009,2005,381.6793893129771,1,262,1
31009,2006,377.35849056603774,1,265,1
31009,2007,0,0,250,0
31009,2008,0,0,257,0
31011,2005,409.6961420279959,12,2929,0
31011,2006,253.69099604907464,7.367186525265128,2904,1
31011,2007,279.6954068517291,8.161511971933455,2918,1
31011,2008,308.7478559176672,9,2915,1
31013,2005,263.5250348783134,17,6451,0
31013,2006,279.93779160186625,18,6430,0
31013,2007,367.3656819225471,24,6533,0
31013,2008,305.81039755351685,20,6540,0
31015,2005,277.7646260435901,3.091520287865158,1113,1
31015,2006,253.69099604907464,2.701809107922645,1065,1
31015,2007,279.6954068517291,2.967568266696846,1061,1
31015,2008,318.59000633453815,3.415284867906249,1072,1
31017,2005,0,0,1675,0
31017,2006,253.69099604907464,4.2670825535454355,1682,1
31017,2007,279.6954068517291,4.620568121190565,1652,1
31017,2008,318.59000633453815,5.122927301859373,1608,1
31019,2005,190.4907040536422,50,26248,0
31019,2006,263.17768253252126,70,26598,0
31019,2007,260.77562120478336,70,26843,0
31019,2008,203.49267426372649,55,27028,0
31021,2005,350.2155172413793,13,3712,0
31021,2006,244.49877750611248,9,3681,1
31021,2007,357.7325261419923,13,3634,0
31021,2008,304.03537866224434,11,3618,0
31023,2005,414.8471615720524,19,4580,0
31023,2006,373.3801888864485,17,4553,0
31023,2007,284.90028490028493,13,4563,0
31023,2008,242.450958783337,11,4537,0
31025,2005,217.25846968565418,32,14729,0
31025,2006,331.70863796371515,49,14772,0
31025,2007,344.61787958645857,51,14799,0
31025,2008,385.39553752535494,57,14790,0
31027,2005,236.66092943201377,11,4648,0
31027,2006,239.1304347826087,11,4600,0
31027,2007,284.7130968024529,13,4566,0
31027,2008,306.81569143107606,14,4563,0
31029,2005,277.7646260435901,5.894165364644982,2122,1
31029,2006,253.69099604907467,5.327510917030568,2100,1
31029,2007,279.6954068517291,5.803679692173379,2075,1
31029,2008,627.4131274131274,13,2072,0
31031,2005,276.07361963190186,9,3260,1
31031,2006,253.69099604907467,8.19168226242462,3229,1
31031,2007,279.6954068517291,8.888720029747951,3178,1
31031,2008,287.1729419272495,9,3134,1
31033,2005,420.7573632538569,24,5704,0
31033,2006,407.22379603399435,23,5648,0
31033,2007,294.93407356002774,17,5764,0
31033,2008,463.0423598010633,27,5831,0
31035,2005,362.0161514898357,13,3591,0
31035,2006,251.11607142857144,9,3584,1
31035,2007,306.4066852367688,11,3590,0
31035,2008,336.322869955157,12,3568,0
31037,2005,262.31965523702456,14,5337,0
31037,2006,246.44549763033177,13,5275,0
31037,2007,244.40684339161498,13,5319,0
31037,2008,387.0254330998894,21,5426,0
31039,2005,344.3386672068058,17,4937,0
31039,2006,349.79423868312756,17,4860,0
31039,2007,270.94622759483116,13,4798,0
31039,2008,293.5010482180294,14,4770,0
31041,2005,481.0170073870469,28,5821,0
31041,2006,417.10114702815434,24,5754,0
31041,2007,313.4250391781299,18,5743,0
31041,2008,329.004329004329,19,5775,0
31043,2005,437.50000000000006,49,11200,0
31043,2006,336.6108601293294,38,11289,0
31043,2007,340.70062024984713,39,11447,0
31043,2008,218.09299485300534,25,11463,0
31045,2005,365.94761171032354,19,5192,0
31045,2006,173.5106998264893,9,5187,1
31045,2007,306.044376434583,16,5228,0
31045,2008,347.4232773595831,18,5181,0
31047,2005,298.5074626865672,39,13065,0
31047,2006,272.5827212841675,36,13207,0
31047,2007,326.37571157495256,43,13175,0
31047,2008,341.53005464480873,45,13176,0
31049,2005,277.7646260435901,2.941527389801619,1059,1
31049,2006,253.69099604907467,2.6485339987523395,1044,1
31049,2007,279.6954068517291,2.9228170016005692,1045,1
31049,2008,318.59000633453815,3.284662965309088,1031,1
31051,2005,367.7597303095311,12,3263,0
31051,2006,339.61099104661935,11,3239,0
31051,2007,278.1211372064277,9,3236,1
31051,2008,279.41633033219495,9,3221,1
31053,2005,251.653014901806,51,20266,0
31053,2006,383.57511679370543,78,20335,0
31053,2007,355.48533622988055,72,20254,0
31053,2008,337.5694996028594,68,20144,0
31055,2005,301.4728522173988,891,295549,0
31055,2006,309.4619839654579,926,299229,0
31055,2007,302.67005321562095,914,301979,0
31055,2008,311.19278556851646,950,305277,0
31057,2005,277.7646260435901,3.0748544103025424,1107,1
31057,2006,253.69099604907467,2.722104387606571,1073,1
31057,2007,279.6954068517291,2.950786542285742,1055,1
31057,2008,318.59000633453815,3.357938666766032,1054,1
31059,2005,609.1696056428343,19,3119,0
31059,2006,354.0392661731574,11,3107,0
31059,2007,322.16494845360825,10,3104,0
31059,2008,390.7521979811136,12,3071,0
31061,2005,277.7646260435901,4.830326846898032,1739,1
31061,2006,253.69099604907464,4.426907881056352,1745,1
31061,2007,279.6954068517291,4.682101110697945,1674,1
31061,2008,318.59000633453815,5.275850504899951,1656,1
31063,2005,277.7646260435901,4.519230465729211,1627,1
31063,2006,253.69099604907464,4.1123310459555,1621,1
31063,2007,279.69540685172905,4.441563060805458,1588,1
31063,2008,318.59000633453815,4.896728397361851,1537,1
31065,2005,277.7646260435901,7.207992045831164,2595,1
31065,2006,622.3259432127577,16,2571,0
31065,2007,279.69540685172905,7.079090747417263,2531,1
31065,2008,318.59000633453815,8.031654059693706,2521,1
31067,2005,245.9341531138437,31,12605,0
31067,2006,411.457509099541,52,12638,0
31067,2007,394.78878799842084,50,12665,0
31067,2008,368.619280391057,46,12479,0
31069,2005,277.7646260435901,3.177627321938671,1144,1
31069,2006,253.69099604907464,2.8743189852360156,1133,1
31069,2007,279.6954068517291,3.006725623656088,1075,1
31069,2008,318.59000633453815,3.431214368222976,1077,1
31071,2005,277.7646260435901,2.808200369300696,1011,1
31071,2006,253.69099604907464,2.6180910792264505,1032,1
31071,2007,279.6954068517291,2.864080966161706,1024,1
31071,2008,318.59000633453815,3.2050154637254535,1006,1
31073,2005,277.7646260435901,3.110963811688209,1120,1
31073,2006,0,0,1103,0
31073,2007,279.69540685172905,3.191324592178229,1141,1
31073,2008,318.59000633453815,3.4885605693631927,1095,1
31075,2005,0,0,378,0
31075,2006,0,0,377,0
31075,2007,0,0,366,0
31075,2008,0,0,370,0
31077,2005,277.7646260435901,3.5581648596183895,1281,1
31077,2006,253.69099604907464,3.292909128716989,1298,1
31077,2007,279.69540685172905,3.5745072995650977,1278,1
31077,2008,318.59000633453815,4.100253381525506,1287,1
31079,2005,328.650599304034,102,31036,0
31079,2006,312.2112842078435,98,31389,0
31079,2007,245.87838476814932,78,31723,0
31079,2008,269.06661718315087,87,32334,0
31081,2005,294.9852507374631,15,5085,0
31081,2006,257.8341927806426,13,5042,0
31081,2007,337.0340999206979,17,5044,0
31081,2008,297.6190476190476,15,5040,0
31083,2005,277.7646260435901,5.121979704243802,1844,1
31083,2006,253.69099604907464,4.634934497816594,1827,1
31083,2007,279.6954068517291,5.138004623866264,1837,1
31083,2008,318.59000633453815,5.709132913514924,1792,1
31085,2005,277.7646260435901,1.4915960418540788,537,1
31085,2006,253.69099604907464,1.3293408192971512,524,1
31085,2007,279.6954068517291,1.4264465749438184,510,1
31085,2008,318.59000633453815,1.7012706338264336,534,1
31087,2005,277.7646260435901,4.480343418083108,1613,1
31087,2006,253.69099604907467,4.0717404865876485,1605,1
31087,2007,279.6954068517291,4.394014841640664,1571,1
31087,2008,318.59000633453815,5.071952900845847,1592,1
31089,2005,230.29229406554475,13,5645,0
31089,2006,198.05545552754774,11,5554,0
31089,2007,233.47701149425288,13,5568,0
31089,2008,377.901745546158,21,5557,0
31091,2005,283.28611898017,1,353,1
31091,2006,0,0,365,0
31091,2007,279.6954068517291,1.0516547297625014,376,1
31091,2008,0,0,366,0
31093,2005,321.35553607946247,11,3423,0
31093,2006,293.51335485764605,10,3407,0
31093,2007,379.2298716452742,13,3428,0
31093,2008,265.3301886792453,9,3392,1
31095,2005,260.2934216753431,11,4226,0
31095,2006,308.20293978188715,13,4218,0
31095,2007,386.1003861003861,16,4144,0
31095,2008,267.1848433325237,11,4117,0
31097,2005,277.7646260435901,8.710698672726986,3136,1
31097,2006,253.69099604907467,8.036930754834685,3168,1
31097,2007,279.6954068517291,8.762857096664673,3133,1
31097,2008,312.1098626716604,10,3204,0
31099,2005,374.0315255142933,14,3743,0
31099,2006,433.2520985648524,16,3693,0
31099,2007,430.8023694130318,16,3714,0
31099,2008,247.04913532802635,9,3643,1
31101,2005,364.1816623821765,17,4668,0
31101,2006,344.82758620689657,16,4640,0
31101,2007,319.6249733645855,15,4693,0
31101,2008,500,23,4600,0
31103,2005,0,0,478,0
31103,2006,253.69099604907467,1.182200041588688,466,1
31103,2007,279.6954068517291,1.3089745040660923,468,1
31103,2008,318.59000633453815,1.4432127286954577,453,1
31105,2005,277.7646260435901,5.82750185439452,2098,1
31105,2006,631.0679611650485,13,2060,0
31105,2007,646.1232604373757,13,2012,0
31105,2008,656.8974229408792,13,1979,0
31107,2005,289.6613190730838,13,4488,0
31107,2006,443.36067390822427,20,4511,0
31107,2007,528.5179475886368,24,4541,0
31107,2008,465.21931767833405,21,4514,0
31109,2005,208.62060767438544,351,168248,0
31109,2006,221.28179091512055,377,170371,0
31109,2007,229.91308588647172,396,172239,0
31109,2008,226.38994231078627,394,174036,0
31111,2005,387.9585522761872,79,20363,0
31111,2006,354.1626237143412,73,20612,0
31111,2007,320.66854533087167,66,20582,0
31111,2008,333.8655828131804,69,20667,0
31113,2005,277.7646260435901,1.1693890756435144,421,1
31113,2006,253.69099604907467,1.0452069037221876,412,1
31113,2007,279.69540685172905,1.1887054791198486,425,1
31113,2008,318.59000633453815,1.2966613257815702,407,1
31115,2005,277.76462604359006,1.0027303000173602,361,1
31115,2006,0,0,356,0
31115,2007,279.6954068517291,1.0348730053513977,370,1
31115,2008,0,0,359,0
31117,2005,369.00369003690037,1,271,1
31117,2006,364.963503649635,1,274,1
31117,2007,0,0,285,0
31117,2008,0,0,286,0
31119,2005,294.38179822373013,59,20042,0
31119,2006,279.986000699965,56,20001,0
31119,2007,303.0770021061283,59,19467,0
31119,2008,333.93269971744155,65,19465,0
31121,2005,471.36460051850105,20,4243,0
31121,2006,424.4282008960151,18,4241,0
31121,2007,237.36055067647754,10,4213,0
31121,2008,426.43923240938165,18,4221,0
31123,2005,392.8571428571429,11,2800,0
31123,2006,253.69099604907464,7.077978789769182,2790,1
31123,2007,501.0737294201861,14,2794,0
31123,2008,318.59000633453815,8.77396877445318,2754,1
31125,2005,277.7646260435901,5.685841895112289,2047,1
31125,2006,253.69099604907464,5.19812850904554,2049,1
31125,2007,734.2143906020558,15,2043,0
31125,2008,318.59000633453815,6.51835152960465,2046,1
31127,2005,344.149459193707,14,4068,0
31127,2006,460.71774975751697,19,4124,0
31127,2007,293.2551319648094,12,4092,0
31127,2008,389.1997081002189,16,4111,0
31129,2005,277.7646260435901,6.813566276849265,2453,1
31129,2006,253.69099604907464,6.121563734664171,2413,1
31129,2007,279.6954068517291,6.653953729002636,2379,1
31129,2008,636.4022061943148,15,2357,0
31131,2005,294.08304905305255,25,8501,0
31131,2006,243.73259052924791,21,8616,0
31131,2007,368.53622020039154,32,8683,0
31131,2008,325.2032520325203,28,8610,0
31133,2005,277.7646260435901,3.9637012136420307,1427,1
31133,2006,253.69099604907467,3.53391557496361,1393,1
31133,2007,279.6954068517291,3.940908282540863,1409,1
31133,2008,733.6757153338224,10,1363,0
31135,2005,277.7646260435901,4.627558669886211,1666,1
31135,2006,253.69099604907464,4.089498856311083,1612,1
31135,2007,279.69540685172905,4.489111279970252,1605,1
31135,2008,318.59000633453815,4.979561799008831,1563,1
31137,2005,293.140512018761,15,5117,0
31137,2006,312.5610470795077,16,5119,0
31137,2007,257.7319587628866,13,5044,0
31137,2008,378.0342220453641,19,5026,0
31139,2005,297.98857710454433,12,4027,0
31139,2006,225.9036144578313,9,3984,1
31139,2007,405.88533739218667,16,3942,0
31139,2008,329.6981993406036,13,3943,0
31141,2005,263.8673779613377,46,17433,0
31141,2006,261.9291652431386,46,17562,0
31141,2007,214.26557654355793,38,17735,0
31141,2008,225.21254433871965,40,17761,0
31143,2005,277.7646260435901,8.169057651941985,2941,1
31143,2006,253.69099604907464,7.402703264711998,2918,1
31143,2007,279.69540685172905,8.22863886957787,2942,1
31143,2008,306.64395229982966,9,2935,1
31145,2005,329.0556103981573,20,6078,0
31145,2006,312.60282987824945,19,6078,0
31145,2007,561.3339937262672,34,6057,0
31145,2008,232.4423044994189,14,6023,0
31147,2005,499.7827031725337,23,4602,0
31147,2006,369.5652173913044,17,4600,0
31147,2007,265.017667844523,12,4528,0
31147,2008,708.2779991146525,32,4518,0
31149,2005,0,0,850,0
31149,2006,253.69099604907464,2.1969640257849865,866,1
31149,2007,0,0,856,0
31149,2008,0,0,863,0
31151,2005,317.6620076238882,25,7870,0
31151,2006,267.9938744257274,21,7836,0
31151,2007,329.9911156238101,26,7879,0
31151,2008,165.2052357351633,13,7869,0
31153,2005,181.73664707687223,154,84738,0
31153,2006,182.9888948614431,160,87437,0
31153,2007,180.79973379180302,163,90155,0
31153,2008,208.6960282875031,193,92479,0
31155,2005,227.83035401331932,26,11412,0
31155,2006,298.19329942115417,34,11402,0
31155,2007,252.85552358531694,29,11469,0
31155,2008,303.8458199496484,35,11519,0
31157,2005,389.0468352536286,78,20049,0
31157,2006,384.74991255683807,77,20013,0
31157,2007,382.8560063643596,77,20112,0
31157,2008,416.5633523431689,84,20165,0
31159,2005,292.4610051993068,27,9232,0
31159,2006,257.26230035373567,24,9329,0
31159,2007,347.29759062296506,32,9214,0
31159,2008,278.73070325900517,26,9328,0
31161,2005,277.76462604359017,8.34960465887032,3006,1
31161,2006,609.9627245001694,18,2951,0
31161,2007,279.69540685172905,8.220248007372318,2939,1
31161,2008,381.6793893129771,11,2882,0
31163,2005,277.7646260435901,4.677556302574057,1684,1
31163,2006,253.69099604907464,4.251861093782491,1676,1
31163,2007,279.6954068517291,4.662522432218324,1667,1
31163,2008,318.59000633453815,5.320453105786787,1670,1
31165,2005,277.76462604359006,2.1943405457443617,790,1
31165,2006,0,0,764,0
31165,2007,279.6954068517291,2.103309459525003,752,1
31165,2008,318.59000633453815,2.3416365465588553,735,1
31167,2005,423.84854478666296,15,3539,0
31167,2006,252.10084033613447,9,3570,1
31167,2007,257.1428571428571,9,3500,1
31167,2008,289.01734104046244,10,3460,0
31169,2005,277.7646260435901,7.646860154980035,2753,1
31169,2006,253.69099604907467,6.831898523601581,2693,1
31169,2007,279.69540685172905,7.5825424797503755,2711,1
31169,2008,318.59000633453815,8.474494168498714,2660,1
31171,2005,0,0,385,0
31171,2006,261.0966057441253,1,383,1
31171,2007,279.69540685172905,1.0852181785847088,388,1
31171,2008,318.59000633453815,1.2042702239445542,378,1
31173,2005,627.9904306220095,21,3344,0
31173,2006,886.2629246676514,30,3385,0
31173,2007,693.39764847754,23,3317,0
31173,2008,572.6341169379144,19,3318,0
31175,2005,277.7646260435901,6.266369963543393,2256,1
31175,2006,253.69099604907464,5.735953420669578,2261,1
31175,2007,445.63279857397504,10,2244,0
31175,2008,318.59000633453815,7.031281439803257,2207,1
31177,2005,193.03325436518384,22,11397,0
31177,2006,217.542638357118,25,11492,0
31177,2007,172.47326664367023,20,11596,0
31177,2008,242.55024255024253,28,11544,0
31179,2005,162.04537270435722,9,5554,1
31179,2006,231.48148148148147,13,5616,0
31179,2007,163.96429222080525,9,5489,1
31179,2008,201.76082171680116,11,5452,0
31181,2005,277.7646260435901,5.527516058267443,1990,1
31181,2006,253.69099604907464,4.9977126221667705,1970,1
31181,2007,513.874614594039,10,1946,0
31181,2008,627.6150627615062,12,1912,0
31183,2005,277.7646260435901,1.2804949260609504,461,1
31183,2006,0,0,455,0
31183,2007,279.6954068517291,1.286598871517954,460,1
31183,2008,318.59000633453815,1.4878153295822931,467,1
31185,2005,141.77084675860291,11,7759,0
31185,2006,229.38702688925704,18,7847,0
31185,2007,369.8507843387323,29,7841,0
31185,2008,219.8654940506984,17,7732,0
32001,2005,381.0868031051518,54,14170,0
32001,2006,622.2470810319513,89,14303,0
32001,2007,515.2126992968043,74,14363,0
32001,2008,432.99113066554924,62,14319,0
32003,2005,393.2364827306462,4188,1065008,0
32003,2006,371.5613040173773,4131,1111795,0
32003,2007,367.1941875274025,4221,1149528,0
32003,2008,353.74012880162013,4152,1173743,0
32005,2005,322.4506247480855,88,27291,0
32005,2006,291.789765473976,80,27417,0
32005,2007,328.5990726203951,90,27389,0
32005,2008,414.42036160927125,113,27267,0
32007,2005,332.8471520999289,89,26739,0
32007,2006,322.38200456405986,89,27607,0
32007,2007,338.5168729503861,96,28359,0
32007,2008,380.5899143672693,108,28377,0
32009,2005,363.919937613725,1.8523524824538602,509,1
32009,2006,429.18454935622316,2.107296137339056,491,1
32009,2007,370.64492216456637,1.7160859896219423,463,1
32009,2008,512.8205128205128,2.364102564102564,461,1
32011,2005,363.919937613725,3.031453080322329,833,1
32011,2006,0,0,922,0
32011,2007,370.6449221645663,3.7509266123054115,1012,1
32011,2008,512.8205128205128,5.635897435897436,1099,1
32013,2005,513.851653261841,46,8952,0
32013,2006,382.5972890249235,35,9148,0
32013,2007,438.3151592901433,41,9354,0
32013,2008,408.07784869729,39,9557,0
32015,2005,538.7205387205388,16,2970,0
32015,2006,550.696469063816,17,3087,0
32015,2007,717.852684144819,23,3204,0
32015,2008,432.76661514683155,14,3235,0
32017,2005,618.8118811881188,15,2424,0
32017,2006,593.8242280285035,15,2526,0
32017,2007,612.5574272588055,16,2612,0
32017,2008,408.92193308550185,11,2690,0
32019,2005,493.14454365449996,132,26767,0
32019,2006,430.7819554054519,125,29017,0
32019,2007,369.5934472080711,111,30033,0
32019,2008,442.74300932090546,133,30040,0
32021,2005,557.2065378900446,15,2692,0
32021,2006,784.4602166604408,21,2677,0
32021,2007,1066.9610007358351,29,2718,0
32021,2008,834.2813803564657,22,2637,0
32023,2005,747.1701489866225,167,22351,0
32023,2006,678.6850477200423,160,23575,0
32023,2007,610.931157489032,149,24389,0
32023,2008,705.5037544351844,171,24238,0
32027,2005,274.85112230874944,12,4366,0
32027,2006,317.6043557168784,14,4408,0
32027,2007,269.6023365535835,12,4451,0
32027,2008,426.58284687920974,19,4454,0
32029,2005,359.2814371257485,9,2505,1
32029,2006,354.6099290780142,9,2538,1
32029,2007,349.9222395023328,9,2572,1
32029,2008,455.9270516717325,12,2632,0
32031,2005,382.0902390323667,930,243398,0
32031,2006,359.8065434772963,892,247911,0
32031,2007,375.13418870794595,947,252443,0
32031,2008,376.1723581818467,961,255468,0
32033,2005,480.8548530721282,27,5615,0
32033,2006,579.3150451524962,34,5869,0
32033,2007,286.7262607522348,17,5929,0
32033,2008,618.3155080213904,37,5984,0
32510,2005,445.302063232893,150,33685,0
32510,2006,465.38161292259656,155,33306,0
32510,2007,446.46897342302935,148,33149,0
32510,2008,420.6730769230769,140,33280,0
34001,2005,432.36796004323685,696,160974,0
34001,2006,421.1733655636816,683,162166,0
34001,2007,391.16315685888605,636,162592,0
34001,2008,404.5550814942141,659,162895,0
34003,2005,223.7140667498159,1191,532376,0
34003,2006,230.25074042703437,1226,532463,0
34003,2007,233.57352508714524,1247,533879,0
34003,2008,229.96774115397588,1234,536597,0
34005,2005,285.03949833048296,770,270138,0
34005,2006,304.33436988784575,826,271412,0
34005,2007,281.74214869929654,763,270815,0
34005,2008,283.02166375248197,764,269944,0
34007,2005,379.2244122021611,1155,304569,0
34007,2006,409.88547317661244,1258,306915,0
34007,2007,356.8144077628257,1098,307723,0
34007,2008,379.21868602512524,1167,307738,0
34009,2005,493.8490131870077,279,56495,0
34009,2006,531.20613996127,299,56287,0
34009,2007,417.9822043628014,233,55744,0
34009,2008,457.5960951799878,255,55726,0
34011,2005,473.9181592365015,435,91788,0
34011,2006,440.6045654820257,409,92827,0
34011,2007,381.38173427200957,357,93607,0
34011,2008,394.5484435488147,372,94285,0
34013,2005,433.2568554907422,2047,472468,0
34013,2006,418.5289756540443,1973,471413,0
34013,2007,384.63985072411526,1814,471610,0
34013,2008,371.41700250367285,1752,471707,0
34015,2005,338.37375522488884,561,165793,0
34015,2006,356.4576869330428,602,168884,0
34015,2007,330.86304487366516,567,171370,0
34015,2008,343.43926578254263,592,172374,0
34017,2005,287.1624154632837,1149,400122,0
34017,2006,298.3998309067625,1200,402145,0
34017,2007,265.7170521999044,1073,403813,0
34017,2008,267.07680289048386,1094,409620,0
34019,2005,223.6198462613557,176,78705,0
34019,2006,230.20199592719547,182,79061,0
34019,2007,230.4585111367176,182,78973,0
34019,2008,248.76253331641072,196,78790,0
34021,2005,293.92524213625046,647,220124,0
34021,2006,320.5606420255454,709,221175,0
34021,2007,293.0776768739585,649,221443,0
34021,2008,297.47037672080535,661,222207,0
34023,2005,227.0208246366947,1104,486299,0
34023,2006,244.4751096739645,1187,485530,0
34023,2007,235.05681051025127,1149,488818,0
34023,2008,235.58417767921154,1160,492393,0
34025,2005,291.79383478246876,1088,372866,0
34025,2006,294.6973251994369,1099,372925,0
34025,2007,270.41137334172237,1010,373505,0
34025,2008,283.8623454727698,1062,374125,0
34027,2005,235.04929553440454,689,293130,0
34027,2006,218.5862939934662,643,294163,0
34027,2007,220.50454429627112,649,294325,0
34027,2008,208.25052572216728,613,294357,0
34029,2005,339.9387841992162,1014,298289,0
34029,2006,365.7217196221982,1102,301322,0
34029,2007,362.42637698938773,1099,303234,0
34029,2008,354.0259356047532,1077,304215,0
34031,2005,312.67025132055807,924,295519,0
34031,2006,294.8825035254015,872,295711,0
34031,2007,284.08226210647,840,295689,0
34031,2008,302.59788889900926,897,296433,0
34033,2005,492.1337137771263,188,38201,0
34033,2006,483.5414888940605,187,38673,0
34033,2007,425.71856132927394,165,38758,0
34033,2008,444.6957818163124,173,38903,0
34035,2005,196.9289585346385,375,190424,0
34035,2006,232.62970670922851,446,191721,0
34035,2007,208.1257266234845,401,192672,0
34035,2008,196.0287370887405,379,193339,0
34037,2005,301.53270051380304,277,91864,0
34037,2006,275.4253369622971,254,92221,0
34037,2007,307.5090682691787,284,92355,0
34037,2008,296.652069501342,273,92027,0
34039,2005,310.79709753048326,977,314353,0
34039,2006,308.94969803580386,973,314938,0
34039,2007,293.4149571918351,926,315594,0
34039,2008,276.30670043748563,876,317039,0
34041,2005,262.64967168791037,170,64725,0
34041,2006,280.9118831900477,182,64789,0
34041,2007,272.61385864124327,177,64927,0
34041,2008,286.40059127864004,186,64944,0
35001,2005,349.2874906772621,1316,376767,0
35001,2006,362.516283390682,1397,385362,0
35001,2007,362.9407638844609,1423,392075,0
35001,2008,376.7330097455347,1491,395771,0
35003,2005,548.9021956087824,11,2004,0
35003,2006,523.0622919638612,11,2103,0
35003,2007,617.283950617284,13,2106,0
35003,2008,244.37074533077327,5.063361843253622,2072,1
35005,2005,513.4021849441824,172,33502,0
35005,2006,455.12309010846116,154,33837,0
35005,2007,437.0983616048168,151,34546,0
35005,2008,493.3314211960419,172,34865,0
35006,2005,528.7634579856024,83,15697,0
35006,2006,485.7782038990093,76,15645,0
35006,2007,416.21996594563916,66,15857,0
35006,2008,452.11930926216644,72,15925,0
35007,2005,371.51702786377706,30,8075,0
35007,2006,424.0987900710989,34,8017,0
35007,2007,413.1714035307374,33,7987,0
35007,2008,405.47389761784086,32,7892,0
35009,2005,342.4657534246575,92,26864,0
35009,2006,300.21125977539754,81,26981,0
35009,2007,380.4124864804386,102,26813,0
35009,2008,335.311801433747,87,25946,0
35011,2005,675.6756756756757,7.351351351351352,1088,1
35011,2006,365.6752803510483,3.8505607020965384,1053,1
35011,2007,429.2929292929293,4.529040404040404,1055,1
35011,2008,244.37074533077322,2.6343166346657356,1078,1
35013,2005,309.9472529524343,332,107115,0
35013,2006,290.67913215421487,319,109743,0
35013,2007,301.4083505227968,339,112472,0
35013,2008,325.0489769742333,370,113829,0
35015,2005,473.1197869208664,135,28534,0
35015,2006,500.81166027700067,145,28953,0
35015,2007,387.74191354035577,114,29401,0
35015,2008,517.1429530877464,154,29779,0
35017,2005,356.70356703567035,58,16260,0
35017,2006,488.63913999511357,80,16372,0
35017,2007,484.2908166353896,80,16519,0
35017,2008,545.1241671714113,90,16510,0
35019,2005,351.8648838845883,10,2842,0
35019,2006,524.2922055225446,15,2861,0
35019,2007,482.4259131633356,14,2902,0
35019,2008,417.10114702815434,12,2877,0
35021,2005,675.6756756756757,2.6486486486486487,392,1
35021,2006,365.6752803510483,1.4736713798147245,403,1
35021,2007,429.2929292929293,1.7,396,1
35021,2008,0,0,378,0
35023,2005,535.5776587605203,14,2614,0
35023,2006,340.1360544217687,9,2646,1
35023,2007,445.9308807134894,12,2691,0
35023,2008,520.2526941657376,14,2691,0
35025,2005,415.4032747119466,137,32980,0
35025,2006,418.00071149057277,141,33732,0
35025,2007,393.1810354723913,137,34844,0
35025,2008,358.69412918593247,128,35685,0
35027,2005,414.58668246044505,49,11819,0
35027,2006,410.8670132483649,49,11926,0
35027,2007,531.2420946116873,63,11859,0
35027,2008,405.3369363283229,48,11842,0
35028,2005,153.65148228488792,17,11064,0
35028,2006,152.72661935136108,17,11131,0
35028,2007,172.75868339698127,19,10998,0
35028,2008,186.96830887164626,20,10697,0
35029,2005,407.05563093622794,51,12529,0
35029,2006,549.5799638847452,70,12737,0
35029,2007,454.01174168297456,58,12775,0
35029,2008,520.2267256774595,67,12879,0
35031,2005,543.8192846684794,208,38248,0
35031,2006,524.1746205601627,201,38346,0
35031,2007,529.3792304248202,201,37969,0
35031,2008,538.6136552872606,207,38432,0
35033,2005,414.9377593360996,12,2892,0
35033,2006,416.37751561415683,12,2882,0
35033,2007,387.05137227304715,11,2842,0
35033,2008,462.4688722874422,13,2811,0
35035,2005,359.56183627393597,129,35877,0
35035,2006,384.9801930480388,138,35846,0
35035,2007,374.4798890429958,135,36050,0
35035,2008,425.2244240015564,153,35981,0
35037,2005,533.4914048606995,27,5061,0
35037,2006,743.2703897147449,37,4978,0
35037,2007,669.9147381242387,33,4926,0
35037,2008,870.2691762801052,43,4941,0
35039,2005,580.1305293691081,136,23443,0
35039,2006,660.7649625142955,156,23609,0
35039,2007,649.9023022682865,153,23542,0
35039,2008,553.5212467001618,130,23486,0
35041,2005,326.73637042569084,35,10712,0
35041,2006,424.3151000830182,46,10841,0
35041,2007,320.8948381773173,35,10907,0
35041,2008,297.729810197246,32,10748,0
35043,2005,321.97905542184037,202,62737,0
35043,2006,327.653997378768,220,67144,0
35043,2007,359.8289754046312,255,70867,0
35043,2008,318.4540010887316,234,73480,0
35045,2005,350.56967572304995,248,70742,0
35045,2006,394.3915002315822,281,71249,0
35045,2007,421.13163490805994,303,71949,0
35045,2008,416.78205483245637,301,72220,0
35047,2005,454.80713874496263,79,17370,0
35047,2006,515.5833622986908,89,17262,0
35047,2007,463.25786090682726,80,17269,0
35047,2008,502.74487142444383,87,17305,0
35049,2005,311.0706591241633,270,86797,0
35049,2006,318.8389234900863,279,87505,0
35049,2007,302.8824884008485,267,88153,0
35049,2008,340.71743092265376,301,88343,0
35051,2005,751.2657194185856,46,6123,0
35051,2006,805.7885216247328,49,6081,0
35051,2007,836.2602441879914,50,5979,0
35051,2008,744.6632467317557,45,6043,0
35053,2005,573.2849226065355,60,10466,0
35053,2006,409.60182891979423,43,10498,0
35053,2007,468.27217125382265,49,10464,0
35053,2008,517.4396320429283,54,10436,0
35055,2005,357.8915077457948,70,19559,0
35055,2006,394.97670650192424,78,19748,0
35055,2007,472.219431327238,94,19906,0
35055,2008,428.5354171918326,85,19835,0
35057,2005,454.591372865946,45,9899,0
35057,2006,651.1068816988881,65,9983,0
35057,2007,513.347022587269,50,9740,0
35057,2008,480.7189884000418,46,9569,0
35059,2005,465.70702794242163,11,2362,0
35059,2006,528.6701911346075,13,2459,0
35059,2007,358.70864886408924,9,2509,1
35059,2008,244.37074533077327,6.302321522080643,2579,1
35061,2005,390.51879680664376,158,40459,0
35061,2006,408.2914572864322,169,41392,0
35061,2007,453.6526049948555,194,42764,0
35061,2008,498.30072563607973,217,43548,0
36001,2005,309.06444183722243,569,184104,0
36001,2006,290.8742896161642,541,185991,0
36001,2007,283.1557142321877,529,186823,0
36001,2008,292.6600017089635,548,187248,0
36003,2005,368.68668790492893,103,27937,0
36003,2006,325.69792412312097,91,27940,0
36003,2007,412.08298993084173,115,27907,0
36003,2008,299.80726675708473,84,28018,0
36005,2005,389.0518900330599,3075,790383,0
36005,2006,396.13093169742416,3135,791405,0
36005,2007,377.50767126210303,3008,796805,0
36005,2008,375.372667446931,3018,804001,0
36007,2005,317.37590173355863,370,116581,0
36007,2006,358.9381554661518,422,117569,0
36007,2007,359.6057029233828,425,118185,0
36007,2008,318.0065963171968,377,118551,0
36009,2005,404.95272017979056,191,47166,0
36009,2006,372.07126759365565,175,47034,0
36009,2007,364.41129461907303,171,46925,0
36009,2008,368.1900888365621,172,46715,0
36011,2005,313.8510142999667,151,48112,0
36011,2006,331.38643801002445,160,48282,0
36011,2007,277.5418901845446,134,48281,0
36011,2008,292.03429849633403,141,48282,0
36013,2005,311.33888532991676,243,78050,0
36013,2006,366.40360766629084,286,78056,0
36013,2007,356.1682446542734,278,78053,0
36013,2008,330.08386955907474,257,77859,0
36015,2005,372.02667797524964,193,51878,0
36015,2006,311.33489641388326,162,52034,0
36015,2007,324.4073327574623,169,52095,0
36015,2008,370.97549255165785,193,52025,0
36017,2005,346.6440101954121,102,29425,0
36017,2006,394.6569520340012,117,29646,0
36017,2007,377.0028275212064,112,29708,0
36017,2008,351.9339447057629,104,29551,0
36019,2005,261.91723415400736,135,51543,0
36019,2006,267.9724701663743,139,51871,0
36019,2007,319.14484561848735,166,52014,0
36019,2008,270.11904532211696,140,51829,0
36021,2005,338.4139842251119,127,37528,0
36021,2006,365.13859275053306,137,37520,0
36021,2007,354.8937986978333,133,37476,0
36021,2008,371.54847504744595,139,37411,0
36023,2005,314.0467656596689,92,29295,0
36023,2006,288.04771425666746,85,29509,0
36023,2007,293.6708860759494,87,29625,0
36023,2008,267.3163469021758,79,29553,0
36025,2005,379.43741106935676,104,27409,0
36025,2006,386.0160233066278,106,27460,0
36025,2007,414.3797026643888,114,27511,0
36025,2008,360.1702623058173,99,27487,0
36027,2005,281.87949792685816,499,177026,0
36027,2006,274.2564945852645,487,177571,0
36027,2007,278.7331130442601,496,177948,0
36027,2008,260.8373721055466,465,178272,0
36029,2005,359.1049323309925,1959,545523,0
36029,2006,353.11019904245035,1922,544306,0
36029,2007,379.0477276447361,2061,543731,0
36029,2008,354.13696362047557,1925,543575,0
36031,2005,283.31007653600574,67,23649,0
36031,2006,359.7874743756014,86,23903,0
36031,2007,280.84000502997026,67,23857,0
36031,2008,301.74762164200996,72,23861,0
36033,2005,308.94055234826027,99,32045,0
36033,2006,297.6005952011904,96,32258,0
36033,2007,295.50281651121986,96,32487,0
36033,2008,361.7967193009352,118,32615,0
36035,2005,378.9512600899624,123,32458,0
36035,2006,362.0520373097693,118,32592,0
36035,2007,320.7282057547804,105,32738,0
36035,2008,384.41590139427035,126,32777,0
36037,2005,306.2352907817506,108,35267,0
36037,2006,314.5723516408774,111,35286,0
36037,2007,305.20544848245066,108,35386,0
36037,2008,311.60590351548115,110,35301,0
36039,2005,425.9379152894674,125,29347,0
36039,2006,425.3882511816341,126,29620,0
36039,2007,481.4166442230003,143,29704,0
36039,2008,390.0733068800861,116,29738,0
36041,2005,427.63157894736844,13,3040,0
36041,2006,367.0337003670337,11,2997,0
36041,2007,407.74719673802247,12,2943,0
36041,2008,515.6411137848058,15,2909,0
36043,2005,330.75776060729294,122,36885,0
36043,2006,363.8338311159381,134,36830,0
36043,2007,337.33639184995275,125,37055,0
36043,2008,332.5043252595156,123,36992,0
36045,2005,278.84934911071616,193,69213,0
36045,2006,282.2133590589048,196,69451,0
36045,2007,284.86798282288584,201,70559,0
36045,2008,223.8380382092957,157,70140,0
36047,2005,335.51214464692094,4961,1478635,0
36047,2006,321.4902797579145,4767,1482782,0
36047,2007,314.2930014077917,4695,1493829,0
36047,2008,310.1554608830876,4695,1513757,0
36049,2005,216.5496423649846,33,15239,0
36049,2006,381.7287784679089,59,15456,0
36049,2007,328.1219841729396,51,15543,0
36049,2008,239.7770721275355,37,15431,0
36051,2005,256.0240963855422,102,39840,0
36051,2006,263.1512994661788,105,39901,0
36051,2007,264.9470105978804,106,40008,0
36051,2008,283.8574736684843,114,40161,0
36053,2005,281.42141664679224,118,41930,0
36053,2006,306.82086381873967,130,42370,0
36053,2007,278.1868761250205,119,42777,0
36053,2008,258.5062530566618,111,42939,0
36055,2005,286.7786795831418,1254,437271,0
36055,2006,282.0694510582161,1238,438899,0
36055,2007,290.7135199956393,1280,440296,0
36055,2008,284.44927585465007,1256,441555,0
36057,2005,316.7518537182348,88,27782,0
36057,2006,352.11267605633805,99,28116,0
36057,2007,406.0160994209857,115,28324,0
36057,2008,378.9606652865013,108,28499,0
36059,2005,238.12828342020583,1853,778152,0
36059,2006,245.94633265401615,1908,775779,0
36059,2007,236.631421401338,1834,775045,0
36059,2008,250.00289802432022,1941,776391,0
36061,2005,262.699041319083,2849,1084511,0
36061,2006,242.51251773670882,2644,1090253,0
36061,2007,234.86566104897517,2568,1093391,0
36061,2008,240.79575529176904,2644,1098026,0
36063,2005,362.5781587950765,461,127145,0
36063,2006,385.37913929375935,491,127407,0
36063,2007,390.82386296885153,499,127679,0
36063,2008,374.34158083121025,479,127958,0
36065,2005,331.9119004703917,453,136482,0
36065,2006,332.509975299259,455,136838,0
36065,2007,382.3910731714423,525,137294,0
36065,2008,336.67334669338675,462,137225,0
36067,2005,311.3699910245661,843,270739,0
36067,2006,301.4572886490302,820,272012,0
36067,2007,299.5393392557656,818,273086,0
36067,2008,296.06294619092415,812,274266,0
36069,2005,309.32676891184997,191,61747,0
36069,2006,281.98971946051336,175,62059,0
36069,2007,249.9118900387684,156,62422,0
36069,2008,319.5700907833442,201,62897,0
36071,2005,268.6926278045378,574,213627,0
36071,2006,278.4479432505427,599,215121,0
36071,2007,311.12839602200125,672,215988,0
36071,2008,293.7481525273426,636,216512,0
36073,2005,258.23858161495474,67,25945,0
36073,2006,306.924995204297,80,26065,0
36073,2007,306.54864543817297,80,26097,0
36073,2008,327.5656094647193,85,25949,0
36075,2005,325.4466308721146,237,72823,0
36075,2006,371.59938569548046,271,72928,0
36075,2007,336.0076801755469,245,72915,0
36075,2008,290.3711820298589,212,73010,0
36077,2005,294.75392103839914,109,36980,0
36077,2006,293.7767835485001,109,37103,0
36077,2007,355.7855583407455,132,37101,0
36077,2008,328.01106020765,121,36889,0
36079,2005,226.24066146909945,139,61439,0
36079,2006,241.0619757309227,148,61395,0
36079,2007,236.5145905035314,145,61307,0
36079,2008,212.27608954785194,130,61241,0
36081,2005,248.26698628806795,3426,1379966,0
36081,2006,249.178768547941,3437,1379331,0
36081,2007,242.56332895963513,3359,1384793,0
36081,2008,231.5356575648461,3235,1397193,0
36083,2005,324.63069293320217,307,94569,0
36083,2006,315.35529682034144,302,95765,0
36083,2007,313.7392961056981,303,96577,0
36083,2008,299.5244663112173,291,97154,0
36085,2005,326.02951049150823,913,280036,0
36085,2006,306.980056980057,862,280800,0
36085,2007,299.8197533317248,845,281836,0
36085,2008,317.9353566650236,903,284020,0
36087,2005,236.79610733182162,401,169344,0
36087,2006,248.68128038371347,421,169293,0
36087,2007,204.21014224089734,347,169923,0
36087,2008,234.11801889332415,400,170854,0
36089,2005,352.68296374782415,233,66065,0
36089,2006,333.9831648305149,221,66171,0
36089,2007,336.29412917917085,223,66311,0
36089,2008,411.2436731742589,273,66384,0
36091,2005,265.44272327404855,347,130725,0
36091,2006,235.46032493524842,310,131657,0
36091,2007,244.905363729818,324,132296,0
36091,2008,252.6220818766212,336,133005,0
36093,2005,325.08785384782686,284,87361,0
36093,2006,308.12135933247873,274,88926,0
36093,2007,299.9104744852283,268,89360,0
36093,2008,316.70800850460665,286,90304,0
36095,2005,331.36966126656847,63,19012,0
36095,2006,328.0908238725133,63,19202,0
36095,2007,298.5996705107084,58,19424,0
36095,2008,246.49514712679095,48,19473,0
36097,2005,217.58839528558477,24,11030,0
36097,2006,342.77467075590835,38,11086,0
36097,2007,288.5482416591524,32,11090,0
36097,2008,326.7084127416281,36,11019,0
36099,2005,325.8251877036407,69,21177,0
36099,2006,329.2568203198495,70,21260,0
36099,2007,293.91182645206436,63,21435,0
36099,2008,290.33013345820655,62,21355,0
36101,2005,366.1327231121282,208,56810,0
36101,2006,349.72408702681804,199,56902,0
36101,2007,385.3227077677555,220,57095,0
36101,2008,350.0175008750437,200,57140,0
36103,2005,277.3942356731475,2453,884301,0
36103,2006,269.55123453786445,2382,883691,0
36103,2007,270.0828828175626,2384,882692,0
36103,2008,277.31784334482415,2452,884184,0
36105,2005,379.7219736813391,174,45823,0
36105,2006,469.0472073318347,217,46264,0
36105,2007,429.7351035854018,201,46773,0
36105,2008,435.2580458414632,203,46639,0
36107,2005,320.11737637133615,96,29989,0
36107,2006,296.0548200385869,89,30062,0
36107,2007,335.9276258897093,101,30066,0
36107,2008,273.2422525824725,82,30010,0
36109,2005,182.50781609560235,115,63011,0
36109,2006,200.3849916374767,127,63378,0
36109,2007,183.92177822491905,117,63614,0
36109,2008,181.5080818038148,116,63909,0
36111,2005,323.62459546925567,364,112476,0
36111,2006,334.57249070631974,378,112980,0
36111,2007,330.73052536632383,374,113083,0
36111,2008,311.12446746451235,352,113138,0
36113,2005,371.00971324040916,144,38813,0
36113,2006,341.7844207519257,134,39206,0
36113,2007,354.94257536191463,140,39443,0
36113,2008,332.98594341780836,131,39341,0
36115,2005,353.8645736330983,133,37585,0
36115,2006,359.0379893872594,136,37879,0
36115,2007,317.16075594348774,121,38151,0
36115,2008,286.91410834920055,110,38339,0
36117,2005,276.59266758261623,153,55316,0
36117,2006,335.8795167668888,186,55377,0
36117,2007,339.1053391053391,188,55440,0
36117,2008,331.3046922827613,184,55538,0
36119,2005,246.3932091984361,1348,547093,0
36119,2006,246.13246534762098,1346,546860,0
36119,2007,233.7019779834858,1281,548134,0
36119,2008,233.42797611586747,1285,550491,0
36121,2005,304.57229877799654,82,26923,0
36121,2006,277.7469170092212,75,27003,0
36121,2007,311.93137509747856,84,26929,0
36121,2008,231.68043047718697,62,26761,0
36123,2005,275.6019727299101,38,13788,0
36123,2006,268.56354794222256,37,13777,0
36123,2007,338.9097202192097,47,13868,0
36123,2008,329.8200329820033,46,13947,0
37001,2005,370.83725996548645,303,81707,0
37001,2006,391.64176226742507,325,82984,0
37001,2007,379.2846761901386,321,84633,0
37001,2008,364.3471823817896,315,86456,0
37003,2005,401.5514487793748,88,21915,0
37003,2006,503.2872364543187,111,22055,0
37003,2007,415.293639687627,92,22153,0
37003,2008,472.6323370543752,105,22216,0
37005,2005,509.5541401273885,32,6280,0
37005,2006,300.15797788309635,19,6330,0
37005,2007,456.83679899180845,29,6348,0
37005,2008,378.0718336483932,24,6348,0
37007,2005,468.5450115574436,75,16007,0
37007,2006,536.6614664586583,86,16025,0
37007,2007,603.8722530037975,97,16063,0
37007,2008,592.1174366249306,96,16213,0
37009,2005,502.8365136668386,78,15512,0
37009,2006,383.9508542906508,60,15627,0
37009,2007,375.0079450835823,59,15733,0
37009,2008,416.37751561415683,66,15851,0
37011,2005,497.82202862476663,56,11249,0
37011,2006,436.71936413660586,50,11449,0
37011,2007,416.6297314067902,47,11281,0
37011,2008,363.76541566852984,41,11271,0
37013,2005,512.9539456566182,138,26903,0
37013,2006,579.1220951678348,157,27110,0
37013,2007,443.40982152754685,120,27063,0
37013,2008,537.496800614282,147,27349,0
37015,2005,609.437576179697,70,11486,0
37015,2006,603.6217303822938,69,11431,0
37015,2007,528.8852725793328,65,12290,0
37015,2008,504.88860394293954,63,12478,0
37017,2005,582.4554294975688,115,19744,0
37017,2006,521.0942980258543,104,19958,0
37017,2007,613.5275339185954,123,20048,0
37017,2008,601.3493693165151,123,20454,0
37019,2005,468.01872074883,246,52562,0
37019,2006,520.0356188780054,292,56150,0
37019,2007,445.2193932827735,263,59072,0
37019,2008,454.23984519768453,277,60981,0
37021,2005,397.19746915813334,538,135449,0
37021,2006,362.3293010364639,502,138548,0
37021,2007,353.1143411126994,499,141314,0
37021,2008,401.0340250122266,574,143130,0
37023,2005,432.06367254121665,228,52770,0
37023,2006,476.68589804218294,252,52865,0
37023,2007,394.9581419959559,209,52917,0
37023,2008,506.3148186489488,269,53129,0
37025,2005,364.1837965884059,329,90339,0
37025,2006,333.099951201918,314,94266,0
37025,2007,334.67202141900935,330,98604,0
37025,2008,328.7504538718953,335,101901,0
37027,2005,475.30481504443065,230,48390,0
37027,2006,470.69947174775444,229,48651,0
37027,2007,469.86888811375337,229,48737,0
37027,2008,425.5579084541456,209,49112,0
37029,2005,301.82984342576873,16,5301,0
37029,2006,479.26267281105993,26,5425,0
37029,2007,410.0552683187734,23,5609,0
37029,2008,243.05555555555557,14,5760,0
37031,2005,512.4162396531336,195,38055,0
37031,2006,445.91076629636314,173,38797,0
37031,2007,388.4943912730266,151,38868,0
37031,2008,436.5018230370256,170,38946,0
37033,2005,425.3567508232711,62,14576,0
37033,2006,408.58018386108273,60,14685,0
37033,2007,408.46892232282664,60,14689,0
37033,2008,477.4246351111717,70,14662,0
37035,2005,366.1286361708303,328,89586,0
37035,2006,410.9725244981606,372,90517,0
37035,2007,410.3024202372095,375,91396,0
37035,2008,399.3601532150125,367,91897,0
37037,2005,368.916565829472,125,33883,0
37037,2006,349.57963770837546,121,34613,0
37037,2007,373.0068337129841,131,35120,0
37037,2008,362.8004874266091,131,36108,0
37039,2005,570.5187740480297,86,15074,0
37039,2006,458.5674610863528,71,15483,0
37039,2007,537.1874400460447,84,15637,0
37039,2008,473.47878942990593,74,15629,0
37041,2005,468.15325859307626,38,8117,0
37041,2006,352.4550315994166,29,8228,0
37041,2007,503.4763845600575,42,8342,0
37041,2008,495.4084098598357,41,8276,0
37043,2005,568.8888888888889,32,5625,0
37043,2006,397.3738769868694,23,5788,0
37043,2007,490.9429490435077,29,5907,0
37043,2008,437.7104377104377,26,5940,0
37045,2005,480.54074034958023,273,56811,0
37045,2006,579.3783569604649,329,56785,0
37045,2007,502.21254477769196,286,56948,0
37045,2008,487.1575491959281,279,57271,0
37047,2005,546.2794358198821,177,32401,0
37047,2006,602.2807178452414,197,32709,0
37047,2007,619.4394680108098,204,32933,0
37047,2008,567.9929907247953,188,33099,0
37049,2005,406.4316018396377,228,56098,0
37049,2006,429.22929880962727,247,57545,0
37049,2007,389.73186447723964,225,57732,0
37049,2008,386.4569083447332,226,58480,0
37051,2005,387.14021208550747,713,184171,0
37051,2006,408.53381752156156,765,187255,0
37051,2007,370.75986993894,691,186374,0
37051,2008,371.6053243992557,701,188641,0
37053,2005,329.8636563553731,45,13642,0
37053,2006,469.95158074622617,66,14044,0
37053,2007,464.55972407967903,66,14207,0
37053,2008,376.6215650718371,54,14338,0
37055,2005,419.9524053940553,90,21431,0
37055,2006,311.20813786056016,67,21529,0
37055,2007,382.1774794929157,82,21456,0
37055,2008,333.0050185263355,71,21321,0
37057,2005,417.47156042069116,389,93180,0
37057,2006,429.62726644334555,404,94035,0
37057,2007,408.1977069203751,387,94807,0
37057,2008,437.95316709837823,421,96129,0
37059,2005,312.4037488449861,71,22727,0
37059,2006,427.4795975646617,99,23159,0
37059,2007,389.45476333133615,91,23366,0
37059,2008,390.6415863445289,92,23551,0
37061,2005,456.8854568854569,142,31080,0
37061,2006,442.9365752520969,141,31833,0
37061,2007,399.4797473058343,129,32292,0
37061,2008,432.49455601258165,143,33064,0
37063,2005,301.96665462241265,468,154984,0
37063,2006,304.0184681758261,482,158543,0
37063,2007,298.77594268430164,485,162329,0
37063,2008,304.1063352487434,507,166718,0
37065,2005,582.046812749004,187,32128,0
37065,2006,589.6592390292348,190,32222,0
37065,2007,583.5066265247215,188,32219,0
37065,2008,620.2216831956769,202,32569,0
37067,2005,371.0101082368332,726,195682,0
37067,2006,350.6451871443456,700,199632,0
37067,2007,355.1024428684003,721,203040,0
37067,2008,365.5898296020808,752,205695,0
37069,2005,417.6629036651433,138,33041,0
37069,2006,434.5108776524508,146,33601,0
37069,2007,457.2685439759211,158,34553,0
37069,2008,407.6468934495361,145,35570,0
37071,2005,479.6902571482414,560,116742,0
37071,2006,458.73497283917237,543,118369,0
37071,2007,517.4783487058902,625,120778,0
37071,2008,461.73981611699577,568,123013,0
37073,2005,477.0698676515851,31,6498,0
37073,2006,487.15677590788306,33,6774,0
37073,2007,456.62100456621005,32,7008,0
37073,2008,423.6689733088547,30,7081,0
37075,2005,537.1900826446281,26,4840,0
37075,2006,626.7691063485645,31,4946,0
37075,2007,575.3030614341483,28,4867,0
37075,2008,676.5067650676507,33,4878,0
37077,2005,446.17626937148634,150,33619,0
37077,2006,544.0346310216736,186,34189,0
37077,2007,509.70397961184085,182,35707,0
37077,2008,487.6839146966441,177,36294,0
37079,2005,396.36663914120555,48,12110,0
37079,2006,416.86330029888313,53,12714,0
37079,2007,396.7951163677985,52,13105,0
37079,2008,288.73185928120967,38,13161,0
37081,2005,342.4883334188028,935,273002,0
37081,2006,336.57736624630303,940,279282,0
37081,2007,335.76965358827476,956,284719,0
37081,2008,340.80550261042515,987,289608,0
37083,2005,580.2707930367505,186,32054,0
37083,2006,581.9228482933393,186,31963,0
37083,2007,594.9212512133263,190,31937,0
37083,2008,591.2162162162163,189,31968,0
37085,2005,363.7155978679897,217,59662,0
37085,2006,417.660116747513,254,60815,0
37085,2007,369.41856729842596,230,62260,0
37085,2008,354.81501164480983,227,63977,0
37087,2005,482.5053864595029,159,32953,0
37087,2006,441.0705712914066,147,33328,0
37087,2007,456.11733842117815,153,33544,0
37087,2008,465.46101393418326,157,33730,0
37089,2005,456.31139129159953,249,54568,0
37089,2006,430.9265815541966,241,55926,0
37089,2007,408.98718623837107,233,56970,0
37089,2008,445.4804454804455,258,57915,0
37091,2005,546.2909718228867,76,13912,0
37091,2006,492.1540656205421,69,14020,0
37091,2007,485.5735397607319,69,14210,0
37091,2008,472.1894312894938,68,14401,0
37093,2005,349.21851709893104,82,23481,0
37093,2006,342.731241584724,84,24509,0
37093,2007,390.31384419308586,98,25108,0
37093,2008,355.0431396503016,93,26194,0
37095,2005,442.1110804089527,16,3619,0
37095,2006,480.90523338048087,17,3535,0
37095,2007,450.070323488045,16,3555,0
37095,2008,324.23669278573357,12,3701,0
37097,2005,379.7967251489926,318,83729,0
37097,2006,377.302231702562,329,87198,0
37097,2007,378.0865053054074,341,90191,0
37097,2008,368.1988489736862,341,92613,0
37099,2005,345.7179116887664,79,22851,0
37099,2006,408.85860306643957,96,23480,0
37099,2007,410.13064986681326,97,23651,0
37099,2008,308.1022566408527,74,24018,0
37101,2005,340.70191431175937,299,87760,0
37101,2006,356.7011220072444,323,90552,0
37101,2007,344.84599370095555,323,93665,0
37101,2008,336.41542144803105,326,96904,0
37103,2005,551.7241379310344,32,5800,0
37103,2006,501.03662750518316,29,5788,0
37103,2007,562.2763673538933,33,5869,0
37103,2008,459.33991153453553,27,5878,0
37105,2005,414.49746327552475,125,30157,0
37105,2006,475.44090719264995,148,31129,0
37105,2007,421.5692443213993,134,31786,0
37105,2008,472.9439223634912,154,32562,0
37107,2005,521.3214620431115,178,34144,0
37107,2006,543.3026930192946,185,34051,0
37107,2007,542.1970768505422,184,33936,0
37107,2008,505.2582104459197,172,34042,0
37109,2005,400.29789610873206,172,42968,0
37109,2006,384.22420612498587,170,44245,0
37109,2007,441.23811414830016,200,45327,0
37109,2008,449.07606360120326,209,46540,0
37111,2005,417.1881518564873,110,26367,0
37111,2006,453.22355251727913,120,26477,0
37111,2007,500.4327049704632,133,26577,0
37111,2008,419.71144837923924,112,26685,0
37113,2005,433.6947456213511,78,17985,0
37113,2006,528.5239470386313,97,18353,0
37113,2007,480.2244644687854,89,18533,0
37113,2008,439.16023993144813,82,18672,0
37115,2005,412.49263406010607,49,11879,0
37115,2006,318.15137307434696,38,11944,0
37115,2007,523.299277348617,63,12039,0
37115,2008,511.25587531953494,62,12127,0
37117,2005,614.4501730348188,87,14159,0
37117,2006,610.6548747104654,87,14247,0
37117,2007,620.8112874779541,88,14175,0
37117,2008,594.1854707505128,84,14137,0
37119,2005,276.05804135139994,1397,506053,0
37119,2006,281.83609096188667,1485,526902,0
37119,2007,283.05708990179164,1544,545473,0
37119,2008,268.17189337898367,1507,561953,0
37121,2005,411.56720459222356,38,9233,0
37121,2006,555.6766179995642,51,9178,0
37121,2007,545.7323728443571,50,9162,0
37121,2008,481.716663017298,44,9134,0
37123,2005,559.3536357986327,90,16090,0
37123,2006,421.4963119072708,68,16133,0
37123,2007,359.8461347561732,58,16118,0
37123,2008,384.42460317460313,62,16128,0
37125,2005,456.97396839831765,201,43985,0
37125,2006,453.3736332118411,204,44996,0
37125,2007,389.9527264013245,179,45903,0
37125,2008,376.7816388924773,175,46446,0
37127,2005,473.3836802357709,257,54290,0
37127,2006,465.1247297370955,256,55039,0
37127,2007,511.3991953509164,286,55925,0
37127,2008,444.54677482200424,251,56462,0
37129,2005,321.5543785130029,377,117243,0
37129,2006,339.33936419390346,410,120823,0
37129,2007,307.5320956115658,378,122914,0
37129,2008,331.2931663765512,413,124663,0
37131,2005,668.7365655600669,84,12561,0
37131,2006,413.12465241916266,52,12587,0
37131,2007,663.874180036355,84,12653,0
37131,2008,544.7655139744197,69,12666,0
37133,2005,284.4268645761122,279,98092,0
37133,2006,263.98789808287444,267,101141,0
37133,2007,264.0050249283555,269,101892,0
37133,2008,269.6539913521492,285,105691,0
37135,2005,266.0492958647242,208,78181,0
37135,2006,219.631270472772,175,79679,0
37135,2007,236.89701730698417,193,81470,0
37135,2008,248.21071402752005,206,82994,0
37137,2005,523.9717055279015,40,7634,0
37137,2006,432.333289663304,33,7633,0
37137,2007,484.03976975405544,37,7644,0
37137,2008,588.6200130804448,45,7645,0
37139,2005,402.55848280180703,90,22357,0
37139,2006,426.1547070724463,99,23231,0
37139,2007,356.1701236119841,85,23865,0
37139,2008,435.052827843381,105,24135,0
37141,2005,346.7026750848509,95,27401,0
37141,2006,483.2609609188962,138,28556,0
37141,2007,455.4348559476419,135,29642,0
37141,2008,438.87147335423197,133,30305,0
37143,2005,451.8291794199096,31,6861,0
37143,2006,368.3241252302026,26,7059,0
37143,2007,543.4782608695652,40,7360,0
37143,2008,464.37574631816375,35,7537,0
37145,2005,494.8526487871692,112,22633,0
37145,2006,487.6334402319554,111,22763,0
37145,2007,526.7281908410239,121,22972,0
37145,2008,528.2757426171299,122,23094,0
37147,2005,359.08608212999354,328,91343,0
37147,2006,349.2137399733328,330,94498,0
37147,2007,359.9712023038157,350,97230,0
37147,2008,355.6763345355726,356,100091,0
37149,2005,425.9259259259259,46,10800,0
37149,2006,408.68222686404505,45,11011,0
37149,2007,541.6140097490521,60,11078,0
37149,2008,446.149727848666,50,11207,0
37151,2005,379.38588439744956,310,81711,0
37151,2006,407.5098238975404,336,82452,0
37151,2007,425.7017427165093,352,82687,0
37151,2008,437.47370951264946,364,83205,0
37153,2005,572.448145119322,154,26902,0
37153,2006,614.1820212171971,165,26865,0
37153,2007,549.1243692490353,148,26952,0
37153,2008,607.249972229422,164,27007,0
37155,2005,549.6704645515916,412,74954,0
37155,2006,589.3259170970732,445,75510,0
37155,2007,599.4478769554357,456,76070,0
37155,2008,564.360565142589,433,76724,0
37157,2005,432.0281725934397,238,55089,0
37157,2006,484.03409911862445,268,55368,0
37157,2007,541.750939034961,300,55376,0
37157,2008,484.2440011564036,268,55344,0
37159,2005,415.13326287104127,326,78529,0
37159,2006,433.45681812454325,344,79362,0
37159,2007,431.6313419243772,346,80161,0
37159,2008,430.27143981117234,350,81344,0
37161,2005,514.6884155515085,195,37887,0
37161,2006,536.5789818086638,205,38205,0
37161,2007,521.7300568685762,200,38334,0
37161,2008,534.6212453834034,207,38719,0
37163,2005,439.5300621976503,159,36175,0
37163,2006,489.4143524883146,178,36370,0
37163,2007,528.0382827755012,192,36361,0
37163,2008,496.9796814936847,181,36420,0
37165,2005,661.6345168204268,142,21462,0
37165,2006,581.2863303956498,124,21332,0
37165,2007,590.6896066757301,126,21331,0
37165,2008,679.6662604293616,145,21334,0
37167,2005,475.8608755840111,165,34674,0
37167,2006,432.80116942302726,151,34889,0
37167,2007,408.4063643325108,144,35259,0
37167,2008,365.92917862973593,130,35526,0
37169,2005,462.7636676711149,129,27876,0
37169,2006,437.3022362854197,123,28127,0
37169,2007,464.34141500070893,131,28212,0
37169,2008,414.6730462519936,117,28215,0
37171,2005,414.4562334217507,175,42224,0
37171,2006,477.82377291543463,202,42275,0
37171,2007,440.76873859570134,186,42199,0
37171,2008,461.03650463400794,195,42296,0
37173,2005,649.4349915573451,50,7699,0
37173,2006,558.9430894308944,44,7872,0
37173,2007,804.8289738430584,64,7952,0
37173,2008,676.3527054108216,54,7984,0
37175,2005,382.1506261391028,65,17009,0
37175,2006,383.6763167073596,66,17202,0
37175,2007,412.44200034370164,72,17457,0
37175,2008,396.84789387153467,70,17639,0
37177,2005,265.9574468085106,7,2632,1
37177,2006,187.12574850299401,5,2672,1
37177,2007,435.09789702683105,12,2758,0
37177,2008,474.97259773474605,13,2737,0
37179,2005,238.7312538123383,227,95086,0
37179,2006,296.2582581989473,300,101263,0
37179,2007,246.40160672443932,265,107548,0
37179,2008,286.72234379884776,321,111955,0
37181,2005,627.4263754362573,160,25501,0
37181,2006,543.963942961495,140,25737,0
37181,2007,582.9997279334603,150,25729,0
37181,2008,592.7705241951106,153,25811,0
37183,2005,219.03682767277581,1040,474806,0
37183,2006,229.22947500613827,1139,496882,0
37183,2007,224.42032788909816,1163,518224,0
37183,2008,210.01849499743744,1131,538524,0
37185,2005,541.2156536219817,65,12010,0
37185,2006,510.1614117253492,61,11957,0
37185,2007,441.15198934576324,53,12014,0
37185,2008,486.59793814432993,59,12125,0
37187,2005,542.0412480169223,41,7564,0
37187,2006,571.580486508042,43,7523,0
37187,2007,526.8846257768171,39,7402,0
37187,2008,417.5646551724138,31,7424,0
37189,2005,196.4440300992209,59,30034,0
37189,2006,233.79659696064425,72,30796,0
37189,2007,238.51927235720646,75,31444,0
37189,2008,209.8441598518747,68,32405,0
37191,2005,436.81881328502067,305,69823,0
37191,2006,411.18773289930186,288,70041,0
37191,2007,453.76155607701224,321,70742,0
37191,2008,461.7932738195497,329,71244,0
37193,2005,469.63285473179565,192,40883,0
37193,2006,427.81010120764677,175,40906,0
37193,2007,470.9154792113996,193,40984,0
37193,2008,450.6821466186592,184,40827,0
37195,2005,486.58571649746756,220,45213,0
37195,2006,502.15840014095676,228,45404,0
37195,2007,439.1017977088451,202,46003,0
37195,2008,467.4500385967921,218,46636,0
37197,2005,352.4467940897384,78,22131,0
37197,2006,427.9279279279279,95,22200,0
37197,2007,451.7936206740761,100,22134,0
37197,2008,418.46652267818575,93,22224,0
37199,2005,478.0954239437994,49,10249,0
37199,2006,448.2557006431495,46,10262,0
37199,2007,367.0788253477589,38,10352,0
37199,2008,289.68713789107767,30,10356,0
38001,2005,264.43526769542854,3.3239513149315365,1257,1
38001,2006,338.4575072058695,4.247641715433662,1255,1
38001,2007,254.82924165547996,3.228686491774931,1267,1
38001,2008,348.65197920110603,4.351176700429804,1248,1
38003,2005,370.31073901143134,23,6211,0
38003,2006,355.7567917205692,22,6184,0
38003,2007,244.140625,15,6144,0
38003,2008,324.41200324412006,20,6165,0
38005,2005,771.9714964370546,26,3368,0
38005,2006,722.0216606498195,24,3324,0
38005,2007,543.4782608695652,18,3312,0
38005,2008,451.39933794763766,15,3323,0
38007,2005,264.43526769542854,1.287799753676737,487,1
38007,2006,338.4575072058695,1.6110577342999388,476,1
38007,2007,254.82924165548,1.1773110964483176,462,1
38007,2008,348.65197920110603,1.732800336629497,497,1
38009,2005,243.5723951285521,9,3695,1
38009,2006,329.1278113000549,12,3646,0
38009,2007,333.33333333333337,12,3600,0
38009,2008,393.14799213704015,14,3561,0
38011,2005,264.43526769542854,4.310294863435485,1630,1
38011,2006,338.45750720586955,5.564241418464495,1644,1
38011,2007,254.82924165547996,4.209779072148529,1652,1
38011,2008,648.9675516224189,11,1695,0
38013,2005,264.43526769542854,2.993407230312251,1132,1
38013,2006,338.4575072058695,3.7670320552013274,1113,1
38013,2007,254.82924165547996,2.7547041022957384,1081,1
38013,2008,348.65197920110603,3.7759009347479786,1083,1
38015,2005,215.87329559221973,98,45397,0
38015,2006,202.78724597661474,94,46354,0
38015,2007,238.83499249677678,113,47313,0
38015,2008,250.41213664155592,120,47921,0
38017,2005,199.34550147492624,173,86784,0
38017,2006,193.19981578622216,172,89027,0
38017,2007,213.93777153640232,195,91148,0
38017,2008,212.7933969564096,198,93048,0
38019,2005,264.43526769542854,5.928638701731508,2242,1
38019,2006,338.4575072058695,7.334374181151192,2167,1
38019,2007,475.5111745126011,10,2103,0
38019,2008,348.6519792011061,7.332151122599261,2103,1
38021,2005,264.43526769542854,7.591936535535753,2871,1
38021,2006,316.0112359550562,9,2848,1
38021,2007,254.82924165548,7.272826556847399,2854,1
38021,2008,323.97408207343415,9,2778,1
38023,2005,264.43526769542854,2.8955661812649423,1095,1
38023,2006,338.45750720586955,3.6485719276792734,1078,1
38023,2007,254.82924165547996,2.7674455643785123,1086,1
38023,2008,348.6519792011061,3.8281987316281447,1098,1
38025,2005,264.43526769542854,5.069224081721365,1917,1
38025,2006,338.45750720586955,6.4882304131365185,1917,1
38025,2007,254.82924165548,5.037974107528839,1977,1
38025,2008,348.65197920110603,6.973039584022121,2000,1
38027,2005,264.43526769542854,3.4773237701948854,1315,1
38027,2006,338.45750720586955,4.335640667307189,1281,1
38027,2007,254.82924165547996,3.226138199358376,1266,1
38027,2008,348.6519792011061,4.473204893150191,1283,1
38029,2005,599.7818974918212,11,1834,0
38029,2006,338.4575072058695,6.170080356363001,1823,1
38029,2007,254.82924165547996,4.548701963550317,1785,1
38029,2008,565.9309564233163,10,1767,0
38031,2005,264.43526769542854,4.915851626458016,1859,1
38031,2006,338.45750720586955,6.275002183596821,1854,1
38031,2007,254.82924165547996,4.6837614616277214,1838,1
38031,2008,348.6519792011061,6.314087343332031,1811,1
38033,2005,264.43526769542854,2.2397667173802795,847,1
38033,2006,338.45750720586955,2.8565813608175388,844,1
38033,2007,254.82924165548,2.2093695251530114,867,1
38033,2008,348.65197920110603,3.047218298217667,874,1
38035,2005,208.6098994879575,88,42184,0
38035,2006,222.17025257249765,95,42760,0
38035,2007,224.10417305560142,95,42391,0
38035,2008,227.77973464835037,97,42585,0
38037,2005,264.43526769542854,3.5275664710570167,1334,1
38037,2006,338.45750720586955,4.457485369901302,1317,1
38037,2007,254.82924165547996,3.269459170439808,1283,1
38037,2008,348.65197920110603,4.480177932734213,1285,1
38039,2005,264.43526769542854,3.543432587118742,1340,1
38039,2006,338.45750720586955,4.430408769324832,1309,1
38039,2007,254.82924165547996,3.3662942822688904,1321,1
38039,2008,348.65197920110603,4.501097051486279,1291,1
38041,2005,264.43526769542854,3.509056002318337,1327,1
38041,2006,338.45750720586955,4.525176871342476,1337,1
38041,2007,254.82924165548,3.4019703761006577,1335,1
38041,2008,348.65197920110603,4.609179165038622,1322,1
38043,2005,743.4944237918215,10,1345,0
38043,2006,338.45750720586955,4.5894837977115905,1356,1
38043,2007,254.82924165547996,3.407066960933767,1337,1
38043,2008,348.65197920110603,4.657990442126777,1336,1
38045,2005,264.43526769542854,5.989458813301456,2265,1
38045,2006,338.4575072058695,7.605140186915888,2247,1
38045,2007,254.82924165547996,5.705626720666197,2239,1
38045,2008,348.65197920110603,7.583180547624057,2175,1
38047,2005,264.43526769542854,2.6522857349851483,1003,1
38047,2006,338.45750720586955,3.2796532448248756,969,1
38047,2007,254.82924165548,2.48458510614093,975,1
38047,2008,0,0,972,0
38049,2005,369.3754197447952,11,2978,0
38049,2006,302.11480362537765,9,2979,1
38049,2007,254.82924165547996,7.507269459170439,2946,1
38049,2008,470.11417058428475,14,2978,0
38051,2005,264.43526769542854,3.7655582119829023,1424,1
38051,2006,338.45750720586955,4.867018953620404,1438,1
38051,2007,254.82924165548,3.4911606106800757,1370,1
38051,2008,348.65197920110603,4.76607255567912,1367,1
38053,2005,385.48024413748794,12,3113,0
38053,2006,345.80320653882427,11,3181,0
38053,2007,335.5704697986577,11,3278,0
38053,2008,472.25501770956316,16,3388,0
38055,2005,445.43429844097994,22,4939,0
38055,2006,425.35953007899536,21,4937,0
38055,2007,201.2477359629704,10,4969,0
38055,2008,337.770713292271,17,5033,0
38057,2005,183.89865140988965,9,4894,1
38057,2006,222.98803973241436,11,4933,0
38057,2007,261.4641995172969,13,4972,0
38057,2008,199.3620414673046,10,5016,0
38059,2005,327.71535580524346,49,14952,0
38059,2006,354.98290823034444,54,15212,0
38059,2007,270.82795976270313,42,15508,0
38059,2008,367.32108929702343,58,15790,0
38061,2005,541.9354838709678,21,3875,0
38061,2006,539.291217257319,21,3894,0
38061,2007,470.52996532937095,19,4038,0
38061,2008,554.4840887174541,23,4148,0
38063,2005,264.43526769542854,4.569441425777005,1728,1
38063,2006,338.4575072058695,5.689470696130666,1681,1
38063,2007,602.0469596628537,10,1661,0
38063,2008,348.65197920110603,5.7736767755703164,1656,1
38065,2005,264.43526769542854,3.003984641020068,1136,1
38065,2006,338.45750720586955,3.8381081317145602,1134,1
38065,2007,254.82924165548,2.826056289959273,1109,1
38065,2008,348.6519792011061,3.852604370172222,1105,1
38067,2005,322.2094361334868,14,4345,0
38067,2006,413.9834406623735,18,4348,0
38067,2007,283.4199338686821,12,4234,0
38067,2008,337.5934410417169,14,4147,0
38069,2005,264.43526769542854,5.989458813301456,2265,1
38069,2006,338.45750720586955,7.638985937636475,2257,1
38069,2007,254.82924165547996,5.78207549316284,2269,1
38069,2008,440.33465433729634,10,2271,0
38071,2005,381.2549642573471,24,6295,0
38071,2006,237.49208359721345,15,6316,0
38071,2007,407.0131496556042,26,6388,0
38071,2008,372.20843672456573,24,6448,0
38073,2005,264.43526769542854,8.372020575237267,3166,1
38073,2006,383.7543971858011,12,3127,0
38073,2007,320.5128205128205,10,3120,0
38073,2008,359.00783289817235,11,3064,0
38075,2005,264.43526769542854,3.717959863797725,1406,1
38075,2006,338.4575072058695,4.684251899729234,1384,1
38075,2007,254.82924165547996,3.4656776865145273,1360,1
38075,2008,348.65197920110603,4.692855640046887,1346,1
38077,2005,300.2070393374741,29,9660,0
38077,2006,335.50010484378276,32,9538,0
38077,2007,211.81952976064392,20,9442,0
38077,2008,233.00148273670834,22,9442,0
38079,2005,642.009769713887,46,7165,0
38079,2006,624.5662734212352,45,7205,0
38079,2007,606.1440969830555,44,7259,0
38079,2008,546.1496450027307,40,7324,0
38081,2005,264.43526769542854,5.965659639208868,2256,1
38081,2006,338.4575072058695,7.743907764870294,2288,1
38081,2007,254.82924165547996,5.766785738663511,2263,1
38081,2008,348.6519792011061,7.733100898680533,2218,1
38083,2005,264.43526769542854,2.0149967398391655,762,1
38083,2006,338.4575072058695,2.5655079046204907,758,1
38083,2007,254.82924165548,1.8628017565015587,731,1
38083,2008,348.65197920110603,2.4579964533677976,705,1
38085,2005,976.7441860465116,21,2150,0
38085,2006,827.5862068965517,18,2175,0
38085,2007,1210.9920819748486,26,2147,0
38085,2008,1247.1131639722862,27,2165,0
38087,2005,264.43526769542854,1.094762008259074,414,1
38087,2006,338.45750720586955,1.4722901563455324,435,1
38087,2007,254.82924165547996,1.0651862301199062,418,1
38087,2008,348.65197920110603,1.5236091491088335,437,1
38089,2005,268.81720430107526,35,13020,0
38089,2006,288.4250474383302,38,13175,0
38089,2007,355.0558473259856,48,13519,0
38089,2008,306.7036658390536,42,13694,0
38091,2005,0,0,1100,0
38091,2006,338.4575072058695,3.651956502751332,1079,1
38091,2007,254.82924165548,2.662965575299766,1045,1
38091,2008,348.65197920110603,3.6399266628595472,1044,1
38093,2005,326.66394446712945,40,12245,0
38093,2006,307.89175174201915,38,12342,0
38093,2007,293.94953866252956,36,12247,0
38093,2008,423.2804232804233,52,12285,0
38095,2005,264.43526769542854,3.448235890748388,1304,1
38095,2006,338.4575072058695,4.3559481177395405,1287,1
38095,2007,254.82924165547996,3.1853655206934994,1250,1
38095,2008,348.6519792011061,4.215202428541373,1209,1
38097,2005,197.7152899824253,9,4552,1
38097,2006,264.6085997794928,12,4535,0
38097,2007,197.15224534501644,9,4565,1
38097,2008,265.3106345346009,12,4523,0
38099,2005,439.0090937597993,28,6378,0
38099,2006,362.8332544565389,23,6339,0
38099,2007,415.4682007031001,26,6258,0
38099,2008,403.81198513971896,25,6191,0
38101,2005,275.2187264615563,95,34518,0
38101,2006,284.0420037872267,99,34854,0
38101,2007,205.72016343324094,72,34999,0
38101,2008,262.324997861481,92,35071,0
38103,2005,264.43526769542854,6.052923277548359,2289,1
38103,2006,338.45750720586955,7.584832736483536,2241,1
38103,2007,633.1976481230213,14,2211,0
38103,2008,510.204081632653,11,2156,0
38105,2005,299.16410030796305,34,11365,0
38105,2006,335.74380165289256,39,11616,0
38105,2007,241.54589371980674,29,12006,0
38105,2008,299.69220800259194,37,12346,0
39001,2005,532.5909338497852,88,16523,0
39001,2006,538.9692969175801,89,16513,0
39001,2007,528.0728376327769,87,16475,0
39001,2008,473.55958958168907,78,16471,0
39003,2005,333.4905890582551,205,61471,0
39003,2006,364.88027366020526,224,61390,0
39003,2007,387.92541400443343,238,61352,0
39003,2008,334.1319902857236,205,61353,0
39005,2005,313.6659292765873,95,30287,0
39005,2006,352.02000263192525,107,30396,0
39005,2007,295.12067156348377,90,30496,0
39005,2008,325.155187703222,99,30447,0
39007,2005,441.215944168568,263,59608,0
39007,2006,466.7875612868561,278,59556,0
39007,2007,413.6748112398473,246,59467,0
39007,2008,416.1802771151601,246,59109,0
39009,2005,287.29987231116786,117,40724,0
39009,2006,286.28055494384495,117,40869,0
39009,2007,337.144532395192,138,40932,0
39009,2008,331.0774623886265,136,41078,0
39011,2005,319.4519282580248,83,25982,0
39011,2006,350.10772545398584,91,25992,0
39011,2007,391.8706058626916,102,26029,0
39011,2008,336.93238379661534,88,26118,0
39013,2005,410.42626728110594,171,41664,0
39013,2006,382.92305862766085,161,42045,0
39013,2007,396.5333016739879,167,42115,0
39013,2008,367.40305300085333,155,42188,0
39015,2005,415.89648798521256,108,25968,0
39015,2006,441.3232020876506,115,26058,0
39015,2007,470.57923330017604,123,26138,0
39015,2008,474.36878347360374,124,26140,0
39017,2005,324.629097018538,684,210702,0
39017,2006,326.1006480025752,699,214351,0
39017,2007,365.2462645268401,792,216840,0
39017,2008,346.47172469494427,755,217911,0
39019,2005,257.3249897654834,44,17099,0
39019,2006,321.52461124751545,55,17106,0
39019,2007,342.3848878394333,58,16940,0
39019,2008,386.05452277721685,65,16837,0
39021,2005,323.6385604556831,75,23174,0
39021,2006,463.06221326587485,108,23323,0
39021,2007,480.6041881222108,112,23304,0
39021,2008,399.02175312137985,93,23307,0
39023,2005,501.8175587187741,410,81703,0
39023,2006,438.40204916013994,356,81204,0
39023,2007,513.777446040928,413,80385,0
39023,2008,459.9573881438777,367,79790,0
39025,2005,346.95821644249844,397,114423,0
39025,2006,326.3346916223496,378,115832,0
39025,2007,342.28699052720754,400,116861,0
39025,2008,343.8239349117462,404,117502,0
39027,2005,399.02280130293155,98,24560,0
39027,2006,439.5780051150895,110,25024,0
39027,2007,411.2433123053582,103,25046,0
39027,2008,405.0673126563679,102,25181,0
39029,2005,381.9792067770504,248,64925,0
39029,2006,400.3695719125347,260,64940,0
39029,2007,401.53199901161355,260,64752,0
39029,2008,460.86536814735234,296,64227,0
39031,2005,444.44444444444446,95,21375,0
39031,2006,431.58042876577383,92,21317,0
39031,2007,376.41744694866605,80,21253,0
39031,2008,417.18024082677533,88,21094,0
39033,2005,526.3562317504226,137,26028,0
39033,2006,424.04201517214545,109,25705,0
39033,2007,459.6527068437181,117,25454,0
39033,2008,389.662027833002,98,25150,0
39035,2005,398.749002481851,3088,774422,0
39035,2006,404.0627789251487,3101,767455,0
39035,2007,411.6586341431428,3139,762525,0
39035,2008,426.83602844517645,3234,757668,0
39037,2005,312.9994672349494,94,30032,0
39037,2006,358.49499112138574,107,29847,0
39037,2007,355.51381808425003,106,29816,0
39037,2008,372.27561933125764,110,29548,0
39039,2005,311.84118060435696,71,22768,0
39039,2006,327.9979008134348,75,22866,0
39039,2007,319.92286791129806,73,22818,0
39039,2008,339.3266349374229,77,22692,0
39041,2005,179.00285526026795,163,91060,0
39041,2006,200.66324483028114,190,94686,0
39041,2007,176.6965955086191,172,97342,0
39041,2008,208.8688946015424,208,99584,0
39043,2005,375.1645458534445,171,45580,0
39043,2006,372.67625394598383,170,45616,0
39043,2007,396.44084221654475,180,45404,0
39043,2008,380.65729777581055,172,45185,0
39045,2005,278.65569736302444,231,82898,0
39045,2006,276.59878868806334,232,83876,0
39045,2007,318.17375362233133,269,84545,0
39045,2008,315.4945494784922,268,84946,0
39047,2005,545.3020134228187,91,16688,0
39047,2006,479.64506265363633,80,16679,0
39047,2007,496.67883430075995,83,16711,0
39047,2008,592.0698522815621,99,16721,0
39049,2005,353.26689133769435,2455,694942,0
39049,2006,348.8781076851439,2450,702251,0
39049,2007,350.60612425864497,2487,709343,0
39049,2008,358.5622406378898,2574,717867,0
39051,2005,263.0194634402946,65,24713,0
39051,2006,327.78924365667115,81,24711,0
39051,2007,242.60067928190196,60,24732,0
39051,2008,319.66980941205037,79,24713,0
39053,2005,519.394408221903,94,18098,0
39053,2006,559.2779223655796,101,18059,0
39053,2007,510.17578883158654,92,18033,0
39053,2008,445.26075583013306,80,17967,0
39055,2005,236.074419650385,126,53373,0
39055,2006,279.0889338428111,149,53388,0
39055,2007,262.90092390896115,140,53252,0
39055,2008,271.96494674019795,144,52948,0
39057,2005,323.6384221825833,303,93623,0
39057,2006,266.7060224960732,253,94861,0
39057,2007,254.51688923802044,243,95475,0
39057,2008,304.8653598035543,293,96108,0
39059,2005,486.8881865550526,114,23414,0
39059,2006,445.8161865569273,104,23328,0
39059,2007,394.35895237687004,92,23329,0
39059,2008,466.40179651062357,108,23156,0
39061,2005,392.0611782272578,1880,479517,0
39061,2006,403.6742509762604,1931,478356,0
39061,2007,391.0842843220472,1866,477135,0
39061,2008,400.37815821854775,1910,477049,0
39063,2005,293.471981513576,127,43275,0
39063,2006,293.58471524576254,128,43599,0
39063,2007,227.826760531292,100,43893,0
39063,2008,300.0545553737043,132,43992,0
39065,2005,355.20154997039987,66,18581,0
39065,2006,508.91948358065036,95,18667,0
39065,2007,352.18783351120595,66,18740,0
39065,2008,396.50645662540853,74,18663,0
39067,2005,422.6725913081175,39,9227,0
39067,2006,632.5662558621442,58,9169,0
39067,2007,480.34934497816596,44,9160,0
39067,2008,648.636763412489,59,9096,0
39069,2005,356.73257149767215,59,16539,0
39069,2006,387.5030273674013,64,16516,0
39069,2007,356.2872412310339,58,16279,0
39069,2008,314.07808843453626,51,16238,0
39071,2005,450.8895929807458,111,24618,0
39071,2006,485.6707072328811,121,24914,0
39071,2007,428.6343788807435,107,24963,0
39071,2008,534.1365461847389,133,24900,0
39073,2005,459.1955359218787,79,17204,0
39073,2006,407.5928729474787,70,17174,0
39073,2007,567.7867902665122,98,17260,0
39073,2008,388.81151346332405,67,17232,0
39075,2005,240.23741108860523,51,21229,0
39075,2006,252.96294561296668,54,21347,0
39075,2007,221.30144081363594,47,21238,0
39075,2008,215.14428698377066,46,21381,0
39077,2005,341.69224532344936,118,34534,0
39077,2006,411.3438197039483,142,34521,0
39077,2007,355.2449168207024,123,34624,0
39077,2008,388.05710810576005,134,34531,0
39079,2005,477.7560875372444,93,19466,0
39079,2006,550.8365508365508,107,19425,0
39079,2007,555.2128315854411,108,19452,0
39079,2008,514.456219775697,100,19438,0
39081,2005,542.8488708743486,225,41448,0
39081,2006,513.7069679115742,211,41074,0
39081,2007,505.100039231071,206,40784,0
39081,2008,510.5923362054152,208,40737,0
39083,2005,419.82024597918644,142,33824,0
39083,2006,369.71830985915494,126,34080,0
39083,2007,390.64777563990435,134,34302,0
39083,2008,359.8270508690984,124,34461,0
39085,2005,335.3606966088856,456,135973,0
39085,2006,340.5729552777798,464,136241,0
39085,2007,334.92121656284354,457,136450,0
39085,2008,310.89523196441894,425,136702,0
39087,2005,503.58738324082844,186,36935,0
39087,2006,513.5412725012163,190,36998,0
39087,2007,525.0700546834616,193,36757,0
39087,2008,493.72613202400436,181,36660,0
39089,2005,337.3361055713498,318,94268,0
39089,2006,355.31611604896864,339,95408,0
39089,2007,350.4697123659816,338,96442,0
39089,2008,368.89722399686747,358,97046,0
39091,2005,391.3452492944496,104,26575,0
39091,2006,363.3335856483234,96,26422,0
39091,2007,312.41766100801743,83,26567,0
39091,2008,385.02189340178165,102,26492,0
39093,2005,341.27347686669725,596,174640,0
39093,2006,334.70853648834486,589,175974,0
39093,2007,330.5672851595666,584,176666,0
39093,2008,328.95295576403714,581,176621,0
39095,2005,420.14120054313685,1117,265863,0
39095,2006,393.34626905035515,1044,265415,0
39095,2007,427.25195021060387,1131,264715,0
39095,2008,429.2415593879038,1131,263488,0
39097,2005,389.63569062926166,100,25665,0
39097,2006,337.7081894235935,88,26058,0
39097,2007,364.4923684410358,96,26338,0
39097,2008,386.962345587141,104,26876,0
39099,2005,423.9909998593728,603,142220,0
39099,2006,416.8929833595508,591,141763,0
39099,2007,434.4259371544744,609,140185,0
39099,2008,469.0316973488576,653,139223,0
39101,2005,365.68491796797787,148,40472,0
39101,2006,347.8217968326015,141,40538,0
39101,2007,427.7286135693215,174,40680,0
39101,2008,416.1668584298269,170,40849,0
39103,2005,228.4097225731467,226,98945,0
39103,2006,249.2692107476074,249,99892,0
39103,2007,273.8443767301986,275,100422,0
39103,2008,269.40829222875936,272,100962,0
39105,2005,471.563303801086,66,13996,0
39105,2006,550.9838998211092,77,13975,0
39105,2007,492.22428306463115,69,14018,0
39105,2008,501.037864147162,70,13971,0
39107,2005,384.04858661188763,86,22393,0
39107,2006,302.1416511152581,68,22506,0
39107,2007,349.634874972339,79,22595,0
39107,2008,296.342164624707,67,22609,0
39109,2005,383.43044672158595,229,59724,0
39109,2006,351.17644107761,210,59799,0
39109,2007,359.67612419700214,215,59776,0
39109,2008,339.89685888420064,203,59724,0
39111,2005,575.7715338553662,50,8684,0
39111,2006,431.0344827586207,37,8584,0
39111,2007,375.5868544600939,32,8520,0
39111,2008,376.2050317422996,32,8506,0
39113,2005,426.9789007682537,1385,324372,0
39113,2006,438.58424756747036,1414,322401,0
39113,2007,431.80539053217433,1381,319820,0
39113,2008,474.32375750197895,1504,317083,0
39115,2005,405.6560037088549,35,8628,0
39115,2006,406.5985130111524,35,8608,0
39115,2007,384.16763678696157,33,8590,0
39115,2008,468.65846514352666,40,8535,0
39117,2005,317.6021041139398,64,20151,0
39117,2006,360.7432298873295,73,20236,0
39117,2007,402.25656119695856,82,20385,0
39117,2008,438.1214925667028,89,20314,0
39119,2005,375.60760053026956,187,49786,0
39119,2006,367.85285885645743,184,50020,0
39119,2007,386.6960528952114,193,49910,0
39119,2008,438.8437072228038,218,49676,0
39121,2005,295.02006136417276,25,8474,0
39121,2006,241.3515687851971,21,8701,0
39121,2007,337.2093023255814,29,8600,0
39121,2008,361.7691679309138,31,8569,0
39123,2005,357.49506903353057,87,24336,0
39123,2006,357.04025936717693,87,24367,0
39123,2007,325.11625992839214,79,24299,0
39123,2008,322.96799304376634,78,24151,0
39125,2005,318.6084560406441,37,11613,0
39125,2006,337.86710560512864,39,11543,0
39125,2007,365.8855300984406,42,11479,0
39125,2008,394.8753948753949,45,11396,0
39127,2005,436.3847944142746,90,20624,0
39127,2006,405.6991064960155,84,20705,0
39127,2007,380.411229354264,79,20767,0
39127,2008,485.0675290089404,102,21028,0
39129,2005,392.69826660530754,128,32595,0
39129,2006,430.7099183759525,143,33201,0
39129,2007,425.8465178175366,144,33815,0
39129,2008,334.2305303321601,113,33809,0
39131,2005,515.2399279905643,83,16109,0
39131,2006,565.4926547421477,92,16269,0
39131,2007,502.72822021948383,82,16311,0
39131,2008,505.2042120640331,83,16429,0
39133,2005,311.6103317977121,301,96595,0
39133,2006,290.0046442024872,281,96895,0
39133,2007,292.56216946101046,286,97757,0
39133,2008,304.89048415385247,299,98068,0
39135,2005,360.345932094811,90,24976,0
39135,2006,472.66172641698375,118,24965,0
39135,2007,397.9579531293967,99,24877,0
39135,2008,418.61213975205277,104,24844,0
39137,2005,278.4797070806044,54,19391,0
39137,2006,226.2094493856357,44,19451,0
39137,2007,276.6535170859163,54,19519,0
39137,2008,291.9483712354026,57,19524,0
39139,2005,368.8078749767837,278,75378,0
39139,2006,402.9890579129971,302,74940,0
39139,2007,373.7791889393513,279,74643,0
39139,2008,372.4823578810495,275,73829,0
39141,2005,453.6726382646494,215,47391,0
39141,2006,463.4969904154695,221,47681,0
39141,2007,411.35164332903975,198,48134,0
39141,2008,470.9805147441909,226,47985,0
39143,2005,336.24747814391395,120,35688,0
39143,2006,369.2720863872881,132,35746,0
39143,2007,390.1973444123179,139,35623,0
39143,2008,406.40081280162553,144,35433,0
39145,2005,526.0056310976275,241,45817,0
39145,2006,539.1304347826087,248,46000,0
39145,2007,496.60616312102877,229,46113,0
39145,2008,592.429823994485,275,46419,0
39147,2005,375.69127194037026,125,33272,0
39147,2006,355.3039655535817,118,33211,0
39147,2007,389.32818253153863,129,33134,0
39147,2008,322.13949247834677,106,32905,0
39149,2005,329.4834549705945,93,28226,0
39149,2006,275.22935779816515,78,28340,0
39149,2007,330.8810588193882,94,28409,0
39149,2008,337.7902885292048,96,28420,0
39151,2005,347.64311689499806,760,218615,0
39151,2006,363.3936856347505,795,218771,0
39151,2007,350.3434919242856,767,218928,0
39151,2008,379.67329798864637,830,218609,0
39153,2005,370.46984838521456,1200,323913,0
39153,2006,369.3321833415476,1199,324640,0
39153,2007,385.53162376304755,1251,324487,0
39153,2008,388.4281176223379,1257,323612,0
39155,2005,441.8459693390457,560,126741,0
39155,2006,440.7070370193911,555,125934,0
39155,2007,460.50784227205264,574,124645,0
39155,2008,430.411408338612,530,123138,0
39157,2005,336.9966113118529,180,53413,0
39157,2006,336.9461447745269,180,53421,0
39157,2007,338.0839419466911,181,53537,0
39157,2008,363.2958801498127,194,53400,0
39159,2005,296.8291660846487,85,28636,0
39159,2006,283.34345274235983,84,29646,0
39159,2007,249.20483982031018,76,30497,0
39159,2008,267.56068469746305,83,31021,0
39161,2005,445.5952309267176,74,16607,0
39161,2006,306.0306030603061,51,16665,0
39161,2007,338.57315598548973,56,16540,0
39161,2008,348.0065938091459,57,16379,0
39163,2005,521.4294798422994,41,7863,0
39163,2006,468.41372325610837,37,7899,0
39163,2007,505.2418845522294,40,7917,0
39163,2008,395.4081632653061,31,7840,0
39165,2005,265.06269752268327,312,117708,0
39165,2006,208.39560293580416,251,120444,0
39165,2007,267.4318414592512,329,123022,0
39165,2008,256.5233075473967,320,124745,0
39167,2005,397.87798408488067,147,36946,0
39167,2006,378.00500380724463,139,36772,0
39167,2007,397.8093239966214,146,36701,0
39167,2008,466.71242278654773,170,36425,0
39169,2005,335.59618125258595,219,65257,0
39169,2006,365.20888725894685,239,65442,0
39169,2007,307.7818270909258,201,65306,0
39169,2008,342.87463646104396,224,65330,0
39171,2005,338.7866090135069,76,22433,0
39171,2006,407.74262926785553,91,22318,0
39171,2007,368.5890232390884,82,22247,0
39171,2008,326.5602322206096,72,22048,0
39173,2005,268.5682533802556,203,75586,0
39173,2006,251.30256302299878,191,76004,0
39173,2007,282.64482275814237,216,76421,0
39173,2008,259.16908819602605,198,76398,0
39175,2005,290.808907936022,38,13067,0
39175,2006,323.77428307123034,42,12972,0
39175,2007,315.7489410858683,41,12985,0
39175,2008,349.1349212506789,45,12889,0
40001,2005,666.2828000329029,81,12157,0
40001,2006,655.5519585626416,81,12356,0
40001,2007,524.7013238618018,65,12388,0
40001,2008,450.6316890641345,56,12427,0
40003,2005,265.80035440047254,9,3386,1
40003,2006,268.0965147453083,9,3357,1
40003,2007,475.05938242280286,16,3368,0
40003,2008,355.0295857988165,12,3380,0
40005,2005,410.08322277168014,34,8291,0
40005,2006,473.70338880116606,39,8233,0
40005,2007,412.6714407088239,34,8239,0
40005,2008,408.5556356645037,34,8322,0
40007,2005,323.41526520051747,10,3092,0
40007,2006,327.22513089005236,10,3056,0
40007,2007,353.6977491961415,11,3110,0
40007,2008,553.0253741054,17,3074,0
40009,2005,672.1162579473206,74,11010,0
40009,2006,544.8199540308163,64,11747,0
40009,2007,550.40337781799,73,13263,0
40009,2008,546.9987044767526,76,13894,0
40011,2005,497.37867993009814,37,7439,0
40011,2006,641.1130814350021,47,7331,0
40011,2007,434.01600434016,32,7373,0
40011,2008,392.3690975510756,29,7391,0
40013,2005,469.5895606628437,104,22147,0
40013,2006,520.0139835693061,119,22884,0
40013,2007,519.0237206708704,121,23313,0
40013,2008,495.75665910427693,118,23802,0
40015,2005,679.8516687268232,110,16180,0
40015,2006,647.189349112426,105,16224,0
40015,2007,699.3459819983165,108,15443,0
40015,2008,715.9755945710373,115,16062,0
40017,2005,320.34169781099837,192,59936,0
40017,2006,292.0061305154473,181,61985,0
40017,2007,300.3984559830656,193,64248,0
40017,2008,311.0962729148962,205,65896,0
40019,2005,579.7880509906313,151,26044,0
40019,2006,540.1293267402054,142,26290,0
40019,2007,645.1612903225806,171,26505,0
40019,2008,596.8020418887471,159,26642,0
40021,2005,530.7692307692307,138,26000,0
40021,2006,567.32223903177,150,26440,0
40021,2007,456.6554704306148,121,26497,0
40021,2008,473.0686135737168,127,26846,0
40023,2005,749.2863939105613,63,8408,0
40023,2006,620.3769983297542,52,8382,0
40023,2007,685.1785070320952,57,8319,0
40023,2008,738.4093935358916,61,8261,0
40025,2005,328.1876747295491,4.5322717880150725,1381,1
40025,2006,805.860805860806,11,1365,0
40025,2007,812.407680945347,11,1354,0
40025,2008,560.4203152364273,7.246234676007005,1293,1
40027,2005,303.62918943315714,444,146231,0
40027,2006,307.3417587367194,464,150972,0
40027,2007,305.08518866938437,467,153072,0
40027,2008,303.1334493632271,472,155707,0
40029,2005,547.1515931766977,17,3107,0
40029,2006,787.143325680551,24,3049,0
40029,2007,453.0744336569579,14,3090,0
40029,2008,894.2829766847652,28,3131,0
40031,2005,362.7288819244943,250,68922,0
40031,2006,372.47654250781915,262,70340,0
40031,2007,400.82930200414654,290,72350,0
40031,2008,414.9319427506063,296,71337,0
40033,2005,335.8522250209908,12,3573,0
40033,2006,506.89946493945365,18,3551,0
40033,2007,628.212450028555,22,3502,0
40033,2008,553.7744097930632,19,3431,0
40035,2005,526.195378631892,46,8742,0
40035,2006,646.4273346415791,56,8663,0
40035,2007,519.33064050779,45,8665,0
40035,2008,731.5373896888063,63,8612,0
40037,2005,491.2046085793643,191,38884,0
40037,2006,595.2686406322164,232,38974,0
40037,2007,552.0223861612822,217,39310,0
40037,2008,563.3020107103163,223,39588,0
40039,2005,426.3133731225815,65,15247,0
40039,2006,420.03231017770594,65,15475,0
40039,2007,379.2017481843306,59,15559,0
40039,2008,329.38493697345916,52,15787,0
40041,2005,598.0969642048029,132,22070,0
40041,2006,568.9900426742532,128,22496,0
40041,2007,539.5446769311751,123,22797,0
40041,2008,565.8709106984969,128,22620,0
40043,2005,523.3494363929146,13,2484,0
40043,2006,525.2525252525253,13,2475,0
40043,2007,1009.2854259184497,25,2477,0
40043,2008,596.6587112171837,15,2514,0
40045,2005,604.370060437006,13,2151,0
40045,2006,520.5868433506862,11,2113,0
40045,2007,247.46349913387778,5.335313041326405,2156,1
40045,2008,547.4452554744526,12,2192,0
40047,2005,435.874928110906,144,33037,0
40047,2006,420.5467107239411,140,33290,0
40047,2007,388.5816768793902,130,33455,0
40047,2008,461.0610314762819,156,33835,0
40049,2005,579.1759905225747,88,15194,0
40049,2006,556.064372628549,85,15286,0
40049,2007,676.7749072688227,104,15367,0
40049,2008,672.4554416661226,103,15317,0
40051,2005,480.8690237320971,139,28906,0
40051,2006,435.2079889342465,129,29641,0
40051,2007,367.63477156512147,110,29921,0
40051,2008,483.0917874396135,146,30222,0
40053,2005,633.9144215530904,16,2524,0
40053,2006,654.1291905151268,16,2446,0
40053,2007,407.8303425774877,10,2452,0
40053,2008,688.8168557536467,17,2468,0
40055,2005,302.36393622869707,11,3638,0
40055,2006,633.4343156155329,23,3631,0
40055,2007,539.5198273536553,20,3707,0
40055,2008,456.13093640998125,17,3727,0
40057,2005,328.18767472954903,5.172237753737693,1576,1
40057,2006,270.0335717413516,4.261129762078529,1578,1
40057,2007,955.4140127388534,15,1570,0
40057,2008,560.4203152364273,8.753765323992996,1562,1
40059,2005,804.289544235925,15,1865,0
40059,2006,270.03357174135164,5.103634505911546,1890,1
40059,2007,247.46349913387775,4.664686958673595,1885,1
40059,2008,572.9166666666666,11,1920,0
40061,2005,443.8526409232135,30,6759,0
40061,2006,438.59649122807014,30,6840,0
40061,2007,365.8715059271184,25,6833,0
40061,2008,680.0752423672407,47,6911,0
40063,2005,501.6077170418007,39,7775,0
40063,2006,583.7332987417304,45,7709,0
40063,2007,646.6632177961717,50,7732,0
40063,2008,636.9426751592357,49,7693,0
40065,2005,414.2394822006472,64,15450,0
40065,2006,413.99831813183255,64,15459,0
40065,2007,445.8431681091004,68,15252,0
40065,2008,366.37356781241675,55,15012,0
40067,2005,620.7674943566591,22,3544,0
40067,2006,791.8552036199095,28,3536,0
40067,2007,540.6943653955606,19,3514,0
40067,2008,512.6744517231558,18,3511,0
40069,2005,589.1264096953375,35,5941,0
40069,2006,544.6443307476482,33,6059,0
40069,2007,656.8144499178982,40,6090,0
40069,2008,599.3008157149992,36,6007,0
40071,2005,585.4572421060848,150,25621,0
40071,2006,482.1638573108585,123,25510,0
40071,2007,515.24259338772,132,25619,0
40071,2008,597.2829481574016,153,25616,0
40073,2005,371.10341415141016,30,8084,0
40073,2006,443.89642416769425,36,8110,0
40073,2007,435.2557127312296,36,8271,0
40073,2008,447.23800314275354,37,8273,0
40075,2005,495.5037621581942,27,5449,0
40075,2006,870.8541782471743,47,5397,0
40075,2007,638.2579312934109,34,5327,0
40075,2008,826.1359369132557,44,5326,0
40077,2005,763.2293080054274,45,5896,0
40077,2006,609.3432633716994,36,5908,0
40077,2007,590.8170155300473,35,5924,0
40077,2008,663.680106188817,40,6027,0
40079,2005,586.9797225186767,165,28110,0
40079,2006,553.4014804370814,157,28370,0
40079,2007,568.1419653503542,162,28514,0
40079,2008,598.2995696441692,171,28581,0
40081,2005,531.999787200085,100,18797,0
40081,2006,465.9441914035914,89,19101,0
40081,2007,553.4092095645818,106,19154,0
40081,2008,551.1647254575707,106,19232,0
40083,2005,369.41781622632686,79,21385,0
40083,2006,386.9184707508061,84,21710,0
40083,2007,385.31378714734933,87,22579,0
40083,2008,416.46988106994115,97,23291,0
40085,2005,342.9878048780488,18,5248,0
40085,2006,475.19482988025095,25,5261,0
40085,2007,706.5113614664884,37,5237,0
40085,2008,534.3511450381679,28,5240,0
40087,2005,429.9514210732034,77,17909,0
40087,2006,355.5268261150614,66,18564,0
40087,2007,413.52596314907873,79,19104,0
40087,2008,398.75712066286894,77,19310,0
40089,2005,592.8220465712454,111,18724,0
40089,2006,701.6604177825388,131,18670,0
40089,2007,691.182029267239,128,18519,0
40089,2008,685.6769699608184,126,18376,0
40091,2005,692.7541658865381,74,10682,0
40091,2006,573.8084220268394,62,10805,0
40091,2007,638.5113563805528,70,10963,0
40091,2008,833.4096528986172,91,10919,0
40093,2005,373.2271709380443,15,4019,0
40093,2006,469.59960454770146,19,4046,0
40093,2007,294.26189308484555,12,4078,0
40093,2008,618.6587478346944,25,4041,0
40095,2005,500.93926111458984,40,7985,0
40095,2006,368.91293654697495,30,8132,0
40095,2007,489.49379178605545,41,8376,0
40095,2008,438.64848844101954,37,8435,0
40097,2005,507.908220093562,114,22445,0
40097,2006,566.8336409174796,129,22758,0
40097,2007,466.9022996029149,107,22917,0
40097,2008,547.112462006079,126,23030,0
40099,2005,679.9888981404386,49,7206,0
40099,2006,628.7588846364133,46,7316,0
40099,2007,536.4511691884456,39,7270,0
40099,2008,687.5168509032084,51,7418,0
40101,2005,479.55076280872635,193,40246,0
40101,2006,468.9621127977293,190,40515,0
40101,2007,563.8033335795357,229,40617,0
40101,2008,616.416401607614,250,40557,0
40103,2005,461.1837048424289,30,6505,0
40103,2006,369.2875827050315,24,6499,0
40103,2007,551.8087063151441,36,6524,0
40103,2008,366.24446818251187,24,6553,0
40105,2005,405.67951318458415,24,5916,0
40105,2006,491.1924119241192,29,5904,0
40105,2007,555.6490991749453,33,5939,0
40105,2008,522.1492336196732,31,5937,0
40107,2005,699.4025936179513,48,6863,0
40107,2006,597.8419364246137,41,6858,0
40107,2007,580.2146794313896,40,6894,0
40107,2008,575.2912411908529,40,6953,0
40109,2005,437.05656968867004,1800,411846,0
40109,2006,428.886361942586,1784,415961,0
40109,2007,432.36093901824705,1811,418863,0
40109,2008,453.3979937553976,1911,421484,0
40111,2005,649.176217765043,145,22336,0
40111,2006,581.811672037236,130,22344,0
40111,2007,621.6735989981663,139,22359,0
40111,2008,631.3700730585371,140,22174,0
40113,2005,437.2360701072536,117,26759,0
40113,2006,456.36687444345506,123,26952,0
40113,2007,516.5402791515552,141,27297,0
40113,2008,507.63275144255357,139,27382,0
40115,2005,584.4666741598292,104,17794,0
40115,2006,546.2044365176681,98,17942,0
40115,2007,698.3554854697004,124,17756,0
40115,2008,678.2778639995402,118,17397,0
40117,2005,634.9206349206349,60,9450,0
40117,2006,437.8938374452633,41,9363,0
40117,2007,533.1627212625293,50,9378,0
40117,2008,676.9098527989685,63,9307,0
40119,2005,279.2036253516892,130,46561,0
40119,2006,247.90633723594848,119,48002,0
40119,2007,285.88846145761073,136,47571,0
40119,2008,313.5975915704967,150,47832,0
40121,2005,591.4659907055344,154,26037,0
40121,2006,597.5943970767357,157,26272,0
40121,2007,655.3526782331995,173,26398,0
40121,2008,559.0365062094323,149,26653,0
40123,2005,527.756059421423,108,20464,0
40123,2006,542.3466175972108,112,20651,0
40123,2007,582.7004823995798,122,20937,0
40123,2008,588.6475122634898,126,21405,0
40125,2005,456.5624438915536,178,38987,0
40125,2006,493.6261163838071,194,39301,0
40125,2007,478.05958132045095,190,39744,0
40125,2008,516.6721274289891,205,39677,0
40127,2005,608.0972955672908,38,6249,0
40127,2006,500.4035512510089,31,6195,0
40127,2007,624.3996157540826,39,6246,0
40127,2008,727.6843467011643,45,6184,0
40129,2005,328.1876747295491,6.183055791904704,1884,1
40129,2006,270.03357174135164,5.06853014158517,1877,1
40129,2007,681.3417190775681,13,1908,0
40129,2008,669.0684508492022,13,1943,0
40131,2005,377.15632701167897,176,46665,0
40131,2006,453.42905724541845,216,47637,0
40131,2007,360.56707367040894,176,48812,0
40131,2008,387.87095210197776,192,49501,0
40133,2005,709.8946135831382,97,13664,0
40133,2006,803.6236119228522,110,13688,0
40133,2007,682.3956442831216,94,13775,0
40133,2008,700.1166861143524,96,13712,0
40135,2005,583.6071243299326,135,23132,0
40135,2006,528.6944657627697,124,23454,0
40135,2007,474.55616287445446,112,23601,0
40135,2008,615.2031012978257,146,23732,0
40137,2005,447.06943931750135,109,24381,0
40137,2006,439.2029280195202,108,24590,0
40137,2007,456.7124714554705,114,24961,0
40137,2008,581.3490483395716,146,25114,0
40139,2005,234.0866120464572,26,11107,0
40139,2006,334.5388788426763,37,11060,0
40139,2007,327.391778828665,36,10996,0
40139,2008,349.3371551415263,39,11164,0
40141,2005,618.7845303867404,28,4525,0
40141,2006,486.8333702146493,22,4519,0
40141,2007,577.7777777777777,26,4500,0
40141,2008,540.9060175794456,24,4437,0
40143,2005,457.68272034615745,1557,340192,0
40143,2006,418.07939150418514,1439,344193,0
40143,2007,428.59070305525177,1493,348351,0
40143,2008,445.13548775877405,1566,351803,0
40145,2005,370.99405357048886,141,38006,0
40145,2006,353.8516368820325,139,39282,0
40145,2007,390.22944503445376,158,40489,0
40145,2008,461.9826756496631,192,41560,0
40147,2005,456.0622914349277,123,26970,0
40147,2006,435.7856959753909,119,27307,0
40147,2007,461.1424894544935,129,27974,0
40147,2008,408.94028061764084,116,28366,0
40149,2005,377.54432042022324,23,6092,0
40149,2006,548.7411233053583,34,6196,0
40149,2007,427.75665399239546,27,6312,0
40149,2008,599.6528325706171,38,6337,0
40151,2005,317.2714653975808,16,5043,0
40151,2006,180,9,5000,1
40151,2007,417.0804369414101,21,5035,0
40151,2008,558.2137161084529,28,5016,0
40153,2005,336.37248827122244,38,11297,0
40153,2006,393.4942287513116,45,11436,0
40153,2007,437.1584699453552,52,11895,0
40153,2008,484.09982472247725,58,11981,0
41001,2005,579.6455244677294,52,8971,0
41001,2006,343.4522490582761,31,9026,0
41001,2007,496.74356993045586,45,9059,0
41001,2008,497.84268171257884,45,9039,0
41003,2005,185.12744563099227,95,51316,0
41003,2006,167.0924001766954,87,52067,0
41003,2007,228.1039098141236,121,53046,0
41003,2008,190.67915428186865,102,53493,0
41005,2005,280.6425430249781,612,218071,0
41005,2006,290.66867398855464,641,220526,0
41005,2007,269.6206406078393,599,222164,0
41005,2008,286.85429856974986,642,223807,0
41007,2005,359.44700460829495,78,21700,0
41007,2006,400.2729133500114,88,21985,0
41007,2007,370.3870996883328,82,22139,0
41007,2008,351.35135135135135,78,22200,0
41009,2005,310.1162044628217,87,28054,0
41009,2006,371.695557022267,107,28787,0
41009,2007,402.22244946654394,118,29337,0
41009,2008,422.99752969442653,125,29551,0
41011,2005,535.5443795025146,197,36785,0
41011,2006,501.8718463458304,185,36862,0
41011,2007,476.21654168263177,174,36538,0
41011,2008,534.1409691629956,194,36320,0
41013,2005,336.9770691213939,41,12167,0
41013,2006,408.1306017925736,51,12496,0
41013,2007,294.5390861327814,37,12562,0
41013,2008,360.02880230418435,45,12499,0
41015,2005,586.4147255253299,72,12278,0
41015,2006,624.0881828497326,77,12338,0
41015,2007,538.4678143101902,66,12257,0
41015,2008,685.1011143210897,83,12115,0
41017,2005,290.13992231737564,248,85476,0
41017,2006,283.5936634540822,256,90270,0
41017,2007,257.9628490323695,239,92649,0
41017,2008,279.7306141406464,265,94734,0
41019,2005,471.78522858917745,281,59561,0
41019,2006,479.18290195818344,289,60311,0
41019,2007,478.4452180225364,290,60613,0
41019,2008,471.80743634738275,285,60406,0
41021,2005,363.7686431429611,3.8559476173153873,1060,1
41021,2006,294.6593001841621,3.052670349907919,1036,1
41021,2007,253.25615050651228,2.598408104196816,1026,1
41021,2008,357.5259206292456,3.846978905970683,1076,1
41023,2005,406.30975143403447,17,4184,0
41023,2006,506.3901615625754,21,4147,0
41023,2007,515.0846210448859,21,4077,0
41023,2008,342.6333822809594,14,4086,0
41025,2005,294.6954813359529,12,4072,0
41025,2006,365.14118792599805,15,4108,0
41025,2007,466.1432777232581,19,4076,0
41025,2008,317.77071620630653,13,4091,0
41027,2005,197.1252566735113,24,12175,0
41027,2006,235.4278291930508,29,12318,0
41027,2007,169.43682426980797,21,12394,0
41027,2008,260.6223345443058,33,12662,0
41029,2005,365.16582047920315,415,113647,0
41029,2006,384.5451144500222,442,114941,0
41029,2007,333.95878879688763,388,116182,0
41029,2008,351.6637717864691,411,116873,0
41031,2005,473.4033396453779,55,11618,0
41031,2006,457.4945932457162,55,12022,0
41031,2007,391.96864250859926,49,12501,0
41031,2008,412.731169140408,52,12599,0
41033,2005,461.30189646335214,207,44873,0
41033,2006,585.9288955460594,266,45398,0
41033,2007,552.9608741628481,251,45392,0
41033,2008,510.3046496857137,233,45659,0
41035,2005,447.61097573895535,169,37756,0
41035,2006,439.1353216404841,168,38257,0
41035,2007,504.81515998757374,195,38628,0
41035,2008,409.92112909921127,158,38544,0
41037,2005,506.5622841353903,22,4343,0
41037,2006,573.5715861460402,26,4533,0
41037,2007,345.94594594594594,16,4625,0
41037,2008,389.3575600259572,18,4623,0
41039,2005,319.02706412927364,660,206879,0
41039,2006,319.9687184084537,671,209708,0
41039,2007,352.2915412402167,749,212608,0
41039,2008,343.44377041530566,736,214300,0
41041,2005,514.6757170029464,138,26813,0
41041,2006,517.9621887602204,140,27029,0
41041,2007,554.657655010285,151,27224,0
41041,2008,478.5041224970554,130,27168,0
41043,2005,405.16828840325405,254,62690,0
41043,2006,425.1078341300861,273,64219,0
41043,2007,394.24222976070416,258,65442,0
41043,2008,378.11454912476273,251,66382,0
41045,2005,343.4491301165475,61,17761,0
41045,2006,428.72454448017146,76,17727,0
41045,2007,348.7064116985377,62,17780,0
41045,2008,360.64465231601486,64,17746,0
41047,2005,316.16697747812367,551,174275,0
41047,2006,327.4167555666523,577,176228,0
41047,2007,362.34326547121475,645,178008,0
41047,2008,345.3003889526261,617,178685,0
41049,2005,350.54174633524536,22,6276,0
41049,2006,350.4859009080771,22,6277,0
41049,2007,373.8013976921827,23,6153,0
41049,2008,359.35968637700097,22,6122,0
41051,2005,329.6810070749228,1459,442549,0
41051,2006,320.09802724606925,1442,450487,0
41051,2007,337.24803867630686,1557,461678,0
41051,2008,313.4584064806785,1482,472790,0
41053,2005,273.4754383274549,107,39126,0
41053,2006,269.46181800202714,109,40451,0
41053,2007,290.0774338935104,121,41713,0
41053,2008,315.58371211229127,134,42461,0
41055,2005,363.7686431429611,3.3903237540923974,932,1
41055,2006,294.6593001841621,2.7314917127071823,927,1
41055,2007,253.25615050651228,2.4059334298118666,950,1
41055,2008,357.52592062924566,3.414372542009296,955,1
41057,2005,531.6544246239944,76,14295,0
41057,2006,456.0215573827127,66,14473,0
41057,2007,453.85779122541607,66,14542,0
41057,2008,478.46889952153106,69,14421,0
41059,2005,323.86588690323634,139,42919,0
41059,2006,327.7850102287521,141,43016,0
41059,2007,330.6939916162087,142,42940,0
41059,2008,416.44371030407376,179,42983,0
41061,2005,368.2857341393927,53,14391,0
41061,2006,271.7012679392504,39,14354,0
41061,2007,328.5645834759395,48,14609,0
41061,2008,293.35516441533633,43,14658,0
41063,2005,332.73611466598413,13,3907,0
41063,2006,308.7213789554927,12,3887,0
41063,2007,333.7612323491656,13,3895,0
41063,2008,461.5384615384616,18,3900,0
41065,2005,287.0390814749393,39,13587,0
41065,2006,500.7620291748313,69,13779,0
41065,2007,345.05067931852494,48,13911,0
41065,2008,421.0376079354885,59,14013,0
41067,2005,211.69898234208333,648,306095,0
41067,2006,202.3981305308322,634,313244,0
41067,2007,205.44880480472912,652,317354,0
41067,2008,204.2048772591721,656,321246,0
41069,2005,363.7686431429611,2.7537286285922153,757,1
41069,2006,294.6593001841621,2.2158379373848986,752,1
41069,2007,253.25615050651228,1.995658465991317,788,1
41069,2008,357.52592062924566,2.7386485520200217,766,1
41071,2005,370.0277520814061,196,52969,0
41071,2006,292.32777481568644,159,54391,0
41071,2007,295.02744649274945,165,55927,0
41071,2008,250.54696873456137,142,56676,0
44001,2005,289.06591375079825,86,29751,0
44001,2006,260.4519009606278,77,29564,0
44001,2007,243.53120243531205,72,29565,0
44001,2008,240.8167418512363,71,29483,0
44003,2005,350.3338817381206,362,103330,0
44003,2006,331.5475785359403,341,102851,0
44003,2007,293.8965210853667,301,102417,0
44003,2008,327.5066478961364,335,102288,0
44005,2005,250.34716110230985,128,51129,0
44005,2006,281.43317417802103,145,51522,0
44005,2007,318.1989936956824,160,50283,0
44005,2008,296.93236763437193,148,49843,0
44007,2005,298.4642514048086,1134,379945,0
44007,2006,302.0033415378453,1146,379466,0
44007,2007,316.3348355506623,1201,379661,0
44007,2008,322.64356848004303,1224,379366,0
44009,2005,227.74596564289433,175,76840,0
44009,2006,263.7385593607604,202,76591,0
44009,2007,259.92685475444097,199,76560,0
44009,2008,258.5675097455013,197,76189,0
45001,2005,354.04141616566466,53,14970,0
45001,2006,505.39083557951477,75,14840,0
45001,2007,366.82290605257793,54,14721,0
45001,2008,410.3686478353054,60,14621,0
45003,2005,437.14741644753104,389,88986,0
45003,2006,436.4775264052244,393,90039,0
45003,2007,469.2935436585206,429,91414,0
45003,2008,473.55958958168907,438,92491,0
45005,2005,529.9015897047691,35,6605,0
45005,2006,716.3542142966012,47,6561,0
45005,2007,744.9072666463971,49,6578,0
45005,2008,649.3506493506494,43,6622,0
45007,2005,501.8045664215544,520,103626,0
45007,2006,491.52687680393217,516,104979,0
45007,2007,500.39900483499974,533,106515,0
45007,2008,459.23905480252716,495,107787,0
45009,2005,702.8546712802769,65,9248,0
45009,2006,619.0269331016508,57,9208,0
45009,2007,681.1689738519007,62,9102,0
45009,2008,632.9816768461965,57,9005,0
45011,2005,560.5211331616422,74,13202,0
45011,2006,541.8606426009311,71,13103,0
45011,2007,555.3442373526055,73,13145,0
45011,2008,647.0274796376646,85,13137,0
45013,2005,292.7118455667124,237,80967,0
45013,2006,312.80849697301284,263,84077,0
45013,2007,274.5979515224545,237,86308,0
45013,2008,293.7240581550954,259,88178,0
45015,2005,383.76020866293237,359,93548,0
45015,2006,382.5421665797253,374,97767,0
45015,2007,378.45935504218244,384,101464,0
45015,2008,338.71610466991785,357,105398,0
45017,2005,600.1091107474086,55,9165,0
45017,2006,601.8822499452834,55,9138,0
45017,2007,546.9262743382192,50,9142,0
45017,2008,575.7944856605028,52,9031,0
45019,2005,353.87097393742675,737,208268,0
45019,2006,365.3907216348273,771,211007,0
45019,2007,415.6322876702024,884,212688,0
45019,2008,398.20137214908215,859,215720,0
45021,2005,578.4684656514806,185,31981,0
45021,2006,556.8864138381607,179,32143,0
45021,2007,620.3858800173708,200,32238,0
45021,2008,644.448536181182,210,32586,0
45023,2005,689.1622849558426,135,19589,0
45023,2006,663.1027038141256,129,19454,0
45023,2007,534.347222935827,104,19463,0
45023,2008,622.766717713119,122,19590,0
45025,2005,558.3852103376721,148,26505,0
45025,2006,502.4748762561872,134,26668,0
45025,2007,621.6236216976245,168,27026,0
45025,2008,528.4015852047556,144,27252,0
45027,2005,588.8376856118792,115,19530,0
45027,2006,605.2899287894201,119,19660,0
45027,2007,482.0377511670387,95,19708,0
45027,2008,556.7707297673493,112,20116,0
45029,2005,671.9473122107512,151,22472,0
45029,2006,574.2521367521368,129,22464,0
45029,2007,692.6253163432935,156,22523,0
45029,2008,670.6044322067771,151,22517,0
45031,2005,627.698109462611,253,40306,0
45031,2006,643.7821580373344,259,40231,0
45031,2007,578.6546279899234,232,40093,0
45031,2008,576.1541709091813,232,40267,0
45033,2005,637.0138578453285,114,17896,0
45033,2006,556.5449688334817,100,17968,0
45033,2007,624.3380344500808,112,17939,0
45033,2008,581.2344312205923,105,18065,0
45035,2005,354.3565439300036,243,68575,0
45035,2006,339.5609078786379,247,72741,0
45035,2007,345.0619543054321,264,76508,0
45035,2008,350.076103500761,276,78840,0
45037,2005,367.93533988780985,61,16579,0
45037,2006,479.0782292298363,79,16490,0
45037,2007,401.29372304743646,67,16696,0
45037,2008,391.73789173789174,66,16848,0
45039,2005,617.4138777801164,88,14253,0
45039,2006,664.1498881431767,95,14304,0
45039,2007,556.5731999436382,79,14194,0
45039,2008,606.4830951551063,87,14345,0
45041,2005,540.4165285885442,424,78458,0
45041,2006,583.3406987461963,462,79199,0
45041,2007,505.5497853916134,404,79913,0
45041,2008,512.9415271498832,413,80516,0
45043,2005,437.26179572783406,148,33847,0
45043,2006,456.6744730679157,156,34160,0
45043,2007,596.3983359031798,205,34373,0
45043,2008,486.6960044298079,167,34313,0
45045,2005,388.27782353442365,957,246473,0
45045,2006,395.82126964233305,998,252134,0
45045,2007,391.8870870499482,1014,258748,0
45045,2008,375.8929819458034,995,264703,0
45047,2005,437.79734790970747,173,39516,0
45047,2006,440.4288518649016,175,39734,0
45047,2007,476.5266501941405,189,39662,0
45047,2008,437.26283517201523,174,39793,0
45049,2005,458.6417766334084,57,12428,0
45049,2006,644.64141821112,80,12410,0
45049,2007,527.1565495207668,66,12520,0
45049,2008,628.7306008754476,79,12565,0
45051,2005,475.9844223279966,671,140971,0
45051,2006,428.58782000661444,635,148161,0
45051,2007,436.4631568024696,673,154194,0
45051,2008,423.0482237033477,669,158138,0
45053,2005,501.19688809096345,67,13368,0
45053,2006,547.7251150222742,75,13693,0
45053,2007,493.3152212769,69,13987,0
45053,2008,503.91937290033593,72,14288,0
45055,2005,447.81466443754476,150,33496,0
45055,2006,517.4117783849777,178,34402,0
45055,2007,510.9030711268409,179,35036,0
45055,2008,453.78956565855856,161,35479,0
45057,2005,414.9590163934426,162,39040,0
45057,2006,419.7855553307708,166,39544,0
45057,2007,490.5789319535292,201,40972,0
45057,2008,482.21399119435324,207,42927,0
45059,2005,538.4018230536149,215,39933,0
45059,2006,506.25897287358634,201,39703,0
45059,2007,567.102964632016,224,39499,0
45059,2008,562.4268336132743,221,39294,0
45061,2005,677.2941273643347,82,12107,0
45061,2006,612.9379607388387,74,12073,0
45061,2007,605.6080968972955,73,12054,0
45061,2008,582.9932539352044,70,12007,0
45063,2005,362.2535913668666,523,144374,0
45063,2006,389.5795928046343,575,147595,0
45063,2007,379.1986269018142,570,150317,0
45063,2008,349.1751793017797,537,153791,0
45065,2005,318.92840057407113,20,6271,0
45065,2006,618.9493731153785,39,6301,0
45065,2007,652.8662420382166,41,6280,0
45065,2008,417.13460612867,26,6233,0
45067,2005,653.4969569989025,131,20046,0
45067,2006,610.8334595385936,121,19809,0
45067,2007,669.4051422485927,132,19719,0
45067,2008,725.6304866291165,143,19707,0
45069,2005,666.5079742918352,112,16804,0
45069,2006,649.4936151475122,118,18168,0
45069,2007,574.5554035567716,105,18275,0
45069,2008,620.4700197671865,113,18212,0
45071,2005,439.00616476742016,94,21412,0
45071,2006,500.6025771762307,108,21574,0
45071,2007,506.399042445447,110,21722,0
45071,2008,501.8185166428802,109,21721,0
45073,2005,468.29362493060086,194,41427,0
45073,2006,495.4879479139239,207,41777,0
45073,2007,460.28281294486095,194,42148,0
45073,2008,444.39191584919035,188,42305,0
45075,2005,537.6344086021505,288,53568,0
45075,2006,684.3279524532688,365,53337,0
45075,2007,591.6169001506948,318,53751,0
45075,2008,590.2333092042987,318,53877,0
45077,2005,403.68506797768197,280,69361,0
45077,2006,383.2568249746164,268,69927,0
45077,2007,373.948270489249,264,70598,0
45077,2008,386.3327780966112,276,71441,0
45079,2005,396.9624543516203,862,217149,0
45079,2006,383.60127028617376,854,222627,0
45079,2007,378.3537892241342,865,228622,0
45079,2008,360.2962912187954,841,233419,0
45081,2005,448.58826633828835,51,11369,0
45081,2006,350.0481316180975,40,11427,0
45081,2007,419.1773644223212,48,11451,0
45081,2008,491.9184820801124,56,11384,0
45083,2005,497.4370628487741,788,158412,0
45083,2006,506.79365634147405,812,160223,0
45083,2007,486.8226381735249,793,162893,0
45083,2008,483.93633817471317,800,165311,0
45085,2005,448.32924783898846,278,62008,0
45085,2006,517.4225887298893,320,61845,0
45085,2007,481.56168191073334,298,61882,0
45085,2008,486.34372584385466,302,62096,0
45087,2005,561.3706800771885,96,17101,0
45087,2006,591.2656597588104,101,17082,0
45087,2007,595.7647613991624,101,16953,0
45087,2008,558.46217153606494,95,17011,0
45089,2005,587.1324254983224,119,20268,0
45089,2006,699.1995370816858,145,20738,0
45089,2007,685.785536159601,143,20852,0
45089,2008,663.3097705045028,137,20654,0
45091,2005,405.40304401768395,464,114454,0
45091,2006,354.2345616243113,425,119977,0
45091,2007,376.33599277434894,475,126217,0
45091,2008,340.91773837607485,448,131410,0
46003,2005,311.3926769032535,4.312788575110061,1385,1
46003,2006,307.53968253968253,4.2994047619047615,1398,1
46003,2007,258.90210498667966,3.567671006716446,1378,1
46003,2008,280.9783707297352,3.9168384879725084,1394,1
46005,2005,400.48948715096225,36,8989,0
46005,2006,323.4080517452883,29,8967,0
46005,2007,261.15342763873775,24,9190,0
46005,2008,234.0425531914894,22,9400,0
46007,2005,562.429696287964,10,1778,0
46007,2006,618.6726659167604,11,1778,0
46007,2007,668.8963210702341,12,1794,0
46007,2008,621.4689265536723,11,1770,0
46009,2005,225.33800701051578,9,3994,1
46009,2006,240.03840614498318,10,4166,0
46009,2007,361.7072582589824,15,4147,0
46009,2008,240.09603841536614,10,4165,0
46011,2005,168.40504128639722,31,18408,0
46011,2006,158.82259516120493,30,18889,0
46011,2007,203.1884964051266,39,19194,0
46011,2008,230.5445975715969,45,19519,0
46013,2005,266.2721893491124,54,20280,0
46013,2006,260.6600108198495,53,20333,0
46013,2007,243.819183693373,50,20507,0
46013,2008,214.00778210116732,44,20560,0
46015,2005,380.95238095238096,10,2625,0
46015,2006,416.9825625473844,11,2638,0
46015,2007,258.90210498667966,7.0162470451390195,2710,1
46015,2008,280.9783707297352,7.799959571457449,2776,1
46017,2005,1014.1987829614604,10,986,0
46017,2006,1024.590163934426,10,976,0
46017,2007,258.90210498667966,2.45698097632359,949,1
46017,2008,1132.852729145211,11,971,0
46019,2005,341.88034188034186,18,5265,0
46019,2006,392.52336448598135,21,5350,0
46019,2007,501.70220390611,28,5581,0
46019,2008,335.27439562378686,19,5667,0
46021,2005,311.3926769032536,2.5347363899924837,814,1
46021,2006,307.53968253968253,2.463392857142857,801,1
46021,2007,258.90210498667966,1.9987242504971672,772,1
46021,2008,280.9783707297352,2.13262583383869,759,1
46023,2005,524.3609351103344,24,4577,0
46023,2006,349.1924923614142,16,4582,0
46023,2007,374.4493392070484,17,4540,0
46023,2008,596.5532479010163,27,4526,0
46025,2005,311.3926769032535,6.156233222377322,1977,1
46025,2006,307.53968253968253,5.94781746031746,1934,1
46025,2007,258.90210498667966,4.996810626242918,1930,1
46025,2008,280.9783707297352,5.442551041034971,1937,1
46027,2005,175.09046340609316,15,8567,0
46027,2006,207.34938371155397,18,8681,0
46027,2007,228.70211549456832,20,8745,0
46027,2008,158.73015873015873,14,8820,0
46029,2005,297.7371973005161,45,15114,0
46029,2006,280.69717344474185,43,15319,0
46029,2007,315.9252095422308,49,15510,0
46029,2008,334.59880316581945,52,15541,0
46031,2005,751.8796992481202,16,2128,0
46031,2006,864.9687650168188,18,2081,0
46031,2007,801.88679245283015,17,2120,0
46031,2008,624.6996636232581,13,2081,0
46033,2005,392.2423185879277,18,4589,0
46033,2006,406.6780821917808,19,4672,0
46033,2007,299.9785729590743,14,4667,0
46033,2008,280.71690779529257,13,4631,0
46035,2005,223.15202231520223,24,10755,0
46035,2006,219.17808219178082,24,10950,0
46035,2007,310.7292999451654,34,10942,0
46035,2008,275.81134503999266,30,10877,0
46037,2005,355.5268261150614,11,3094,0
46037,2006,483.2474226804124,15,3104,0
46037,2007,321.95750160978747,10,3106,0
46037,2008,394.3476832073612,12,3043,0
46039,2005,311.3926769032535,7.246107591538709,2327,1
46039,2006,468.2843763303533,11,2349,0
46039,2007,258.90210498667966,6.079021425087239,2348,1
46039,2008,460.44370029300967,11,2389,0
46041,2005,947.3684210526317,27,2850,0
46041,2006,887.4689385871494,25,2817,0
46041,2007,943.3962264150942,26,2756,0
46041,2008,879.7653958944283,24,2728,0
46043,2005,311.3926769032535,5.041447439063674,1619,1
46043,2006,307.5396825396826,4.880654761904762,1587,1
46043,2007,258.90210498667966,4.04922892199167,1564,1
46043,2008,280.9783707297352,4.290539721043056,1527,1
46045,2005,311.3926769032535,6.492537313432836,2085,1
46045,2006,307.53968253968253,6.375297619047619,2073,1
46045,2007,258.90210498667966,5.411053994221605,2090,1
46045,2008,280.9783707297352,5.993268647665252,2133,1
46047,2005,553.4591194968554,22,3975,0
46047,2006,679.5872136924239,27,3973,0
46047,2007,704.5797684952189,28,3974,0
46047,2008,409.52137189659584,16,3907,0
46049,2005,311.3926769032536,3.7491678299151725,1204,1
46049,2006,307.53968253968253,3.6750992063492065,1195,1
46049,2007,258.90210498667966,3.1353044913886907,1211,1
46049,2008,280.9783707297352,3.3661208813422276,1198,1
46051,2005,245.03798088703752,10,4081,0
46051,2006,293.9015429831006,12,4083,0
46051,2007,341.29692832764505,14,4102,0
46051,2008,269.6078431372549,11,4080,0
46053,2005,667.2597864768684,15,2248,0
46053,2006,493.05244285073957,11,2231,0
46053,2007,258.90210498667966,5.789051067502157,2236,1
46053,2008,446.82752457551385,10,2238,0
46055,2005,311.3926769032535,3.3941801782454633,1090,1
46055,2006,307.53968253968253,3.272222222222222,1064,1
46055,2007,0,0,1052,0
46055,2008,280.9783707297352,2.995229431978977,1066,1
46057,2005,460.5030109812256,13,2823,0
46057,2006,307.53968253968253,8.598809523809523,2796,1
46057,2007,258.90210498667966,7.3787099921203705,2850,1
46057,2008,280.9783707297352,8.072508591065292,2873,1
46059,2005,311.3926769032536,5.365295823043058,1723,1
46059,2006,307.53968253968253,5.323511904761904,1731,1
46059,2007,258.90210498667966,4.50230760571836,1739,1
46059,2008,280.9783707297352,4.905882352941177,1746,1
46061,2005,311.3926769032536,5.988081176849565,1923,1
46061,2006,307.53968253968253,5.606448412698413,1823,1
46061,2007,258.90210498667966,4.6395257213612995,1792,1
46061,2008,280.9783707297352,4.925550838892258,1753,1
46063,2005,311.3926769032535,2.2108880060131,710,1
46063,2006,307.5396825396826,2.2696428571428573,738,1
46063,2007,0,0,738,0
46063,2008,280.9783707297352,2.107337780473014,750,1
46065,2005,305.65461029037186,30,9815,0
46065,2006,310.6212424849699,31,9980,0
46065,2007,218.86191802626345,22,10052,0
46065,2008,270.4597816287689,27,9983,0
46067,2005,247.11696869851727,9,3642,1
46067,2006,248.13895781637717,9,3627,1
46067,2007,384.61538461538464,14,3640,0
46067,2008,359.41387890517007,13,3617,0
46069,2005,311.3926769032536,2.4568882207666705,789,1
46069,2006,307.53968253968253,2.300396825396825,748,1
46069,2007,258.90210498667966,1.8640951559040937,720,1
46069,2008,280.9783707297352,2.0146149181322013,717,1
46071,2005,311.3926769032536,4.786105444003007,1537,1
46071,2006,842.5145819831496,13,1543,0
46071,2007,713.3592736705577,11,1542,0
46071,2008,280.9783707297352,4.270871235091975,1520,1
46073,2005,311.3926769032535,3.4066358853215934,1094,1
46073,2006,307.53968253968253,3.3583333333333334,1092,1
46073,2007,258.90210498667966,2.728828186559604,1054,1
46073,2008,280.9783707297352,2.983990297149788,1062,1
46075,2005,311.3926769032535,1.7593686245033824,565,1
46075,2006,307.53968253968253,1.7529761904761905,570,1
46075,2007,258.90210498667966,1.4446737458256727,558,1
46075,2008,280.9783707297352,1.5116636345259753,538,1
46077,2005,311.3926769032535,8.578868248684634,2755,1
46077,2006,474.1064916119621,13,2742,0
46077,2007,258.90210498667966,7.119807887133691,2750,1
46077,2008,280.9783707297352,7.769051950677178,2765,1
46079,2005,248.67374005305038,15,6032,0
46079,2006,248.96265560165975,15,6025,0
46079,2007,177.47660535656664,11,6198,0
46079,2008,379.0271636133923,24,6332,0
46081,2005,251.7772511848341,34,13504,0
46081,2006,297.9651162790698,41,13760,0
46081,2007,235.83220181519332,33,13993,0
46081,2008,270.2318304650832,38,14062,0
46083,2005,226.41873012814338,47,20758,0
46083,2006,230.91551208910622,51,22086,0
46083,2007,136.30942238882264,32,23476,0
46083,2008,157.0301175712675,39,24836,0
46085,2005,555.2751135790005,11,1981,0
46085,2006,555.5555555555555,11,1980,0
46085,2007,258.90210498667966,5.144384826085325,1987,1
46085,2008,280.9783707297352,5.400404285425511,1922,1
46087,2005,330.7972213033411,10,3023,0
46087,2006,299.5008319467554,9,3005,1
46087,2007,258.90210498667966,7.83955573899666,3028,1
46087,2008,280.9783707297352,8.378775015160704,2982,1
46089,2005,311.3926769032535,3.8737249006764736,1244,1
46089,2006,307.53968253968253,3.7243055555555555,1211,1
46089,2007,258.90210498667966,3.05504483884282,1180,1
46089,2008,280.9783707297352,3.360501313927633,1196,1
46091,2005,311.3926769032535,7.660259851820037,2460,1
46091,2006,307.53968253968253,7.786904761904762,2532,1
46091,2007,258.90210498667966,6.6434280139582,2566,1
46091,2008,280.9783707297352,7.271720234485547,2588,1
46093,2005,369.66136378638856,56,15149,0
46093,2006,389.56751403103334,59,15145,0
46093,2007,377.5584553222495,57,15097,0
46093,2008,444.29708222811666,67,15080,0
46095,2005,1163.9185257032009,12,1031,0
46095,2006,307.53968253968253,3.149206349206349,1024,1
46095,2007,258.90210498667966,2.6563355971633333,1026,1
46095,2008,280.9783707297352,2.736729330907621,974,1
46097,2005,311.3926769032535,3.9733705572855147,1276,1
46097,2006,307.53968253968253,3.8996031746031745,1268,1
46097,2007,258.90210498667966,3.202619038685228,1237,1
46097,2008,280.9783707297352,3.3998382858297957,1210,1
46099,2005,267.43788288708527,258,96471,0
46099,2006,276.6111071562954,272,98333,0
46099,2007,287.3133211624218,288,100239,0
46099,2008,256.39766196768016,261,101795,0
46101,2005,245.7002457002457,9,3663,1
46101,2006,324.14910858995137,12,3702,0
46101,2007,242.13075060532688,9,3717,1
46101,2008,352.11267605633805,13,3692,0
46103,2005,306.75953661265294,170,55418,0
46103,2006,260.110457865669,146,56130,0
46103,2007,263.68526526737685,150,56886,0
46103,2008,269.08150064683053,156,57975,0
46105,2005,311.3926769032535,4.898206807688178,1573,1
46105,2006,307.53968253968253,4.803769841269841,1562,1
46105,2007,258.90210498667966,4.080297174590072,1576,1
46105,2008,280.97837072973516,4.372023448554679,1556,1
46107,2005,311.3926769032535,3.892408461290669,1250,1
46107,2006,307.53968253968253,3.74890873015873,1219,1
46107,2007,0,0,1202,0
46107,2008,280.9783707297352,3.3324034768546595,1186,1
46109,2005,557.6923076923076,29,5200,0
46109,2006,382.189948404357,20,5233,0
46109,2007,324.79938861291555,17,5234,0
46109,2008,476.91720717283476,25,5242,0
46111,2005,895.5223880597016,12,1340,0
46111,2006,307.53968253968253,4.108730158730158,1336,1
46111,2007,258.90210498667966,3.38643953322577,1308,1
46111,2008,280.9783707297352,3.711724277339802,1321,1
46113,2005,975.1494180559924,62,6358,0
46113,2006,1116.549403487305,73,6538,0
46113,2007,757.346258709482,50,6602,0
46113,2008,820.6505520740077,55,6702,0
46115,2005,280.0336040324839,10,3571,0
46115,2006,453.90070921985813,16,3525,0
46115,2007,290.0232018561485,10,3448,0
46115,2008,501.1792452830188,17,3392,0
46117,2005,311.3926769032536,5.396435090733384,1733,1
46117,2006,307.53968253968253,5.360416666666667,1743,1
46117,2007,258.90210498667966,4.587745300363964,1772,1
46117,2008,581.0575246949448,10,1721,0
46119,2005,311.3926769032536,2.4506603672286054,787,1
46119,2006,307.53968253968253,2.5125992063492064,817,1
46119,2007,258.90210498667966,2.151476492439308,831,1
46119,2008,280.9783707297352,2.2646856680816656,806,1
46121,2005,859.5988538681949,39,4537,0
46121,2006,910.2730819245774,42,4614,0
46121,2007,904.5875511522722,42,4643,0
46121,2008,819.1420564776892,38,4639,0
46123,2005,570.5229793977813,18,3155,0
46123,2006,320.41012495994875,10,3121,0
46123,2007,258.90210498667966,7.82402161269746,3022,1
46123,2008,280.9783707297352,8.429351121892056,3000,1
46125,2005,350.72336694432266,16,4562,0
46125,2006,263.8522427440633,12,4548,0
46125,2007,306.54696737464417,14,4567,0
46125,2008,283.47143480157,13,4586,0
46127,2005,209.7535395909806,16,7628,0
46127,2006,257.864878803507,20,7756,0
46127,2007,239.59646910466583,19,7930,0
46127,2008,300.5259203606311,24,7986,0
46129,2005,610.5834464043419,18,2948,0
46129,2006,550.0171880371262,16,2909,0
46129,2007,599.0133897110641,17,2838,0
46129,2008,280.9783707297352,7.940448756822317,2826,1
46135,2005,342.5724073497353,44,12844,0
46135,2006,255.53662691652468,33,12914,0
46135,2007,315.53024472833613,41,12994,0
46135,2008,327.26995966207477,43,13139,0
46137,2005,311.3926769032535,4.191345431117792,1346,1
46137,2006,307.53968253968253,4.385515873015873,1426,1
46137,2007,258.90210498667966,3.6272184908633824,1401,1
46137,2008,280.9783707297352,3.9027895694360217,1389,1
47001,2005,547.7568054633406,231,42172,0
47001,2006,509.47673467479956,218,42789,0
47001,2007,497.51243781094524,214,43014,0
47001,2008,482.03330411919364,209,43358,0
47003,2005,408.5634907664651,100,24476,0
47003,2006,479.46300143838903,120,25028,0
47003,2007,475.6476276583199,121,25439,0
47003,2008,439.0395524127749,113,25738,0
47005,2005,633.6345694401164,61,9627,0
47005,2006,679.8452044765191,65,9561,0
47005,2007,1053.1803962460897,101,9590,0
47005,2008,781.9930254676108,74,9463,0
47007,2005,369.2856233286642,29,7853,0
47007,2006,405.0632911392405,32,7900,0
47007,2007,428.42741935483866,34,7936,0
47007,2008,391.7603942878807,31,7913,0
47009,2005,377.56977144826004,263,69656,0
47009,2006,440.30554109752836,313,71087,0
47009,2007,414.7414129043033,298,71852,0
47009,2008,415.94118785064813,301,72366,0
47011,2005,410.79708739575807,233,56719,0
47011,2006,430.22364662439907,247,57412,0
47011,2007,431.5309894266311,251,58165,0
47011,2008,424.35961054738965,248,58441,0
47013,2005,555.3699682645732,133,23948,0
47013,2006,670.6345879788751,160,23858,0
47013,2007,541.3798892059762,129,23828,0
47013,2008,634.134050058794,151,23812,0
47015,2005,500.6418485237484,39,7790,0
47015,2006,356.551636317331,28,7853,0
47015,2007,415.564790328674,33,7941,0
47015,2008,441.88044679022954,36,8147,0
47017,2005,604.2849295000915,99,16383,0
47017,2006,808.3140877598153,133,16454,0
47017,2007,728.46476051721,120,16473,0
47017,2008,721.4477867449255,118,16356,0
47019,2005,500.40032025620496,175,34972,0
47019,2006,483.0641703587252,169,34985,0
47019,2007,486.54836863194043,170,34940,0
47019,2008,472.83356258596973,165,34896,0
47021,2005,495.4120535906604,115,23213,0
47021,2006,468.4040197581332,110,23484,0
47021,2007,440.4547170602794,105,23839,0
47021,2008,391.35684249968773,94,24019,0
47023,2005,342.0265070542967,32,9356,0
47023,2006,463.25542219414615,44,9498,0
47023,2007,461.0709420517657,44,9543,0
47023,2008,333.7157159244968,32,9589,0
47025,2005,586.2469631351009,111,18934,0
47025,2006,509.9358637367259,97,19022,0
47025,2007,559.184740005226,107,19135,0
47025,2008,593.3482537864987,114,19213,0
47027,2005,446.9035965098957,21,4699,0
47027,2006,704.5260461144321,33,4684,0
47027,2007,673.9130434782609,31,4600,0
47027,2008,641.8769366976538,29,4518,0
47029,2005,660.2839220864972,140,21203,0
47029,2006,667.4814327347937,142,21274,0
47029,2007,632.2000561955606,135,21354,0
47029,2008,569.8005698005699,122,21411,0
47031,2005,517.2531137276254,152,29386,0
47031,2006,511.0446155397908,152,29743,0
47031,2007,497.3961810655628,149,29956,0
47031,2008,494.17342816120737,148,29949,0
47033,2005,486.20396256229486,40,8227,0
47033,2006,520.6441457803609,43,8259,0
47033,2007,447.67090139140953,37,8265,0
47033,2008,449.0291262135922,37,8240,0
47035,2005,463.90665635762986,132,28454,0
47035,2006,457.0917964051277,133,29097,0
47035,2007,480.7692307692308,142,29536,0
47035,2008,519.86632008912,154,29623,0
47037,2005,397.9773881282395,1508,378916,0
47037,2006,425.3837418697655,1637,384829,0
47037,2007,378.5765113624147,1479,390674,0
47037,2008,386.28962374026383,1529,395817,0
47039,2005,685.441811950529,46,6711,0
47039,2006,541.4348022258987,36,6649,0
47039,2007,736.2885048835462,49,6655,0
47039,2008,558.8279716054976,37,6621,0
47041,2005,737.6671277086215,80,10845,0
47041,2006,579.8435342843994,63,10865,0
47041,2007,569.4342395297575,62,10888,0
47041,2008,542.7408412483039,60,11055,0
47043,2005,427.70669469716194,118,27589,0
47043,2006,480.4270462633452,135,28100,0
47043,2007,466.23290769284296,134,28741,0
47043,2008,508.5036935234496,148,29105,0
47045,2005,520.7398096606213,116,22276,0
47045,2006,578.4234597793919,129,22302,0
47045,2007,573.3482642777155,128,22325,0
47045,2008,432.43243243243245,96,22200,0
47047,2005,516.6014645400743,103,19938,0
47047,2006,451.3278540548245,95,21049,0
47047,2007,498.2401608995749,109,21877,0
47047,2008,443.53765634702387,100,22546,0
47049,2005,747.2224953298594,76,10171,0
47049,2006,794.8817371074059,82,10316,0
47049,2007,600.8334140905126,62,10319,0
47049,2008,684.1395259202158,71,10378,0
47051,2005,511.43328120377026,121,23659,0
47051,2006,455.44637962299163,108,23713,0
47051,2007,541.6526704736311,129,23816,0
47051,2008,527.003667945529,125,23719,0
47053,2005,537.474979613018,145,26978,0
47053,2006,678.7914560814551,184,27107,0
47053,2007,505.0505050505051,138,27324,0
47053,2008,628.6808541388156,174,27677,0
47055,2005,500.7770678639268,87,17373,0
47055,2006,401.53731428899215,70,17433,0
47055,2007,500.6041774555498,87,17379,0
47055,2008,499.8850838887612,87,17404,0
47057,2005,572.9794933655006,76,13264,0
47057,2006,545.8760188439393,73,13373,0
47057,2007,506.47996424847315,68,13426,0
47057,2008,530.7220810285543,71,13378,0
47059,2005,488.2468414959481,194,39734,0
47059,2006,510.7634044249552,205,40136,0
47059,2007,500.5203429307696,202,40358,0
47059,2008,571.6265373289451,231,40411,0
47061,2005,850.2368516944007,70,8233,0
47061,2006,709.0464547677261,58,8180,0
47061,2007,605.0876759693751,49,8098,0
47061,2008,785.1445663010968,63,8024,0
47063,2005,484.30193720774884,174,35928,0
47063,2006,473.31709477413636,171,36128,0
47063,2007,512.300695852282,187,36502,0
47063,2008,581.7782656421515,212,36440,0
47065,2005,454.33400527213524,879,193470,0
47065,2006,444.8990028125799,870,195550,0
47065,2007,413.61852930008865,817,197525,0
47065,2008,414.24688311818574,826,199398,0
47067,2005,737.4631268436578,30,4068,0
47067,2006,670.4742984852247,27,4027,0
47067,2007,662.5766871165644,27,4075,0
47067,2008,622.0452848967404,25,4019,0
47069,2005,531.7919075144508,92,17300,0
47069,2006,508.4647830357659,88,17307,0
47069,2007,525.0403877221326,91,17332,0
47069,2008,472.40465491416063,82,17358,0
47071,2005,677.6508105235184,102,15052,0
47071,2006,539.4246137453383,81,15016,0
47071,2007,628.3002473096718,94,14961,0
47071,2008,684.7475832438239,102,14896,0
47073,2005,484.08172962698984,163,33672,0
47073,2006,531.2991600130598,179,33691,0
47073,2007,495.2844178183759,167,33718,0
47073,2008,519.3957201792657,175,33693,0
47075,2005,589.9437284443637,65,11018,0
47075,2006,480.6820243061853,53,11026,0
47075,2007,591.1778080945885,65,10995,0
47075,2008,510.7624954396206,56,10964,0
47077,2005,598.0484734025811,95,15885,0
47077,2006,553.0698483718618,89,16092,0
47077,2007,518.2625863770977,84,16208,0
47077,2008,472.3926380368098,77,16300,0
47079,2005,628.5493742074214,114,18137,0
47079,2006,618.8389923329682,113,18260,0
47079,2007,591.4567360350493,108,18260,0
47079,2008,646.1150960959317,118,18263,0
47081,2005,520.1204489460716,76,14612,0
47081,2006,450.2967865183871,66,14657,0
47081,2007,409.39597315436237,61,14900,0
47081,2008,547.7621910487642,82,14970,0
47083,2005,775.022143489814,35,4516,0
47083,2006,440.33465433729634,20,4542,0
47083,2007,434.21623968736435,20,4606,0
47083,2008,581.0200129115558,27,4647,0
47085,2005,639.1300200324334,67,10483,0
47085,2006,389.7708907690845,41,10519,0
47085,2007,463.13799621928166,49,10580,0
47085,2008,597.6662555734749,63,10541,0
47087,2005,800,55,6875,0
47087,2006,704.7423285861107,48,6811,0
47087,2007,746.705710102489,51,6830,0
47087,2008,566.6133953218074,39,6883,0
47089,2005,513.2143979331775,147,28643,0
47089,2006,493.70864332979045,144,29167,0
47089,2007,465.2417234171667,138,29662,0
47089,2008,483.81715048381716,145,29970,0
47091,2005,608.5898104677448,70,11502,0
47091,2006,568.7784389219461,65,11428,0
47091,2007,446.3113678130743,51,11427,0
47091,2008,456.74132630654367,52,11385,0
47093,2005,373.7036904235441,938,251001,0
47093,2006,400.3412488455458,1023,255532,0
47093,2007,418.02100862936754,1088,260274,0
47093,2008,396.1125521725425,1043,263309,0
47095,2005,433.30821401657875,23,5308,0
47095,2006,432.98192771084337,23,5312,0
47095,2007,599.138738064033,32,5341,0
47095,2008,416.2724692526017,22,5285,0
47097,2005,472.00812570950586,79,16737,0
47097,2006,398.88075251533013,67,16797,0
47097,2007,562.1967096697834,95,16898,0
47097,2008,617.3938854259424,104,16845,0
47099,2005,519.0760446405399,120,23118,0
47099,2006,521.2858384013902,120,23020,0
47099,2007,480.7484083329724,111,23089,0
47099,2008,483.32110646010443,112,23173,0
47101,2005,542.8403755868545,37,6816,0
47101,2006,636.9426751592357,44,6908,0
47101,2007,557.0632766747607,39,7001,0
47101,2008,588.3197015353709,41,6969,0
47103,2005,423.4108693321899,79,18658,0
47103,2006,513.122026832006,96,18709,0
47103,2007,476.8717215069146,90,18873,0
47103,2008,489.319162369778,93,19006,0
47105,2005,522.080471050049,133,25475,0
47105,2006,478.15524621139093,124,25933,0
47105,2007,401.1352885525071,106,26425,0
47105,2008,509.2936802973977,137,26900,0
47107,2005,496.56735319602745,149,30006,0
47107,2006,522.6077465021665,158,30233,0
47107,2007,546.0885584577933,166,30398,0
47107,2008,530.0062547321986,161,30377,0
47109,2005,536.4511691884456,78,14540,0
47109,2006,594.1405449702929,87,14643,0
47109,2007,647.4035709418018,95,14674,0
47109,2008,659.9986391780635,97,14697,0
47111,2005,515.0554675118859,65,12620,0
47111,2006,480.12593467138925,61,12705,0
47111,2007,460.6855625829624,59,12807,0
47111,2008,720.0929152148665,93,12915,0
47113,2005,422.7170625585879,239,56539,0
47113,2006,448.85341530293243,257,57257,0
47113,2007,425.4651345271932,244,57349,0
47113,2008,421.3507701452873,241,57197,0
47115,2005,655.6021499025456,111,16931,0
47115,2006,591.300275159534,101,17081,0
47115,2007,608.0804537215694,104,17103,0
47115,2008,639.8215543554825,109,17036,0
47117,2005,441.22837980938937,75,16998,0
47117,2006,391.8179199078075,68,17355,0
47117,2007,490.9429490435077,87,17721,0
47117,2008,410.9056582819701,74,18009,0
47119,2005,411.3110539845758,184,44735,0
47119,2006,461.9138922781942,212,45896,0
47119,2007,451.54862097475143,213,47171,0
47119,2008,425.67329055835876,205,48159,0
47121,2005,389.5541768864522,27,6931,0
47121,2006,545.8985777905473,38,6961,0
47121,2007,714.0816909454442,50,7002,0
47121,2008,653.2235160465777,46,7042,0
47123,2005,448.4125395363734,112,24977,0
47123,2006,508.17411857396104,129,25385,0
47123,2007,519.7827773467804,134,25780,0
47123,2008,480.06759351716715,125,26038,0
47125,2005,303.30932134539347,280,92315,0
47125,2006,343.76812839739597,320,93086,0
47125,2007,350.2306024169984,344,98221,0
47125,2008,302.4778743036389,297,98189,0
47127,2005,366.09405801182766,13,3551,0
47127,2006,309.59752321981426,11,3553,0
47127,2007,166.20498614958447,6,3610,1
47127,2008,439.80208905992305,16,3638,0
47129,2005,437.60374226648554,58,13254,0
47129,2006,486.78199655508126,65,13353,0
47129,2007,582.4670058246701,79,13563,0
47129,2008,386.1847857767415,53,13724,0
47131,2005,542.8194993412384,103,18975,0
47131,2006,572.9139037716832,108,18851,0
47131,2007,468.6335072957716,88,18778,0
47131,2008,568.1209132811663,106,18658,0
47133,2005,535.801266439357,66,12318,0
47133,2006,560.4034905131696,70,12491,0
47133,2007,514.1591520329061,65,12642,0
47133,2008,532.5067556827214,67,12582,0
47135,2005,656.5542223228435,29,4417,0
47135,2006,769.9275362318841,34,4416,0
47135,2007,623.608017817372,28,4490,0
47135,2008,581.3953488372093,26,4472,0
47137,2005,481.9277108433735,14,2905,0
47137,2006,551.9144532597447,16,2899,0
47137,2007,588.4389061959155,17,2889,0
47137,2008,755.7540364136036,22,2911,0
47139,2005,549.9541704857928,54,9819,0
47139,2006,600.203458799593,59,9830,0
47139,2007,532.5686194182712,52,9764,0
47139,2008,356.56071719641403,35,9816,0
47141,2005,330.854001343317,133,40199,0
47141,2006,462.24211755546906,190,41104,0
47141,2007,414.1085831226676,172,41535,0
47141,2008,414.3350398857007,174,41995,0
47143,2005,622.0312146573174,110,17684,0
47143,2006,554.9016310744913,99,17841,0
47143,2007,551.3477389173536,99,17956,0
47143,2008,661.1205994160101,120,18151,0
47145,2005,505.6447765940531,159,31445,0
47145,2006,541.783475603994,172,31747,0
47145,2007,452.5313472235316,144,31821,0
47145,2008,550.2279515799403,175,31805,0
47147,2005,444.41975445808566,160,36002,0
47147,2006,445.1038575667656,165,37070,0
47147,2007,485.46250857474536,184,37902,0
47147,2008,489.9811744075096,190,38777,0
47149,2005,304.0586790019382,422,138789,0
47149,2006,295.6814050012006,431,145765,0
47149,2007,315.3206416775058,480,152226,0
47149,2008,296.23872381631924,465,156968,0
47151,2005,589.7671568627451,77,13056,0
47151,2006,544.6455968088371,71,13036,0
47151,2007,482.13055789393127,63,13067,0
47151,2008,544.1029963981914,71,13049,0
47153,2005,387.947756368809,30,7733,0
47153,2006,390.47739009950874,31,7939,0
47153,2007,483.2114979556437,39,8071,0
47153,2008,577.3955773955774,47,8140,0
47155,2005,472.3279590250513,237,50177,0
47155,2006,448.20427249267544,231,51539,0
47155,2007,462.27599589088004,243,52566,0
47155,2008,454.25415614279797,241,53054,0
47157,2005,493.37044905135156,2694,546040,0
47157,2006,473.5585867661339,2609,550935,0
47157,2007,458.59365817050787,2536,552995,0
47157,2008,457.60001738409244,2527,552229,0
47159,2005,544.5140212360468,60,11019,0
47159,2006,550.3924930073085,61,11083,0
47159,2007,428.87776983559684,48,11192,0
47159,2008,464.74921080322696,53,11404,0
47161,2005,478.72340425531917,36,7520,0
47161,2006,662.5149065853982,50,7547,0
47161,2007,501.71639820438344,38,7574,0
47161,2008,521.6484089723526,40,7668,0
47163,2005,477.94963989344797,436,91223,0
47163,2006,530.8669001751314,485,91360,0
47163,2007,494.0183430210366,453,91697,0
47163,2008,475.5568159507864,436,91682,0
47165,2005,328.3114268391732,287,87417,0
47165,2006,367.56106525879636,330,89781,0
47165,2007,340.7968568544667,314,92137,0
47165,2008,363.93607569870375,340,93423,0
47167,2005,471.24214596423394,156,33104,0
47167,2006,421.74182322234344,143,33907,0
47167,2007,471.94244604316543,164,34750,0
47167,2008,457.4978819542502,162,35410,0
47169,2005,494.60431654676256,22,4448,0
47169,2006,690.423162583519,31,4490,0
47169,2007,690.9954653422587,32,4631,0
47169,2008,516.795865633075,24,4644,0
47171,2005,470.9428275407365,50,10617,0
47171,2006,497.4657405669232,53,10654,0
47171,2007,616.1889646158155,66,10711,0
47171,2008,570.5733794780656,61,10691,0
47173,2005,511.32857268800143,58,11343,0
47173,2006,536.3580409742373,61,11373,0
47173,2007,569.3763139453399,65,11416,0
47173,2008,460.8294930875576,53,11501,0
47175,2005,362.3188405797101,12,3312,0
47175,2006,517.1889260724065,17,3287,0
47175,2007,423.4724742891712,14,3306,0
47175,2008,389.10505836575874,13,3341,0
47177,2005,639.3088552915767,148,23150,0
47177,2006,452.85948417148273,105,23186,0
47177,2007,534.1604204359438,124,23214,0
47177,2008,489.3257697137661,113,23093,0
47179,2005,464.4028801499723,327,70413,0
47179,2006,432.5923445109613,310,71661,0
47179,2007,456.4828818919291,332,72730,0
47179,2008,425.67036303988283,314,73766,0
47181,2005,572.1789700778538,61,10661,0
47181,2006,495.83684161287306,53,10689,0
47181,2007,460.52631578947364,49,10640,0
47181,2008,442.60288162727187,47,10619,0
47183,2005,442.60700389105057,91,20560,0
47183,2006,401.42948058941596,82,20427,0
47183,2007,391.0450679440806,80,20458,0
47183,2008,471.90464607151546,97,20555,0
47185,2005,446.4908608901912,64,14334,0
47185,2006,517.0987313844456,75,14504,0
47185,2007,442.598393027373,65,14686,0
47185,2008,492.3118424602104,73,14828,0
47187,2005,211.3070852559403,196,92756,0
47187,2006,207.05213387311105,201,97077,0
47187,2007,190.89065822659612,193,101105,0
47187,2008,217.2679991155462,226,104019,0
47189,2005,391.6321268888091,240,61282,0
47189,2006,320.3509657871481,203,63368,0
47189,2007,355.9101020173353,232,65185,0
47189,2008,390.0899291286999,262,67164,0
48001,2005,452.5368684448704,170,37566,0
48001,2006,576.0642655180615,218,37843,0
48001,2007,537.3384708133469,205,38151,0
48001,2008,604.1978616649592,230,38067,0
48003,2005,362.26835725233383,26,7177,0
48003,2006,366.35006784260514,27,7370,0
48003,2007,318.51360318513605,24,7535,0
48003,2008,365.2853004156695,29,7939,0
48005,2005,375.1589656634167,177,47180,0
48005,2006,439.61565031715134,210,47769,0
48005,2007,421.6955067616693,203,48139,0
48005,2008,450.35696496762415,217,48184,0
48007,2005,523.7215033887862,68,12984,0
48007,2006,602.0328381548084,77,12790,0
48007,2007,535.1381128511844,68,12707,0
48007,2008,697.4921630094044,89,12760,0
48009,2005,486.9497467861317,25,5134,0
48009,2006,251.79159403447608,13,5163,0
48009,2007,312.62211801484955,16,5118,0
48009,2008,484.6839860411012,25,5158,0
48011,2005,304.1433082028481,3.3212449255751015,1092,1
48011,2006,322.2911227154047,3.367942232375979,1045,1
48011,2007,300.98677944146,3.136282241780013,1042,1
48011,2008,318.29183382513844,3.297503398428434,1036,1
48013,2005,372.01437328260414,88,23655,0
48013,2006,350.97981866042704,84,23933,0
48013,2007,510.7294369619836,124,24279,0
48013,2008,383.6578098853108,94,24501,0
48015,2005,424.82575506140057,64,15065,0
48015,2006,364.13290851160673,56,15379,0
48015,2007,406.7107269954245,64,15736,0
48015,2008,364.0015062131292,58,15934,0
48017,2005,244.23337856173677,9,3685,1
48017,2006,298.75067897881587,11,3682,0
48017,2007,296.0969044414536,11,3715,0
48017,2008,268.9618074233459,10,3718,0
48019,2005,378.7878787878788,43,11352,0
48019,2006,450.33341993591404,52,11547,0
48019,2007,566.356720202874,67,11830,0
48019,2008,412.84017187631645,49,11869,0
48021,2005,349.79473850414166,144,41167,0
48021,2006,390.55988187945036,164,41991,0
48021,2007,437.8406073873958,188,42938,0
48021,2008,406.6441519057137,177,43527,0
48023,2005,685.9382655561,14,2041,0
48023,2006,322.2911227154047,6.523172323759791,2024,1
48023,2007,586.5102639296188,12,2046,0
48023,2008,506.84237202230105,10,1973,0
48025,2005,342.82955094157415,71,20710,0
48025,2006,320.74646449919817,66,20577,0
48025,2007,291.95659578609315,60,20551,0
48025,2008,342.80117531831536,70,20420,0
48027,2005,305.66614464423856,486,158997,0
48027,2006,286.7637188983392,470,163898,0
48027,2007,297.0785343351998,512,172345,0
48027,2008,287.48031628438696,513,178447,0
48029,2005,317.51403431938525,2871,904212,0
48029,2006,322.79713202627835,3011,932784,0
48029,2007,331.7109399936996,3180,958666,0
48029,2008,323.6595982621153,3172,980042,0
48031,2005,308.9224059603852,17,5503,0
48031,2006,265.91029959227086,15,5641,0
48031,2007,313.4796238244514,18,5742,0
48031,2008,444.36848401982564,26,5851,0
48033,2005,0,0,372,0
48033,2006,322.2911227154047,1.1505793080939948,357,1
48033,2007,302.11480362537765,1,331,1
48033,2008,0,0,354,0
48035,2005,532.0237364436259,52,9774,0
48035,2006,615.0691952844695,60,9755,0
48035,2007,478.37150127226465,47,9825,0
48035,2008,480.9660253786328,47,9772,0
48037,2005,516.6453746148643,275,53228,0
48037,2006,424.0598147528178,228,53766,0
48037,2007,456.153416495997,245,53710,0
48037,2008,439.991126229387,238,54092,0
48039,2005,354.9272429179704,591,166513,0
48039,2006,349.5204254627372,602,172236,0
48039,2007,311.3279377344125,552,177305,0
48039,2008,344.26436863784596,626,181837,0
48041,2005,211.032677811158,229,108514,0
48041,2006,186.08645863154882,208,111776,0
48041,2007,172.0747295968535,196,113904,0
48041,2008,191.94021702040538,225,117224,0
48043,2005,333.51862145636466,18,5397,0
48043,2006,186.56716417910448,10,5360,0
48043,2007,165.86804275709545,9,5426,1
48043,2008,459.72784111805805,25,5438,0
48045,2005,304.14330820284806,2.761621238481861,908,1
48045,2006,322.2911227154047,2.9264033942558747,908,1
48045,2007,300.98677944146,2.6968415437954816,896,1
48045,2008,318.29183382513844,2.8136998110142235,884,1
48047,2005,306.43513789581203,12,3916,0
48047,2006,535.4411014788374,21,3922,0
48047,2007,698.7577639751553,27,3864,0
48047,2008,649.8570314530803,25,3847,0
48049,2005,536.041754831429,114,21267,0
48049,2006,479.4265499906907,103,21484,0
48049,2007,550.5528857369477,118,21433,0
48049,2008,579.249778109964,124,21407,0
48051,2005,502.3547880690738,48,9555,0
48051,2006,398.86637976277945,38,9527,0
48051,2007,385.256143273636,37,9604,0
48051,2008,455.76962916925623,44,9654,0
48053,2005,402.6845637583893,90,22350,0
48053,2006,359.82138986430834,83,23067,0
48053,2007,389.0886022414887,92,23645,0
48053,2008,353.0301756745398,84,23794,0
48055,2005,297.35214990324255,63,21187,0
48055,2006,357.7312308778536,76,21245,0
48055,2007,477.27167415782407,103,21581,0
48055,2008,227.25206799381874,50,22002,0
48057,2005,408.55354659248957,47,11504,0
48057,2006,379.1469194312796,44,11605,0
48057,2007,424.0221529941156,49,11556,0
48057,2008,451.94849492623854,53,11727,0
48059,2005,315.5439703663054,23,7289,0
48059,2006,422.3433242506812,31,7340,0
48059,2007,390.0995426419155,29,7434,0
48059,2008,493.79420792739893,37,7493,0
48061,2005,276.9459161995444,541,195345,0
48061,2006,248.16513531028178,494,199061,0
48061,2007,274.38904023056574,556,202632,0
48061,2008,285.01214209891083,588,206307,0
48063,2005,540.4570722668315,35,6476,0
48063,2006,550.2063273727648,36,6543,0
48063,2007,632.3396567299006,42,6642,0
48063,2008,688.2106523040095,46,6684,0
48065,2005,398.97406668566543,14,3509,0
48065,2006,460.0345025876941,16,3478,0
48065,2007,520.5320994794679,18,3458,0
48065,2008,350.0583430571762,12,3428,0
48067,2005,595.9120433823967,100,16781,0
48067,2006,464.6452612140347,78,16787,0
48067,2007,512.9122681457626,86,16767,0
48067,2008,632.1187906255591,106,16769,0
48069,2005,401.79626565823685,17,4231,0
48069,2006,288.9477486154587,12,4153,0
48069,2007,484.26150121065376,20,4130,0
48069,2008,366.5689149560117,15,4092,0
48071,2005,432.00276481769487,75,17361,0
48071,2006,356.718192627824,63,17661,0
48071,2007,406.7532178079902,73,17947,0
48071,2008,414.37950704983314,77,18582,0
48073,2005,382.63911665026785,105,27441,0
48073,2006,410.3122730573711,113,27540,0
48073,2007,468.19851617085646,130,27766,0
48073,2008,521.7639911371596,146,27982,0
48075,2005,204.73157415832574,9,4396,1
48075,2006,319.7807217907721,14,4378,0
48075,2007,324.97678737233053,14,4308,0
48075,2008,346.6605038132655,15,4327,0
48077,2005,318.76138433515484,21,6588,0
48077,2006,339.45378799567965,22,6481,0
48077,2007,438.1846635367762,28,6390,0
48077,2008,448.21514326876894,28,6247,0
48079,2005,304.14330820284806,5.255596365745215,1728,1
48079,2006,322.2911227154047,5.501509464751958,1707,1
48079,2007,300.98677944146,5.0264792166723815,1670,1
48079,2008,318.29183382513844,5.251815258114784,1650,1
48081,2005,304.1433082028481,5.374212255944326,1767,1
48081,2006,322.2911227154047,5.672323759791123,1760,1
48081,2007,300.98677944146,5.198041680954014,1727,1
48081,2008,691.2442396313364,12,1736,0
48083,2005,431.4994606256742,20,4635,0
48083,2006,636.1323155216285,30,4716,0
48083,2007,567.3460811094768,27,4759,0
48083,2008,626.5664160401002,30,4788,0
48085,2005,181.87611834203494,742,407970,0
48085,2006,163.17949510344457,697,427137,0
48085,2007,172.4849329337996,765,443517,0
48085,2008,183.68661883388484,841,457845,0
48087,2005,304.1433082028481,4.702055544816032,1546,1
48087,2006,322.2911227154047,4.8311439295039165,1499,1
48087,2007,300.98677944145993,4.559949708538118,1515,1
48087,2008,318.29183382513844,4.9621696893339085,1559,1
48089,2005,451.50803684305583,50,11074,0
48089,2006,440.3702705131662,49,11127,0
48089,2007,526.2219051016767,59,11212,0
48089,2008,416.74055683631843,47,11278,0
48091,2005,306.0687997596515,163,53256,0
48091,2006,343.90591589451174,193,56120,0
48091,2007,319.1670933606418,187,58590,0
48091,2008,321.2044342683951,195,60709,0
48093,2005,304.83580435083826,22,7217,0
48093,2006,507.4749691400357,37,7291,0
48093,2007,467.99724707501724,34,7265,0
48093,2008,692.8086462519052,50,7217,0
48095,2005,304.1433082028481,8.558592692828146,2814,1
48095,2006,320.85561497326205,9,2805,1
48095,2007,425.07970244420824,12,2823,0
48095,2008,346.6204506065858,10,2885,0
48097,2005,465.0721336370539,98,21072,0
48097,2006,429.71147943523636,91,21177,0
48097,2007,400.73546744613645,85,21211,0
48097,2008,489.5039066177163,104,21246,0
48099,2005,216.00138240884743,100,46296,0
48099,2006,274.25884811283794,126,45942,0
48099,2007,241.19217848221209,112,46436,0
48099,2008,253.75298532923918,119,46896,0
48101,2005,304.1433082028481,2.4422707648688706,803,1
48101,2006,322.2911227154047,2.4526354438642297,761,1
48101,2007,300.98677944146,2.242351506838877,745,1
48101,2008,318.29183382513844,2.434932528762309,765,1
48103,2005,503.20219579139984,11,2186,0
48103,2006,322.2911227154047,7.0259464751958225,2180,1
48103,2007,494.3820224719101,11,2225,0
48103,2008,474.3423889607589,11,2319,0
48105,2005,304.1433082028481,6.532998260197178,2148,1
48105,2006,322.2911227154047,6.829348890339426,2119,1
48105,2007,300.98677944145993,6.368880252981293,2116,1
48105,2008,318.29183382513844,6.674579755313153,2097,1
48107,2005,529.567519858782,18,3399,0
48107,2006,570.0570057005701,19,3333,0
48107,2007,467.1441918405481,15,3211,0
48107,2008,351.213282247765,11,3132,0
48109,2005,304.14330820284806,4.4739480636638955,1471,1
48109,2006,322.2911227154047,4.547527741514361,1411,1
48109,2007,300.98677944146,4.165657027469806,1384,1
48109,2008,318.29183382513844,4.401976061801665,1383,1
48111,2005,333.05578684429645,12,3603,0
48111,2006,557.5689991636465,20,3587,0
48111,2007,496.8258349434171,18,3623,0
48111,2008,594.433936773845,22,3701,0
48113,2005,330.7818440269398,4547,1374622,0
48113,2006,323.5551149589666,4491,1388017,0
48113,2007,337.22653515999497,4717,1398763,0
48113,2008,323.83796191926456,4568,1410582,0
48115,2005,461.3330095908704,38,8237,0
48115,2006,340.26005589986636,28,8229,0
48115,2007,355.13103110457996,29,8166,0
48115,2008,356.65969745418766,29,8131,0
48117,2005,375.25354969574033,37,9860,0
48117,2006,313.57475217479265,31,9886,0
48117,2007,311.9026058959654,31,9939,0
48117,2008,376.90934338424915,38,10082,0
48119,2005,479.6163069544364,14,2919,0
48119,2006,302.4193548387097,9,2976,1
48119,2007,485.6052722858134,14,2883,0
48119,2008,628.4916201117319,18,2864,0
48121,2005,183.32299130986686,647,352929,0
48121,2006,189.5990601072234,702,370255,0
48121,2007,189.92956995262168,730,384353,0
48121,2008,201.61137703850804,799,396307,0
48123,2005,398.95923677363396,46,11530,0
48123,2006,340.0470834423228,39,11469,0
48123,2007,421.8296862641709,48,11379,0
48123,2008,503.04474450622183,57,11331,0
48125,2005,304.1433082028481,4.695972678651975,1544,1
48125,2006,322.2911227154047,4.80213772845953,1490,1
48125,2007,300.98677944146,4.463633939116852,1483,1
48125,2008,318.29183382513844,4.5770365704054905,1438,1
48127,2005,320.5128205128205,17,5304,0
48127,2006,379.29072634174094,20,5273,0
48127,2007,344.4976076555024,18,5225,0
48127,2008,401.29944582457483,21,5233,0
48129,2005,304.1433082028481,5.973374573103937,1964,1
48129,2006,671.4876033057851,13,1936,0
48129,2007,300.98677944145993,5.851182992341982,1944,1
48129,2008,318.29183382513844,6.088922781074898,1913,1
48131,2005,430.7783719548425,29,6732,0
48131,2006,448.8330341113106,30,6684,0
48131,2007,393.16497807349157,26,6613,0
48131,2008,322.48157248157247,21,6512,0
48133,2005,536.4915477275028,53,9879,0
48133,2006,526.6889496606908,52,9873,0
48133,2007,523.2967696487873,52,9937,0
48133,2008,619.5409303270363,61,9846,0
48135,2005,435.7756386004736,311,71367,0
48135,2006,482.7263725382331,351,72712,0
48135,2007,429.7821633707775,321,74689,0
48135,2008,465.48220022290695,355,76265,0
48137,2005,304.1433082028481,3.32428635865713,1093,1
48137,2006,322.2911227154047,3.4678524804177546,1076,1
48137,2007,300.98677944146,3.3951308720996685,1128,1
48137,2008,318.29183382513844,3.746294884121879,1177,1
48139,2005,308.43449721222663,234,75867,0
48139,2006,298.31420737280393,235,78776,0
48139,2007,296.78321335279185,242,81541,0
48139,2008,342.02090260150396,287,83913,0
48141,2005,275.9375100088941,1120,405889,0
48141,2006,276.15619394329434,1150,416431,0
48141,2007,255.5428690301427,1081,423021,0
48141,2008,278.98850446868215,1204,431559,0
48143,2005,316.5635805776068,65,20533,0
48143,2006,300.8225616921269,64,21275,0
48143,2007,304.7935716264893,66,21654,0
48143,2008,299.6050660492986,66,22029,0
48145,2005,510.00392310710083,52,10196,0
48145,2006,601.7664757837523,62,10303,0
48145,2007,398.8714855530694,41,10279,0
48145,2008,443.3734939759036,46,10375,0
48147,2005,435.7633548651697,85,19506,0
48147,2006,509.2946269416858,100,19635,0
48147,2007,461.1798094465843,91,19732,0
48147,2008,418.452230904966,83,19835,0
48149,2005,502.0320344250538,63,12549,0
48149,2006,378.1611912077523,48,12693,0
48149,2007,480.9557055309906,62,12891,0
48149,2008,472.7771846881196,62,13114,0
48151,2005,304.1433082028481,6.414382369998067,2109,1
48151,2006,473.70914258645195,10,2111,0
48151,2007,300.98677944145993,6.371890120775707,2117,1
48151,2008,318.29183382513844,6.725506448725175,2113,1
48153,2005,388.88888888888886,14,3600,0
48153,2006,428.3266704740148,15,3502,0
48153,2007,264.0070401877383,9,3409,1
48153,2008,459.1368227731864,15,3267,0
48155,2005,304.14330820284806,2.186790385978478,719,1
48155,2006,322.2911227154047,2.268929503916449,704,1
48155,2007,300.98677944146,2.091858117118147,695,1
48155,2008,318.29183382513844,2.237591591790723,703,1
48157,2005,215.51877685078978,605,280718,0
48157,2006,230.65250379362672,684,296550,0
48157,2007,216.59607239122064,675,311640,0
48157,2008,216.41057573149217,709,327618,0
48159,2005,352.64483627204027,21,5955,0
48159,2006,406.2976130015236,24,5907,0
48159,2007,439.3376140588037,26,5918,0
48159,2008,327.7557357253752,19,5797,0
48161,2005,396.2179198559208,44,11105,0
48161,2006,437.2657504908085,49,11206,0
48161,2007,553.7692032868881,62,11196,0
48161,2008,442.2821760283061,50,11305,0
48163,2005,434.34343434343435,43,9900,0
48163,2006,422.40772402695364,42,9943,0
48163,2007,308.2736674622116,31,10056,0
48163,2008,333.4641035700275,34,10196,0
48165,2005,452.14770158251696,36,7962,0
48165,2006,375.66650508967524,31,8252,0
48165,2007,283.45340734616747,24,8467,0
48165,2008,354.24522911667236,31,8751,0
48167,2005,458.080259978535,764,166783,0
48167,2006,451.7475653526173,764,169121,0
48167,2007,427.8149467847033,736,172037,0
48167,2008,447.50390995125406,784,175194,0
48169,2005,367.75106082036774,13,3535,0
48169,2006,269.25148088314484,10,3714,0
48169,2007,287.58169934640523,11,3825,0
48169,2008,355.7814485387548,14,3935,0
48171,2005,349.8542274052478,42,12005,0
48171,2006,276.67019285539914,34,12289,0
48171,2007,346.1043142305216,43,12424,0
48171,2008,317.3847496627787,40,12603,0
48173,2005,304.1433082028481,2.168541787486307,713,1
48173,2006,322.2911227154047,2.1851338120104438,678,1
48173,2007,300.98677944146,2.0045719510801234,666,1
48173,2008,318.29183382513844,2.1643844700109414,680,1
48175,2005,360.4531410916581,14,3884,0
48175,2006,613.4969325153374,24,3912,0
48175,2007,481.1344644213725,19,3949,0
48175,2008,251.76233635448136,10,3972,0
48177,2005,454.63155900738775,48,10558,0
48177,2006,490.93655589123864,52,10592,0
48177,2007,549.9194083625675,58,10547,0
48177,2008,413.76716193342116,44,10634,0
48179,2005,462.6623376623376,57,12320,0
48179,2006,559.0607778931395,70,12521,0
48179,2007,556.7317493922999,71,12753,0
48179,2008,526.1121856866538,68,12925,0
48181,2005,501.02004080163204,334,66664,0
48181,2006,492.9389821476152,333,67554,0
48181,2007,430.33416765467877,294,68319,0
48181,2008,510.4652693472188,349,68369,0
48183,2005,495.2805335179972,329,66427,0
48183,2006,492.4281751976387,332,67421,0
48183,2007,491.6492999501013,335,68138,0
48183,2008,498.9204644920348,342,68548,0
48185,2005,448.8388733493788,69,15373,0
48185,2006,321.27481847972757,50,15563,0
48185,2007,464.38657044242234,74,15935,0
48185,2008,523.0060394745034,84,16061,0
48187,2005,277.08958143173817,170,61352,0
48187,2006,275.278738946559,179,65025,0
48187,2007,299.34873397389094,205,68482,0
48187,2008,293.36984158028554,210,71582,0
48189,2005,313.352875770747,62,19786,0
48189,2006,435.78441194149474,87,19964,0
48189,2007,311.1668757841907,62,19925,0
48189,2008,344.2166540116426,68,19755,0
48191,2005,304.1433082028481,5.395502287518526,1774,1
48191,2006,322.2911227154047,5.756119451697128,1786,1
48191,2007,300.98677944146,5.134834457271308,1706,1
48191,2008,318.29183382513844,5.270912768144292,1656,1
48193,2005,504.8187241854061,22,4358,0
48193,2006,430.1562146253113,19,4417,0
48193,2007,336.85156074556477,15,4453,0
48193,2008,470.95761381475666,21,4459,0
48195,2005,304.1433082028481,8.44910110187512,2778,1
48195,2006,317.79661016949154,9,2832,1
48195,2007,523.7430167597765,15,2864,0
48195,2008,374.14965986394554,11,2940,0
48197,2005,426.25745950554136,10,2346,0
48197,2006,322.2911227154047,7.570618472584856,2349,1
48197,2007,300.98677944145993,6.874538042442945,2284,1
48197,2008,318.29183382513844,7.085176220947582,2226,1
48199,2005,512.8378150409933,152,29639,0
48199,2006,481.70201378202984,144,29894,0
48199,2007,456.15647151483324,139,30472,0
48199,2008,409.29023875263925,126,30785,0
48201,2005,324.73396265515055,7318,2253537,0
48201,2006,315.6218628141702,7338,2324934,0
48201,2007,330.572000132178,7803,2360454,0
48201,2008,321.34430281769266,7722,2403030,0
48203,2005,468.8271097219938,171,36474,0
48203,2006,480.7692307692308,178,37024,0
48203,2007,567.000567000567,210,37037,0
48203,2008,485.25469168900804,181,37300,0
48205,2005,236.53088042049933,9,3805,1
48205,2006,231.83925811437402,9,3882,1
48205,2007,277.28762288883286,11,3967,0
48205,2008,239.99999999999997,9,3750,1
48207,2005,418.8144329896907,13,3104,0
48207,2006,480.6151874399231,15,3121,0
48207,2007,511.0188438198659,16,3131,0
48207,2008,531.9148936170212,17,3196,0
48209,2005,204.1075050709939,161,78880,0
48209,2006,236.21857449321473,196,82974,0
48209,2007,237.6863677201442,209,87931,0
48209,2008,232.34856627905714,214,92103,0
48211,2005,304.1433082028481,5.924711643791482,1948,1
48211,2006,322.2911227154047,6.4522682767624024,2002,1
48211,2007,300.98677944145993,6.046824398978931,2009,1
48211,2008,318.29183382513844,6.6109213885481255,2077,1
48213,2005,502.8471711976488,219,43552,0
48213,2006,525.0302463076677,230,43807,0
48213,2007,572.4927576217409,249,43494,0
48213,2008,559.2660211226919,242,43271,0
48215,2005,237.42874304430117,838,352948,0
48215,2006,247.00177214842086,899,363965,0
48215,2007,236.62104086581425,887,374861,0
48215,2008,233.18227814686085,901,386393,0
48217,2005,491.95937367752856,93,18904,0
48217,2006,574.3492464959427,109,18978,0
48217,2007,536.3904080774086,102,19016,0
48217,2008,527.3325327624915,101,19153,0
48219,2005,370.51331532226936,48,12955,0
48219,2006,340.4782171322448,44,12923,0
48219,2007,456.72704753057747,59,12918,0
48219,2008,295.650820820042,38,12853,0
48221,2005,485.9713732487946,128,26339,0
48221,2006,434.4597103601931,117,26930,0
48221,2007,382.90423747356135,105,27422,0
48221,2008,424.5754245754246,119,28028,0
48223,2005,393.07340911505366,74,18826,0
48223,2006,435.6498005458745,83,19052,0
48223,2007,403.24665253580105,78,19343,0
48223,2008,519.2001233742868,101,19453,0
48225,2005,522.1356081776732,71,13598,0
48225,2006,491.3824715804913,67,13635,0
48225,2007,663.7490882567469,91,13710,0
48225,2008,511.0608162371322,70,13697,0
48227,2005,400.7012271475081,80,19965,0
48227,2006,393.50468220761104,79,20076,0
48227,2007,513.096168881939,105,20464,0
48227,2008,498.6574606827772,104,20856,0
48229,2005,304.1433082028481,5.40766801984664,1778,1
48229,2006,322.2911227154047,5.833469321148825,1810,1
48229,2007,300.98677944146,5.5231074027507905,1835,1
48229,2008,318.29183382513844,5.636948377043201,1771,1
48231,2005,471.21068077543094,228,48386,0
48231,2006,525.4978939189465,257,48906,0
48231,2007,482.1875445057069,237,49151,0
48231,2008,519.3482688391039,255,49100,0
48233,2005,419.99838462159755,52,12381,0
48233,2006,555.2873008208595,69,12426,0
48233,2007,618.5235761908588,77,12449,0
48233,2008,543.257925889889,67,12333,0
48235,2005,304.1433082028481,2.8741542625169147,945,1
48235,2006,322.2911227154047,3.1036635117493474,963,1
48235,2007,300.98677944146,2.7570388996837734,916,1
48235,2008,318.29183382513844,2.874175259441,903,1
48237,2005,464.5113340765515,25,5382,0
48237,2006,273.7226277372263,15,5480,0
48237,2007,293.7936099889827,16,5446,0
48237,2008,383.1417624521073,21,5481,0
48239,2005,409.626216077829,32,7812,0
48239,2006,448.54543124439317,35,7803,0
48239,2007,334.96521515073437,26,7762,0
48239,2008,579.2996910401648,45,7768,0
48241,2005,469.7416420968467,94,20011,0
48241,2006,445.2089446524335,88,19766,0
48241,2007,473.480078577545,94,19853,0
48241,2008,571.3707842443242,113,19777,0
48243,2005,304.1433082028481,3.792667053289516,1247,1
48243,2006,322.2911227154047,4.025416122715405,1249,1
48243,2007,300.98677944145993,3.8074827599344685,1265,1
48243,2008,318.2918338251384,4.051855044594012,1273,1
48245,2005,467.6403591049176,698,149260,0
48245,2006,487.4472158481446,718,147298,0
48245,2007,498.4863773965691,741,148650,0
48245,2008,514.7953521333922,770,149574,0
48247,2005,439.2386530014641,12,2732,0
48247,2006,472.72727272727275,13,2750,0
48247,2007,300.98677944146,8.259077227873663,2744,1
48247,2008,608.4466714387975,17,2794,0
48249,2005,411.0950487893025,91,22136,0
48249,2006,454.9959455806829,101,22198,0
48249,2007,451.51772542357725,101,22369,0
48249,2008,398.7633854563377,89,22319,0
48251,2005,391.2485148158371,326,83323,0
48251,2006,364.9244594482152,307,84127,0
48251,2007,333.9911947775922,286,85631,0
48251,2008,407.32265446224255,356,87400,0
48253,2005,435.2557127312296,56,12866,0
48253,2006,430.17360577661697,56,13018,0
48253,2007,314.7551051742669,41,13026,0
48253,2008,465.32916317034096,61,13109,0
48255,2005,299.43321569885575,28,9351,0
48255,2006,266.60978991148556,25,9377,0
48255,2007,426.62116040955635,40,9376,0
48255,2008,424.6284501061571,40,9420,0
48257,2005,416.33275346455304,213,51161,0
48257,2006,408.53635787038763,219,53606,0
48257,2007,459.9750401141024,258,56090,0
48257,2008,402.12626419522974,233,57942,0
48259,2005,300.97817908201654,48,15948,0
48259,2006,382.1579984474831,64,16747,0
48259,2007,322.59922806613287,56,17359,0
48259,2008,274.5593322717039,50,18211,0
48261,2005,380.22813688212926,1,263,1
48261,2006,396.8253968253968,1,252,1
48261,2007,0,0,248,0
48261,2008,0,0,239,0
48263,2005,304.1433082028481,1.1952832012371932,393,1
48263,2006,322.2911227154047,1.231152088772846,382,1
48263,2007,300.98677944145993,1.2039471177658398,400,1
48263,2008,318.29183382513844,1.2699844169623022,399,1
48265,2005,454.28264640290746,110,24214,0
48265,2006,504.41870788103785,125,24781,0
48265,2007,483.16831683168317,122,25250,0
48265,2008,442.1835257288202,113,25555,0
48267,2005,391.5426781519186,10,2554,0
48267,2006,750.9881422924901,19,2530,0
48267,2007,300.98677944145993,7.575837238541547,2517,1
48267,2008,558.2137161084529,14,2508,0
48269,2005,628.930817610063,1,159,1
48269,2006,0,0,156,0
48269,2007,0,0,164,0
48269,2008,0,0,154,0
48271,2005,304.1433082028481,5.322507893549842,1750,1
48271,2006,322.2911227154047,5.688438315926893,1765,1
48271,2007,300.98677944146,5.532137006134034,1838,1
48271,2008,318.29183382513844,5.834289314014788,1833,1
48273,2005,334.9623853714788,61,18211,0
48273,2006,280.77515965646336,51,18164,0
48273,2007,344.412858080035,63,18292,0
48273,2008,212.48774109186007,39,18354,0
48275,2005,533.0490405117271,10,1876,0
48275,2006,533.3333333333334,10,1875,0
48275,2007,300.98677944146,5.637482378938546,1873,1
48275,2008,318.29183382513844,5.856569742382547,1840,1
48277,2005,577.7841976021956,160,27692,0
48277,2006,489.24383049140226,136,27798,0
48277,2007,483.3008728269494,134,27726,0
48277,2008,518.956321176301,144,27748,0
48279,2005,449.616503570484,34,7562,0
48279,2006,498.6522911051213,37,7420,0
48279,2007,473.1008380643417,35,7398,0
48279,2008,510.204081632653,37,7252,0
48281,2005,475.0815090824406,51,10735,0
48281,2006,371.1750860039833,41,11046,0
48281,2007,436.95380774032463,49,11214,0
48281,2008,463.9957169626127,52,11207,0
48283,2005,280.75548749361917,11,3918,0
48283,2006,225.39444027047332,9,3993,1
48283,2007,268.2926829268293,11,4100,0
48283,2008,287.7697841726619,12,4170,0
48285,2005,294.52189279403103,30,10186,0
48285,2006,428.39061435108556,44,10271,0
48285,2007,299.92260061919507,31,10336,0
48285,2008,436.1310331459585,45,10318,0
48287,2005,333.77837116154876,30,8988,0
48287,2006,420.49352661281404,38,9037,0
48287,2007,395.7348576453776,36,9097,0
48287,2008,425.8106780216181,39,9159,0
48289,2005,565.9309564233163,50,8835,0
48289,2006,489.54161103693815,44,8988,0
48289,2007,562.727573651109,51,9063,0
48289,2008,487.43500866551125,45,9232,0
48291,2005,494.17892838857597,222,44923,0
48291,2006,535.3295275328194,241,45019,0
48291,2007,563.6553269866631,254,45063,0
48291,2008,580.2025193584681,263,45329,0
48293,2005,586.0415556739479,77,13139,0
48293,2006,519.2655027092113,69,13288,0
48293,2007,578.4254807692308,77,13312,0
48293,2008,603.1817839101259,80,13263,0
48295,2005,304.1433082028481,4.98795025452671,1640,1
48295,2006,322.2911227154047,5.424159595300261,1683,1
48295,2007,300.98677944146,5.18901207757077,1724,1
48295,2008,318.29183382513844,5.503265806836644,1729,1
48297,2005,232.8627565128802,16,6871,0
48297,2006,425.78182352077516,29,6811,0
48297,2007,369.22168069709056,25,6771,0
48297,2008,490.34175334323925,33,6730,0
48299,2005,408.1205525324404,39,9556,0
48299,2006,662.0461363401263,64,9667,0
48299,2007,574.0181268882176,57,9930,0
48299,2008,511.3294565871266,51,9974,0
48301,2005,0,0,48,0
48301,2006,0,0,54,0
48301,2007,0,0,56,0
48301,2008,0,0,43,0
48303,2005,356.56589711078647,554,155371,0
48303,2006,327.270200089715,518,158279,0
48303,2007,366.81539249871895,587,160026,0
48303,2008,362.93924955330556,585,161184,0
48305,2005,666.6666666666667,22,3300,0
48305,2006,452.48868778280547,15,3315,0
48305,2007,431.0344827586207,14,3248,0
48305,2008,402.60142458965623,13,3229,0
48307,2005,554.016620498615,24,4332,0
48307,2006,501.481650330522,22,4387,0
48307,2007,484.4290657439446,21,4335,0
48307,2008,315.884476534296,14,4432,0
48309,2005,402.17833557635123,514,127804,0
48309,2006,398.49269172141106,515,129237,0
48309,2007,386.80126840178315,505,130558,0
48309,2008,368.3269166641404,486,131948,0
48311,2005,304.1433082028481,1.3443134222565887,442,1
48311,2006,322.29112271540464,1.3697372715404699,425,1
48311,2007,300.98677944145993,1.3273516973368384,441,1
48311,2008,318.29183382513844,1.3113623553595704,412,1
48313,2005,305.69821472242603,25,8178,0
48313,2006,489.2367906066536,40,8176,0
48313,2007,427.037579306979,35,8196,0
48313,2008,307.3518564052127,25,8134,0
48315,2005,717.0172084130019,45,6276,0
48315,2006,950.5703422053232,60,6312,0
48315,2007,732.134330733726,46,6283,0
48315,2008,861.7886178861788,53,6150,0
48317,2005,304.1433082028481,7.104787679618532,2336,1
48317,2006,465.3130287648054,11,2364,0
48317,2007,300.98677944146,7.253781384539185,2410,1
48317,2008,724.929520741039,18,2483,0
48319,2005,304.1433082028481,6.174109156517817,2030,1
48319,2006,322.2911227154047,6.574738903394256,2040,1
48319,2007,300.98677944146,6.266544747971197,2082,1
48319,2008,536.3237445148708,11,2051,0
48321,2005,452.40157859274234,94,20778,0
48321,2006,508.30227041680786,105,20657,0
48321,2007,491.6995277737209,101,20541,0
48321,2008,338.1479155596348,70,20701,0
48323,2005,289.57528957528956,75,25900,0
48323,2006,307.99650176812804,81,26299,0
48323,2007,271.2886209495102,72,26540,0
48323,2008,243.68630926007972,66,27084,0
48325,2005,351.5293547214029,87,24749,0
48325,2006,326.9261068221207,83,25388,0
48325,2007,345.0281062221361,89,25795,0
48325,2008,441.18775416251054,115,26066,0
48327,2005,304.1433082028481,3.4854823120046396,1146,1
48327,2006,322.2911227154047,3.709570822454308,1151,1
48327,2007,300.98677944146,3.518535451670667,1169,1
48327,2008,318.29183382513844,3.7781240675043932,1187,1
48329,2005,295.7861194861609,207,69983,0
48329,2006,313.88274336283183,227,72320,0
48329,2007,316.0107657904956,236,74681,0
48329,2008,397.8210845174794,306,76919,0
48331,2005,498.2153480071386,67,13448,0
48331,2006,487.94913499926065,66,13526,0
48331,2007,532.5049922343022,72,13521,0
48331,2008,531.5222205817215,72,13546,0
48333,2005,392.61876717707105,10,2547,0
48333,2006,394.47731755424064,10,2535,0
48333,2007,300.98677944146,7.657103668990742,2544,1
48333,2008,516.2827640984908,13,2518,0
48335,2005,283.90113560454245,17,5988,0
48335,2006,249.708673214583,15,6007,0
48335,2007,364.7214854111406,22,6032,0
48335,2008,347.05007436787304,21,6051,0
48337,2005,623.5458352722196,67,10745,0
48337,2006,493.87232485824035,54,10934,0
48337,2007,540.590067802822,59,10914,0
48337,2008,624.655520852471,68,10886,0
48339,2005,333.0978547603931,745,223658,0
48339,2006,352.7494457706235,829,235011,0
48339,2007,307.9911097025326,758,246111,0
48339,2008,330.0162667592481,846,256351,0
48341,2005,343.11512415349887,38,11075,0
48341,2006,241.2006432017152,27,11194,0
48341,2007,311.970763882699,35,11219,0
48341,2008,367.3897830650805,42,11432,0
48343,2005,601.2304250559284,43,7152,0
48343,2006,538.5252692626347,39,7242,0
48343,2007,549.5260337958512,40,7279,0
48343,2008,472.8789986091794,34,7190,0
48345,2005,304.1433082028481,1.964765770990399,646,1
48345,2006,322.2911227154047,2.056217362924282,638,1
48345,2007,300.98677944145993,1.8962167104811978,630,1
48345,2008,318.29183382513844,1.9670435330393554,618,1
48347,2005,384.0654873706933,137,35671,0
48347,2006,408.54634792690337,148,36226,0
48347,2007,411.11659266568,150,36486,0
48347,2008,498.0540511117764,183,36743,0
48349,2005,530.8585395661472,139,26184,0
48349,2006,545.144804088586,144,26415,0
48349,2007,497.90954009882176,131,26310,0
48349,2008,459.84874396686047,121,26313,0
48351,2005,641.6987516042469,55,8571,0
48351,2006,699.4665085951393,59,8435,0
48351,2007,582.0168666112364,49,8419,0
48351,2008,579.2646884974583,49,8459,0
48353,2005,510.8397707450785,41,8026,0
48353,2006,573.7807159785456,46,8017,0
48353,2007,481.89793648832324,39,8093,0
48353,2008,545.5868089233754,45,8248,0
48355,2005,360.8091314473093,691,191514,0
48355,2006,391.0879355297464,759,194074,0
48355,2007,346.2192448732919,676,195252,0
48355,2008,381.3039377744425,752,197218,0
48357,2005,399.9238240335174,21,5251,0
48357,2006,336.637366747709,18,5347,0
48357,2007,254.68437329452428,14,5497,0
48357,2008,180.66847335140017,10,5535,0
48359,2005,304.1433082028481,3.2512919646884466,1069,1
48359,2006,322.2911227154047,3.4195088120104438,1061,1
48359,2007,300.98677944145993,3.1603611841353296,1050,1
48359,2008,318.29183382513844,3.370710520208216,1059,1
48361,2005,606.4856836372638,294,48476,0
48361,2006,592.3374222819695,282,47608,0
48361,2007,674.1055540435865,322,47767,0
48361,2008,588.9453092483143,283,48052,0
48363,2005,516.9962517771746,80,15474,0
48363,2006,569.0900952746339,89,15639,0
48363,2007,552.096039031906,86,15577,0
48363,2008,526.950669798743,83,15751,0
48365,2005,473.35471064284627,62,13098,0
48365,2006,569.7578529125122,76,13339,0
48365,2007,488.9056036103798,65,13295,0
48365,2008,411.4918449797995,55,13366,0
48367,2005,346.78280877639907,211,60845,0
48367,2006,367.9385923176959,232,63054,0
48367,2007,383.0713125555454,250,65262,0
48367,2008,343.57616682035876,231,67234,0
48369,2005,170.58377558756635,9,5276,1
48369,2006,228.3539486203616,12,5255,0
48369,2007,298.1736861721953,16,5366,0
48369,2008,338.02816901408454,18,5325,0
48371,2005,279.5398344264058,26,9301,0
48371,2006,340.96963239211505,32,9385,0
48371,2007,384.3279598590797,36,9367,0
48371,2008,368.4039440892838,34,9229,0
48373,2005,623.6299039987905,165,26458,0
48373,2006,740.9078942419798,197,26589,0
48373,2007,721.3164024344428,192,26618,0
48373,2008,717.6673931013752,191,26614,0
48375,2005,462.84983254035564,322,69569,0
48375,2006,479.31956534107076,337,70308,0
48375,2007,456.9600731136117,320,70028,0
48375,2008,504.87093792220725,355,70315,0
48377,2005,285.9370938393553,11,3847,0
48377,2006,262.19192448872576,10,3814,0
48377,2007,234.009360374415,9,3846,1
48377,2008,237.71790808240888,9,3786,1
48379,2005,481.80760923741485,29,6019,0
48379,2006,524.5041796426815,32,6101,0
48379,2007,630.8637981235846,39,6182,0
48379,2008,472.9288975864318,29,6132,0
48381,2005,295.49747151648086,194,65652,0
48381,2006,321.5145578800975,215,66871,0
48381,2007,293.5650540159699,200,68128,0
48381,2008,329.2813832719255,227,68938,0
48383,2005,304.14330820284806,5.304259295057671,1744,1
48383,2006,322.2911227154047,5.756119451697128,1786,1
48383,2007,300.98677944145993,5.541166609517278,1841,1
48383,2008,318.29183382513844,5.945691455853586,1868,1
48385,2005,601.684717208183,10,1662,0
48385,2006,763.3587786259542,13,1703,0
48385,2007,866.5511265164645,15,1731,0
48385,2008,318.29183382513844,5.420509930042107,1703,1
48387,2005,523.419675211381,39,7451,0
48387,2006,699.5884773662551,51,7290,0
48387,2007,648.8128106018773,47,7244,0
48387,2008,641.2937404154468,46,7173,0
48389,2005,384.92168834616405,29,7534,0
48389,2006,440.0724825265338,34,7726,0
48389,2007,324.79700187382883,26,8005,0
48389,2008,416.51353668994244,34,8163,0
48391,2005,505.5368319691863,21,4154,0
48391,2006,363.6363636363636,15,4125,0
48391,2007,648.5407832377151,26,4009,0
48391,2008,424.15169660678646,17,4008,0
48393,2005,304.1433082028481,1.5572137379985824,512,1
48393,2006,322.2911227154047,1.6050097911227155,498,1
48393,2007,300.98677944146,1.5410523107402752,512,1
48393,2008,318.29183382513844,1.6264712708464573,511,1
48395,2005,609.4120302448933,54,8861,0
48395,2006,548.4665323483322,49,8934,0
48395,2007,533.51117039013,48,8997,0
48395,2008,665.2622241933695,60,9019,0
48397,2005,277.1789344009855,99,35717,0
48397,2006,258.93452289391377,101,39006,0
48397,2007,216.70037561398442,90,41532,0
48397,2008,196.83671815297686,85,43183,0
48399,2005,507.43657042869637,29,5715,0
48399,2006,463.3755123863839,26,5611,0
48399,2007,376.3440860215054,21,5580,0
48399,2008,701.3127135407301,39,5561,0
48401,2005,432.88579255301164,128,29569,0
48401,2006,470.6818257151381,142,30169,0
48401,2007,449.80443285528037,138,30680,0
48401,2008,472.8283441423597,148,31301,0
48403,2005,687.7828054298643,38,5525,0
48403,2006,880.3449514911965,49,5566,0
48403,2007,671.9941881583727,37,5506,0
48403,2008,687.5339243712683,38,5527,0
48405,2005,586.8790609935024,28,4771,0
48405,2006,538.3022774327122,26,4830,0
48405,2007,522.0296512841929,25,4789,0
48405,2008,883.6524300441826,42,4753,0
48407,2005,580.7444724321299,83,14292,0
48407,2006,625.6150709967665,89,14226,0
48407,2007,621.1180124223602,90,14490,0
48407,2008,631.8681318681319,92,14560,0
48409,2005,377.81711537953447,143,37849,0
48409,2006,352.87301838099756,134,37974,0
48409,2007,513.1867841176626,194,37803,0
48409,2008,430.5849001096521,161,37391,0
48411,2005,278.2071097372488,9,3235,1
48411,2006,333.43437405274324,11,3299,0
48411,2007,475.90719809637125,16,3362,0
48411,2008,473.79330766952916,16,3377,0
48413,2005,304.1433082028481,5.112649010889877,1681,1
48413,2006,322.2911227154047,5.3919304830287205,1673,1
48413,2007,624.6450880181715,11,1761,0
48413,2008,318.2918338251384,5.586021683631179,1755,1
48415,2005,457.11797997387896,42,9188,0
48415,2006,396.0608006850781,37,9342,0
48415,2007,327.7302040384819,31,9459,0
48415,2008,347.44156664560956,33,9498,0
48417,2005,620.7674943566591,11,1772,0
48417,2006,322.2911227154047,5.736781984334204,1780,1
48417,2007,300.98677944145993,5.586314626433497,1856,1
48417,2008,318.29183382513844,5.821557640661782,1829,1
48419,2005,563.70600563706,78,13837,0
48419,2006,565.5862519034152,78,13791,0
48419,2007,462.127229402845,64,13849,0
48419,2008,664.0202093107181,92,13855,0
48421,2005,304.14330820284806,4.84500289967137,1593,1
48421,2006,322.2911227154047,5.108314295039165,1585,1
48421,2007,300.98677944145993,4.842877281213091,1609,1
48421,2008,318.2918338251384,5.1849739730115045,1629,1
48423,2005,338.6634691953539,370,109253,0
48423,2006,367.73587437927796,411,111765,0
48423,2007,355.0856150871932,405,114057,0
48423,2008,366.73759233310847,424,115614,0
48425,2005,497.74828158331354,21,4219,0
48425,2006,409.74277259276124,18,4393,0
48425,2007,376.3559884879345,17,4517,0
48425,2008,520.8333333333333,24,4608,0
48427,2005,322.01797933717967,96,29812,0
48427,2006,261.43358263286785,79,30218,0
48427,2007,339.9359351506831,104,30594,0
48427,2008,329.8622340081495,102,30922,0
48429,2005,396.3011889035667,21,5299,0
48429,2006,413.22314049586777,22,5324,0
48429,2007,505.1449953227315,27,5345,0
48429,2008,520.0594353640416,28,5384,0
48431,2005,304.1433082028481,2.116837425091823,696,1
48431,2006,322.2911227154047,2.0981152088772848,651,1
48431,2007,300.98677944145993,2.0316607612298547,675,1
48431,2008,318.29183382513844,2.196213653393455,690,1
48433,2005,304.14330820284806,2.1594174882402215,710,1
48433,2006,322.2911227154047,2.394623041775457,743,1
48433,2007,300.98677944145993,2.293519259343925,762,1
48433,2008,318.2918338251384,2.3903716720267894,751,1
48435,2005,304.1433082028481,7.36939235775501,2423,1
48435,2006,322.2911227154047,7.934807441253263,2462,1
48435,2007,300.98677944145993,7.593896445308035,2523,1
48435,2008,318.29183382513844,7.947747090613706,2497,1
48437,2005,261.9671350321505,11,4199,0
48437,2006,307.03826169107225,13,4234,0
48437,2007,520.7100591715977,22,4225,0
48437,2008,240.09603841536614,10,4165,0
48439,2005,302.9787303428154,2973,981257,0
48439,2006,301.7575094894013,3044,1008757,0
48439,2007,307.3506087571727,3180,1034649,0
48439,2008,316.9824333375332,3346,1055579,0
48441,2005,359.2781897802302,265,73759,0
48441,2006,372.2717987313192,277,74408,0
48441,2007,414.5327146544001,310,74783,0
48441,2008,431.1721494730118,324,75144,0
48443,2005,304.1433082028481,1.5724209034087249,517,1
48443,2006,0,0,504,0
48443,2007,300.98677944146,1.4928944260296415,496,1
48443,2008,318.29183382513844,1.5596299857431783,490,1
48445,2005,346.9210754553339,24,6918,0
48445,2006,328.90032890032893,23,6993,0
48445,2007,444.38073394495416,31,6976,0
48445,2008,372.01316354270995,26,6989,0
48447,2005,304.1433082028481,2.6186738836265224,861,1
48447,2006,322.29112271540464,2.8393847911227152,881,1
48447,2007,300.98677944146,2.5854764354021413,859,1
48447,2008,318.29183382513844,2.6959318324989225,847,1
48449,2005,393.27624484617826,62,15765,0
48449,2006,341.1064252046638,55,16124,0
48449,2007,418.7909686817188,69,16476,0
48449,2008,391.43585789692185,66,16861,0
48451,2005,362.72916769248445,221,60927,0
48451,2006,354.3459970228464,219,61804,0
48451,2007,366.8071688278259,228,62158,0
48451,2008,404.4070819003948,254,62808,0
48453,2005,216.77587443961403,1278,589549,0
48453,2006,228.26641881897083,1395,611128,0
48453,2007,228.52702359807157,1441,630560,0
48453,2008,224.55251990949805,1451,646174,0
48455,2005,769.6254489481786,60,7796,0
48455,2006,744.7354904982024,58,7788,0
48455,2007,779.9514128628053,61,7821,0
48455,2008,574.2725880551302,45,7836,0
48457,2005,483.68585013936706,59,12198,0
48457,2006,496.1366409109394,61,12295,0
48457,2007,587.3360688711883,73,12429,0
48457,2008,587.5813879625218,74,12594,0
48459,2005,564.6057015920029,122,21608,0
48459,2006,487.4908020603385,106,21744,0
48459,2007,579.1153670770634,127,21930,0
48459,2008,492.49954816555214,109,22132,0
48461,2005,304.1433082028481,5.164353373284361,1698,1
48461,2006,322.29112271540464,5.6787695822454305,1762,1
48461,2007,577.0340450086555,10,1733,0
48461,2008,318.29183382513844,5.8406551506912905,1835,1
48463,2005,353.68846542514797,49,13854,0
48463,2006,360.1786486097104,50,13882,0
48463,2007,331.3166234514549,46,13884,0
48463,2008,267.9994205417934,37,13806,0
48465,2005,303.52556619192154,78,25698,0
48465,2006,348.76961829102885,90,25805,0
48465,2007,315.43314356054776,82,25996,0
48465,2008,317.1206969013869,83,26173,0
48467,2005,576.0569772719339,165,28643,0
48467,2006,515.2678355292735,149,28917,0
48467,2007,489.7565013451059,142,28994,0
48467,2008,490.8186030547452,143,29135,0
48469,2005,446.4285714285714,216,48384,0
48469,2006,406.6718962883448,197,48442,0
48469,2007,393.1445420480373,192,48837,0
48469,2008,400.081649316187,196,48990,0
48471,2005,280.7843847651827,124,44162,0
48471,2006,363.88292462425136,161,44245,0
48471,2007,279.14725017446705,124,44421,0
48471,2008,311.7430698842738,139,44588,0
48473,2005,395.986140485083,88,22223,0
48473,2006,432.1178182459544,98,22679,0
48473,2007,342.3485107839781,80,23368,0
48473,2008,348.622311827957,83,23808,0
48475,2005,397.54246476328154,22,5534,0
48475,2006,735.1622736238121,41,5577,0
48475,2007,626.7908309455587,35,5584,0
48475,2008,658.578856152513,38,5770,0
48477,2005,434.3850022862369,76,17496,0
48477,2006,359.5707624023821,64,17799,0
48477,2007,473.2212448502394,85,17962,0
48477,2008,385.4201079176302,70,18162,0
48479,2005,256.9741088053653,305,118689,0
48479,2006,236.11202203712205,288,121976,0
48479,2007,271.985494106981,339,124639,0
48479,2008,258.2139419879344,330,127801,0
48481,2005,398.8603988603989,91,22815,0
48481,2006,388.7311640096091,89,22895,0
48481,2007,424.1364232619151,97,22870,0
48481,2008,375.7099169943206,86,22890,0
48483,2005,376.2227238525207,10,2658,0
48483,2006,402.6354319180088,11,2732,0
48483,2007,361.9254433586681,10,2763,0
48483,2008,428.72454448017146,12,2799,0
48485,2005,485.1456741177391,372,76678,0
48485,2006,457.37992166563595,355,77616,0
48485,2007,451.99642547239455,349,77213,0
48485,2008,445.711324177248,344,77180,0
48487,2005,458.35515976951285,35,7636,0
48487,2006,443.9221830526178,34,7659,0
48487,2007,419.39711664482303,32,7630,0
48487,2008,533.0490405117271,40,7504,0
48489,2005,305.13646380742495,36,11798,0
48489,2006,257.3895715709067,31,12044,0
48489,2007,278.8256519599803,34,12194,0
48489,2008,250.12102630304986,31,12394,0
48491,2005,174.59516673096516,353,202182,0
48491,2006,193.6445119171277,412,212761,0
48491,2007,187.6712389400116,424,225927,0
48491,2008,206.00649486871808,491,238342,0
48493,2005,359.40130112369775,79,21981,0
48493,2006,334.61013516488356,76,22713,0
48493,2007,361.7175198944636,85,23499,0
48493,2008,325.67918538978444,79,24257,0
48495,2005,527.0457697642164,19,3605,0
48495,2006,570.9624796084829,21,3678,0
48495,2007,453.33333333333337,17,3750,0
48495,2008,491.2099276111685,19,3868,0
48497,2005,421.6977125174443,139,32962,0
48497,2006,399.86869982990663,134,33511,0
48497,2007,412.76018633174124,140,33918,0
48497,2008,381.49043361775244,131,34339,0
48499,2005,463.21525885558583,102,22020,0
48499,2006,498.7087006857244,112,22458,0
48499,2007,518.6443709201467,116,22366,0
48499,2008,567.5470349019082,127,22377,0
48501,2005,431.25317097919833,17,3942,0
48501,2006,227.7327935222672,9,3952,1
48501,2007,223.2696601339618,9,4031,1
48501,2008,315.22793404461686,13,4124,0
48503,2005,364.01456058242326,35,9615,0
48503,2006,648.2325534285425,64,9873,0
48503,2007,515.4639175257732,51,9894,0
48503,2008,686.7993132006868,68,9901,0
48505,2005,403.7081339712919,27,6688,0
48505,2006,283.5397701835547,19,6701,0
48505,2007,278.14375640462595,19,6831,0
48505,2008,230.14959723820482,16,6952,0
48507,2005,434.2017368069473,26,5988,0
48507,2006,462.5805385759128,28,6053,0
48507,2007,508.697079094191,31,6094,0
48507,2008,378.2272652524256,23,6081,0
49001,2005,508.58232676414497,16,3146,0
49001,2006,344.5036016285625,11,3193,0
49001,2007,535.2644836272041,17,3176,0
49001,2008,399.0178023327195,13,3258,0
49003,2005,273.8905293790388,64,23367,0
49003,2006,259.7076194864491,62,23873,0
49003,2007,313.5945263500855,77,24554,0
49003,2008,241.68944886881414,61,25239,0
49005,2005,130.83753467194668,75,57323,0
49005,2006,147.68738923445807,85,57554,0
49005,2007,170.33743846560034,100,58707,0
49005,2008,152.49966847898156,92,60328,0
49007,2005,437.42188894840206,49,11202,0
49007,2006,387.56275874218267,44,11353,0
49007,2007,542.6356589147287,63,11610,0
49007,2008,436.53171274501415,51,11683,0
49009,2005,237.8635528165207,1.415288139258298,595,1
49009,2006,0,0,583,0
49009,2007,283.0274810554186,1.70382543595362,602,1
49009,2008,269.05829596412553,1.611659192825112,599,1
49011,2005,201.01380877468972,299,148746,0
49011,2006,205.4282463838778,316,153825,0
49011,2007,230.33332071232945,365,158466,0
49011,2008,230.61365430149962,374,162176,0
49013,2005,457.86412572701397,37,8081,0
49013,2006,518.3220829315333,43,8296,0
49013,2007,420.78926418742185,37,8793,0
49013,2008,414.7566033617114,38,9162,0
49015,2005,415.61257679797615,23,5534,0
49015,2006,327.15376226826606,18,5502,0
49015,2007,429.1078133381012,24,5593,0
49015,2008,441.61808867691224,25,5661,0
49017,2005,237.8635528165207,5.841928857173748,2456,1
49017,2006,189.69648562300318,4.7803514376996805,2520,1
49017,2007,283.0274810554186,7.375696156304209,2606,1
49017,2008,269.0582959641256,7.366816143497758,2738,1
49019,2005,286.64246130326774,15,5233,0
49019,2006,467.63935652824546,25,5346,0
49019,2007,444.19766796224326,24,5403,0
49019,2008,474.02005469462165,26,5485,0
49021,2005,238.06253719727144,52,21843,0
49021,2006,332.48413143918134,77,23159,0
49021,2007,342.43715025473983,82,23946,0
49021,2008,344.21997295414496,84,24403,0
49023,2005,338.75338753387535,15,4428,0
49023,2006,395.8654057620409,18,4547,0
49023,2007,356.9179088809574,17,4763,0
49023,2008,503.5246727089627,25,4965,0
49025,2005,320.6997084548105,11,3430,0
49025,2006,442.4778761061947,16,3616,0
49025,2007,512.8205128205128,19,3705,0
49025,2008,344.1885093989939,13,3777,0
49027,2005,249.95834027662056,15,6001,0
49027,2006,329.54358213873786,20,6069,0
49027,2007,246.1841457410143,15,6093,0
49027,2008,195.15368352577656,12,6149,0
49029,2005,214.8997134670487,9,4188,1
49029,2006,189.69648562300318,8.259384984025559,4354,1
49029,2007,198.63164864268373,9,4531,1
49029,2008,255.75447570332483,12,4692,0
49031,2005,237.8635528165207,1.655530327602984,696,1
49031,2006,189.6964856230032,1.3164936102236422,694,1
49031,2007,283.0274810554186,1.9500593444718342,689,1
49031,2008,269.0582959641256,1.9210762331838565,714,1
49033,2005,0,0,1071,0
49033,2006,189.69648562300318,2.018370607028754,1064,1
49033,2007,283.0274810554186,3.1161325664201587,1101,1
49033,2008,269.0582959641256,3.137219730941704,1166,1
49035,2005,251.3929365494149,1419,564455,0
49035,2006,267.41450115908555,1540,575885,0
49035,2007,271.265490215493,1589,585773,0
49035,2008,257.26677621831305,1528,593936,0
49037,2005,322.95948326482676,22,6812,0
49037,2006,452.4226503210741,31,6852,0
49037,2007,491.1591355599214,35,7126,0
49037,2008,230.6648575305292,17,7370,0
49039,2005,263.4309890636226,33,12527,0
49039,2006,297.03744235128585,38,12793,0
49039,2007,288.3593868568827,38,13178,0
49039,2008,326.74992738890506,45,13772,0
49041,2005,313.9876430669503,31,9873,0
49041,2006,467.4291397314768,47,10055,0
49041,2007,437.3177842565598,45,10290,0
49041,2008,363.18455509892,38,10463,0
49043,2005,167.25515703400853,36,21524,0
49043,2006,143.6648438224117,31,21578,0
49043,2007,234.4073171852737,51,21757,0
49043,2008,176.85470705604934,39,22052,0
49045,2005,281.38365723718766,75,26654,0
49045,2006,277.09802792572333,77,27788,0
49045,2007,354.06139355814514,103,29091,0
49045,2008,272.3076412180786,82,30113,0
49047,2005,341.5941058271936,51,14930,0
49047,2006,480.0614478653268,75,15623,0
49047,2007,360.28334147532973,59,16376,0
49047,2008,357.8762100322675,61,17045,0
49049,2005,195.66051408840957,459,234590,0
49049,2006,192.10008907204985,468,243623,0
49049,2007,184.02260064349056,469,254860,0
49049,2008,172.37721438421556,455,263956,0
49051,2005,204.74639367147512,22,10745,0
49051,2006,217.24018074383036,25,11508,0
49051,2007,201.46058927222361,24,11913,0
49051,2008,237.31587561374798,29,12220,0
49053,2005,262.0903794467723,157,59903,0
49053,2006,290.55690072639226,186,64015,0
49053,2007,241.09014675052413,161,66780,0
49053,2008,247.27700912569915,168,67940,0
49055,2005,237.8635528165207,3.125527084009082,1314,1
49055,2006,189.6964856230032,2.6253993610223643,1384,1
49055,2007,283.02748105541855,4.030311330229161,1424,1
49055,2008,269.0582959641256,3.9632286995515695,1473,1
49057,2005,307.2478772344351,368,119773,0
49057,2006,266.67764105518745,324,121495,0
49057,2007,288.952206178265,359,124242,0
49057,2008,292.875202185964,373,127358,0
50001,2005,216.84134441633537,48,22136,0
50001,2006,354.03782378775657,79,22314,0
50001,2007,231.83236736513598,52,22430,0
50001,2008,205.09162245307414,46,22429,0
50003,2005,280.4786836200449,60,21392,0
50003,2006,386.74805461068917,83,21461,0
50003,2007,297.90997532933017,64,21483,0
50003,2008,372.85607755406414,80,21456,0
50005,2005,307.1017274472169,56,18235,0
50005,2006,302.4247988335043,56,18517,0
50005,2007,339.00129143349113,63,18584,0
50005,2008,356.73747365007296,66,18501,0
50007,2005,202.81444038815562,195,96147,0
50007,2006,220.7756032641776,214,96931,0
50007,2007,212.07712640616353,207,97606,0
50007,2008,211.52614076657886,208,98333,0
50009,2005,394.1145559642669,15,3806,0
50009,2006,320.6841261357563,12,3742,0
50009,2007,475.9386567953464,18,3782,0
50009,2008,476.3164858428155,18,3779,0
50011,2005,256.2122701109083,73,28492,0
50011,2006,311.2105741660256,89,28598,0
50011,2007,306.8126351021547,88,28682,0
50011,2008,306.07631038920385,88,28751,0
50013,2005,283.47143480157,13,4586,0
50013,2006,241.01665205959682,11,4564,0
50013,2007,373.13432835820896,17,4556,0
50013,2008,370.28969723371813,17,4591,0
50015,2005,203.10067023221177,30,14771,0
50015,2006,222.05773501110286,33,14861,0
50015,2007,242.39159709130084,36,14852,0
50015,2008,362.4890917634423,54,14897,0
50017,2005,324.0661777247143,57,17589,0
50017,2006,327.03693261911474,58,17735,0
50017,2007,276.6017499294383,49,17715,0
50017,2008,322.5258869461891,57,17673,0
50019,2005,341.06412005457025,55,16126,0
50019,2006,328.19369620409935,53,16149,0
50019,2007,340.59945504087193,55,16148,0
50019,2008,361.70876208294357,58,16035,0
50021,2005,323.02965044515065,123,38077,0
50021,2006,399.9686299113795,153,38253,0
50021,2007,398.7512788897925,152,38119,0
50021,2008,324.79535252178505,123,37870,0
50023,2005,272.02002067352157,100,36762,0
50023,2006,260.38841271563416,96,36868,0
50023,2007,299.4582527972123,110,36733,0
50023,2008,270.44746762825764,99,36606,0
50025,2005,301.19375573921025,82,27225,0
50025,2006,309.9135887993583,85,27427,0
50025,2007,294.77055205793516,81,27479,0
50025,2008,397.6650857351331,109,27410,0
50027,2005,285.5741771713733,99,34667,0
50027,2006,343.04822854507194,119,34689,0
50027,2007,389.5541768864522,135,34655,0
50027,2008,336.7687617941646,116,34445,0
51001,2005,537.010159651669,111,20670,0
51001,2006,521.0381439244986,106,20344,0
51001,2007,544.0207626272709,109,20036,0
51001,2008,541.1752693112778,106,19587,0
51003,2005,243.0536375186433,132,54309,0
51003,2006,209.95962314939433,117,55725,0
51003,2007,228.95479473936425,129,56343,0
51003,2008,219.546618807827,126,57391,0
51005,2005,518.7798298402158,50,9638,0
51005,2006,659.8240469208212,63,9548,0
51005,2007,602.2823330515638,57,9464,0
51005,2008,656.4080490691919,61,9293,0
51007,2005,392.6518019913056,28,7131,0
51007,2006,493.4210526315789,36,7296,0
51007,2007,457.35808447672855,34,7434,0
51007,2008,467.78936113338676,35,7482,0
51009,2005,381.65915716936127,72,18865,0
51009,2006,485.7444561774023,92,18940,0
51009,2007,453.18016546345575,86,18977,0
51009,2008,429.88204456094365,82,19075,0
51011,2005,479.7047970479705,39,8130,0
51011,2006,302.4437454633438,25,8266,0
51011,2007,441.8438022450442,37,8374,0
51011,2008,362.488306828812,31,8552,0
51013,2005,179.86263716339215,248,137883,0
51013,2006,166.09265237742576,231,139079,0
51013,2007,169.93851187454166,241,141816,0
51013,2008,164.64970774676874,240,145764,0
51015,2005,352.11267605633805,150,42600,0
51015,2006,377.2290809327846,165,43740,0
51015,2007,339.0060343074107,150,44247,0
51015,2008,392.59041989124796,174,44321,0
51017,2005,481.26503953248533,14,2909,0
51017,2006,454.06915822563747,13,2863,0
51017,2007,217.5226586102719,6.210271903323263,2855,1
51017,2008,426.43923240938165,12,2814,0
51019,2005,332.04771270210216,130,39151,0
51019,2006,367.79423538831065,147,39968,0
51019,2007,329.6321998612075,133,40348,0
51019,2008,329.8611111111111,133,40320,0
51021,2005,600.4618937644342,26,4330,0
51021,2006,419.18956683744756,18,4294,0
51021,2007,528.3712382265104,23,4353,0
51021,2008,483.53672576559984,21,4343,0
51023,2005,377.9446026404349,73,19315,0
51023,2006,332.2768633064104,65,19562,0
51023,2007,295.9334659931629,58,19599,0
51023,2008,284.90028490028493,56,19656,0
51025,2005,448.8330341113106,50,11140,0
51025,2006,341.4502650732321,38,11129,0
51025,2007,556.6709253513415,61,10958,0
51025,2008,458.5473220836391,50,10904,0
51027,2005,714.8579527947248,116,16227,0
51027,2006,600.0375023438964,96,15999,0
51027,2007,588.6821116597038,93,15798,0
51027,2008,665.8047834518422,103,15470,0
51029,2005,401.6832440703902,42,10456,0
51029,2006,416.9035436801213,44,10554,0
51029,2007,503.96640223985065,54,10715,0
51029,2008,425.09934386840405,46,10821,0
51031,2005,284.36917438149703,90,31649,0
51031,2006,390.893739445869,125,31978,0
51031,2007,366.39135564801586,118,32206,0
51031,2008,442.12218649517683,143,32344,0
51033,2005,424.1917861045054,66,15559,0
51033,2006,519.941277220455,85,16348,0
51033,2007,440.34513537637605,74,16805,0
51033,2008,411.4742534681401,70,17012,0
51035,2005,486.07537027506146,85,17487,0
51035,2006,365.0467716176135,64,17532,0
51035,2007,423.3651810744322,74,17479,0
51035,2008,453.3195615998163,79,17427,0
51036,2005,619.8804516271862,28,4517,0
51036,2006,305.41012216404886,14,4584,0
51036,2007,305.1438535309503,14,4588,0
51036,2008,499.45711183496195,23,4605,0
51037,2005,594.059405940594,42,7070,0
51037,2006,631.4017118001964,45,7127,0
51037,2007,510.3487383045081,36,7054,0
51037,2008,552.3296983430108,39,7061,0
51041,2005,277.89184719323606,494,177767,0
51041,2006,284.8815909625279,521,182883,0
51041,2007,274.9495209863814,512,186216,0
51041,2008,282.8779386991853,534,188774,0
51043,2005,500.36612155235537,41,8194,0
51043,2006,240.21138601969736,20,8326,0
51043,2007,312.61272093302875,26,8317,0
51043,2008,191.61676646706587,16,8350,0
51045,2005,520.3252032520326,16,3075,0
51045,2006,519.8180636777128,16,3078,0
51045,2007,387.84744667097607,12,3094,0
51045,2008,458.5653455617425,14,3053,0
51047,2005,362.9764065335753,92,25346,0
51047,2006,372.5726328466055,99,26572,0
51047,2007,318.64630260410945,87,27303,0
51047,2008,330.3445021236432,91,27547,0
51049,2005,436.3636363636364,24,5500,0
51049,2006,338.1986472054112,19,5618,0
51049,2007,560.8131791097092,32,5706,0
51049,2008,487.21071863580994,28,5747,0
51051,2005,612.682528336567,60,9793,0
51051,2006,524.4215938303342,51,9725,0
51051,2007,815.61015899236,79,9686,0
51051,2008,591.1023540391993,57,9643,0
51053,2005,465.57824818424484,75,16109,0
51053,2006,507.8626935079239,83,16343,0
51053,2007,475.788966514093,79,16604,0
51053,2008,503.1074282332051,85,16895,0
51057,2005,478.6268361115695,29,6059,0
51057,2006,456.4721225953701,28,6134,0
51057,2007,383.4478351174309,24,6259,0
51057,2008,471.3275726630008,30,6365,0
51059,2005,170.38974363672173,1116,654969,0
51059,2006,168.43467130065434,1104,655447,0
51059,2007,165.3738630546915,1092,660322,0
51059,2008,166.28087112036224,1112,668748,0
51061,2005,362.67372600926535,137,37775,0
51061,2006,393.35208919454,151,38388,0
51061,2007,345.5083909180652,133,38494,0
51061,2008,302.7323535499896,117,38648,0
51063,2005,276.52955409609405,24,8679,0
51063,2006,387.0673952641166,34,8784,0
51063,2007,398.9968080255358,35,8772,0
51063,2008,371.41249296567247,33,8885,0
51065,2005,271.2048274459286,40,14749,0
51065,2006,289.6598181205793,43,14845,0
51065,2007,318.3234962530672,48,15079,0
51065,2008,355.91879778539413,54,15172,0
51067,2005,411.70794467674494,128,31090,0
51067,2006,363.349131121643,115,31650,0
51067,2007,362.1506175132324,117,32307,0
51067,2008,452.0712242826829,147,32517,0
51069,2005,266.46364674533686,112,42032,0
51069,2006,299.0086712514663,130,43477,0
51069,2007,295.2029520295203,132,44715,0
51069,2008,268.50955189717405,122,45436,0
51071,2005,496.4257347100874,50,10072,0
51071,2006,461.9164619164619,47,10175,0
51071,2007,514.5458143677024,52,10106,0
51071,2008,506.50511470851126,51,10069,0
51073,2005,409.85493898227037,89,21715,0
51073,2006,396.19290495924224,87,21959,0
51073,2007,388.2793805589417,86,22149,0
51073,2008,423.1756178814208,94,22213,0
51075,2005,402.80351244662853,50,12413,0
51075,2006,380.55296675986335,49,12876,0
51075,2007,249.4142544025395,33,13231,0
51075,2008,268.23634602488636,36,13421,0
51077,2005,643.2563534746388,61,9483,0
51077,2006,414.54081632653066,39,9408,0
51077,2007,472.40712905303843,44,9314,0
51077,2008,509.9273082347836,47,9217,0
51079,2005,355.46161975213755,37,10409,0
51079,2006,348.39924670433146,37,10620,0
51079,2007,361.7139677239844,39,10782,0
51079,2008,276.95716395864105,30,10832,0
51081,2005,422.14449402967074,35,8291,0
51081,2006,291.33284777858705,24,8238,0
51081,2007,529.16416115454,44,8315,0
51081,2008,381.77046051061797,32,8382,0
51083,2005,543.1647760046145,113,20804,0
51083,2006,574.6571373382268,119,20708,0
51083,2007,547.5602073944857,113,20637,0
51083,2008,579.2163543441227,119,20545,0
51085,2005,314.01008321267204,180,57323,0
51085,2006,293.5874323976307,171,58245,0
51085,2007,307.37704918032784,180,58560,0
51085,2008,294.0176750509857,173,58840,0
51087,2005,283.19572414343264,497,175497,0
51087,2006,295.20998000190457,527,178517,0
51087,2007,282.3257477779918,513,181705,0
51087,2008,277.51628367605684,510,183773,0
51089,2005,537.09604005462,177,32955,0
51089,2006,584.4374407147884,191,32681,0
51089,2007,508.27095462526574,165,32463,0
51089,2008,620.227520648278,199,32085,0
51091,2005,242.7637721755369,3.4982259570494865,1441,1
51091,2006,187.58085381630013,2.6842820181112548,1431,1
51091,2007,217.5226586102719,3.1149244712990938,1432,1
51091,2008,165.8069270449521,2.3146647015475312,1396,1
51093,2005,288.3447996762444,57,19768,0
51093,2006,443.815840811549,91,20504,0
51093,2007,322.6571767497034,68,21075,0
51093,2008,310.61746987951807,66,21248,0
51095,2005,250.49203793165148,84,33534,0
51095,2006,271.66142407778096,95,34970,0
51095,2007,261.96978986678556,94,35882,0
51095,2008,244.68699309927695,89,36373,0
51097,2005,638.6637189879636,26,4071,0
51097,2006,579.1505791505791,24,4144,0
51097,2007,576.2304921968787,24,4165,0
51097,2008,459.15901401643305,19,4138,0
51099,2005,427.69528728211753,53,12392,0
51099,2006,330.92196398337694,43,12994,0
51099,2007,303.50136945739877,41,13509,0
51099,2008,267.5923916974036,37,13827,0
51101,2005,494.0825002872573,43,8703,0
51101,2006,264.98840675720436,24,9057,0
51101,2007,364.9243318664806,34,9317,0
51101,2008,338.62433862433863,32,9450,0
51103,2005,552.3012552301255,33,5975,0
51103,2006,552.1164463777815,33,5977,0
51103,2007,470.35108348731734,28,5953,0
51103,2008,523.2067510548524,31,5925,0
51105,2005,672.747266964228,104,15459,0
51105,2006,547.5040257648953,85,15525,0
51105,2007,504.63110827211756,79,15655,0
51105,2008,447.02726866338844,70,15659,0
51107,2005,150.42589331043516,240,159547,0
51107,2006,140.6376776752712,234,166385,0
51107,2007,161.60683366039478,280,173260,0
51107,2008,132.171556458913,238,180069,0
51109,2005,408.1410535481062,75,18376,0
51109,2006,414.7417051658967,79,19048,0
51109,2007,433.4523202447731,85,19610,0
51109,2008,421.22154247317224,84,19942,0
51111,2005,541.357169835075,43,7943,0
51111,2006,414.62495288352807,33,7959,0
51111,2007,531.780197518359,42,7898,0
51111,2008,532.7920842318914,42,7883,0
51113,2005,312.4593151933342,24,7681,0
51113,2006,487.74226671800795,38,7791,0
51113,2007,368.347516829671,29,7873,0
51113,2008,335.8305347455438,26,7742,0
51115,2005,494.75559073817533,25,5053,0
51115,2006,315.58185404339247,16,5070,0
51115,2007,356.3650762225302,18,5051,0
51115,2008,240.625626629236,12,4987,0
51117,2005,574.9248378079013,109,18959,0
51117,2006,548.6100121327214,104,18957,0
51117,2007,558.4237698872615,106,18982,0
51117,2008,537.5494071146245,102,18975,0
51119,2005,574.8070290688127,35,6089,0
51119,2006,368.70791920487335,23,6238,0
51119,2007,479.38638542665393,30,6258,0
51119,2008,450.66795428939326,28,6213,0
51121,2005,222.87614702860824,128,57431,0
51121,2006,248.2451634994008,145,58410,0
51121,2007,227.36459175424412,135,59376,0
51121,2008,211.50451320654167,127,60046,0
51125,2005,618.8815123213683,55,8887,0
51125,2006,472.6004275908631,42,8887,0
51125,2007,512.2494432071269,46,8980,0
51125,2008,447.5274110539271,40,8938,0
51127,2005,342.23134839151265,35,10227,0
51127,2006,233.81967826412273,25,10692,0
51127,2007,244.47663889894966,27,11044,0
51127,2008,353.6380514543365,40,11311,0
51131,2005,573.1480154749964,40,6979,0
51131,2006,482.6802952867689,34,7044,0
51131,2007,643.3166547533953,45,6995,0
51131,2008,577.3672055427252,40,6928,0
51133,2005,492.61083743842363,33,6699,0
51133,2006,495.34674271990394,33,6662,0
51133,2007,530.1423810966373,35,6602,0
51133,2008,472.48894985520496,31,6561,0
51135,2005,536.0780529645117,50,9327,0
51135,2006,310.4592656032545,29,9341,0
51135,2007,360.4749787955895,34,9432,0
51135,2008,424.22314137236185,40,9429,0
51137,2005,454.2579495141165,79,17391,0
51137,2006,339.8936461816786,62,18241,0
51137,2007,332.8144291158946,62,18629,0
51137,2008,450.45045045045043,85,18870,0
51139,2005,434.10190720182186,61,14052,0
51139,2006,373.7131575236215,53,14182,0
51139,2007,308.36078211507464,44,14269,0
51139,2008,374.029640084686,53,14170,0
51141,2005,465.94982078853053,52,11160,0
51141,2006,397.25532683279164,44,11076,0
51141,2007,526.650322346318,58,11013,0
51141,2008,414.86125195906703,45,10847,0
51143,2005,427.71599657827204,160,37408,0
51143,2006,418.5773701610323,157,37508,0
51143,2007,413.2451743628026,155,37508,0
51143,2008,508.4341816063343,192,37763,0
51145,2005,297.4066143231026,50,16812,0
51145,2006,242.67637372161556,42,17307,0
51145,2007,282.4533087387595,49,17348,0
51145,2008,328.9473684210526,57,17328,0
51147,2005,545.5274769354191,68,12465,0
51147,2006,305.7145096809595,39,12757,0
51147,2007,533.0084519911674,70,13133,0
51147,2008,375.7459662565387,51,13573,0
51149,2005,234.58293860242705,52,22167,0
51149,2006,266.4498938716525,59,22143,0
51149,2007,262.1587416380401,58,22124,0
51149,2008,265.36930561698364,60,22610,0
51153,2005,219.31724398929404,481,219317,0
51153,2006,203.35264291543473,456,224241,0
51153,2007,225.0250635892811,514,228419,0
51153,2008,211.03601854009685,489,231714,0
51155,2005,465.8095770449041,100,21468,0
51155,2006,559.2841163310962,120,21456,0
51155,2007,553.8490179651866,119,21486,0
51155,2008,483.7952090183184,103,21290,0
51157,2005,490.6333630686887,22,4484,0
51157,2006,248.41915085817524,11,4428,0
51157,2007,224.46689113355782,10,4455,0
51157,2008,477.4897680763984,21,4398,0
51159,2005,595.133905128654,34,5713,0
51159,2006,504.4355540093929,29,5749,0
51159,2007,310.2378490175801,18,5802,0
51159,2008,363.00777873811586,21,5785,0
51161,2005,326.3819047799768,172,52699,0
51161,2006,319.7456993268512,171,53480,0
51161,2007,332.08415272160585,179,53902,0
51161,2008,318.6129223473622,172,53984,0
51163,2005,280.0902513031977,36,12853,0
51163,2006,386.1898509307175,50,12947,0
51163,2007,336.26289644631254,44,13085,0
51163,2008,344.74833371638704,45,13053,0
51165,2005,268.8363904551186,113,42033,0
51165,2006,321.54340836012864,137,42607,0
51165,2007,297.07336319539536,128,43087,0
51165,2008,262.73940399640463,114,43389,0
51167,2005,594.1602535083748,105,17672,0
51167,2006,642.191407137986,113,17596,0
51167,2007,464.51028153854867,82,17653,0
51167,2008,546.6347796378544,96,17562,0
51169,2005,427.9704047584506,59,13786,0
51169,2006,475.9844223279966,66,13866,0
51169,2007,599.7543175084905,83,13839,0
51169,2008,610.2877070619006,84,13764,0
51171,2005,364.24277000043884,83,22787,0
51171,2006,371.4932319911183,87,23419,0
51171,2007,312.01248049922,74,23717,0
51171,2008,350.5404164753996,84,23963,0
51173,2005,595.0516755402443,114,19158,0
51173,2006,520.6164098292378,100,19208,0
51173,2007,541.7346026402987,103,19013,0
51173,2008,491.4394419784401,93,18924,0
51175,2005,508.88230940044417,55,10808,0
51175,2006,373.0324811209171,41,10991,0
51175,2007,479.9301919720768,55,11460,0
51175,2008,488.14504881450483,56,11472,0
51177,2005,232.77467411545626,160,68736,0
51177,2006,281.28995595965335,198,70390,0
51177,2007,257.56146993005024,183,71051,0
51177,2008,294.3485086342229,210,71344,0
51179,2005,207.52124288398443,148,71318,0
51179,2006,230.7850813929528,168,72795,0
51179,2007,260.83332212915286,194,74377,0
51179,2008,223.08464016051536,169,75756,0
51181,2005,469.1358024691358,19,4050,0
51181,2006,263.915547024952,11,4168,0
51181,2007,450.3436833372837,19,4219,0
51181,2008,451.95052331113226,19,4204,0
51183,2005,519.7109899860566,41,7889,0
51183,2006,386.7265469061876,31,8016,0
51183,2007,448.2629809488233,36,8031,0
51183,2008,583.4885164494103,47,8055,0
51185,2005,615.5338357084236,165,26806,0
51185,2006,667.416572928384,178,26670,0
51185,2007,553.0057933940261,147,26582,0
51185,2008,670.4980842911878,182,27144,0
51187,2005,314.0085297839434,67,21337,0
51187,2006,324.21571761267637,71,21899,0
51187,2007,418.6360567184335,93,22215,0
51187,2008,445.3946196329948,100,22452,0
51191,2005,453.7737305139682,147,32395,0
51191,2006,429.85661211581566,140,32569,0
51191,2007,473.7177735264644,156,32931,0
51191,2008,488.6042912202968,161,32951,0
51193,2005,562.734472696957,54,9596,0
51193,2006,601.597344673789,58,9641,0
51193,2007,560.1385069762705,55,9819,0
51193,2008,544.9041372351161,54,9910,0
51195,2005,485.88616381304956,126,25932,0
51195,2006,561.1672278338945,145,25839,0
51195,2007,642.7133343658045,166,25828,0
51195,2008,495.35845229737106,127,25638,0
51197,2005,630.7674337110151,108,17122,0
51197,2006,399.90726787991184,69,17254,0
51197,2007,410.0017324016862,71,17317,0
51197,2008,524.2841504868353,91,17357,0
51199,2005,249.88037641554575,94,37618,0
51199,2006,244.19062623079955,93,38085,0
51199,2007,212.77147824281897,82,38539,0
51199,2008,238.94862604540023,92,38502,0
51510,2005,239.70037453183522,224,93450,0
51510,2006,224.41989068925898,209,93129,0
51510,2007,206.09357073046363,194,94132,0
51510,2008,233.99320798475938,226,96584,0
51515,2005,327.3809523809524,11,3360,0
51515,2006,478.61202512713135,16,3343,0
51515,2007,443.1314623338257,15,3385,0
51515,2008,507.6142131979695,17,3349,0
51520,2005,557.7133751618364,56,10041,0
51520,2006,454.007106198184,46,10132,0
51520,2007,565.9815311289842,57,10071,0
51520,2008,546.5566928351386,55,10063,0
51530,2005,653.5947712418301,25,3825,0
51530,2006,286.4583333333333,11,3840,0
51530,2007,368.90645586297757,14,3795,0
51530,2008,576.9735116706006,22,3813,0
51540,2005,248.1565513329552,70,28208,0
51540,2006,215.88495421149761,62,28719,0
51540,2007,266.12077789150464,78,29310,0
51540,2008,250.40064102564105,75,29952,0
51550,2005,313.8615770194717,407,129675,0
51550,2006,290.40375244220434,382,131541,0
51550,2007,315.41436045189175,416,131890,0
51550,2008,323.6075070907006,429,132568,0
51560,2005,NA,NA,NA,0
51560,2006,NA,NA,NA,0
51560,2007,NA,NA,NA,0
51560,2008,NA,NA,NA,0
51570,2005,317.9161111680853,31,9751,0
51570,2006,426.22285366348694,42,9854,0
51570,2007,476.8185046160089,47,9857,0
51570,2008,276.83789603199017,27,9753,0
51580,2005,461.22801960219084,16,3469,0
51580,2006,588.0623346074684,20,3401,0
51580,2007,579.3742757821553,20,3452,0
51580,2008,440.01173364623054,15,3409,0
51590,2005,651.2986500355254,165,25334,0
51590,2006,618.219527760051,155,25072,0
51590,2007,510.204081632653,127,24892,0
51590,2008,561.7977528089888,139,24742,0
51595,2005,808.3529808016167,24,2969,0
51595,2006,865.2246256239602,26,3005,0
51595,2007,589.1980360065467,18,3055,0
51595,2008,676.1107533805538,21,3106,0
51600,2005,291.65420281184566,39,13372,0
51600,2006,286.75890744856264,40,13949,0
51600,2007,298.1472279406545,42,14087,0
51600,2008,462.9954401964223,66,14255,0
51610,2005,295.90176061547567,20,6759,0
51610,2006,354.7671840354767,24,6765,0
51610,2007,234.77622890682318,16,6815,0
51610,2008,355.7705991176889,25,7027,0
51620,2005,629.0672451193059,29,4610,0
51620,2006,594.1014215998302,28,4713,0
51620,2007,723.1404958677687,35,4840,0
51620,2008,538.3022774327122,26,4830,0
51630,2005,365.2627655609393,49,13415,0
51630,2006,349.7751445499322,49,14009,0
51630,2007,354.9554565701559,51,14368,0
51630,2008,359.8343404168647,53,14729,0
51640,2005,318.5558800106185,12,3767,0
51640,2006,632.0779562812747,24,3797,0
51640,2007,549.738219895288,21,3820,0
51640,2008,498.2953055337005,19,3813,0
51650,2005,335.2882211289189,291,86791,0
51650,2006,365.46842214485,317,86738,0
51650,2007,359.02900027795795,310,86344,0
51650,2008,399.9485446316848,342,85511,0
51660,2005,201.1205286596753,56,27844,0
51660,2006,191.58422739306118,55,28708,0
51660,2007,143.2469304229195,42,29320,0
51660,2008,181.57974377080603,54,29739,0
51670,2005,549.7526113249038,70,12733,0
51670,2006,412.9977402010442,53,12833,0
51670,2007,564.5784996133024,73,12930,0
51670,2008,483.4625124702632,63,13031,0
51678,2005,229.94379151762902,9,3914,1
51678,2006,187.58085381630013,7.458214747736093,3976,1
51678,2007,217.5226586102719,8.674803625377644,3988,1
51678,2008,165.8069270449521,6.685335298452468,4032,1
51680,2005,336.0232161494794,132,39283,0
51680,2006,349.9583965542558,143,40862,0
51680,2007,364.09201598222097,154,42297,0
51680,2008,328.1643595017448,142,43271,0
51683,2005,262.4097966324076,60,22865,0
51683,2006,192.35070454037128,43,22355,0
51683,2007,257.18747129604117,56,21774,0
51683,2008,278.78449958182324,60,21522,0
51685,2005,167.24559372185772,13,7773,0
51685,2006,116.44455945141674,9,7729,1
51685,2007,242.84253578732108,19,7824,0
51685,2008,137.91374122367102,11,7976,0
51690,2005,669.1449814126395,54,8070,0
51690,2006,594.059405940594,48,8080,0
51690,2007,642.3173803526448,51,7940,0
51690,2008,671.0559635350721,53,7898,0
51700,2005,359.1373520803031,400,111378,0
51700,2006,379.2147392898667,424,111810,0
51700,2007,344.9948789822651,384,111306,0
51700,2008,335.43697220665086,371,110602,0
51710,2005,413.47310762931005,622,150433,0
51710,2006,417.1213461526044,646,154871,0
51710,2007,436.66705596864824,673,154122,0
51710,2008,387.24226804123714,601,155200,0
51720,2005,650.759219088937,15,2305,0
51720,2006,187.58085381630013,4.359379042690815,2324,1
51720,2007,424.8088360237893,10,2354,0
51720,2008,462.1848739495798,11,2380,0
51730,2005,820.7642701060598,154,18763,0
51730,2006,743.9779407939234,143,19221,0
51730,2007,672.748585698996,132,19621,0
51730,2008,642.0382165605096,126,19625,0
51735,2005,247.3446820893351,17,6873,0
51735,2006,375.01802971296695,26,6933,0
51735,2007,287.2737719046251,20,6962,0
51735,2008,286.20492272467084,20,6988,0
51740,2005,514.1743016374209,298,57957,0
51740,2006,500.1774278037817,296,59179,0
51740,2007,545.6374580114925,320,58647,0
51740,2008,456.9065860565313,263,57561,0
51750,2005,262.9528632645111,27,10268,0
51750,2006,191.04021396503964,20,10469,0
51750,2007,189.25056775170324,20,10568,0
51750,2008,265.27711984841307,28,10555,0
51760,2005,567.5195537013368,706,124401,0
51760,2006,543.9616288672893,685,125928,0
51760,2007,558.3538323376674,715,128055,0
51760,2008,491.2722415831248,640,130274,0
51770,2005,616.4108474339497,353,57267,0
51770,2006,541.4288185435046,313,57810,0
51770,2007,550.9500025745327,321,58263,0
51770,2008,534.4962161061526,315,58934,0
51775,2005,401.6064257028112,57,14193,0
51775,2006,384.3466107617051,55,14310,0
51775,2007,419.11148365465215,60,14316,0
51775,2008,443.0905566325118,64,14444,0
51790,2005,437.52689714531635,61,13942,0
51790,2006,430.8178358584045,60,13927,0
51790,2007,483.05746963131344,68,14077,0
51790,2008,341.4668848260653,48,14057,0
51800,2005,383.06755331740806,178,46467,0
51800,2006,363.9691354173166,175,48081,0
51800,2007,377.67606067448014,184,48719,0
51800,2008,400.49353749064505,198,49439,0
51810,2005,250.19494510124213,677,270589,0
51810,2006,255.45077716409324,697,272851,0
51810,2007,245.006069970202,666,271830,0
51810,2008,266.2520864414541,721,270796,0
51820,2005,441.35121371583773,52,11782,0
51820,2006,393.5030140656396,47,11944,0
51820,2007,438.1976023150062,53,12095,0
51820,2008,496.15480029769293,60,12093,0
51830,2005,305.4043287743992,23,7531,0
51830,2006,357.69034236075623,28,7828,0
51830,2007,273.9043824701195,22,8032,0
51830,2008,171.69487368162865,14,8154,0
51840,2005,316.5374677002584,49,15480,0
51840,2006,345.9764223475141,54,15608,0
51840,2007,352.5867042759151,55,15599,0
51840,2008,433.3694474539545,68,15691,0
53001,2005,323.4080517452883,29,8967,0
53001,2006,199.66722129783693,18,9015,0
53001,2007,283.07022318998366,26,9185,0
53001,2008,352.5641025641026,33,9360,0
53003,2005,353.594881293147,42,11878,0
53003,2006,391.4383276422087,47,12007,0
53003,2007,365.6003323639385,44,12035,0
53003,2008,395.6804880059352,48,12131,0
53005,2005,234.27294417394498,217,92627,0
53005,2006,313.7347281857995,293,93391,0
53005,2007,273.9812973384674,259,94532,0
53005,2008,274.8723439301598,267,97136,0
53007,2005,302.4632814702791,118,39013,0
53007,2006,291.4122089045435,115,39463,0
53007,2007,235.65393968261924,94,39889,0
53007,2008,280.80813101066076,113,40241,0
53009,2005,390.0764549851771,150,38454,0
53009,2006,414.2480885774925,162,39107,0
53009,2007,477.0362852068003,188,39410,0
53009,2008,442.2542330048017,175,39570,0
53011,2005,291.6239359524623,691,236949,0
53011,2006,280.8219746306175,677,241078,0
53011,2007,281.24565663502653,688,244626,0
53011,2008,285.1599840278142,707,247931,0
53013,2005,287.85261945883707,6.508347725964306,2261,1
53013,2006,540.297163439892,12,2221,0
53013,2007,294.81132075471703,6.506485849056604,2207,1
53013,2008,499.09255898366604,11,2204,0
53015,2005,471.22661716407254,264,56024,0
53015,2006,449.5903346757394,259,57608,0
53015,2007,424.86123483862127,248,58372,0
53015,2008,413.089672758181,243,58825,0
53017,2005,292.44266584577497,57,19491,0
53017,2006,278.2332190589755,56,20127,0
53017,2007,291.0502061605627,60,20615,0
53017,2008,262.2044241037376,55,20976,0
53019,2005,480.5491990846682,21,4370,0
53019,2006,517.7847816298964,23,4442,0
53019,2007,757.2280862781092,33,4358,0
53019,2008,503.0871255431054,22,4373,0
53021,2005,215.0474282684263,73,33946,0
53021,2006,232.51253606745667,83,35697,0
53021,2007,209.45782647224684,78,37239,0
53021,2008,238.95783550450938,93,38919,0
53023,2005,287.85261945883707,3.491652274035694,1213,1
53023,2006,415.3070305547315,5.025215069712251,1210,1
53023,2007,294.81132075471703,3.4935141509433962,1185,1
53023,2008,252.52525252525254,3,1188,1
53025,2005,315.47194141893294,137,43427,0
53025,2006,322.4569869438745,143,44347,0
53025,2007,338.855421686747,153,45152,0
53025,2008,316.1766287398103,147,46493,0
53027,2005,449.04428008836805,187,41644,0
53027,2006,418.25184905125354,177,42319,0
53027,2007,487.9994369237266,208,42623,0
53027,2008,514.5837718990481,220,42753,0
53029,2005,236.50407915292485,109,46088,0
53029,2006,293.96101821280223,138,46945,0
53029,2007,279.10172184293015,130,46578,0
53029,2008,251.51232627219707,116,46121,0
53031,2005,476.19047619047626,81,17010,0
53031,2006,408.9626173607511,71,17361,0
53031,2007,377.1176607101416,65,17236,0
53031,2008,427.44916820702406,74,17312,0
53033,2005,231.70711947201136,2717,1172601,0
53033,2006,238.83222685291838,2851,1193725,0
53033,2007,239.3972937697226,2898,1210540,0
53033,2008,233.9772798532776,2873,1227897,0
53035,2005,296.9632457133559,438,147493,0
53035,2006,266.2807907812665,403,151344,0
53035,2007,287.11052760703654,433,150813,0
53035,2008,294.39920269614595,449,152514,0
53037,2005,250.07417454329675,59,23593,0
53037,2006,279.8699427912911,68,24297,0
53037,2007,187.04509413247672,46,24593,0
53037,2008,266.5075576770088,67,25140,0
53039,2005,419.4181688381224,47,11206,0
53039,2006,341.0581547879318,39,11435,0
53039,2007,533.83847081109,62,11614,0
53039,2008,299.7858672376874,35,11675,0
53041,2005,445.81952835704544,183,41048,0
53041,2006,371.00866484752737,155,41778,0
53041,2007,392.7692598902139,166,42264,0
53041,2008,359.4671428235792,153,42563,0
53043,2005,500.98407586330296,28,5589,0
53043,2006,352.7959075674722,20,5669,0
53043,2007,386.91523039043267,22,5686,0
53043,2008,468.34345186470074,27,5765,0
53045,2005,437.9114990047466,143,32655,0
53045,2006,437.5591296121097,148,33824,0
53045,2007,434.0872743888508,152,35016,0
53045,2008,384.7341964110197,137,35609,0
53047,2005,423.9557300963942,95,22408,0
53047,2006,413.6090727151434,93,22485,0
53047,2007,373.4950347130679,85,22758,0
53047,2008,520.2462498916153,120,23066,0
53049,2005,523.9584213639821,62,11833,0
53049,2006,528.3018867924528,63,11925,0
53049,2007,576.2485385000836,69,11974,0
53049,2008,610.3763987792472,72,11796,0
53051,2005,463.0279219868107,33,7127,0
53051,2006,475.4142895952187,35,7362,0
53051,2007,511.0961667787492,38,7435,0
53051,2008,491.8250697859896,37,7523,0
53053,2005,316.93256586152216,1447,456564,0
53053,2006,331.096082029696,1548,467538,0
53053,2007,319.0210490510708,1510,473323,0
53053,2008,352.54352780357283,1697,481359,0
53055,2005,226.41509433962264,21,9275,0
53055,2006,374.6922171073761,35,9341,0
53055,2007,233.42175066312998,22,9425,0
53055,2008,293.778197460917,28,9531,0
53057,2005,322.35459004905397,207,64215,0
53057,2006,357.11560473101866,234,65525,0
53057,2007,299.1478817912613,198,66188,0
53057,2008,359.71759929549086,241,66997,0
53059,2005,407.77917189460476,26,6376,0
53059,2006,383.4944009817457,25,6519,0
53059,2007,270.8396027685826,18,6646,0
53059,2008,372.91169451073984,25,6704,0
53061,2005,272.708768126427,1112,407761,0
53061,2006,250.3131897631689,1049,419075,0
53061,2007,260.9253748760138,1118,428475,0
53061,2008,254.03037799077129,1106,435381,0
53063,2005,315.9652966039386,838,265219,0
53063,2006,313.7257807030865,847,269981,0
53063,2007,318.0585358414936,876,275421,0
53063,2008,352.947072257501,986,279362,0
53065,2005,421.8341348181895,100,23706,0
53065,2006,468.84076010289607,113,24102,0
53065,2007,412.85153695225637,101,24464,0
53065,2008,414.9377593360996,102,24582,0
53067,2005,302.0760604722076,424,140362,0
53067,2006,295.3542513638417,425,143895,0
53067,2007,303.78574250412083,446,146814,0
53067,2008,283.4873592521776,427,150624,0
53069,2005,712.2507122507122,15,2106,0
53069,2006,415.30703055473157,8.974784930287749,2161,1
53069,2007,686.1848124428179,15,2186,0
53069,2008,820.4193254329991,18,2194,0
53071,2005,327.2871868595724,107,32693,0
53071,2006,298.862492757159,98,32791,0
53071,2007,333.53547604608855,110,32980,0
53071,2008,360.4253018561903,120,33294,0
53073,2005,246.63932060487855,282,114337,0
53073,2006,242.73093747319666,283,116590,0
53073,2007,281.375464059534,335,119058,0
53073,2008,259.34891073457493,315,121458,0
53075,2005,167.26573899427027,47,28099,0
53075,2006,138.72585636538255,39,28113,0
53075,2007,168.6824821447798,47,27863,0
53075,2008,123.35671236739154,35,28373,0
53077,2005,376.9833379727204,474,125735,0
53077,2006,327.4069526755287,416,127059,0
53077,2007,353.1172536364062,453,128286,0
53077,2008,345.8684927699589,448,129529,0
54001,2005,567.5733561790533,53,9338,0
54001,2006,486.51507139079854,46,9455,0
54001,2007,505.84887764780274,48,9489,0
54001,2008,504.30762765286823,48,9518,0
54003,2005,395.59197513421867,224,56624,0
54003,2006,413.439308796976,245,59259,0
54003,2007,425.1965918605224,259,60913,0
54003,2008,430.51517244702893,268,62251,0
54005,2005,585.8993555107089,90,15361,0
54005,2006,718.3339923553447,109,15174,0
54005,2007,613.5374059902362,93,15158,0
54005,2008,801.4425966740133,120,14973,0
54007,2005,458.5052728106373,40,8724,0
54007,2006,541.100621690076,47,8686,0
54007,2007,368.2817355276787,32,8689,0
54007,2008,519.9306759098787,45,8655,0
54009,2005,296.7768652080889,43,14489,0
54009,2006,404.18118466898954,58,14350,0
54009,2007,541.3766434648105,77,14223,0
54009,2008,430.638898693964,61,14165,0
54011,2005,511.9217020095096,295,57626,0
54011,2006,489.76342522887353,283,57783,0
54011,2007,602.648892265718,349,57911,0
54011,2008,555.1436994638209,322,58003,0
54013,2005,487.8048780487805,22,4510,0
54013,2006,329.5254833040422,15,4552,0
54013,2007,569.6757230499561,26,4564,0
54013,2008,548.7269534679543,25,4556,0
54015,2005,567.8884873515747,33,5811,0
54015,2006,645.1612903225806,37,5735,0
54015,2007,563.6779989431037,32,5677,0
54015,2008,679.6637453049543,38,5591,0
54017,2005,388.60103626943004,18,4632,0
54017,2006,297.6823304273868,14,4703,0
54017,2007,270.94622759483116,13,4798,0
54017,2008,475.2066115702479,23,4840,0
54019,2005,560.3649556377744,156,27839,0
54019,2006,559.7818286206401,156,27868,0
54019,2007,621.8324287408792,173,27821,0
54019,2008,597.6382488479263,166,27776,0
54021,2005,451.6002356175142,23,5093,0
54021,2006,590.1389682086427,31,5253,0
54021,2007,368.45983787767136,20,5428,0
54021,2008,196.39350116050707,11,5601,0
54023,2005,302.5936599423631,21,6940,0
54023,2006,427.96005706134093,30,7010,0
54023,2007,327.355536578423,23,7026,0
54023,2008,427.7769855981748,30,7013,0
54025,2005,498.3549448422682,103,20668,0
54025,2006,511.2129250060285,106,20735,0
54025,2007,529.9672383888997,110,20756,0
54025,2008,480.88482808367394,100,20795,0
54027,2005,458.612134425983,61,13301,0
54027,2006,357.4294259245751,49,13709,0
54027,2007,442.952061155962,62,13997,0
54027,2008,441.752760954756,62,14035,0
54029,2005,540.4236921746649,100,18504,0
54029,2006,396.22231871471996,73,18424,0
54029,2007,510.84866794836586,93,18205,0
54029,2008,461.99538004619956,84,18182,0
54031,2005,334.73840813290354,27,8066,0
54031,2006,394.91546340861413,32,8103,0
54031,2007,426.5171825493542,35,8206,0
54031,2008,441.2305429586959,36,8159,0
54033,2005,462.1003204889319,186,40251,0
54033,2006,505.57620817843866,204,40350,0
54033,2007,525.9110416511622,212,40311,0
54033,2008,430.87529237966265,175,40615,0
54035,2005,428.33011583011586,71,16576,0
54035,2006,472.68593310596543,79,16713,0
54035,2007,436.02914824991035,73,16742,0
54035,2008,359.02345619913837,60,16712,0
54037,2005,356.91860272976635,108,30259,0
54037,2006,338.2514013272341,105,31042,0
54037,2007,448.6571879936809,142,31650,0
54037,2008,412.5386755008282,132,31997,0
54039,2005,503.90311395042966,590,117086,0
54039,2006,575.6988177153937,671,116554,0
54039,2007,521.2679024558083,606,116255,0
54039,2008,559.6821558127483,648,115780,0
54041,2005,549.8981670061099,54,9820,0
54041,2006,605.5008210180624,59,9744,0
54041,2007,463.58298135366226,45,9707,0
54041,2008,535.6958895642321,52,9707,0
54043,2005,582.9160750317615,78,13381,0
54043,2006,511.85547610086564,68,13285,0
54043,2007,578.5627283800244,76,13136,0
54043,2008,665.3410828999694,87,13076,0
54045,2005,742.6612761469503,169,22756,0
54045,2006,741.9114096316782,169,22779,0
54045,2007,812.4368714593122,185,22771,0
54045,2008,747.8444483547422,170,22732,0
54047,2005,882.7238335435057,126,14274,0
54047,2006,930.0674476393326,131,14085,0
54047,2007,1024.4571098766323,142,13861,0
54047,2008,1013.4149897929426,139,13716,0
54049,2005,420.63184272545567,141,33521,0
54049,2006,410.55543985957814,138,33613,0
54049,2007,503.1669922453087,170,33786,0
54049,2008,444.4842193186564,149,33522,0
54051,2005,416.9976171564733,84,20144,0
54051,2006,460.7371794871795,92,19968,0
54051,2007,463.8265691958659,92,19835,0
54051,2008,436.6590505204366,86,19695,0
54053,2005,487.28009112770536,77,15802,0
54053,2006,522.2096388574305,83,15894,0
54053,2007,496.63670082353684,79,15907,0
54053,2008,511.8282254540915,82,16021,0
54055,2005,524.5091308526706,191,36415,0
54055,2006,621.4596051256668,226,36366,0
54055,2007,653.5409286871516,238,36417,0
54055,2008,644.0603324892656,234,36332,0
54057,2005,444.97367761343696,71,15956,0
54057,2006,438.4042086804033,70,15967,0
54057,2007,397.9109674210396,64,16084,0
54057,2008,370.0962250185048,60,16212,0
54059,2005,642.9719592784426,108,16797,0
54059,2006,842.1932863457174,141,16742,0
54059,2007,706.4830206601757,119,16844,0
54059,2008,767.7082708570742,128,16673,0
54061,2005,249.99137960759975,145,58002,0
54061,2006,235.4854558083589,139,59027,0
54061,2007,265.32723692554146,159,59926,0
54061,2008,246.52806311118414,150,60845,0
54063,2005,562.0848237097598,44,7828,0
54063,2006,463.67851622874804,36,7764,0
54063,2007,541.0976552434939,42,7762,0
54063,2008,496.9418960244648,39,7848,0
54065,2005,509.0612909794339,50,9822,0
54065,2006,454.5454545454545,46,10120,0
54065,2007,407.4505238649592,42,10308,0
54065,2008,510.0567799056877,53,10391,0
54067,2005,452.48868778280547,71,15691,0
54067,2006,509.0677696468342,80,15715,0
54067,2007,608.0389144905274,95,15624,0
54067,2008,555.5196692720109,86,15481,0
54069,2005,382.6432999158185,100,26134,0
54069,2006,440.66367781737364,115,26097,0
54069,2007,488.7246979142616,127,25986,0
54069,2008,371.28712871287127,96,25856,0
54071,2005,288.82470562097313,13,4501,0
54071,2006,378.1979977753059,17,4495,0
54071,2007,474.6835443037975,21,4424,0
54071,2008,451.97740112994353,20,4425,0
54073,2005,428.54081851296337,20,4667,0
54073,2006,319.3527783691718,15,4697,0
54073,2007,449.00577293136627,21,4677,0
54073,2008,341.51547491995734,16,4685,0
54075,2005,569.9577128148557,31,5439,0
54075,2006,552.5879535826119,30,5429,0
54075,2007,446.1795872838818,24,5379,0
54075,2008,544.9079293498685,29,5322,0
54077,2005,308.70549495781023,60,19436,0
54077,2006,400.2601691099215,80,19987,0
54077,2007,388.5691800698441,79,20331,0
54077,2008,397.80720904283703,82,20613,0
54079,2005,354.7075191878421,116,32703,0
54079,2006,334.102782164986,110,32924,0
54079,2007,375.2004599231444,124,33049,0
54079,2008,449.661999034283,149,33136,0
54081,2005,505.6390195180823,243,48058,0
54081,2006,477.9419404442782,230,48123,0
54081,2007,515.8820959790319,248,48073,0
54081,2008,543.2397985833977,260,47861,0
54083,2005,416.33397969658944,73,17534,0
54083,2006,413.87912461730355,73,17638,0
54083,2007,465.2218313854533,82,17626,0
54083,2008,443.1062887007896,78,17603,0
54085,2005,367.06032556654964,23,6266,0
54085,2006,349.15092842405966,22,6301,0
54085,2007,431.10330512533926,27,6263,0
54085,2008,498.39228295819936,31,6220,0
54087,2005,609.5569826929357,56,9187,0
54087,2006,565.4632448890821,52,9196,0
54087,2007,720.2216066481994,65,9025,0
54087,2008,515.926424405563,46,8916,0
54089,2005,466.0918200885575,40,8582,0
54089,2006,410.55718475073314,35,8525,0
54089,2007,624.190319161465,53,8491,0
54089,2008,662.0125180548869,55,8308,0
54091,2005,353.03611055073634,35,9914,0
54091,2006,369.4827241861394,37,10014,0
54091,2007,447.4495376354777,45,10057,0
54091,2008,514.9024655906526,52,10099,0
54093,2005,502.0320344250538,21,4183,0
54093,2006,459.0480792461948,19,4139,0
54093,2007,363.5482307319438,15,4126,0
54093,2008,388.25527784518323,16,4121,0
54095,2005,503.5065635677036,28,5561,0
54095,2006,435.9673024523161,24,5505,0
54095,2007,457.12196013896505,25,5469,0
54095,2008,423.18307267709287,23,5435,0
54097,2005,393.16605904639357,55,13989,0
54097,2006,384.204909284952,54,14055,0
54097,2007,447.9203697120512,63,14065,0
54097,2008,369.2132916785004,52,14084,0
54099,2005,604.277025701393,154,25485,0
54099,2006,454.1146738271995,115,25324,0
54099,2007,480.55919615552637,121,25179,0
54099,2008,485.8041651734162,122,25113,0
54101,2005,462.38662635603777,26,5623,0
54101,2006,501.25313283208015,28,5586,0
54101,2007,654.1886243866982,36,5503,0
54101,2008,515.4639175257732,28,5432,0
54103,2005,387.28088055442316,38,9812,0
54103,2006,453.2344458178822,44,9708,0
54103,2007,468.6523640908144,45,9602,0
54103,2008,368.30474586972537,35,9503,0
54105,2005,516.3511187607573,18,3486,0
54105,2006,517.9856115107914,18,3475,0
54105,2007,229.0294875465216,8,3493,1
54105,2008,605.7109893279493,21,3467,0
54107,2005,374.35838061055154,194,51822,0
54107,2006,407.9729572211213,210,51474,0
54107,2007,418.793096731466,215,51338,0
54107,2008,447.064795111571,229,51223,0
54109,2005,591.0479479346527,89,15058,0
54109,2006,698.1271396925556,104,14897,0
54109,2007,698.6366411178186,103,14743,0
54109,2008,698.0086224594539,102,14613,0
55001,2005,438.03759158967824,55,12556,0
55001,2006,398.9467804994814,50,12533,0
55001,2007,393.4162986752308,49,12455,0
55001,2008,413.022351797862,51,12348,0
55003,2005,532.9922183136126,50,9381,0
55003,2006,341.9899540450999,32,9357,0
55003,2007,474.29125794976824,44,9277,0
55003,2008,376.18228718830613,35,9304,0
55005,2005,306.4815165159484,81,26429,0
55005,2006,316.01519882622927,84,26581,0
55005,2007,301.23884474903036,80,26557,0
55005,2008,271.99576895470517,72,26471,0
55007,2005,358.382797625714,32,8929,0
55007,2006,290.1461890414016,26,8961,0
55007,2007,442.13551453520506,40,9047,0
55007,2008,368.6738911853424,33,8951,0
55009,2005,224.76898742958625,324,144148,0
55009,2006,220.08707194783938,320,145397,0
55009,2007,272.2866633992267,400,146904,0
55009,2008,232.19761845124864,343,147719,0
55011,2005,226.38661803546725,18,7951,0
55011,2006,265.3190145293746,21,7915,0
55011,2007,315.2187618207036,25,7931,0
55011,2008,227.8481012658228,18,7900,0
55013,2005,399.4230555863752,36,9013,0
55013,2006,403.09035942223716,36,8931,0
55013,2007,427.494656316796,38,8889,0
55013,2008,342.6613363792119,30,8755,0
55015,2005,149.21570768278923,41,27477,0
55015,2006,222.98949791396922,62,27804,0
55015,2007,199.61502815997721,56,28054,0
55015,2008,218.35599070226104,62,28394,0
55017,2005,316.81375876895225,112,35352,0
55017,2006,262.2621505496345,94,35842,0
55017,2007,266.7033269177894,97,36370,0
55017,2008,222.9169498436863,82,36785,0
55019,2005,315.9470095892689,57,18041,0
55019,2006,309.59752321981426,56,18088,0
55019,2007,248.75621890547262,45,18090,0
55019,2008,341.2030157943977,62,18171,0
55021,2005,275.2654345261502,91,33059,0
55021,2006,295.53120988686226,99,33499,0
55021,2007,316.4369787661915,107,33814,0
55021,2008,331.43939393939394,112,33792,0
55023,2005,302.42986755657523,29,9589,0
55023,2006,321.91069574247143,31,9630,0
55023,2007,414.12154467336165,40,9659,0
55023,2008,404.5643153526971,39,9640,0
55025,2005,216.72804494502836,645,297608,0
55025,2006,212.92448300412275,643,301985,0
55025,2007,211.33017154653183,647,306156,0
55025,2008,206.9444220245686,641,309745,0
55027,2005,262.05154308768357,139,53043,0
55027,2006,291.7402211279383,157,53815,0
55027,2007,305.2559524910736,165,54053,0
55027,2008,278.49502028771667,151,54220,0
55029,2005,258.0486606045711,42,16276,0
55029,2006,233.6879650697989,38,16261,0
55029,2007,266.5509546243491,43,16132,0
55029,2008,416.071539464696,67,16103,0
55031,2005,344.37581882837355,92,26715,0
55031,2006,332.72271860630303,89,26749,0
55031,2007,377.6124425169178,101,26747,0
55031,2008,355.1136363636364,95,26752,0
55033,2005,202.24019912881147,52,25712,0
55033,2006,236.9034427419663,62,26171,0
55033,2007,200.96310620710574,53,26373,0
55033,2008,256.9043031470777,68,26469,0
55035,2005,234.47063082943984,136,58003,0
55035,2006,248.30354257725472,146,58799,0
55035,2007,277.46481241697074,165,59467,0
55035,2008,227.55412776494995,136,59766,0
55037,2005,495.75070821529744,14,2824,0
55037,2006,423.13117066290556,12,2836,0
55037,2007,355.49235691432636,10,2813,0
55037,2008,481.3032210292484,13,2701,0
55039,2005,310.7658157602664,182,58565,0
55039,2006,299.6191282268303,177,59075,0
55039,2007,271.6844435500101,162,59628,0
55039,2008,298.20411155166096,179,60026,0
55041,2005,379.36267071320185,20,5272,0
55041,2006,457.14285714285717,24,5250,0
55041,2007,343.9709535639213,18,5233,0
55041,2008,286.5329512893983,15,5235,0
55043,2005,268.67650650755434,77,28659,0
55043,2006,229.97316979685704,66,28699,0
55043,2007,331.12582781456956,96,28992,0
55043,2008,281.0143934201508,82,29180,0
55045,2005,331.77205308352853,68,20496,0
55045,2006,286.77946659019216,60,20922,0
55045,2007,269.21078732347803,57,21173,0
55045,2008,224.37245828074603,48,21393,0
55047,2005,286.66543369705937,31,10814,0
55047,2006,313.3929394414232,34,10849,0
55047,2007,296.43353404353866,32,10795,0
55047,2008,326.4925373134328,35,10720,0
55049,2005,267.051605918441,37,13855,0
55049,2006,264.002854084909,37,14015,0
55049,2007,269.7714042311515,38,14086,0
55049,2008,240.2826855123675,34,14150,0
55051,2005,420.6393718452047,15,3566,0
55051,2006,482.26950354609926,17,3525,0
55051,2007,372.17291726309764,13,3493,0
55051,2008,350.87719298245617,12,3420,0
55053,2005,434.6343957729674,51,11734,0
55053,2006,330.3964757709251,39,11804,0
55053,2007,368.2316511841995,44,11949,0
55053,2008,383.65304420350293,46,11990,0
55055,2005,270.12878232645795,129,47755,0
55055,2006,272.98107744804054,132,48355,0
55055,2007,280.2151725266409,137,48891,0
55055,2008,316.9314534151396,156,49222,0
55057,2005,382.4711525995073,59,15426,0
55057,2006,356.25675933583557,56,15719,0
55057,2007,381.049155341039,60,15746,0
55057,2008,461.8791521670358,73,15805,0
55059,2005,342.7970557308097,326,95100,0
55059,2006,319.1334539179609,307,96198,0
55059,2007,355.06247041146077,345,97166,0
55059,2008,326.54060838597104,320,97997,0
55061,2005,237.34847842671866,28,11797,0
55061,2006,176.2040610840745,21,11918,0
55061,2007,310.27253668763103,37,11925,0
55061,2008,244.1899629504884,29,11876,0
55063,2005,219.83316770560424,146,66414,0
55063,2006,271.55262451135445,182,67022,0
55063,2007,243.07601649970536,165,67880,0
55063,2008,218.96531589396238,150,68504,0
55065,2005,300.94582975064486,28,9304,0
55065,2006,287.7544495363956,27,9383,0
55065,2007,321.7848332081948,30,9323,0
55065,2008,254.39898240407038,24,9434,0
55067,2005,359.0507049654085,41,11419,0
55067,2006,386.03263730479034,44,11398,0
55067,2007,297.41077676696995,34,11432,0
55067,2008,351.8029903254178,40,11370,0
55069,2005,319.18666509043624,54,16918,0
55069,2006,326.3513914436599,55,16853,0
55069,2007,405.19604337981167,68,16782,0
55069,2008,360.1656762110571,60,16659,0
55071,2005,253.36767872978336,120,47362,0
55071,2006,265.1124623897995,126,47527,0
55071,2007,308.9143865842895,147,47586,0
55071,2008,290.34905005365147,138,47529,0
55073,2005,251.92903778935568,191,75815,0
55073,2006,219.46056851974495,169,77007,0
55073,2007,269.11141727721053,209,77663,0
55073,2008,282.7931259517076,221,78149,0
55075,2005,394.21279362757053,97,24606,0
55075,2006,453.44989582907795,111,24479,0
55075,2007,364.3061809250921,89,24430,0
55075,2008,359.08865775136206,87,24228,0
55077,2005,443.53462981917437,39,8793,0
55077,2006,508.646998982706,45,8847,0
55077,2007,455.21793558666207,40,8787,0
55077,2008,416.7605316512728,37,8878,0
55078,2005,956.2841530054645,21,2196,0
55078,2006,363.6363636363636,8,2200,1
55078,2007,545.2067242162653,12,2201,0
55078,2008,968.1881051175658,21,2169,0
55079,2005,382.6574314345326,2122,554543,0
55079,2006,365.9793907180861,2034,555769,0
55079,2007,388.7061943889392,2169,558005,0
55079,2008,378.48399599231266,2123,560922,0
55081,2005,341.3109630726211,83,24318,0
55081,2006,318.9728267452659,79,24767,0
55081,2007,355.020144401452,89,25069,0
55081,2008,367.55987668958977,93,25302,0
55083,2005,343.5028248587571,76,22125,0
55083,2006,251.33521834747094,56,22281,0
55083,2007,308.669589335242,69,22354,0
55083,2008,321.75894892076684,72,22377,0
55085,2005,354.27932127540555,76,21452,0
55085,2006,303.1575019821837,65,21441,0
55085,2007,416.4132316474056,89,21373,0
55085,2008,396.8066512352969,84,21169,0
55087,2005,247.88510722014558,252,101660,0
55087,2006,221.02661044059911,228,103155,0
55087,2007,221.68480451430875,231,104202,0
55087,2008,236.7978089070212,249,105153,0
55089,2005,224.63346637517802,112,49859,0
55089,2006,220.17173395248295,110,49961,0
55089,2007,222.9698791582887,112,50231,0
55089,2008,226.13214845377183,114,50413,0
55091,2005,212.0640904806786,9,4244,1
55091,2006,307.4739829706717,13,4228,0
55091,2007,233.9728591483388,10,4274,0
55091,2008,210.52631578947367,9,4275,1
55093,2005,185.65888274610114,45,24238,0
55093,2006,177.9071648067281,44,24732,0
55093,2007,252.38362310712284,63,24962,0
55093,2008,249.6235834852207,63,25238,0
55095,2005,301.854247520483,77,25509,0
55095,2006,329.15117719950433,85,25824,0
55095,2007,340.8474707568363,88,25818,0
55095,2008,363.9320144024159,94,25829,0
55097,2005,243.92577004017602,102,41816,0
55097,2006,210.91546792426004,89,42197,0
55097,2007,253.53302971970513,108,42598,0
55097,2008,221.18742724097788,95,42950,0
55099,2005,361.9381202568593,31,8565,0
55099,2006,317.19924812030075,27,8512,0
55099,2007,383.00418910831837,32,8355,0
55099,2008,385.2172866257373,32,8307,0
55101,2005,325.62229555011885,374,114857,0
55101,2006,346.24839860115645,400,115524,0
55101,2007,284.01243093922653,329,115840,0
55101,2008,333.58330531923144,387,116013,0
55103,2005,334.1194968553459,34,10176,0
55103,2006,293.91594004114825,30,10207,0
55103,2007,362.88740682620636,37,10196,0
55103,2008,325.09112402718944,33,10151,0
55105,2005,330.5785123966942,304,91960,0
55105,2006,362.9919991408473,338,93115,0
55105,2007,298.29757313617284,280,93866,0
55105,2008,339.7568614959919,320,94185,0
55107,2005,480.59593896431574,40,8323,0
55107,2006,387.5499576117234,32,8257,0
55107,2007,437.5303840544483,36,8228,0
55107,2008,475.78382335000606,39,8197,0
55109,2005,235.4887983706721,111,47136,0
55109,2006,188.7566680344686,92,48740,0
55109,2007,202.6972786385165,101,49828,0
55109,2008,199.41163695235838,101,50649,0
55111,2005,300.9956008335263,104,34552,0
55111,2006,319.33396059647026,112,35073,0
55111,2007,314.7128245476003,112,35588,0
55111,2008,313.0280617191612,113,36099,0
55113,2005,450.0261643118786,43,9555,0
55113,2006,418.4538131603724,40,9559,0
55113,2007,480.7692307692308,46,9568,0
55113,2008,378.98726181703336,36,9499,0
55115,2005,268.8516195109461,63,23433,0
55115,2006,343.40950523593506,81,23587,0
55115,2007,329.5588980902485,78,23668,0
55115,2008,362.930452397029,86,23696,0
55117,2005,294.0959136924555,199,67665,0
55117,2006,285.16830809936795,194,68030,0
55117,2007,298.6516755237384,204,68307,0
55117,2008,288.31096606126243,197,68329,0
55119,2005,260.71087164334756,30,11507,0
55119,2006,267.51812219537453,31,11588,0
55119,2007,223.34850957821496,26,11641,0
55119,2008,282.55843822245055,33,11679,0
55121,2005,395.6967973290466,64,16174,0
55121,2006,281.1564085324858,46,16361,0
55121,2007,389.8160555487879,64,16418,0
55121,2008,285.43665735454874,47,16466,0
55123,2005,361.99669757398703,57,15746,0
55123,2006,340.6510219530659,54,15852,0
55123,2007,300.43187081429556,48,15977,0
55123,2008,336.1135316818125,54,16066,0
55125,2005,541.9164134986453,66,12179,0
55125,2006,402.06777713957496,49,12187,0
55125,2007,429.6455424274973,52,12103,0
55125,2008,386.5546218487395,46,11900,0
55127,2005,310.4495645315568,185,59591,0
55127,2006,290.72168354284014,176,60539,0
55127,2007,271.3235656849687,165,60813,0
55127,2008,246.05895572579192,150,60961,0
55129,2005,465.015680761328,43,9247,0
55129,2006,398.44927848373896,37,9286,0
55129,2007,303.32575018957857,28,9231,0
55129,2008,405.4350208196362,37,9126,0
55131,2005,232.97372427030245,176,75545,0
55131,2006,231.2727842891302,177,76533,0
55131,2007,234.46960913143178,182,77622,0
55131,2008,213.18967498148953,167,78334,0
55133,2005,236.00809170600135,532,225416,0
55133,2006,225.06520271313897,510,226601,0
55133,2007,226.81980281099223,519,228816,0
55133,2008,233.1935332300785,536,229852,0
55135,2005,332.3039742212674,99,29792,0
55135,2006,353.00386306114297,106,30028,0
55135,2007,392.848819788927,118,30037,0
55135,2008,333.40001333600054,100,29994,0
55137,2005,339.6546844041891,48,14132,0
55137,2006,300.9939801203976,43,14286,0
55137,2007,342.08321697849766,49,14324,0
55137,2008,423.43467999444675,61,14406,0
55139,2005,248.38801249036862,245,98636,0
55139,2006,253.94212528480662,253,99629,0
55139,2007,274.26118409285135,276,100634,0
55139,2008,248.71202700302007,252,101322,0
55141,2005,259.33129573029544,112,43188,0
55141,2006,245.48402037980546,106,43180,0
55141,2007,291.65316420536084,126,43202,0
55141,2008,287.26977875593656,124,43165,0
56001,2005,212.98309446687668,48,22537,0
56001,2006,214.79922847624056,49,22812,0
56001,2007,189.24390458586393,43,22722,0
56001,2008,228.86259607910873,53,23158,0
56003,2005,386.5546218487395,23,5950,0
56003,2006,433.18893702099297,26,6002,0
56003,2007,508.697079094191,31,6094,0
56003,2008,505.37985001630256,31,6134,0
56005,2005,264.20633256447894,63,23845,0
56005,2006,284.77458687630354,71,24932,0
56005,2007,314.79936281574754,83,26366,0
56005,2008,360.0558453964288,98,27218,0
56007,2005,445.24541503233326,42,9433,0
56007,2006,350.20694046482015,33,9423,0
56007,2007,412.0313143798929,40,9708,0
56007,2008,586.8423761968495,57,9713,0
56009,2005,214.5347278090641,16,7458,0
56009,2006,237.12290870768012,18,7591,0
56009,2007,323.12265736073414,25,7737,0
56009,2008,261.9433703380317,21,8017,0
56011,2005,360.7103218645949,13,3604,0
56011,2006,352.39902412577936,13,3689,0
56011,2007,256.6735112936345,10,3896,0
56011,2008,326.8795574553684,13,3977,0
56013,2005,514.3207662907564,109,21193,0
56013,2006,572.9599852139359,124,21642,0
56013,2007,574.8947535195329,127,22091,0
56013,2008,556.2972852692478,125,22470,0
56015,2005,285.38812785388126,20,7008,0
56015,2006,169.419737399407,12,7083,0
56015,2007,250.69637883008357,18,7180,0
56015,2008,330.3964757709251,24,7264,0
56017,2005,656.624179219776,17,2589,0
56017,2006,539.7070161912105,14,2594,0
56017,2007,426.0263361735089,11,2582,0
56017,2008,383.7298541826554,10,2606,0
56019,2005,431.7200636219041,19,4401,0
56019,2006,354.84586382789973,16,4509,0
56019,2007,277.06734867860183,13,4692,0
56019,2008,329.15038058012755,16,4861,0
56021,2005,358.18265399938707,187,52208,0
56021,2006,391.06778508274766,207,52932,0
56021,2007,380.3848820432102,203,53367,0
56021,2008,339.4231660947788,183,53915,0
56023,2005,308.9825645552858,28,9062,0
56023,2006,211.4611968703743,20,9458,0
56023,2007,356.56071719641403,35,9816,0
56023,2008,374.31048069345945,38,10152,0
56025,2005,400.6582242255133,168,41931,0
56025,2006,412.6999015147962,176,42646,0
56025,2007,402.3776863283036,176,43740,0
56025,2008,375.15444232281254,167,44515,0
56027,2005,446.09665427509293,6,1345,1
56027,2006,955.1800146950771,13,1361,0
56027,2007,350.38542396636296,5,1427,1
56027,2008,420.7573632538569,6,1426,1
56029,2005,384.9608623123316,60,15586,0
56029,2006,341.4695839129885,54,15814,0
56029,2007,343.943468200863,55,15991,0
56029,2008,352.8974739970282,57,16152,0
56031,2005,446.51918002841484,22,4927,0
56031,2006,363.6363636363636,18,4950,0
56031,2007,386.9653767820774,19,4910,0
56031,2008,389.42406230784997,19,4879,0
56033,2005,413.2741179373304,67,16212,0
56033,2006,400.4611370669256,66,16481,0
56033,2007,412.80287167215073,69,16715,0
56033,2008,387.93863516134724,66,17013,0
56035,2005,251.25628140703517,12,4776,0
56035,2006,272.3735408560311,14,5140,0
56035,2007,193.69607325233318,11,5679,0
56035,2008,245.61978057966266,15,6107,0
56037,2005,321.7046166701483,77,23935,0
56037,2006,363.2254419242877,90,24778,0
56037,2007,406.28385698808233,105,25844,0
56037,2008,304.02067340579157,80,26314,0
56039,2005,228.6367533581023,32,13996,0
56039,2006,155.03875968992247,22,14190,0
56039,2007,96.85230024213075,14,14455,0
56039,2008,162.49153689911984,24,14770,0
56041,2005,367.26128016789085,42,11436,0
56041,2006,421.36039212314046,49,11629,0
56041,2007,520.7895842083158,62,11905,0
56041,2008,411.79377367814203,50,12142,0
56043,2005,488.34628190899,22,4505,0
56043,2006,335.4203935599284,15,4472,0
56043,2007,305.81039755351685,14,4578,0
56043,2008,304.61270670147957,14,4596,0
56045,2005,381.87372708757636,15,3928,0
56045,2006,572.2816621050013,23,4019,0
56045,2007,352.11267605633805,15,4260,0
56045,2008,320.5128205128205,14,4368,0
