"est_sol1","est_sol2","est_sol3","true_att_weighted","config","N1","gamma","hhi","sim"
0.764936016802156,0.763846866177148,0.765160843583536,1,1,5,0,0.3,1
0.825223839806945,0.779134964822743,0.826320359839212,1,1,5,0,0.3,2
0.599137735528806,0.594557202694204,0.598208614746765,1,1,5,0,0.3,3
0.863275811015577,0.858481516173386,0.87012938105997,1,1,5,0,0.3,4
1.22731462717289,1.22378651237033,1.22325529898078,1,1,5,0,0.3,5
1.33652957878891,1.33713323585497,1.33458046881949,1,1,5,0,0.3,6
1.26283405943857,1.26175590734332,1.26056372488591,1,1,5,0,0.3,7
1.31627659466845,1.31168762677957,1.31538293850304,1,1,5,0,0.3,8
0.94293609519414,0.95503644643872,0.941591880253813,1,1,5,0,0.3,9
1.15509851736134,1.14976449248002,1.15360697836732,1,1,5,0,0.3,10
1.07456383357587,1.0783692092317,1.07132140586057,1,1,5,0,0.3,11
1.04595021029825,1.03430707248475,1.04489635264705,1,1,5,0,0.3,12
1.14091472752903,1.14291073929365,1.14340534080689,1,1,5,0,0.3,13
1.14055088823255,1.14962005642699,1.13933381523612,1,1,5,0,0.3,14
1.13931094272044,1.15403265518681,1.14105008787195,1,1,5,0,0.3,15
0.755948127271211,0.744024521317448,0.755731987725175,1,1,5,0,0.3,16
1.10265681172339,1.08785451517399,1.10245288709001,1,1,5,0,0.3,17
1.05348768441334,1.06459232711466,1.04932084083169,1,1,5,0,0.3,18
1.09732453574509,1.09469427609676,1.09994571601818,1,1,5,0,0.3,19
0.912912990942496,0.922050087001659,0.91301353743071,1,1,5,0,0.3,20
0.441077721831514,0.440585434499871,0.445576089955146,1,1,5,0,0.3,21
0.80626839972677,0.801648797268277,0.814381560656279,1,1,5,0,0.3,22
0.971536397306292,0.969931497015075,0.97047649816971,1,1,5,0,0.3,23
0.998740166608314,0.997639867316235,0.998909142010508,1,1,5,0,0.3,24
1.04362754302993,1.03735917575417,1.05345331693546,1,1,5,0,0.3,25
1.03563562214746,1.02758947669462,1.03606873769982,1,1,5,0,0.3,26
1.01184217176602,1.0130385152941,1.01075805349345,1,1,5,0,0.3,27
0.732174788346581,0.74967344459501,0.733552622282126,1,1,5,0,0.3,28
1.25289584195875,1.26280998753442,1.24632513066181,1,1,5,0,0.3,29
1.07634623127557,1.06871465498645,1.07676011141058,1,1,5,0,0.3,30
1.01230604011142,1.00957113385499,1.01237078887584,1,1,5,0,0.3,31
0.919127576845781,0.929646987519777,0.914448430956892,1,1,5,0,0.3,32
1.07521600205479,1.07766780877767,1.07775881108617,1,1,5,0,0.3,33
1.03515821843944,1.0293641693149,1.0320569745871,1,1,5,0,0.3,34
0.819590593238222,0.829647975227341,0.817983418905364,1,1,5,0,0.3,35
0.719222251320717,0.720476185961284,0.718204029816894,1,1,5,0,0.3,36
1.01240856685145,1.04298978057232,1.01474081863659,1,1,5,0,0.3,37
1.06080790956203,1.06105028412624,1.05267338580602,1,1,5,0,0.3,38
1.2709594514098,1.25187803872434,1.2764538801354,1,1,5,0,0.3,39
0.889490082977406,0.906378752458226,0.887459804600074,1,1,5,0,0.3,40
1.17820713443348,1.17130598495424,1.17308587471547,1,1,5,0,0.3,41
0.78887751445107,0.796712802989466,0.78675040082428,1,1,5,0,0.3,42
1.21185053692254,1.19600262684389,1.19849680618654,1,1,5,0,0.3,43
0.995313509041196,0.993871421107637,0.990636057382242,1,1,5,0,0.3,44
1.08797702911552,1.08296885318122,1.08654452334594,1,1,5,0,0.3,45
0.997926163722805,0.99809543476053,0.999727587684542,1,1,5,0,0.3,46
1.30466734950279,1.30021892796602,1.30450736617845,1,1,5,0,0.3,47
1.23161714202298,1.23147632515468,1.23142022865342,1,1,5,0,0.3,48
0.882018424869013,0.876189045297281,0.880860538285153,1,1,5,0,0.3,49
1.4240367313646,1.41630993260719,1.4271644841326,1,1,5,0,0.3,50
1.26476481445241,1.25166986942149,1.26969746323606,1,1,5,0,0.3,51
0.85741068191811,0.872035891431782,0.84156410357036,1,1,5,0,0.3,52
1.00344315487662,0.998699149887895,1.02198919287569,1,1,5,0,0.3,53
0.999178343793047,1.02616377798043,0.972778539837968,1,1,5,0,0.3,54
1.90211643964242,1.89774300989541,1.91210414646621,1,1,5,0,0.3,55
1.17835075889134,1.15837021793493,1.17868595858091,1,1,5,0,0.3,56
1.00687451607833,1.00522349532996,1.00770808718343,1,1,5,0,0.3,57
0.682362643060898,0.6849027271422,0.685734933280384,1,1,5,0,0.3,58
0.923004280908284,0.924262969910415,0.918455745255773,1,1,5,0,0.3,59
1.11556835925521,1.10963319211114,1.11272863834437,1,1,5,0,0.3,60
1.22641317178167,1.22749715712951,1.21486344283423,1,1,5,0,0.3,61
0.808103198699708,0.813517179820784,0.810381711722982,1,1,5,0,0.3,62
1.0784720543313,1.0763182511603,1.07936511945881,1,1,5,0,0.3,63
1.08585567376313,1.07177881032337,1.10878451733435,1,1,5,0,0.3,64
1.06387453813475,1.06250104314165,1.06074861627369,1,1,5,0,0.3,65
0.974354934584791,0.983054264193557,0.972795389901242,1,1,5,0,0.3,66
0.545297916956637,0.543422187380488,0.547399100114521,1,1,5,0,0.3,67
1.0099180196639,1.01157339452899,1.00955067876312,1,1,5,0,0.3,68
0.758167069990144,0.755553774041224,0.762491032006536,1,1,5,0,0.3,69
0.945136077738083,0.939893410633295,0.953774431505896,1,1,5,0,0.3,70
1.37296629321019,1.3698469677126,1.3737056998818,1,1,5,0,0.3,71
0.767107416130205,0.770279027988343,0.764065225996632,1,1,5,0,0.3,72
1.30845945905863,1.31027326065808,1.30924757568488,1,1,5,0,0.3,73
0.712627574076093,0.715814343582388,0.715777382627096,1,1,5,0,0.3,74
1.00105915655183,0.998033384271945,1.00020995031935,1,1,5,0,0.3,75
1.30622007269062,1.29185450850322,1.30630651787761,1,1,5,0,0.3,76
0.928005740229673,0.923325784902004,0.935221273573681,1,1,5,0,0.3,77
0.94771207460284,0.932805124336467,0.940875460712814,1,1,5,0,0.3,78
1.08989453863599,1.10937518954163,1.09139254263708,1,1,5,0,0.3,79
1.30195124210943,1.29732865377817,1.30076754115776,1,1,5,0,0.3,80
0.615267244422272,0.610922608282372,0.605931428837234,1,1,5,0,0.3,81
0.754186723731467,0.748506925127118,0.755319994428804,1,1,5,0,0.3,82
1.20587452747021,1.20240313558498,1.20596107307317,1,1,5,0,0.3,83
0.944458845177475,0.947257178544493,0.943300076668643,1,1,5,0,0.3,84
0.615390446871965,0.615542453395743,0.615298271018654,1,1,5,0,0.3,85
0.882272266094625,0.897194559034038,0.881815220171133,1,1,5,0,0.3,86
0.974481625624619,0.971122314964251,0.975067394812563,1,1,5,0,0.3,87
1.31709284648243,1.30997145651205,1.30907511886478,1,1,5,0,0.3,88
0.822959158558287,0.818858430293948,0.824492455812219,1,1,5,0,0.3,89
1.14608967175972,1.15047431233931,1.14202514382415,1,1,5,0,0.3,90
0.951693147491952,0.939938512055616,0.972380721774938,1,1,5,0,0.3,91
0.781597718586865,0.7766044301083,0.785113310804883,1,1,5,0,0.3,92
1.12556490934738,1.13638802868666,1.13056755986956,1,1,5,0,0.3,93
1.01653638245423,1.00456849109217,1.01470747408308,1,1,5,0,0.3,94
0.760137856907605,0.724878066539465,0.764956072547484,1,1,5,0,0.3,95
0.757592257897147,0.736289125651838,0.756857775773322,1,1,5,0,0.3,96
0.838595507218799,0.823460684762713,0.838702654172091,1,1,5,0,0.3,97
1.41536786448538,1.41085534005902,1.41337359766405,1,1,5,0,0.3,98
0.717848368002935,0.714361312735255,0.719930415871924,1,1,5,0,0.3,99
0.792670032125657,0.788331232545971,0.794981663093624,1,1,5,0,0.3,100
0.993406484078547,0.990838048747096,0.990966446171652,1,1,5,0,0.3,101
0.81845970599403,0.81820620162251,0.82197663522281,1,1,5,0,0.3,102
0.664556306770026,0.66626860869919,0.66977046246479,1,1,5,0,0.3,103
1.139763777233,1.14384246923437,1.1430090164917,1,1,5,0,0.3,104
0.884353428277984,0.888246252060933,0.872142633912509,1,1,5,0,0.3,105
0.564864991812827,0.569493855330151,0.562565351914155,1,1,5,0,0.3,106
0.996897509367651,1.00185480308358,0.995662301034259,1,1,5,0,0.3,107
1.42838179270581,1.42964584704894,1.4290703433443,1,1,5,0,0.3,108
1.24992452445613,1.26186441017834,1.25026022807893,1,1,5,0,0.3,109
0.968389926925788,0.971489028763232,0.96557750391399,1,1,5,0,0.3,110
1.01858539286459,1.02156335492393,1.02616874608325,1,1,5,0,0.3,111
1.37237230847851,1.37574211829935,1.3635981494269,1,1,5,0,0.3,112
0.992126868518624,0.996677055280948,0.98902608958976,1,1,5,0,0.3,113
1.19217638525934,1.19870171977922,1.18971477570119,1,1,5,0,0.3,114
1.20782681457999,1.2037733693636,1.20638785036653,1,1,5,0,0.3,115
0.527163244761216,0.511668040629468,0.529142512152243,1,1,5,0,0.3,116
0.926408769203718,0.919733365777373,0.926587851033939,1,1,5,0,0.3,117
0.979839714576884,0.980555502696843,0.976599473535518,1,1,5,0,0.3,118
1.3425959112877,1.34145068210051,1.34031323081654,1,1,5,0,0.3,119
0.69508728168533,0.69116086404983,0.697748102632681,1,1,5,0,0.3,120
0.574717473360132,0.575545255634558,0.577772086746542,1,1,5,0,0.3,121
0.822529504007521,0.838219848552574,0.82268861479946,1,1,5,0,0.3,122
0.747308015945405,0.745109201178616,0.744981409722217,1,1,5,0,0.3,123
0.99804148237857,0.992345008734992,0.998972168677105,1,1,5,0,0.3,124
0.868913250506834,0.867861568915208,0.870371573482875,1,1,5,0,0.3,125
0.887856396673738,0.889493144608927,0.898211140520744,1,1,5,0,0.3,126
0.874734081744238,0.877002153576613,0.874777175980859,1,1,5,0,0.3,127
1.35695006444039,1.35456626659062,1.35418674410187,1,1,5,0,0.3,128
1.16037299771598,1.16347404993408,1.15740370175486,1,1,5,0,0.3,129
1.24633477006572,1.239250994988,1.24461104327452,1,1,5,0,0.3,130
1.15314729592748,1.15766522019426,1.15153668585156,1,1,5,0,0.3,131
1.15061702690229,1.15631805342255,1.12827506387907,1,1,5,0,0.3,132
0.915471264547601,0.925635007725566,0.917716342018008,1,1,5,0,0.3,133
1.09684155776648,1.09444380852897,1.10554898569548,1,1,5,0,0.3,134
1.28844096385049,1.27975058600702,1.28348521349209,1,1,5,0,0.3,135
0.926024856459205,0.923190301402244,0.926371658578153,1,1,5,0,0.3,136
1.01907761518842,1.01280120860249,1.01812440537879,1,1,5,0,0.3,137
0.879265590717393,0.875186801544616,0.869499276948708,1,1,5,0,0.3,138
1.20270967487905,1.1990869226037,1.20203663304511,1,1,5,0,0.3,139
0.930094307782434,0.912918669516058,0.925700322978036,1,1,5,0,0.3,140
0.920765673444798,0.914972570843219,0.932067179533751,1,1,5,0,0.3,141
0.755537125059784,0.763323408819908,0.758350131347251,1,1,5,0,0.3,142
1.17698445401431,1.17689534169145,1.17729410241269,1,1,5,0,0.3,143
1.05175941288108,1.0502179029631,1.04870671844988,1,1,5,0,0.3,144
1.17102221681062,1.16795441323343,1.16786303185545,1,1,5,0,0.3,145
0.897317215032585,0.895807522880836,0.896605745891976,1,1,5,0,0.3,146
0.708217826929306,0.729355946355358,0.717263541937277,1,1,5,0,0.3,147
1.31903807045116,1.3252945914,1.31781100124363,1,1,5,0,0.3,148
0.969266072944589,0.972561321917828,0.970283920321755,1,1,5,0,0.3,149
0.992067023983838,0.984934156599227,0.991947775036505,1,1,5,0,0.3,150
1.01065703253124,1.01583894289904,1.01097342884008,1,1,5,0,0.3,151
1.21939521223493,1.22609210540528,1.2179159222919,1,1,5,0,0.3,152
0.886717601821369,0.887590394888519,0.884206086938538,1,1,5,0,0.3,153
0.899862745047018,0.889067577114775,0.898767317490857,1,1,5,0,0.3,154
0.851640478123582,0.869441664345298,0.852395139394487,1,1,5,0,0.3,155
0.980957342321528,0.981991028191713,0.986483065225691,1,1,5,0,0.3,156
0.920069075749302,0.936130138852019,0.918976311945921,1,1,5,0,0.3,157
1.24823699966042,1.24986279661495,1.2456933677726,1,1,5,0,0.3,158
0.940634050373467,0.933048629293412,0.946495372406477,1,1,5,0,0.3,159
1.13847190433845,1.13026584440578,1.13839731003459,1,1,5,0,0.3,160
1.07111749555813,1.07864067371896,1.0726173208636,1,1,5,0,0.3,161
1.09714835004474,1.09549872792834,1.09531177495766,1,1,5,0,0.3,162
0.907041985906395,0.90590871245546,0.904130357935113,1,1,5,0,0.3,163
1.21517275419219,1.21073435684721,1.21639723602954,1,1,5,0,0.3,164
0.496923868515031,0.491864922862425,0.500076157454395,1,1,5,0,0.3,165
0.981961270010825,0.976219293505535,0.979130371092759,1,1,5,0,0.3,166
0.985148604958622,0.990873987485868,0.985610096717952,1,1,5,0,0.3,167
1.12244848935326,1.12813824778929,1.13705911690931,1,1,5,0,0.3,168
1.17873626871428,1.17451447046301,1.17917298063997,1,1,5,0,0.3,169
1.4215967146253,1.43546355279679,1.43249212107608,1,1,5,0,0.3,170
1.09069594289441,1.09868162665257,1.08208364964723,1,1,5,0,0.3,171
1.07376597468784,1.05673393272872,1.08099815844595,1,1,5,0,0.3,172
1.02225995473063,1.03602053439606,1.01856363131027,1,1,5,0,0.3,173
0.67261791728198,0.675945226316118,0.673907234886977,1,1,5,0,0.3,174
1.23279258173066,1.2321230081633,1.24881396532458,1,1,5,0,0.3,175
0.97473283189733,0.978046520784317,0.982230970828655,1,1,5,0,0.3,176
1.02989171834597,1.02558385982118,1.02628886843748,1,1,5,0,0.3,177
0.882721752618726,0.877192994026696,0.881613492163897,1,1,5,0,0.3,178
0.851821192767393,0.849014250938414,0.849700304326086,1,1,5,0,0.3,179
1.11123013682073,1.1071077082093,1.11380678510986,1,1,5,0,0.3,180
0.31788746989349,0.339637278648403,0.37497054416334,1,1,5,0,0.3,181
0.940360821311346,0.940776653475936,0.943805896860614,1,1,5,0,0.3,182
1.10787730649743,1.10811987097487,1.11213151089614,1,1,5,0,0.3,183
0.843532984630597,0.844419016028948,0.840704615970251,1,1,5,0,0.3,184
1.00438092105168,1.01194410272288,0.997791063567183,1,1,5,0,0.3,185
0.698459888986243,0.698570567137888,0.697859215385406,1,1,5,0,0.3,186
0.809471403119273,0.814048353371399,0.793408959581913,1,1,5,0,0.3,187
0.459907649017655,0.458182005412416,0.461483271359035,1,1,5,0,0.3,188
0.904303849622847,0.890197563875222,0.892739610892202,1,1,5,0,0.3,189
0.992331212681751,0.990946659149541,0.992712683751913,1,1,5,0,0.3,190
1.1169821192445,1.11434687289346,1.11706702795787,1,1,5,0,0.3,191
0.906989372721863,0.913105665363078,0.905689398229388,1,1,5,0,0.3,192
1.0200357472574,1.02112145662288,1.02009884056145,1,1,5,0,0.3,193
0.821731666501111,0.81887571692355,0.823073442844319,1,1,5,0,0.3,194
0.968651695907188,0.966250019822876,0.964404299888411,1,1,5,0,0.3,195
0.638707017507742,0.631756696621752,0.638246273808762,1,1,5,0,0.3,196
0.757349140429187,0.76060722924613,0.762063866398821,1,1,5,0,0.3,197
1.17912100920834,1.18268155953247,1.18002879486776,1,1,5,0,0.3,198
1.30922593445072,1.31137448599247,1.30556403043323,1,1,5,0,0.3,199
0.918102385077892,0.910143574016964,0.91555784935509,1,1,5,0,0.3,200
1.09206583801343,1.09160761326022,1.09514851154478,1,2,10,0,0.15,1
0.806484826430186,0.806020457272131,0.799558450572392,1,2,10,0,0.15,2
1.13942352484612,1.14814253405823,1.16182463845033,1,2,10,0,0.15,3
0.826568537729327,0.82787370846595,0.827657622461729,1,2,10,0,0.15,4
0.903397343862027,0.900511745976434,0.910088058295349,1,2,10,0,0.15,5
0.926121960087592,0.934141614380437,0.927286814776566,1,2,10,0,0.15,6
1.08180659689887,1.08602649959545,1.07853402641012,1,2,10,0,0.15,7
1.26192106378254,1.26314353307914,1.26116439992416,1,2,10,0,0.15,8
1.12492598698651,1.12284452375271,1.12318905306834,1,2,10,0,0.15,9
1.00732328827609,1.000955833117,1.00755307252234,1,2,10,0,0.15,10
1.18705275553794,1.18052270296954,1.18653767267627,1,2,10,0,0.15,11
0.906315869273019,0.898341638034682,0.908370376845832,1,2,10,0,0.15,12
1.05290489805121,1.05909570757692,1.05222417422563,1,2,10,0,0.15,13
0.978180583838821,0.973004812089902,0.977915280351245,1,2,10,0,0.15,14
1.28441352785564,1.2824607589255,1.28443450595066,1,2,10,0,0.15,15
1.48931954360045,1.48799196011106,1.48705075239454,1,2,10,0,0.15,16
1.01108637724808,1.00875762700803,1.01139449328321,1,2,10,0,0.15,17
0.832138324193063,0.828989269441032,0.839672537390831,1,2,10,0,0.15,18
1.00850887337971,0.995421194258861,1.00485217376665,1,2,10,0,0.15,19
1.26927988470518,1.27885952863233,1.26843335081559,1,2,10,0,0.15,20
1.02971993180629,1.02716233045816,1.03279440313209,1,2,10,0,0.15,21
0.828891728751088,0.831762171087843,0.831027263735361,1,2,10,0,0.15,22
1.00563572901283,1.00491364790502,1.0082903756362,1,2,10,0,0.15,23
1.08980729366621,1.08184454319829,1.08913196892804,1,2,10,0,0.15,24
1.17366257668559,1.17145410238093,1.17774006439677,1,2,10,0,0.15,25
1.05102736028708,1.0527421965602,1.04935999878033,1,2,10,0,0.15,26
0.873842625082495,0.851458092179803,0.874673908709082,1,2,10,0,0.15,27
0.915452582602376,0.907016310512443,0.915562138015525,1,2,10,0,0.15,28
0.877713967520132,0.875101506184813,0.883306050565947,1,2,10,0,0.15,29
0.838077762701539,0.8454267746084,0.840663999361851,1,2,10,0,0.15,30
0.93124755559018,0.939526953327923,0.927925627202631,1,2,10,0,0.15,31
0.881366791110272,0.877671946216874,0.882158012271726,1,2,10,0,0.15,32
0.971737400033619,0.94925977475019,0.976046608164534,1,2,10,0,0.15,33
0.910466405862885,0.907120372628775,0.904420618933423,1,2,10,0,0.15,34
0.646104815336782,0.649310443231174,0.644744638096789,1,2,10,0,0.15,35
0.931091362995023,0.924896534222754,0.933283693703228,1,2,10,0,0.15,36
0.924121618744324,0.921429934802121,0.930684119232504,1,2,10,0,0.15,37
1.03635359026172,1.03106643869515,1.03801250994288,1,2,10,0,0.15,38
0.824487972077083,0.816869703354919,0.827748413130371,1,2,10,0,0.15,39
0.977033540518286,0.976651033830202,0.976593949399801,1,2,10,0,0.15,40
0.946565054484228,0.955855714879123,0.946021350900522,1,2,10,0,0.15,41
0.876824772351167,0.878632891922347,0.877403851887707,1,2,10,0,0.15,42
1.07792118158151,1.07970213873094,1.07779772440755,1,2,10,0,0.15,43
1.08711994780967,1.08818776747089,1.08446554696975,1,2,10,0,0.15,44
1.33693906537289,1.33724434164186,1.31767032903977,1,2,10,0,0.15,45
0.902070628888185,0.896184102730414,0.90497318845822,1,2,10,0,0.15,46
1.12396468390902,1.11776632590994,1.12052311604286,1,2,10,0,0.15,47
1.15686617523566,1.16095063197697,1.15689229510965,1,2,10,0,0.15,48
1.08208330776663,1.08671178290124,1.08222708336612,1,2,10,0,0.15,49
0.851781928588211,0.851514377475989,0.847124473146875,1,2,10,0,0.15,50
1.13974322273934,1.13303037432517,1.1358814274102,1,2,10,0,0.15,51
0.972124515942814,0.962282810670687,0.971530873708011,1,2,10,0,0.15,52
1.03017310659232,1.03993283264347,1.03453909738313,1,2,10,0,0.15,53
1.01356970451437,0.99899676604588,1.01571910886788,1,2,10,0,0.15,54
0.900308270999083,0.887123441822468,0.900732167697661,1,2,10,0,0.15,55
1.03036826128851,1.03363955249092,1.03611963534074,1,2,10,0,0.15,56
1.21090734172344,1.20872867278269,1.21138430950528,1,2,10,0,0.15,57
1.18703509084144,1.19560474101838,1.18710042664709,1,2,10,0,0.15,58
0.73379244356346,0.723591276250953,0.73375188216494,1,2,10,0,0.15,59
1.11532991751504,1.12322854400582,1.11334157422911,1,2,10,0,0.15,60
0.660903367340741,0.653502923635325,0.666817212872919,1,2,10,0,0.15,61
0.915868818188352,0.916465528559299,0.916201589159236,1,2,10,0,0.15,62
1.08308687113431,1.07272121765543,1.07570831080988,1,2,10,0,0.15,63
0.992608919311895,0.999325384503434,0.994511838464302,1,2,10,0,0.15,64
1.1574610830758,1.1476418581957,1.15850368898186,1,2,10,0,0.15,65
1.10398095837003,1.11889323275388,1.10280289620171,1,2,10,0,0.15,66
0.938924225619993,0.940889052905834,0.938560716043027,1,2,10,0,0.15,67
1.09722137906826,1.08544598615654,1.10133274090193,1,2,10,0,0.15,68
0.937600795625667,0.927843914953645,0.937681628924358,1,2,10,0,0.15,69
0.951181703675725,0.933016430402999,0.951827255933332,1,2,10,0,0.15,70
1.12556522035134,1.13404429067079,1.12718155513827,1,2,10,0,0.15,71
1.32079584171196,1.31185165066781,1.32145013416596,1,2,10,0,0.15,72
1.10835142540159,1.11829101935732,1.10698275488971,1,2,10,0,0.15,73
0.90288506950905,0.897940051636527,0.90250110630237,1,2,10,0,0.15,74
0.66581728785375,0.661588670277518,0.665617152261642,1,2,10,0,0.15,75
1.24374665544426,1.23675408813135,1.24548455397123,1,2,10,0,0.15,76
0.575937159206562,0.571130929363772,0.578878186818312,1,2,10,0,0.15,77
0.915852974118701,0.91051470211358,0.914138388123859,1,2,10,0,0.15,78
1.17732139731029,1.17101174808669,1.17726767234276,1,2,10,0,0.15,79
0.869367815968174,0.875177148894408,0.871260118108792,1,2,10,0,0.15,80
0.855910341645534,0.862088934957258,0.855442823547518,1,2,10,0,0.15,81
0.926324058088725,0.938564706612606,0.92734421870575,1,2,10,0,0.15,82
0.95479584443378,0.948553814114481,0.960836742731071,1,2,10,0,0.15,83
0.894998046777081,0.89504242872309,0.891364391699285,1,2,10,0,0.15,84
0.8178191426584,0.806633872517842,0.817910699477412,1,2,10,0,0.15,85
0.900885459332948,0.918979942540246,0.898584427471745,1,2,10,0,0.15,86
0.854375866752814,0.846544729272905,0.853103613565191,1,2,10,0,0.15,87
0.758945405038483,0.76170171070443,0.757162684592182,1,2,10,0,0.15,88
1.12526652702822,1.13326500960669,1.12280707983878,1,2,10,0,0.15,89
0.891009538558955,0.905459330414876,0.890997173462857,1,2,10,0,0.15,90
0.889559545373048,0.88216460774394,0.8988719614399,1,2,10,0,0.15,91
0.722224505702603,0.757566168753181,0.721362652494485,1,2,10,0,0.15,92
0.762503887747492,0.761959673340612,0.763183912640781,1,2,10,0,0.15,93
1.02522852127928,1.03026699488253,1.027396926345,1,2,10,0,0.15,94
1.06995183840489,1.07345548560428,1.06821904139253,1,2,10,0,0.15,95
0.96964733494624,0.976019566647333,0.971691842862192,1,2,10,0,0.15,96
0.798756058398491,0.803435420418521,0.800145881595369,1,2,10,0,0.15,97
0.812207571189422,0.804620778743687,0.812180710768142,1,2,10,0,0.15,98
0.888490090800193,0.890355463409517,0.901318491509982,1,2,10,0,0.15,99
1.29175495072484,1.27415717501748,1.29566217319706,1,2,10,0,0.15,100
1.08879748974621,1.08514155075467,1.08666357307379,1,2,10,0,0.15,101
1.00233587747644,1.00959696485678,1.00025645676713,1,2,10,0,0.15,102
0.871542465663385,0.870261357796296,0.871073604951988,1,2,10,0,0.15,103
1.00294039528061,1.00637266658359,1.00210506809696,1,2,10,0,0.15,104
0.944788785991349,0.945658486921786,0.945172795014069,1,2,10,0,0.15,105
0.929899811591341,0.931389648982468,0.930090625529464,1,2,10,0,0.15,106
1.10607760318649,1.09996055041398,1.10967151131336,1,2,10,0,0.15,107
1.13591524363502,1.13984401726222,1.13621957343207,1,2,10,0,0.15,108
1.03835816102159,1.04078505972245,1.04101796251203,1,2,10,0,0.15,109
0.822312785587693,0.822463516395174,0.822124378286669,1,2,10,0,0.15,110
1.03569473861512,1.03183343975801,1.03326398091798,1,2,10,0,0.15,111
1.09950040714743,1.09762478596754,1.09174060862513,1,2,10,0,0.15,112
1.21099147215607,1.19780163610316,1.22658195034974,1,2,10,0,0.15,113
1.20273575186405,1.20440818337503,1.20330815254696,1,2,10,0,0.15,114
0.959314536053146,0.954798696371978,0.956980987719595,1,2,10,0,0.15,115
0.846004186274238,0.847170523259261,0.845411695297819,1,2,10,0,0.15,116
0.859152069905722,0.858220821156377,0.861314593755671,1,2,10,0,0.15,117
0.730407266715658,0.728947937605968,0.730382757794198,1,2,10,0,0.15,118
0.829502264440067,0.83971609334327,0.831418589498668,1,2,10,0,0.15,119
0.819990539263144,0.832771115450956,0.817856157979278,1,2,10,0,0.15,120
0.917261117645191,0.917741719767487,0.916977551059419,1,2,10,0,0.15,121
1.23713426361515,1.23178288774923,1.23679880359391,1,2,10,0,0.15,122
1.15705049417385,1.14137144348488,1.1559606632818,1,2,10,0,0.15,123
1.06537272771715,1.06284332936959,1.06719261468039,1,2,10,0,0.15,124
0.869012964187117,0.8664850361587,0.868492693525718,1,2,10,0,0.15,125
0.933945666537409,0.92345209556089,0.93452802563142,1,2,10,0,0.15,126
1.1455943042621,1.14081481727574,1.14756770725858,1,2,10,0,0.15,127
0.742791263943321,0.747627196244507,0.739270240441874,1,2,10,0,0.15,128
0.699265983665976,0.699910968837317,0.701700500677684,1,2,10,0,0.15,129
0.670052631381604,0.667824219795177,0.668502209738553,1,2,10,0,0.15,130
0.806026208396013,0.799581673414497,0.805084571693322,1,2,10,0,0.15,131
0.8961476889866,0.884964199442043,0.89669110997017,1,2,10,0,0.15,132
1.08032724207856,1.07089868049707,1.0828704841249,1,2,10,0,0.15,133
1.16367466076458,1.161229376729,1.16646067831525,1,2,10,0,0.15,134
1.10380749304648,1.1084297170636,1.10555766066889,1,2,10,0,0.15,135
0.904448268209606,0.902673339157057,0.90031637471589,1,2,10,0,0.15,136
1.05695575234869,1.06092722388943,1.05733815087338,1,2,10,0,0.15,137
0.777151416525111,0.779684054490111,0.779263049319005,1,2,10,0,0.15,138
0.653570666966442,0.65052885675173,0.652017491676801,1,2,10,0,0.15,139
0.954747278851825,0.948252330315231,0.952846051846348,1,2,10,0,0.15,140
1.04431816940433,1.03839207254788,1.04503430676488,1,2,10,0,0.15,141
0.974117188164238,0.968217226371887,0.976039886143654,1,2,10,0,0.15,142
1.23324158599406,1.23055217851657,1.2356238681547,1,2,10,0,0.15,143
0.920173825558975,0.911574164845662,0.917286585924255,1,2,10,0,0.15,144
1.07601495141301,1.07961707379368,1.0779785293745,1,2,10,0,0.15,145
1.13258184588758,1.16173589909875,1.13433172474519,1,2,10,0,0.15,146
0.898037440409987,0.897980462480997,0.911943238541335,1,2,10,0,0.15,147
0.886390687286858,0.875509880373847,0.88670902441344,1,2,10,0,0.15,148
1.1301408539021,1.14199865672249,1.13218024204485,1,2,10,0,0.15,149
0.785987102944889,0.804028511721208,0.789346492858634,1,2,10,0,0.15,150
1.05679025774645,1.05929756241138,1.0699499944509,1,2,10,0,0.15,151
1.07530039372779,1.07127983917847,1.07684590162371,1,2,10,0,0.15,152
1.07181988150682,1.06522914552328,1.06915094230262,1,2,10,0,0.15,153
0.89615234257749,0.893630874127334,0.903460014000055,1,2,10,0,0.15,154
1.16276065800854,1.15644188393488,1.16207965031658,1,2,10,0,0.15,155
0.661665232493282,0.669507277603417,0.664228907589341,1,2,10,0,0.15,156
0.979722851196467,0.977222947397058,0.977640776601908,1,2,10,0,0.15,157
1.20404348762698,1.18855603913888,1.20410870362705,1,2,10,0,0.15,158
1.08873182365837,1.08435970936064,1.08634194366542,1,2,10,0,0.15,159
1.08512041244242,1.08893186886699,1.08560131470785,1,2,10,0,0.15,160
0.892541892858115,0.905686953197123,0.89548644806857,1,2,10,0,0.15,161
1.1467677570627,1.14343585473434,1.15128410208657,1,2,10,0,0.15,162
0.985489097458451,0.9829591014838,0.983635768939645,1,2,10,0,0.15,163
0.978087555793883,0.991318485541078,0.978593085538711,1,2,10,0,0.15,164
0.64104449842769,0.636524715349092,0.641931414218743,1,2,10,0,0.15,165
1.1436510733983,1.1389345604043,1.1437259584011,1,2,10,0,0.15,166
0.904203361832823,0.90240449319696,0.905760009963201,1,2,10,0,0.15,167
1.15277418981796,1.14845340655601,1.15344446106967,1,2,10,0,0.15,168
0.856852006588666,0.858002960977297,0.857198141728525,1,2,10,0,0.15,169
1.08559028942944,1.09101072463481,1.08463068149305,1,2,10,0,0.15,170
1.07079457281688,1.06269324157589,1.07104831121638,1,2,10,0,0.15,171
0.85852012616745,0.857068341787275,0.858982807596256,1,2,10,0,0.15,172
0.956990933832881,0.950960780215534,0.958790807041016,1,2,10,0,0.15,173
0.990545940458143,0.98916348149823,0.993032432903363,1,2,10,0,0.15,174
0.878789514306807,0.87217143837358,0.86892581109355,1,2,10,0,0.15,175
0.822029514863195,0.827806889662079,0.821732836989407,1,2,10,0,0.15,176
0.832584821819252,0.831256999135821,0.829622600544054,1,2,10,0,0.15,177
1.01445706965414,1.01998168180227,1.01221192851713,1,2,10,0,0.15,178
1.20948088766727,1.21460033194572,1.20829254101636,1,2,10,0,0.15,179
1.09090509912576,1.09813777676275,1.08984328220168,1,2,10,0,0.15,180
0.947617489445692,0.950275761387364,0.94569536900225,1,2,10,0,0.15,181
0.890707927626957,0.887940087218912,0.893938887720511,1,2,10,0,0.15,182
1.20039440269029,1.18412610977157,1.20445007168672,1,2,10,0,0.15,183
1.02835066210543,1.02929260600109,1.02820144514553,1,2,10,0,0.15,184
0.964305327979902,0.97086174265213,0.960872946099744,1,2,10,0,0.15,185
0.918665477692842,0.937069519143867,0.926151897652651,1,2,10,0,0.15,186
1.03643675804936,1.04006336732259,1.03326078600999,1,2,10,0,0.15,187
0.888052450221383,0.885483401237726,0.886177122172775,1,2,10,0,0.15,188
0.808935614113268,0.829546117048759,0.80781161608529,1,2,10,0,0.15,189
1.17032409991912,1.17033682895639,1.17113202117327,1,2,10,0,0.15,190
0.968364500298891,0.96114515371739,0.970731025760573,1,2,10,0,0.15,191
0.992077741599786,0.997316912749624,0.991146624458231,1,2,10,0,0.15,192
1.1021360783747,1.10787228294559,1.10480107687302,1,2,10,0,0.15,193
0.910488526909523,0.900256436576848,0.910385801072084,1,2,10,0,0.15,194
1.0214848463933,1.01575312029688,1.01926589775161,1,2,10,0,0.15,195
1.02140559494999,1.02158801375456,1.02145545471342,1,2,10,0,0.15,196
0.867077335935443,0.877240895682979,0.874406125407637,1,2,10,0,0.15,197
1.02425715536957,1.02733104728412,1.02210909811716,1,2,10,0,0.15,198
0.981364896906842,0.982813715448605,0.986863097963552,1,2,10,0,0.15,199
0.966390929133155,0.974260976849543,0.967096410507592,1,2,10,0,0.15,200
0.947643064151756,0.938396525351505,0.948715449497457,1,3,20,0,0.075,1
0.968620568464752,0.965652683397807,0.97072191248983,1,3,20,0,0.075,2
1.08662485149662,1.08828412363768,1.08303141294063,1,3,20,0,0.075,3
1.03334172272934,1.02673804983875,1.03432513587568,1,3,20,0,0.075,4
1.17321283780867,1.16118148943939,1.18051392006225,1,3,20,0,0.075,5
0.995591870879906,0.993675610009216,0.997219247218529,1,3,20,0,0.075,6
1.04095206170217,1.03037515343811,1.0436672958122,1,3,20,0,0.075,7
0.842063407250799,0.841501648370853,0.842897989520301,1,3,20,0,0.075,8
1.21653581291437,1.20246550948665,1.20942278364007,1,3,20,0,0.075,9
0.867784755233219,0.861166375914272,0.868442826615801,1,3,20,0,0.075,10
0.826278107606,0.815446756918433,0.828203063059914,1,3,20,0,0.075,11
0.998381228308077,0.985269545760919,1.00068225238454,1,3,20,0,0.075,12
1.05528128989927,1.05388424196597,1.05478045869934,1,3,20,0,0.075,13
1.14693553827745,1.15332721245282,1.14550304681941,1,3,20,0,0.075,14
1.00562746686774,1.00242102198829,1.00310160938876,1,3,20,0,0.075,15
1.05213335478939,1.0467759150985,1.05385993274594,1,3,20,0,0.075,16
1.12922660977445,1.12605242431,1.12904355034573,1,3,20,0,0.075,17
1.10041630440731,1.10744528148839,1.09929422201597,1,3,20,0,0.075,18
1.08984180054393,1.07854600528576,1.08635660008336,1,3,20,0,0.075,19
1.00696200805316,1.00568525487362,1.00759466412128,1,3,20,0,0.075,20
1.09490516150674,1.09215394278749,1.09592750438689,1,3,20,0,0.075,21
1.02766607032583,1.02084004977511,1.02717093686955,1,3,20,0,0.075,22
0.855984303135926,0.844853582358656,0.857583375925144,1,3,20,0,0.075,23
1.21665028553276,1.18927070553228,1.21933274770244,1,3,20,0,0.075,24
0.99355020573289,0.990344206511491,0.990367822501938,1,3,20,0,0.075,25
0.935098427012279,0.927657405302764,0.939540341891195,1,3,20,0,0.075,26
0.860810681438173,0.855463106679992,0.860085529083627,1,3,20,0,0.075,27
1.09268811003932,1.0975797647682,1.09220162168907,1,3,20,0,0.075,28
1.01547869425252,1.01895395597065,1.02986789415675,1,3,20,0,0.075,29
0.925583699569759,0.925393090834643,0.924910022194927,1,3,20,0,0.075,30
0.905044876728404,0.904890728051977,0.901187275420573,1,3,20,0,0.075,31
0.956232235679923,0.945069772291483,0.957673304087925,1,3,20,0,0.075,32
1.04277460129824,1.03038811546424,1.0427377925673,1,3,20,0,0.075,33
0.958288649187184,0.962591200577295,0.956151132500385,1,3,20,0,0.075,34
0.906388642774859,0.905396399362537,0.905485828918416,1,3,20,0,0.075,35
0.987870743497489,0.991831794246742,0.98900833037718,1,3,20,0,0.075,36
1.05133985376952,1.03612464017033,1.05229037633217,1,3,20,0,0.075,37
0.960937861687941,0.955201780732137,0.957287990434124,1,3,20,0,0.075,38
1.09708573377022,1.09690167959053,1.09860527693137,1,3,20,0,0.075,39
0.930238845284752,0.928207497197848,0.932053422672535,1,3,20,0,0.075,40
1.01130280311164,1.0233565611463,1.01213235246125,1,3,20,0,0.075,41
1.09465105403884,1.09371353104917,1.0957431745833,1,3,20,0,0.075,42
0.860194408181116,0.854122142692091,0.859497787158358,1,3,20,0,0.075,43
1.0063742326606,1.00402379604935,1.00642467890487,1,3,20,0,0.075,44
1.04883439017427,1.03949351615572,1.04626903869168,1,3,20,0,0.075,45
0.910218197746075,0.920344976034593,0.913543313640031,1,3,20,0,0.075,46
0.99153160412605,0.981178953954494,0.98906940896585,1,3,20,0,0.075,47
1.06238327561906,1.05651410548968,1.05895610596881,1,3,20,0,0.075,48
0.958509207403089,0.941594295522447,0.955530341693374,1,3,20,0,0.075,49
1.16548745348961,1.17965168982487,1.16486183392181,1,3,20,0,0.075,50
0.781372133518592,0.780856298302292,0.782787182451462,1,3,20,0,0.075,51
0.936630049086905,0.942467764734434,0.935137237185058,1,3,20,0,0.075,52
0.897166259535285,0.885004809789118,0.893661048438744,1,3,20,0,0.075,53
1.14001593047653,1.13917905519039,1.14027831767056,1,3,20,0,0.075,54
1.0553492987388,1.04708387025344,1.04145158736624,1,3,20,0,0.075,55
0.922951671421907,0.92681631547966,0.923434603356752,1,3,20,0,0.075,56
0.865915601249354,0.86803337491287,0.865847463712106,1,3,20,0,0.075,57
1.000998827786,1.00374172171852,1.00104335384452,1,3,20,0,0.075,58
0.95433386170358,0.954750720761832,0.957792562166037,1,3,20,0,0.075,59
1.20129612678015,1.19853339173033,1.20049005293235,1,3,20,0,0.075,60
0.999170897028078,0.992383729372184,1.00238869129641,1,3,20,0,0.075,61
0.908058272638058,0.90717199651001,0.906938686149322,1,3,20,0,0.075,62
1.01701895010406,1.02036591612661,1.01316648446559,1,3,20,0,0.075,63
1.11776872434511,1.11796412621054,1.12039131927784,1,3,20,0,0.075,64
1.02767308681024,1.02728676395381,1.02905154056073,1,3,20,0,0.075,65
1.02701813458895,1.0298032309575,1.02798344488733,1,3,20,0,0.075,66
0.993532002263476,1.00787781458937,0.991786094636213,1,3,20,0,0.075,67
1.07283073257495,1.08631616706118,1.07464384580966,1,3,20,0,0.075,68
0.911549777378775,0.911305359981029,0.912359950553348,1,3,20,0,0.075,69
1.07806962738954,1.06793945231734,1.07813580476113,1,3,20,0,0.075,70
0.934371781112787,0.930785356846132,0.934091941217288,1,3,20,0,0.075,71
1.05594083384777,1.05862320071121,1.05434311165338,1,3,20,0,0.075,72
0.974264162121877,0.970769494249932,0.976054253728647,1,3,20,0,0.075,73
0.986538153016802,0.983075305707015,0.985526446398044,1,3,20,0,0.075,74
1.02143106428585,1.01377313429833,1.01931013394154,1,3,20,0,0.075,75
1.10366730475284,1.11038635615726,1.10801196958575,1,3,20,0,0.075,76
1.02033467804733,1.02172544020479,1.02257598644067,1,3,20,0,0.075,77
1.01244055547308,1.02542437884175,1.01246599173203,1,3,20,0,0.075,78
1.17897779650504,1.18933312347004,1.17864614014683,1,3,20,0,0.075,79
1.02801927400149,1.02702757602386,1.02792436968128,1,3,20,0,0.075,80
0.969749441247592,0.965160485781557,0.969237674295312,1,3,20,0,0.075,81
1.01606841564784,1.01189193343204,1.01294851640552,1,3,20,0,0.075,82
0.957942411694403,0.948756261428328,0.956947166366932,1,3,20,0,0.075,83
0.973889575239548,0.969569180190085,0.974063468582707,1,3,20,0,0.075,84
1.09086147522565,1.08858844233008,1.09032548345163,1,3,20,0,0.075,85
1.06129274088334,1.06170228512026,1.0630567286387,1,3,20,0,0.075,86
1.08116621240196,1.08110978136156,1.0843806645136,1,3,20,0,0.075,87
1.18358442994669,1.17487548475962,1.18196165745084,1,3,20,0,0.075,88
1.04733381596011,1.05102752390448,1.04834675160137,1,3,20,0,0.075,89
0.988574906606546,0.986272253969266,0.986719648323955,1,3,20,0,0.075,90
1.02565575847074,1.02882645341082,1.0236651833913,1,3,20,0,0.075,91
0.98509132986766,0.982817240496817,0.986421390807692,1,3,20,0,0.075,92
0.893613444531853,0.894829861484521,0.894121783599926,1,3,20,0,0.075,93
0.951262716845592,0.949194581520386,0.958774524065886,1,3,20,0,0.075,94
0.908750619927286,0.91092015978418,0.908821306284205,1,3,20,0,0.075,95
1.0550982884908,1.06124847633517,1.05687790326348,1,3,20,0,0.075,96
0.931773087392295,0.934235407097145,0.929760966722912,1,3,20,0,0.075,97
0.945141918293887,0.944596344245705,0.947487243687372,1,3,20,0,0.075,98
0.965447340449265,0.961886072682949,0.965521065186751,1,3,20,0,0.075,99
0.914698201871675,0.928027129760933,0.914689820883064,1,3,20,0,0.075,100
0.997568897013967,0.997196401615375,0.996212708230226,1,3,20,0,0.075,101
0.949373920131369,0.947662129174468,0.949974233189355,1,3,20,0,0.075,102
0.923987188887426,0.908520217899066,0.923286202291385,1,3,20,0,0.075,103
1.13254866574728,1.13345833749729,1.13684254048002,1,3,20,0,0.075,104
1.11806795159977,1.13944738020862,1.1195333550493,1,3,20,0,0.075,105
1.11036078185547,1.12381595273364,1.10874892556567,1,3,20,0,0.075,106
0.960028811359459,0.947811624074245,0.959899218974113,1,3,20,0,0.075,107
1.00200612600504,0.998791016798105,1.00413529531125,1,3,20,0,0.075,108
0.901057019749708,0.896947002815721,0.90404289207634,1,3,20,0,0.075,109
0.967866754528875,0.973626083533765,0.969348303285464,1,3,20,0,0.075,110
0.970338586974545,0.971397204808173,0.971171317769178,1,3,20,0,0.075,111
1.0342625656854,1.04444010948371,1.03294517833522,1,3,20,0,0.075,112
1.03157627953627,1.00804692437524,1.03532704055942,1,3,20,0,0.075,113
1.03180127652512,1.02811740996715,1.03304251692363,1,3,20,0,0.075,114
0.938333107740157,0.935375549133768,0.936528189328966,1,3,20,0,0.075,115
0.925593009076164,0.908799761581708,0.928112873036949,1,3,20,0,0.075,116
1.09359761888652,1.09926097083176,1.09326939662207,1,3,20,0,0.075,117
1.09408823652769,1.09111883339308,1.0917285969119,1,3,20,0,0.075,118
1.01743691613601,1.01534935033587,1.01620964406054,1,3,20,0,0.075,119
1.22181470926637,1.23154542955801,1.21870910574584,1,3,20,0,0.075,120
1.1769048588281,1.18770411815004,1.17838860875485,1,3,20,0,0.075,121
1.11896471422431,1.10579944202011,1.12062088372608,1,3,20,0,0.075,122
1.10825972758329,1.13476334434128,1.11021778545735,1,3,20,0,0.075,123
1.14098969048654,1.12887438939587,1.13820636474551,1,3,20,0,0.075,124
1.1230318264116,1.12772343545874,1.12354969759623,1,3,20,0,0.075,125
0.995834166585492,0.983694351254404,0.992709038163756,1,3,20,0,0.075,126
1.01524868388722,1.0141349331382,1.01466531050396,1,3,20,0,0.075,127
1.07481768435425,1.07308560302367,1.07524434255509,1,3,20,0,0.075,128
0.865324548618034,0.883807495690376,0.866329385090564,1,3,20,0,0.075,129
1.12817947038556,1.12746005372501,1.1285794823142,1,3,20,0,0.075,130
0.850731978473468,0.843735155248955,0.850732214922726,1,3,20,0,0.075,131
1.0030665018792,0.999105174533159,1.00246156494028,1,3,20,0,0.075,132
1.06925368127896,1.06509714070082,1.06870594898316,1,3,20,0,0.075,133
0.874558129717118,0.86575821457024,0.879065387727146,1,3,20,0,0.075,134
0.872804522024515,0.873699509337714,0.874299463923564,1,3,20,0,0.075,135
1.09304139595171,1.09512125512701,1.09318312299275,1,3,20,0,0.075,136
1.03532666051742,1.03313354855633,1.03704287268187,1,3,20,0,0.075,137
0.921776498996477,0.924192625804266,0.924413807119962,1,3,20,0,0.075,138
0.846736858845917,0.851270240183511,0.845834811808347,1,3,20,0,0.075,139
0.794231044796716,0.799197129719733,0.79280320285433,1,3,20,0,0.075,140
1.01564693945029,1.00975501683957,1.01721840999911,1,3,20,0,0.075,141
1.16596728362712,1.16196417041183,1.16777437127984,1,3,20,0,0.075,142
0.99720531698052,0.99419930807592,0.996203379366943,1,3,20,0,0.075,143
0.976918667279622,0.973314688479027,0.975829613908336,1,3,20,0,0.075,144
0.856624345028463,0.858987828496799,0.85551961191923,1,3,20,0,0.075,145
1.03420024595337,1.04542702294777,1.03134386135123,1,3,20,0,0.075,146
0.91021108525311,0.892844983564344,0.907942452415323,1,3,20,0,0.075,147
1.07630554374748,1.07752314071271,1.08035010806044,1,3,20,0,0.075,148
1.07208594705442,1.07614303095539,1.07314737724025,1,3,20,0,0.075,149
1.02111241354425,1.01490246511452,1.02410509300542,1,3,20,0,0.075,150
1.0174676190412,1.02614699199501,1.01884218251098,1,3,20,0,0.075,151
0.906025946638241,0.903385052399387,0.905670819791329,1,3,20,0,0.075,152
1.16076925557775,1.14336788499084,1.16532237052519,1,3,20,0,0.075,153
0.825243090847087,0.845349591992285,0.827410489387907,1,3,20,0,0.075,154
0.937141901050666,0.937413501214174,0.936403054700082,1,3,20,0,0.075,155
1.04556168791263,1.03097524065153,1.04322958723226,1,3,20,0,0.075,156
1.04268640762573,1.0578963537569,1.04619419586881,1,3,20,0,0.075,157
1.08157974354141,1.07802062818919,1.08189871804143,1,3,20,0,0.075,158
0.923099218494121,0.925521823231541,0.923201721630056,1,3,20,0,0.075,159
1.0033180164625,1.00630190271908,1.00422508518243,1,3,20,0,0.075,160
1.10377830485158,1.10049918759718,1.11207138768652,1,3,20,0,0.075,161
0.904157586965634,0.91107857112117,0.905508104977441,1,3,20,0,0.075,162
0.969732551161824,0.963900699403865,0.970930178051805,1,3,20,0,0.075,163
1.06816688543128,1.06852896727178,1.06811030154727,1,3,20,0,0.075,164
0.924604136041779,0.93757614632639,0.924798955772697,1,3,20,0,0.075,165
1.09702224334969,1.09310988366242,1.09686671249067,1,3,20,0,0.075,166
0.941990180782456,0.94096401545928,0.941745306259316,1,3,20,0,0.075,167
0.8667551832802,0.874577711014705,0.869124374895588,1,3,20,0,0.075,168
1.09489845673778,1.08666241653285,1.09585297352184,1,3,20,0,0.075,169
1.11766531548542,1.09901311774862,1.11714782350296,1,3,20,0,0.075,170
0.974483195740408,0.981094160305879,0.975274683359674,1,3,20,0,0.075,171
1.05771597886183,1.05521910837336,1.06249305713884,1,3,20,0,0.075,172
1.13204446886873,1.11659265657051,1.13298446360514,1,3,20,0,0.075,173
1.20164619643408,1.18543456465663,1.20427857271003,1,3,20,0,0.075,174
0.998754341118991,1.01156580814601,0.997947991462878,1,3,20,0,0.075,175
0.986994993767065,0.99486402749066,0.985103839557412,1,3,20,0,0.075,176
1.08662337373285,1.07558945408414,1.08105963779729,1,3,20,0,0.075,177
0.999793363910498,0.993498344998841,1.00036321873802,1,3,20,0,0.075,178
0.878103304132998,0.873572964228772,0.878800443360081,1,3,20,0,0.075,179
0.870589374147093,0.875992262574553,0.869159028366863,1,3,20,0,0.075,180
0.882947008361278,0.86953433055373,0.874851360717623,1,3,20,0,0.075,181
0.940369237647023,0.941856916480042,0.942339515312932,1,3,20,0,0.075,182
0.844893914338483,0.855747446849504,0.847036149536371,1,3,20,0,0.075,183
0.856548005391957,0.852122391539625,0.856702813359286,1,3,20,0,0.075,184
1.08154678248857,1.10276981667573,1.07957148075221,1,3,20,0,0.075,185
0.975774645353041,0.983587973185639,0.974307410936022,1,3,20,0,0.075,186
0.782699537621378,0.773326355951379,0.78111055574244,1,3,20,0,0.075,187
0.897676925025986,0.893637970532739,0.890082823975124,1,3,20,0,0.075,188
0.964706694687874,0.943347187963704,0.965926530083636,1,3,20,0,0.075,189
0.997145527014837,0.998210724755181,0.996426590902319,1,3,20,0,0.075,190
1.03177976524154,1.03629914732757,1.02692854501924,1,3,20,0,0.075,191
0.939013819575335,0.946604219024085,0.940875476199466,1,3,20,0,0.075,192
0.704045028315799,0.70708520299482,0.703794103769961,1,3,20,0,0.075,193
1.12317466297306,1.12593099567582,1.11919751571757,1,3,20,0,0.075,194
1.00357024528981,1.00684549975357,1.00299458580135,1,3,20,0,0.075,195
0.803135075947091,0.798872167233755,0.801774295313316,1,3,20,0,0.075,196
1.08484785693595,1.09250531545605,1.08032280201857,1,3,20,0,0.075,197
1.32432906534667,1.33413204054941,1.32866520756806,1,3,20,0,0.075,198
0.82109035356518,0.810850742038712,0.817710789077072,1,3,20,0,0.075,199
1.0715037335119,1.07351534349448,1.07203114677223,1,3,20,0,0.075,200
1.01291428427887,1.01182513365386,1.01313911106025,1.24797826747671,4,5,0.5,0.3,1
1.00234292270956,0.956254047725357,1.00343944274183,1.17711908290261,4,5,0.5,0.3,2
1.19122108118774,1.18664054835314,1.1902919604057,1.59208334565894,4,5,0.5,0.3,3
0.921673511521303,0.916879216679112,0.928527081565696,1.05839770050573,4,5,0.5,0.3,4
1.79938848038417,1.79586036558161,1.79532915219206,1.57207385321128,4,5,0.5,0.3,5
1.486403727583,1.48700738464906,1.48445461761358,1.14987414879409,4,5,0.5,0.3,6
1.40641099023195,1.40533283813669,1.40414065567928,1.14357693079338,4,5,0.5,0.3,7
1.95841095355885,1.95382198566998,1.95751729739344,1.6421343588904,4,5,0.5,0.3,8
1.25279875419274,1.26489910543732,1.25145453925242,1.3098626589986,4,5,0.5,0.3,9
1.36380478975907,1.35847076487775,1.36231325076504,1.20870627239773,4,5,0.5,0.3,10
1.54045154007709,1.54425691573292,1.53720911236178,1.46588770650121,4,5,0.5,0.3,11
1.14906708080292,1.13742394298942,1.14801322315172,1.10311687050467,4,5,0.5,0.3,12
1.23591476080826,1.23791077257289,1.23840537408612,1.09500003327923,4,5,0.5,0.3,13
1.369115083429,1.37818425162344,1.36789801043257,1.22856419519645,4,5,0.5,0.3,14
1.51797519407067,1.53269690653703,1.51971433922217,1.37866425135022,4,5,0.5,0.3,15
1.00789072648641,0.995967120532643,1.00767458694037,1.25194259921519,4,5,0.5,0.3,16
1.22422346740672,1.20942117085733,1.22401954277335,1.12156665568334,4,5,0.5,0.3,17
1.28448921847643,1.29559386117775,1.28032237489478,1.23100153406309,4,5,0.5,0.3,18
1.38181340767903,1.37918314803069,1.38443458795212,1.28448887193393,4,5,0.5,0.3,19
1.01409151597838,1.02322861203755,1.0141920624666,1.10117852503589,4,5,0.5,0.3,20
0.879290593622802,0.87879830629116,0.883788961746435,1.43821287179129,4,5,0.5,0.3,21
1.11150679151186,1.10688718905337,1.11961995244137,1.30523839178509,4,5,0.5,0.3,22
1.31362038862364,1.31201548833242,1.31256048948706,1.34208399131735,4,5,0.5,0.3,23
1.04908836486025,1.04798806556817,1.04925734026244,1.05034819825194,4,5,0.5,0.3,24
1.62987049404864,1.62360212677288,1.63969626795417,1.58624295101871,4,5,0.5,0.3,25
1.27170187181056,1.26365572635772,1.27213498736293,1.2360662496631,4,5,0.5,0.3,26
1.08877242931772,1.0899687728458,1.08768831104514,1.0769302575517,4,5,0.5,0.3,27
0.998709261958159,1.01620791820659,1.0000870958937,1.26653447361158,4,5,0.5,0.3,28
2.041488712382,2.05140285795767,2.03491800108506,1.78859287042325,4,5,0.5,0.3,29
1.76217237372601,1.75454079743688,1.76258625386101,1.68582614245043,4,5,0.5,0.3,30
2.02276747451841,2.02003256826197,2.02283222328282,2.01046143440698,4,5,0.5,0.3,31
1.53098337100519,1.54150278167918,1.5263042251163,1.6118557941594,4,5,0.5,0.3,32
1.14676218725104,1.14921399397391,1.14930499628241,1.07154618519624,4,5,0.5,0.3,33
1.64413576509385,1.6383417159693,1.64103452124151,1.60897754665441,4,5,0.5,0.3,34
0.968553173020352,0.978610555009471,0.966945998687494,1.14896257978213,4,5,0.5,0.3,35
0.914398604247431,0.915652538888,0.913380382743609,1.19517635292672,4,5,0.5,0.3,36
1.15423184388106,1.18481305760193,1.1565640956662,1.14182327702961,4,5,0.5,0.3,37
1.34461791632176,1.34486029088596,1.33648339256574,1.28381000675972,4,5,0.5,0.3,38
1.6717243629533,1.65264295026785,1.6772187916789,1.4007649115435,4,5,0.5,0.3,39
1.35358808297945,1.37047675246027,1.35155780460212,1.46409800000204,4,5,0.5,0.3,40
1.57202563073981,1.56512448126058,1.56690437102181,1.39381849630634,4,5,0.5,0.3,41
0.93632148430342,0.944156772841815,0.934194370676629,1.14744396985235,4,5,0.5,0.3,42
1.45179596907306,1.43594805899441,1.43844223833705,1.23994543215051,4,5,0.5,0.3,43
1.19108714249312,1.18964505455956,1.18640969083417,1.19577363345192,4,5,0.5,0.3,44
1.26849673438583,1.26348855845153,1.26706422861625,1.18051970527031,4,5,0.5,0.3,45
1.74199265518813,1.74216192622586,1.74379407914987,1.74406649146533,4,5,0.5,0.3,46
1.45911278336413,1.45466436182736,1.45895280003978,1.15444543386134,4,5,0.5,0.3,47
1.67295505580516,1.67281423893686,1.6727581424356,1.44133791378218,4,5,0.5,0.3,48
0.929284760533487,0.923455380961755,0.928126873949628,1.04726633566447,4,5,0.5,0.3,49
1.5983341016307,1.5906073028733,1.6014618543987,1.1742973702661,4,5,0.5,0.3,50
1.41266602789629,1.39957108286536,1.41759867667993,1.14790121344388,4,5,0.5,0.3,51
1.18880613270049,1.20343134221416,1.17295955435274,1.33139545078238,4,5,0.5,0.3,52
1.26987613556201,1.26513213057329,1.28842217356108,1.26643298068539,4,5,0.5,0.3,53
1.73833808434928,1.76532351853667,1.7119382803942,1.73915974055623,4,5,0.5,0.3,54
2.75610628823424,2.75173285848723,2.76609399505803,1.85398984859182,4,5,0.5,0.3,55
1.30171781117913,1.28173727022272,1.3020530108687,1.12336705228779,4,5,0.5,0.3,56
1.87662179068433,1.87497076993596,1.87745536178943,1.869747274606,4,5,0.5,0.3,57
0.848115851155438,0.850655935236739,0.851488141374924,1.16575320809454,4,5,0.5,0.3,58
1.13135743139149,1.13261612039362,1.12680889573898,1.20835315048321,4,5,0.5,0.3,59
1.25214470143157,1.2462095342875,1.24930498052073,1.13657634217636,4,5,0.5,0.3,60
1.49707806420853,1.49816204955637,1.48552833526109,1.27066489242686,4,5,0.5,0.3,61
1.00858419074796,1.01399817186904,1.01086270377124,1.20048099204826,4,5,0.5,0.3,62
1.37377317615964,1.37161937298863,1.37466624128715,1.29530112182834,4,5,0.5,0.3,63
1.24074375592491,1.22666689248515,1.26367259949613,1.15488808216178,4,5,0.5,0.3,64
1.3525785595859,1.35120506459281,1.34945263772485,1.28870402145116,4,5,0.5,0.3,65
1.01817796441253,1.02687729402129,1.01661841972898,1.04382302982774,4,5,0.5,0.3,66
0.666796042799516,0.664920313223368,0.668897225957401,1.12149812584288,4,5,0.5,0.3,67
1.17957150015358,1.18122687501866,1.17920415925279,1.16965348048967,4,5,0.5,0.3,68
0.967844831198556,0.965231535249636,0.972168793214948,1.20967776120841,4,5,0.5,0.3,69
2.00622343822796,2.00098077112318,2.01486179199577,2.06108736048988,4,5,0.5,0.3,70
2.05597208386514,2.05285275836756,2.05671149053676,1.68300579065496,4,5,0.5,0.3,71
1.09025283447816,1.09342444633629,1.08721064434458,1.32314541834795,4,5,0.5,0.3,72
1.5313088389423,1.53312264054176,1.53209695556856,1.22284937988368,4,5,0.5,0.3,73
0.890281044331964,0.893467813838259,0.893430852882966,1.17765347025587,4,5,0.5,0.3,74
1.29886683823156,1.29584106595167,1.29801763199908,1.29780768167973,4,5,0.5,0.3,75
1.55896126592767,1.54459570174027,1.55904771111467,1.25274119323705,4,5,0.5,0.3,76
1.20033582719025,1.19565587186258,1.20755136053426,1.27233008696058,4,5,0.5,0.3,77
1.15157864041255,1.13667169014618,1.14474202652253,1.20386656580971,4,5,0.5,0.3,78
1.34591274244125,1.36539339334689,1.34741074644234,1.25601820380526,4,5,0.5,0.3,79
1.40330038936753,1.39867780103628,1.40211668841587,1.10134914725811,4,5,0.5,0.3,80
1.01201178239645,1.00766714625655,1.00267596681141,1.39674453797418,4,5,0.5,0.3,81
1.28821554953128,1.28253575092693,1.28934882022862,1.53402882579981,4,5,0.5,0.3,82
1.34486037961481,1.34138898772958,1.34494692521778,1.13898585214461,4,5,0.5,0.3,83
0.960015724902767,0.962814058269785,0.958856956393936,1.01555687972529,4,5,0.5,0.3,84
0.771536820967445,0.771688827491223,0.771444645114134,1.15614637409548,4,5,0.5,0.3,85
1.40026807280471,1.41519036574412,1.39981102688122,1.51799580671009,4,5,0.5,0.3,86
1.10029663683008,1.09693732616972,1.10088240601803,1.12581501120547,4,5,0.5,0.3,87
1.47630958316645,1.46918819319607,1.4682918555488,1.15921673668402,4,5,0.5,0.3,88
0.943380572362499,0.93927984409816,0.944913869616431,1.12042141380421,4,5,0.5,0.3,89
1.31413940804727,1.31852404862685,1.31007488011169,1.16804973628754,4,5,0.5,0.3,90
1.25741689078484,1.24566225534851,1.27810446506783,1.30572374329289,4,5,0.5,0.3,91
1.00879521487045,1.00380192639188,1.01231080708847,1.22719749628358,4,5,0.5,0.3,92
1.36065927851933,1.37148239785861,1.3656619290415,1.23509436917195,4,5,0.5,0.3,93
1.0792299262354,1.06726203487335,1.07740101786426,1.06269354378118,4,5,0.5,0.3,94
1.01240049108374,0.977140700715605,1.01721870672362,1.25226263417614,4,5,0.5,0.3,95
1.09617534794987,1.07487221570456,1.09544086582604,1.33858309005272,4,5,0.5,0.3,96
1.05932230376659,1.04418748131051,1.05942945071988,1.22072679654779,4,5,0.5,0.3,97
2.04902507618043,2.04451255175408,2.0470308093591,1.63365721169505,4,5,0.5,0.3,98
0.827669437759671,0.824182382491992,0.829751485628661,1.10982106975674,4,5,0.5,0.3,99
1.09676577815678,1.09242697857709,1.09907740912474,1.30409574603112,4,5,0.5,0.3,100
1.32944339686697,1.32687496153552,1.32700335896008,1.33603691278843,4,5,0.5,0.3,101
1.29079717632516,1.29054367195364,1.29431410555394,1.47233747033113,4,5,0.5,0.3,102
0.722294849038639,0.724007150967804,0.727509004733404,1.05773854226861,4,5,0.5,0.3,103
1.41663510250201,1.42071379450338,1.41988034176071,1.27687132526901,4,5,0.5,0.3,104
1.5013072600266,1.50520008380954,1.48909646566112,1.61695383174861,4,5,0.5,0.3,105
0.700896014553211,0.705524878070535,0.69859637465454,1.13603102274039,4,5,0.5,0.3,106
1.26617637584104,1.27113366955697,1.26494116750765,1.26927886647339,4,5,0.5,0.3,107
1.75612771336036,1.75739176770349,1.75681626399885,1.32774592065455,4,5,0.5,0.3,108
1.50709985044609,1.5190397361683,1.50743555406889,1.25717532598996,4,5,0.5,0.3,109
1.06186978497771,1.06496888681515,1.05905736196591,1.09347985805192,4,5,0.5,0.3,110
1.17864064426561,1.18161860632495,1.18622399748428,1.16005525140102,4,5,0.5,0.3,111
1.64488426386413,1.64825407368497,1.63611010481252,1.27251195538562,4,5,0.5,0.3,112
1.83887027161098,1.84342045837331,1.83576949268212,1.84674340309236,4,5,0.5,0.3,113
1.2575733402635,1.26409867478338,1.25511173070536,1.06539695500417,4,5,0.5,0.3,114
1.34297572362302,1.33892227840663,1.34153675940956,1.13514890904303,4,5,0.5,0.3,115
0.87864462487449,0.863149420742741,0.880623892265516,1.35148138011327,4,5,0.5,0.3,116
1.12539935083788,1.11872394741154,1.1255784326681,1.19899058163416,4,5,0.5,0.3,117
1.05592265844883,1.05663844656879,1.05268241740746,1.07608294387194,4,5,0.5,0.3,118
1.90405502303223,1.90290979384504,1.90177234256107,1.56145911174453,4,5,0.5,0.3,119
0.973727387202306,0.969800969566806,0.976388208149657,1.27864010551698,4,5,0.5,0.3,120
1.43841855756399,1.43924633983842,1.4414731709504,1.86370108420386,4,5,0.5,0.3,121
0.922901051531045,0.938591396076099,0.923060162322984,1.10037154752352,4,5,0.5,0.3,122
1.2964516266134,1.29425281184662,1.29412502039022,1.549143610668,4,5,0.5,0.3,123
1.14719905096945,1.14150257732587,1.14812973726799,1.14915756859088,4,5,0.5,0.3,124
1.31794514413504,1.31689346254341,1.31940346711108,1.44903189362821,4,5,0.5,0.3,125
1.08385416433623,1.08549091227142,1.09420890818323,1.19599776766249,4,5,0.5,0.3,126
1.08956356955734,1.09183164138972,1.08960666379396,1.2148294878131,4,5,0.5,0.3,127
2.38934501144723,2.38696121359745,2.3865816911087,2.03239494700684,4,5,0.5,0.3,128
1.5735880988867,1.5766891511048,1.57061880292558,1.41321510117072,4,5,0.5,0.3,129
1.45367878543711,1.44659501035939,1.45195505864591,1.20734401537139,4,5,0.5,0.3,130
1.3730305917033,1.37754851597008,1.37141998162738,1.21988329577582,4,5,0.5,0.3,131
1.29072187749246,1.29642290401272,1.26837991446924,1.14010485059017,4,5,0.5,0.3,132
1.17829912275022,1.18846286592819,1.18054420022063,1.26282785820262,4,5,0.5,0.3,133
1.29175711511361,1.2893593658761,1.30046454304261,1.19491555734712,4,5,0.5,0.3,134
1.49552858075098,1.48683820290751,1.49057283039258,1.20708761690049,4,5,0.5,0.3,135
1.37183219403492,1.36899763897796,1.37217899615387,1.44580733757572,4,5,0.5,0.3,136
1.0498182086347,1.04354180204877,1.04886499882507,1.03074059344629,4,5,0.5,0.3,137
0.990562264556938,0.986483475384161,0.980795950788252,1.11129667383954,4,5,0.5,0.3,138
1.48555284473396,1.48193009245861,1.48487980290002,1.28284316985491,4,5,0.5,0.3,139
1.25335558690214,1.23617994863576,1.24896160209774,1.3232612791197,4,5,0.5,0.3,140
1.21785215734162,1.21205905474005,1.22915366343058,1.29708648389683,4,5,0.5,0.3,141
0.796297255714355,0.80408353947448,0.799110262001823,1.04076013065457,4,5,0.5,0.3,142
1.92225290982795,1.9221637975051,1.92256255822633,1.74526845581365,4,5,0.5,0.3,143
1.10902297699481,1.10748146707682,1.1059702825636,1.05726356411373,4,5,0.5,0.3,144
2.07366561345018,2.07059780987298,2.07050642849501,1.90264339663956,4,5,0.5,0.3,145
1.15705444205997,1.15554474990822,1.15634297291936,1.25973722702739,4,5,0.5,0.3,146
0.820942152240651,0.842080271666703,0.829987867248622,1.11272432531134,4,5,0.5,0.3,147
1.37408326909181,1.38033979004065,1.37285619988428,1.05504519864065,4,5,0.5,0.3,148
1.32920550644717,1.33250075542041,1.33022335382434,1.35993943350258,4,5,0.5,0.3,149
1.07957740815104,1.07244454076643,1.07945815920371,1.0875103841672,4,5,0.5,0.3,150
1.62697050621161,1.63215241657942,1.62728690252046,1.61631347368038,4,5,0.5,0.3,151
1.3130133835048,1.31971027667514,1.31153409356177,1.09361817126987,4,5,0.5,0.3,152
1.0615147342326,1.06238752729975,1.05900321934977,1.17479713241123,4,5,0.5,0.3,153
1.0680094438829,1.05721427595066,1.06691401632674,1.16814669883589,4,5,0.5,0.3,154
1.06004489514645,1.07784608136817,1.06079955641736,1.20840441702287,4,5,0.5,0.3,155
1.76910226229648,1.77013594816667,1.77462798520065,1.78814491997495,4,5,0.5,0.3,156
1.06378700890923,1.07984807201195,1.06269424510585,1.14371793315993,4,5,0.5,0.3,157
1.55214296393541,1.55376876088994,1.54959933204759,1.30390596427499,4,5,0.5,0.3,158
1.04783090473989,1.04024548365984,1.0536922267729,1.10719685436643,4,5,0.5,0.3,159
1.18056290150631,1.17235684157364,1.18048830720245,1.04209099716786,4,5,0.5,0.3,160
1.47766701563391,1.48519019379474,1.47916684093937,1.40654952007577,4,5,0.5,0.3,161
1.33215737808944,1.33050775597304,1.33032080300237,1.2350090280447,4,5,0.5,0.3,162
0.965153777365687,0.964020503914752,0.962242149394405,1.05811179145929,4,5,0.5,0.3,163
1.43372975576453,1.42929135841956,1.43495423760188,1.21855700157234,4,5,0.5,0.3,164
0.763376125798696,0.758317180146089,0.76652841473806,1.26645225728366,4,5,0.5,0.3,165
1.09120935842322,1.08546738191793,1.08837845950515,1.10924808841239,4,5,0.5,0.3,166
1.40246400498608,1.40818938751332,1.40292549674541,1.41731540002746,4,5,0.5,0.3,167
1.4796248675798,1.48531462601582,1.49423549513585,1.35717637822654,4,5,0.5,0.3,168
1.97794870347659,1.97372690522532,1.97838541540228,1.79921243476231,4,5,0.5,0.3,169
1.64592055850177,1.65978739667325,1.65681596495254,1.22432384387646,4,5,0.5,0.3,170
1.36446873028339,1.37245441404155,1.35585643703622,1.27377278738898,4,5,0.5,0.3,171
1.25279164709428,1.23575960513515,1.26002383085239,1.17902567240644,4,5,0.5,0.3,172
1.04565410365449,1.05941468331992,1.04195778023413,1.02339414892386,4,5,0.5,0.3,173
0.911685405286903,0.915012714321041,0.9129747228919,1.23906748800492,4,5,0.5,0.3,174
1.46193930420143,1.46126973063406,1.47796068779535,1.22914672247077,4,5,0.5,0.3,175
1.1524198845388,1.15573357342579,1.15991802347013,1.17768705264147,4,5,0.5,0.3,176
1.14075381347764,1.13644595495285,1.13715096356915,1.11086209513167,4,5,0.5,0.3,177
0.973013648436187,0.967484889844156,0.971905387981358,1.09029189581746,4,5,0.5,0.3,178
1.26764485504881,1.26483791321983,1.26552396660751,1.41582366228142,4,5,0.5,0.3,179
1.18293823467034,1.1788158060589,1.18551488295947,1.07170809784961,4,5,0.5,0.3,180
0.533807751918426,0.555557560673338,0.590890826188275,1.21592028202494,4,5,0.5,0.3,181
1.33740565638598,1.33782148855057,1.34085073193525,1.39704483507464,4,5,0.5,0.3,182
1.15860065649541,1.15884322097285,1.16285486089412,1.05072334999798,4,5,0.5,0.3,183
0.999913558734695,1.00079959013305,0.997085190074349,1.1563805741041,4,5,0.5,0.3,184
1.49894080373297,1.50650398540417,1.49235094624847,1.49455988268129,4,5,0.5,0.3,185
0.963246392132182,0.963357070283827,0.962645718531345,1.26478650314594,4,5,0.5,0.3,186
1.00529435321308,1.00987130346521,0.989231909675724,1.19582295009381,4,5,0.5,0.3,187
1.70156576883181,1.69984012522657,1.70314139117319,2.24165811981415,4,5,0.5,0.3,188
1.3878839860548,1.37377770030717,1.37631974732415,1.48358013643195,4,5,0.5,0.3,189
1.18698028178551,1.1855957282533,1.18736175285567,1.19464906910376,4,5,0.5,0.3,190
1.40071922407139,1.39808397772035,1.40080413278476,1.28373710482689,4,5,0.5,0.3,191
1.21597175387769,1.2220880465189,1.21467177938521,1.30898238115582,4,5,0.5,0.3,192
1.10289829820399,1.10398400756947,1.10296139150804,1.08286255094659,4,5,0.5,0.3,193
0.924809930538471,0.92195398096091,0.926151706881679,1.10307826403736,4,5,0.5,0.3,194
1.27097786872729,1.26857619264298,1.26673047270851,1.3023261728201,4,5,0.5,0.3,195
1.00905040722813,1.00210008634214,1.00858966352915,1.37034338972039,4,5,0.5,0.3,196
0.938388652011064,0.941646740828006,0.943103377980698,1.18103951158188,4,5,0.5,0.3,197
1.78872126853259,1.79228181885672,1.78962905419201,1.60960025932425,4,5,0.5,0.3,198
1.46643878467487,1.46858733621661,1.46277688065737,1.15721285022415,4,5,0.5,0.3,199
1.27475618989775,1.26679737883682,1.27221165417495,1.35665380481986,4,5,0.5,0.3,200
1.1983366491036,1.19787842435039,1.20141932263495,1.10627081109017,5,10,0.5,0.15,1
1.06981272990947,1.06934836075142,1.06288635405168,1.26332790347929,5,10,0.5,0.15,2
2.18154783702359,2.1902668462357,2.2039489506278,2.04212431217747,5,10,0.5,0.15,3
0.967452180015328,0.968757350751951,0.96854126474773,1.140883642286,5,10,0.5,0.15,4
0.998336740288618,0.995451142403026,1.00502745472194,1.09493939642659,5,10,0.5,0.15,5
1.03534609374424,1.04336574803708,1.03651094843321,1.10922413365665,5,10,0.5,0.15,6
1.67057030277113,1.6747902054677,1.66729773228237,1.58876370587226,5,10,0.5,0.15,7
1.39985762047555,1.40108008977215,1.39910095661717,1.13793655669301,5,10,0.5,0.15,8
1.21740058195526,1.21531911872146,1.21566364803709,1.09247459496875,5,10,0.5,0.15,9
1.12452166976769,1.1181542146086,1.12475145401394,1.1171983814916,5,10,0.5,0.15,10
1.40194751127607,1.39541745870767,1.40143242841441,1.21489475573813,5,10,0.5,0.15,11
1.09571791015819,1.08774367891985,1.097772417731,1.18940204088517,5,10,0.5,0.15,12
1.38940303773745,1.39559384726315,1.38872231391186,1.33649813968623,5,10,0.5,0.15,13
1.08280248069597,1.07762670894705,1.0825371772084,1.10462189685715,5,10,0.5,0.15,14
1.51670182792362,1.51474905899348,1.51672280601864,1.23228830006798,5,10,0.5,0.15,15
2.10875906595228,2.10743148246289,2.10649027474637,1.61943952235183,5,10,0.5,0.15,16
1.27297666657489,1.27064791633484,1.27328478261003,1.26189028932681,5,10,0.5,0.15,17
0.958431324093282,0.955282269341252,0.965965537291051,1.12629299990022,5,10,0.5,0.15,18
1.25856924663231,1.24548156751146,1.25491254701925,1.2500603732526,5,10,0.5,0.15,19
1.69159729979815,1.7011769437253,1.69075076590856,1.42231741509298,5,10,0.5,0.15,20
1.18229765949535,1.17974005814722,1.18537213082114,1.15257772768905,5,10,0.5,0.15,21
1.48662311514604,1.4894935574828,1.48875865013031,1.65773138639495,5,10,0.5,0.15,22
1.30887091886428,1.30814883775646,1.31152556548764,1.30323518985145,5,10,0.5,0.15,23
1.19071554756771,1.18275279709979,1.19004022282954,1.1009082539015,5,10,0.5,0.15,24
1.5589244859681,1.55671601166344,1.56300197367928,1.3852619092825,5,10,0.5,0.15,25
1.38735060988847,1.38906544616159,1.38568324838173,1.3363232496014,5,10,0.5,0.15,26
1.04616258082305,1.02377804792036,1.04699386444964,1.17231995574055,5,10,0.5,0.15,27
1.37231672552382,1.36388045343389,1.37242628093697,1.45686414292145,5,10,0.5,0.15,28
1.01627970911785,1.01366724778254,1.02187179216367,1.13856574159772,5,10,0.5,0.15,29
1.17027394533007,1.17762295723693,1.17286018199038,1.33219618262853,5,10,0.5,0.15,30
1.14415531823976,1.1524347159775,1.14083338985221,1.21290776264958,5,10,0.5,0.15,31
1.62974829383443,1.62605344894103,1.63053951499589,1.74838150272416,5,10,0.5,0.15,32
1.54999197959605,1.52751435431262,1.55430118772697,1.57825457956243,5,10,0.5,0.15,33
1.62175776765681,1.6184117344227,1.61571198072735,1.71129136179393,5,10,0.5,0.15,34
0.867165885583198,0.87037151347759,0.865805708343205,1.22106107024641,5,10,0.5,0.15,35
1.8227563509744,1.81656152220213,1.82494868168261,1.89166498797938,5,10,0.5,0.15,36
1.36755573278898,1.36486404884677,1.37411823327716,1.44343411404465,5,10,0.5,0.15,37
1.16394841328672,1.15866126172014,1.16560733296787,1.12759482302499,5,10,0.5,0.15,38
1.12067322030369,1.11305495158153,1.12393366135698,1.29618524822661,5,10,0.5,0.15,39
1.08744329873988,1.0870607920518,1.0870037076214,1.1104097582216,5,10,0.5,0.15,40
1.19826269987804,1.20755336027293,1.19771899629433,1.25169764539381,5,10,0.5,0.15,41
1.02468657607295,1.02649469564413,1.02526565560949,1.14786180372178,5,10,0.5,0.15,42
1.13463961123727,1.13642056838671,1.13451615406331,1.05671842965577,5,10,0.5,0.15,43
1.47117340620856,1.47224122586977,1.46851900536863,1.38405345839888,5,10,0.5,0.15,44
1.77447459272264,1.77477986899161,1.75520585638952,1.43753552734975,5,10,0.5,0.15,45
1.29950847834578,1.29362195218801,1.30241103791582,1.3974378494576,5,10,0.5,0.15,46
1.45665281896735,1.45045446096826,1.45321125110118,1.33268813505833,5,10,0.5,0.15,47
1.23634812682474,1.24043258356606,1.23637424669874,1.07948195158909,5,10,0.5,0.15,48
1.4999932698385,1.50462174497312,1.500137045438,1.41790996207188,5,10,0.5,0.15,49
0.994700699307203,0.99443314819498,0.990043243865867,1.14291877071899,5,10,0.5,0.15,50
1.27404455915104,1.26733171073687,1.2701827638219,1.1343013364117,5,10,0.5,0.15,51
1.46212571350232,1.4522840082302,1.46153207126752,1.49000119755951,5,10,0.5,0.15,52
1.43947311708189,1.44923284313304,1.4438391078727,1.40930001048957,5,10,0.5,0.15,53
1.42346724284691,1.40889430437842,1.42561664720043,1.40989753833254,5,10,0.5,0.15,54
1.69829988605127,1.68511505687465,1.69872378274985,1.79799161505219,5,10,0.5,0.15,55
1.2514350405218,1.25470633172421,1.25718641457403,1.22106677923329,5,10,0.5,0.15,56
1.2690850912554,1.26690642231465,1.26956205903723,1.05817774953196,5,10,0.5,0.15,57
1.28920475985492,1.29777441003186,1.28927009566057,1.10216966901348,5,10,0.5,0.15,58
1.13687549228276,1.12667432497025,1.13683493088424,1.4030830487193,5,10,0.5,0.15,59
2.64832299169925,2.65622161819003,2.64633464841332,2.53299307418421,5,10,0.5,0.15,60
0.876634918859221,0.869234475153805,0.882548764391399,1.21573155151848,5,10,0.5,0.15,61
1.41362629511889,1.41422300548983,1.41395906608977,1.49775747693053,5,10,0.5,0.15,62
1.25787830878851,1.24751265530963,1.25049974846409,1.17479143765421,5,10,0.5,0.15,63
1.11782944189126,1.1245459070828,1.11973236104366,1.12522052257936,5,10,0.5,0.15,64
1.30384696072918,1.29402773584908,1.30488956663525,1.14638587765339,5,10,0.5,0.15,65
1.37511918725537,1.39003146163922,1.37394112508704,1.27113822888534,5,10,0.5,0.15,66
1.0948486800953,1.09681350738114,1.09448517051833,1.1559244544753,5,10,0.5,0.15,67
1.28488745869022,1.2731120657785,1.28899882052389,1.18766607962196,5,10,0.5,0.15,68
1.13172576687659,1.12196888620457,1.13180660017528,1.19412497125092,5,10,0.5,0.15,69
1.04661982579877,1.02845455252604,1.04726537805638,1.09543812212304,5,10,0.5,0.15,70
1.26805241235152,1.27653148267097,1.26966874713845,1.14248719200018,5,10,0.5,0.15,71
1.91612835083755,1.9071841597934,1.91678264329156,1.5953325091256,5,10,0.5,0.15,72
1.17611326199602,1.18605285595174,1.17474459148413,1.06776183659443,5,10,0.5,0.15,73
1.17753133399862,1.1725863161261,1.17714737079194,1.27464626448957,5,10,0.5,0.15,74
0.814773373917079,0.810544756340848,0.814573238324972,1.14895608606333,5,10,0.5,0.15,75
1.42911601890432,1.42212345159142,1.43085391743129,1.18536936346007,5,10,0.5,0.15,76
0.750238109023496,0.745431879180705,0.753179136635245,1.17430094981693,5,10,0.5,0.15,77
1.13193496322182,1.1265966912167,1.13022037722697,1.21608198910312,5,10,0.5,0.15,78
1.55185355402133,1.54554390479773,1.55179982905381,1.37453215671104,5,10,0.5,0.15,79
1.05706456041646,1.06287389334269,1.05895686255708,1.18769674444828,5,10,0.5,0.15,80
0.974758394699768,0.980936988011493,0.974290876601752,1.11884805305423,5,10,0.5,0.15,81
1.19842839252904,1.21066904105292,1.19944855314606,1.27210433444032,5,10,0.5,0.15,82
1.01731195723935,1.01106992692005,1.02335285553664,1.06251611280557,5,10,0.5,0.15,83
1.08482307674951,1.08486745869552,1.08118942167172,1.18982502997243,5,10,0.5,0.15,84
0.915195319819676,0.904010049679116,0.915286876638686,1.09737617716127,5,10,0.5,0.15,85
1.35812506110026,1.37621954430756,1.35582402923906,1.45723960176732,5,10,0.5,0.15,86
0.997402321584123,0.989571184104215,0.996130068396501,1.14302645483131,5,10,0.5,0.15,87
1.04181408575662,1.04457039142257,1.04003136531032,1.28286868071814,5,10,0.5,0.15,88
1.27129553426011,1.27929401683858,1.26883608707068,1.14602900723189,5,10,0.5,0.15,89
1.1234428609418,1.13789265279773,1.12343049584571,1.23243332238285,5,10,0.5,0.15,90
1.05697550579364,1.04958056816453,1.06628792186049,1.16741596042059,5,10,0.5,0.15,91
0.873960550026612,0.909302213077191,0.873098696818494,1.15173604432401,5,10,0.5,0.15,92
0.882061494207866,0.881517279800986,0.882741519101155,1.11955760646037,5,10,0.5,0.15,93
1.27050208339799,1.27554055700124,1.27267048846371,1.24527356211871,5,10,0.5,0.15,94
1.19253760690522,1.19604125410461,1.19080480989286,1.12258576850033,5,10,0.5,0.15,95
1.14591229475144,1.15228452645253,1.14795680266739,1.1762649598052,5,10,0.5,0.15,96
1.04274898995818,1.04742835197821,1.04413881315506,1.24399293155969,5,10,0.5,0.15,97
1.03895751862449,1.03137072617876,1.03893065820321,1.22674994743507,5,10,0.5,0.15,98
1.03445019696262,1.03631556957195,1.04727859767241,1.14596010616243,5,10,0.5,0.15,99
1.78159761195117,1.76399983624381,1.7855048344234,1.48984266122633,5,10,0.5,0.15,100
1.44322983800935,1.43957389901781,1.44109592133693,1.35443234826314,5,10,0.5,0.15,101
1.30980257586797,1.31706366324831,1.30772315515867,1.30746669839153,5,10,0.5,0.15,102
1.16785154262008,1.16657043475299,1.16738268190868,1.29630907695669,5,10,0.5,0.15,103
1.12480618259723,1.12823845390022,1.12397085541359,1.12186578731663,5,10,0.5,0.15,104
1.14594514184313,1.14681484277356,1.14632915086585,1.20115635585178,5,10,0.5,0.15,105
1.13246628555647,1.1339561229476,1.1326570994946,1.20256647396513,5,10,0.5,0.15,106
1.3954257350269,1.38930868225438,1.39901964315377,1.2893481318404,5,10,0.5,0.15,107
1.27250664408687,1.27643541771408,1.27281097388392,1.13659140045186,5,10,0.5,0.15,108
1.40274506508649,1.40517196378735,1.40540486657693,1.3643869040649,5,10,0.5,0.15,109
1.50317152891031,1.50332225971779,1.50298312160928,1.68085874332262,5,10,0.5,0.15,110
1.39963386655005,1.39577256769293,1.39720310885291,1.36393912793493,5,10,0.5,0.15,111
1.74592994560157,1.74405432442168,1.73817014707928,1.64642953845414,5,10,0.5,0.15,112
1.39589514813431,1.3827053120814,1.41148562632798,1.18490367597824,5,10,0.5,0.15,113
1.79548076224368,1.79715319375466,1.79605316292659,1.59274501037963,5,10,0.5,0.15,114
1.19421321589074,1.18969737620957,1.19187966755719,1.23489867983759,5,10,0.5,0.15,115
0.950329688280642,0.951496025265666,0.949737197304224,1.1043255020064,5,10,0.5,0.15,116
0.975109997137881,0.974178748388538,0.977272520987832,1.11595792723216,5,10,0.5,0.15,117
1.40037520292916,1.39891587381947,1.4003506940077,1.6699679362135,5,10,0.5,0.15,118
1.07271632330526,1.08293015220846,1.07463264836386,1.24321405886519,5,10,0.5,0.15,119
1.08986351938286,1.10264409557067,1.08772913809899,1.26987298011972,5,10,0.5,0.15,120
1.04619397587279,1.04667457799509,1.04591040928702,1.1289328582276,5,10,0.5,0.15,121
1.4093502167979,1.40399884093199,1.40901475677667,1.17221595318276,5,10,0.5,0.15,122
1.20172754661111,1.18604849592214,1.20063771571906,1.04467705243726,5,10,0.5,0.15,123
1.40279304041582,1.40026364206826,1.40461292737906,1.33742031269866,5,10,0.5,0.15,124
0.941227939498477,0.93870001147006,0.940707668837078,1.07221497531136,5,10,0.5,0.15,125
1.08661622046875,1.07612264949223,1.08719857956276,1.15267055393134,5,10,0.5,0.15,126
1.33054549349002,1.32576600650365,1.33251889648649,1.18495118922791,5,10,0.5,0.15,127
0.972183450766757,0.977019383067944,0.968662427265312,1.22939218682344,5,10,0.5,0.15,128
1.07575906339037,1.07640404856172,1.07819358040208,1.3764930797244,5,10,0.5,0.15,129
0.986099030669543,0.983870619083116,0.984548609026492,1.31604639928794,5,10,0.5,0.15,130
0.980125978866037,0.97368144388452,0.979184342163345,1.17409977047002,5,10,0.5,0.15,131
1.41427561444545,1.40309212490089,1.41481903542902,1.51812792545885,5,10,0.5,0.15,132
1.50777635926928,1.49834779768779,1.51031960131562,1.42744911719072,5,10,0.5,0.15,133
1.44128321919099,1.43883793515541,1.44406923674166,1.27760855842641,5,10,0.5,0.15,134
1.28484200496628,1.28946422898341,1.2865921725887,1.18103451191981,5,10,0.5,0.15,135
1.05716986341765,1.0553949343651,1.05303796992393,1.15272159520804,5,10,0.5,0.15,136
1.28886485939801,1.29283633093875,1.28924725792271,1.23190910704933,5,10,0.5,0.15,137
0.957116720382846,0.959649358347847,0.959228353176741,1.17996530385774,5,10,0.5,0.15,138
1.67446612523237,1.67142431501766,1.67291294994273,2.02089545826593,5,10,0.5,0.15,139
1.01016230044582,1.00366735190923,1.00826107344034,1.055415021594,5,10,0.5,0.15,140
1.13740244538255,1.1314763485261,1.1381185827431,1.09308427597822,5,10,0.5,0.15,141
1.06532797251155,1.0594280107192,1.06725067049096,1.09121078434731,5,10,0.5,0.15,142
1.53583154047949,1.53314213300199,1.53821382264012,1.30258995448543,5,10,0.5,0.15,143
1.12519883189296,1.11659917117964,1.12231159225824,1.20502500633398,5,10,0.5,0.15,144
1.34660305372194,1.35020517610261,1.34856663168343,1.27058810230893,5,10,0.5,0.15,145
1.52044281807867,1.54959687128984,1.52219269693628,1.38786097219109,5,10,0.5,0.15,146
1.06808490590288,1.06802792797389,1.08199070403423,1.17004746549289,5,10,0.5,0.15,147
0.980395729321113,0.969514922408103,0.980714066447696,1.09400504203426,5,10,0.5,0.15,148
1.52544030329373,1.53729810611412,1.52747969143648,1.39529944939163,5,10,0.5,0.15,149
0.927991762033209,0.946033170809527,0.931351151946953,1.14200465908832,5,10,0.5,0.15,150
1.6205794588764,1.62308676354134,1.63373919558085,1.56378920112995,5,10,0.5,0.15,151
1.361214057802,1.35719350325268,1.36275956569792,1.28591366407421,5,10,0.5,0.15,152
1.17176338839236,1.16517265240882,1.16909444918816,1.09994350688554,5,10,0.5,0.15,153
1.05397197133617,1.05145050288602,1.06127964275874,1.15781962875868,5,10,0.5,0.15,154
1.37543798731416,1.3691192132405,1.3747569796222,1.21267732930562,5,10,0.5,0.15,155
0.766461046768482,0.774303091878618,0.769024721864541,1.1047958142752,5,10,0.5,0.15,156
1.3999340641048,1.39743416030539,1.39785198951024,1.42021121290834,5,10,0.5,0.15,157
1.34384081420422,1.32835336571613,1.3439060302043,1.13979732657725,5,10,0.5,0.15,158
1.37554584710844,1.37117373281071,1.37315596711549,1.28681402345007,5,10,0.5,0.15,159
1.3097942639712,1.31360572039578,1.31027516623663,1.22467385152879,5,10,0.5,0.15,160
1.05663097262919,1.0697760329682,1.05957552783964,1.16408907977107,5,10,0.5,0.15,161
1.42166164713304,1.41832974480469,1.42617799215692,1.27489389007035,5,10,0.5,0.15,162
1.24078164849498,1.23825165252033,1.23892831997618,1.25529255103653,5,10,0.5,0.15,163
1.13394990712589,1.14718083687308,1.13445543687071,1.155862351332,5,10,0.5,0.15,164
0.679883003926484,0.675363220847885,0.680769919717536,1.03883850549879,5,10,0.5,0.15,165
1.35888918574616,1.35417267275216,1.35896407074896,1.21523811234786,5,10,0.5,0.15,166
1.01098965525373,1.00919078661786,1.01254630338411,1.1067862934209,5,10,0.5,0.15,167
1.37204893749721,1.36772815423526,1.37271920874892,1.21927474767925,5,10,0.5,0.15,168
1.22332212960276,1.22447308399139,1.22366826474262,1.36647012301409,5,10,0.5,0.15,169
1.24150249067638,1.24692292588176,1.24054288274,1.15591220124695,5,10,0.5,0.15,170
1.20752030398786,1.19941897274688,1.20777404238737,1.13672573117098,5,10,0.5,0.15,171
1.01177183203714,1.01032004765697,1.01223451346595,1.15325170586969,5,10,0.5,0.15,172
1.09769711946169,1.09166696584435,1.09949699266983,1.14070618562881,5,10,0.5,0.15,173
1.08442865872799,1.08304619976808,1.08691515117321,1.09388271826985,5,10,0.5,0.15,174
1.01880409099572,1.01218601506249,1.00894038778246,1.14001457668891,5,10,0.5,0.15,175
1.03799174093277,1.04376911573165,1.03769506305898,1.21596222606958,5,10,0.5,0.15,176
1.10101704696916,1.09968922428573,1.09805482569396,1.2684322251499,5,10,0.5,0.15,177
1.21453904042499,1.22006365257312,1.21229389928798,1.20008197077085,5,10,0.5,0.15,178
1.54411007434642,1.54922951862487,1.54292172769551,1.33462918667915,5,10,0.5,0.15,179
1.3071906170209,1.31442329465789,1.30612880009683,1.21628551789514,5,10,0.5,0.15,180
1.13286592996762,1.13552420190929,1.13094380952418,1.18524844052193,5,10,0.5,0.15,181
0.992770073642248,0.990002233234205,0.996001033735803,1.10206214601529,5,10,0.5,0.15,182
1.50800851850497,1.49174022558625,1.5120641875014,1.30761411581468,5,10,0.5,0.15,183
1.24709962627993,1.24804157017559,1.24695040932003,1.2187489641745,5,10,0.5,0.15,184
1.20000594060948,1.2065623552817,1.19657355872932,1.23570061262957,5,10,0.5,0.15,185
1.26386793601275,1.28227197746377,1.27135435597256,1.3452024583199,5,10,0.5,0.15,186
1.74914336328236,1.75276997255559,1.74596739124299,1.712706605233,5,10,0.5,0.15,187
0.988962432783425,0.986393383799769,0.987087104734818,1.10090998256204,5,10,0.5,0.15,188
0.927174506594927,0.947785009530417,0.926050508566948,1.11823889248166,5,10,0.5,0.15,189
1.42103799105039,1.42105072008766,1.42184591230454,1.25071389113127,5,10,0.5,0.15,190
1.12227573079417,1.11505638421267,1.12464225625585,1.15391123049528,5,10,0.5,0.15,191
1.24995818504313,1.25519735619296,1.24902706790157,1.25788044344334,5,10,0.5,0.15,192
1.58606001694389,1.59179622151478,1.58872501544221,1.48392393856919,5,10,0.5,0.15,193
1.34134387972817,1.33111178939549,1.34124115389073,1.43085535281864,5,10,0.5,0.15,194
1.21053691763522,1.2048051915388,1.20831796899353,1.18905207124192,5,10,0.5,0.15,195
1.78335712016576,1.78353953897034,1.7834069799292,1.76195152521578,5,10,0.5,0.15,196
0.986743280286739,0.996906840034275,0.994072069758933,1.1196659443513,5,10,0.5,0.15,197
1.3917763561562,1.39485024807075,1.38962829890379,1.36751920078663,5,10,0.5,0.15,198
1.19488302305034,1.1963318415921,1.20038122410705,1.2135181261435,5,10,0.5,0.15,199
1.02808112772768,1.03595117544407,1.02878660910212,1.06169019859452,5,10,0.5,0.15,200
1.09178928876541,1.08254274996516,1.09286167411111,1.14414622461365,6,20,0.5,0.075,1
1.1604079771419,1.15744009207496,1.16250932116698,1.19178740867715,6,20,0.5,0.075,2
1.21676999321903,1.21842926536009,1.21317655466303,1.13014514172241,6,20,0.5,0.075,3
1.3112663094531,1.30466263656251,1.31224972259944,1.27792458672377,6,20,0.5,0.075,4
1.36359538075456,1.35156403238528,1.37089646300814,1.19038254294589,6,20,0.5,0.075,5
1.16346293174475,1.16154667087406,1.16509030808337,1.16787106086484,6,20,0.5,0.075,6
1.18532449556002,1.17474758729596,1.18803972967005,1.14437243385785,6,20,0.5,0.075,7
0.967973704999542,0.967411946119597,0.968808287269044,1.12591029774874,6,20,0.5,0.075,8
1.4452955466739,1.43122524324618,1.43818251739961,1.22875973375953,6,20,0.5,0.075,9
1.01115137015859,1.00453299083965,1.01180944154118,1.14336661492537,6,20,0.5,0.075,10
1.08274996185012,1.07191861116255,1.08467491730403,1.25647185424412,6,20,0.5,0.075,11
1.19412310486206,1.1810114223149,1.19642412893852,1.19574187655398,6,20,0.5,0.075,12
1.22423623649942,1.22283918856611,1.22373540529948,1.16895494660015,6,20,0.5,0.075,13
1.39992881906823,1.4063204932436,1.3984963276102,1.25299328079079,6,20,0.5,0.075,14
1.16485951433143,1.16165306945198,1.16233365685245,1.15923204746369,6,20,0.5,0.075,15
1.24863147499181,1.24327403530091,1.25035805294835,1.19649812020242,6,20,0.5,0.075,16
1.39098567518776,1.38781148972331,1.39080261575904,1.26175906541331,6,20,0.5,0.075,17
1.38452199108018,1.39155096816126,1.38339990868884,1.28410568667287,6,20,0.5,0.075,18
1.25259538440065,1.24129958914248,1.24911018394007,1.16275358385672,6,20,0.5,0.075,19
1.15101396810949,1.14973721492995,1.15164662417761,1.14405196005633,6,20,0.5,0.075,20
1.38034680694412,1.37759558822487,1.38136914982426,1.28544164543737,6,20,0.5,0.075,21
1.23764253142788,1.23081651087717,1.2371473979716,1.20997646110205,6,20,0.5,0.075,22
1.0335255140704,1.02239479329313,1.03512458685962,1.17754121093447,6,20,0.5,0.075,23
1.79199866160715,1.76461908160667,1.79468112377683,1.57534837607439,6,20,0.5,0.075,24
1.10680795131717,1.10360195209577,1.10362556808621,1.11325774558428,6,20,0.5,0.075,25
1.30240381468139,1.29496279297188,1.30684572956031,1.36730538766911,6,20,0.5,0.075,26
1.28347863045986,1.27813105570168,1.28275347810531,1.42266794902168,6,20,0.5,0.075,27
1.30846254822831,1.3133542029572,1.30797605987806,1.21577443818899,6,20,0.5,0.075,28
1.1832110907387,1.18668635245683,1.19760029064293,1.16773239648618,6,20,0.5,0.075,29
1.5188290357324,1.51863842699728,1.51815535835756,1.59324533616264,6,20,0.5,0.075,30
1.43398685409953,1.43383270542311,1.4301292527917,1.52894197737113,6,20,0.5,0.075,31
1.13480060038102,1.12363813699257,1.13624166878902,1.17856836470109,6,20,0.5,0.075,32
1.22406720546826,1.21168071963426,1.22403039673732,1.18129260417002,6,20,0.5,0.075,33
1.3419132813523,1.34621583274241,1.3397757646655,1.38362463216511,6,20,0.5,0.075,34
1.16335506564637,1.16236282223405,1.16245225178992,1.25696642287151,6,20,0.5,0.075,35
1.14507186590646,1.14903291665571,1.14620945278615,1.15720112240897,6,20,0.5,0.075,36
1.22052056988387,1.20530535628469,1.22147109244652,1.16918071611435,6,20,0.5,0.075,37
1.27294532703749,1.26720924608169,1.26929545578367,1.31200746534955,6,20,0.5,0.075,38
1.3244056659438,1.32422161176411,1.32592520910495,1.22731993217358,6,20,0.5,0.075,39
1.15823995623521,1.1562086081483,1.16005453362299,1.22800111095046,6,20,0.5,0.075,40
1.15140648342174,1.16346024145639,1.15223603277135,1.1401036803101,6,20,0.5,0.075,41
1.49421491595381,1.49327739296414,1.49530703649827,1.39956386191497,6,20,0.5,0.075,42
1.0515138918195,1.04544162633047,1.05081727079674,1.19131948363838,6,20,0.5,0.075,43
1.22601510740628,1.22366467079503,1.22606555365055,1.21964087474568,6,20,0.5,0.075,44
1.20692615999656,1.197585285978,1.20436080851396,1.15809176982228,6,20,0.5,0.075,45
1.16405562117108,1.1741823994596,1.16738073706504,1.25383742342501,6,20,0.5,0.075,46
1.17913980785983,1.16878715768827,1.17667761269963,1.18760820373378,6,20,0.5,0.075,47
1.27750515371781,1.27163598358842,1.27407798406755,1.21512187809874,6,20,0.5,0.075,48
1.6354564903383,1.61854157845765,1.63247762462858,1.67694728293521,6,20,0.5,0.075,49
1.37807853304475,1.39224276938,1.37745291347694,1.21259107955514,6,20,0.5,0.075,50
1.00528737039594,1.00477153517964,1.0067024193288,1.22391523687734,6,20,0.5,0.075,51
1.14000885242618,1.14584656807371,1.13851604052433,1.20337880333928,6,20,0.5,0.075,52
1.06562177479117,1.053460325045,1.06211656369463,1.16845551525589,6,20,0.5,0.075,53
1.41601851045554,1.4151816351694,1.41628089764957,1.27600257997901,6,20,0.5,0.075,54
1.20220778607491,1.19394235758955,1.18831007470236,1.14685848733611,6,20,0.5,0.075,55
1.11843337967067,1.12229802372842,1.11891631160552,1.19548170824876,6,20,0.5,0.075,56
1.0819161551425,1.08403392880602,1.08184801760525,1.21600055389315,6,20,0.5,0.075,57
1.15025263582542,1.15299552975793,1.15029716188393,1.14925380803941,6,20,0.5,0.075,58
1.1893298495553,1.18974670861356,1.19278855001776,1.23499598785172,6,20,0.5,0.075,59
1.35414872353391,1.35138598848409,1.35334264968611,1.15285259675376,6,20,0.5,0.075,60
1.22154815815101,1.21476099049512,1.22476595241934,1.22237726112293,6,20,0.5,0.075,61
1.0672304483761,1.06634417224805,1.06611086188736,1.15917217573804,6,20,0.5,0.075,62
1.27754564679485,1.2808926128174,1.27369318115637,1.26052669669079,6,20,0.5,0.075,63
1.32230724279009,1.32250264465552,1.32492983772282,1.20453851844498,6,20,0.5,0.075,64
1.31554675514094,1.31516043228451,1.31692520889143,1.2878736683307,6,20,0.5,0.075,65
1.21777242163848,1.22055751800703,1.21873773193686,1.19075428704953,6,20,0.5,0.075,66
1.12256605083466,1.13691186316055,1.12082014320739,1.12903404857118,6,20,0.5,0.075,67
1.23526842592218,1.24875386040841,1.23708153915689,1.16243769334723,6,20,0.5,0.075,68
0.99667277500795,0.996428357610206,0.997482948182525,1.08512299762918,6,20,0.5,0.075,69
1.37914632420796,1.36901614913575,1.37921250157955,1.30107669681842,6,20,0.5,0.075,70
1.25425898572155,1.25067256145489,1.25397914582605,1.31988720460876,6,20,0.5,0.075,71
1.31577720703571,1.31845957389915,1.31417948484132,1.25983637318794,6,20,0.5,0.075,72
1.12859577285008,1.12510110497814,1.13038586445685,1.15433161072821,6,20,0.5,0.075,73
1.55369956327644,1.55023671596665,1.55268785665768,1.56716141025964,6,20,0.5,0.075,74
1.31163651888068,1.30397858889315,1.30951558853636,1.29020545459483,6,20,0.5,0.075,75
1.32257454518186,1.32929359658628,1.32691921001477,1.21890724042902,6,20,0.5,0.075,76
1.19040456359382,1.19179532575128,1.19264587198716,1.17006988554649,6,20,0.5,0.075,77
1.17768095252379,1.19066477589246,1.17770638878274,1.16524039705071,6,20,0.5,0.075,78
1.34819665560637,1.35855198257136,1.34786499924816,1.16921885910133,6,20,0.5,0.075,79
1.32515616300064,1.32416446502301,1.32506125868043,1.29713688899915,6,20,0.5,0.075,80
1.25837216379569,1.25378320832965,1.2578603968434,1.28862272254809,6,20,0.5,0.075,81
1.19198062505704,1.18780414284125,1.18886072581472,1.1759122094092,6,20,0.5,0.075,82
1.07578640456419,1.06660025429812,1.07479115923672,1.11784399286979,6,20,0.5,0.075,83
1.11676502429901,1.11244462924955,1.11693891764217,1.14287544905947,6,20,0.5,0.075,84
1.28756967294929,1.28529664005372,1.28703368117527,1.19670819772364,6,20,0.5,0.075,85
1.26561984624957,1.26602939048649,1.26738383400493,1.20432710536623,6,20,0.5,0.075,86
1.39950834192324,1.39945191088284,1.40272279403488,1.31834212952128,6,20,0.5,0.075,87
1.57933440349823,1.57062545831116,1.57771163100238,1.39574997355154,6,20,0.5,0.075,88
1.29267997827407,1.29637368621843,1.29369291391533,1.24534616231396,6,20,0.5,0.075,89
1.09895607339674,1.09665342075946,1.09710081511415,1.1103811667902,6,20,0.5,0.075,90
1.37790451771533,1.38107521265541,1.3759139426359,1.3522487592446,6,20,0.5,0.075,91
1.1265210477376,1.12424695836675,1.12785110867763,1.14142971786993,6,20,0.5,0.075,92
1.03802799478679,1.03924441173946,1.03853633385486,1.14441455025494,6,20,0.5,0.075,93
1.28730408953017,1.28523595420496,1.29481589675046,1.33604137268457,6,20,0.5,0.075,94
1.27362005903485,1.27578959889175,1.27369074539177,1.36486943910757,6,20,0.5,0.075,95
1.18572395108771,1.19187413893208,1.18750356586039,1.13062566259691,6,20,0.5,0.075,96
1.09431802028371,1.09678033998856,1.09230589961433,1.16254493289142,6,20,0.5,0.075,97
1.21910577170321,1.21856019765503,1.2214510970967,1.27396385340932,6,20,0.5,0.075,98
1.2506003394688,1.24703907170248,1.25067406420629,1.28515299901954,6,20,0.5,0.075,99
1.05256534651139,1.06589427440065,1.05255696552278,1.13786714463971,6,20,0.5,0.075,100
1.09085128968104,1.09047879428244,1.0894951008973,1.09328239266707,6,20,0.5,0.075,101
1.1790618849569,1.177350094,1.17966219801489,1.22968796482553,6,20,0.5,0.075,102
1.26458435529056,1.2491173843022,1.26388336869452,1.34059716640313,6,20,0.5,0.075,103
1.36803873624857,1.36894840799859,1.37233261098132,1.2354900705013,6,20,0.5,0.075,104
1.36579727716785,1.38717670577669,1.36726268061737,1.24772932556807,6,20,0.5,0.075,105
1.36728011627632,1.38073528715449,1.36566825998652,1.25691933442085,6,20,0.5,0.075,106
1.12488007458575,1.11266288730053,1.1247504822004,1.16485126322629,6,20,0.5,0.075,107
1.25776903766098,1.25455392845404,1.25989820696719,1.25576291165594,6,20,0.5,0.075,108
1.0988357290355,1.09472571210151,1.10182160136213,1.19777870928579,6,20,0.5,0.075,109
1.13322825895006,1.13898758795495,1.13470980770665,1.16536150442119,6,20,0.5,0.075,110
1.45842335611974,1.45948197395337,1.45925608691437,1.4880847691452,6,20,0.5,0.075,111
1.26306376354314,1.27324130734146,1.26174637619296,1.22880119785775,6,20,0.5,0.075,112
1.34891850209576,1.32538914693473,1.35266926311891,1.31734222255949,6,20,0.5,0.075,113
1.21231234070136,1.2086284741434,1.21355358109987,1.18051106417624,6,20,0.5,0.075,114
1.38487556005524,1.38191800144885,1.38307064164405,1.44654245231509,6,20,0.5,0.075,115
1.02888273999317,1.01208949249871,1.03140260395395,1.10328973091701,6,20,0.5,0.075,116
1.86367543993571,1.86933879188095,1.86334721767126,1.77007782104919,6,20,0.5,0.075,117
1.25462848388893,1.25165908075431,1.25226884427313,1.16054024736124,6,20,0.5,0.075,118
1.30578068386347,1.30369311806334,1.304553411788,1.28834376772746,6,20,0.5,0.075,119
1.36113200209049,1.37086272238214,1.35802639856997,1.13931729282413,6,20,0.5,0.075,120
1.69004855100209,1.70084781032404,1.69153230092885,1.51314369217399,6,20,0.5,0.075,121
1.23370391291971,1.22053864071551,1.23536008242147,1.1147391986954,6,20,0.5,0.075,122
1.22030012009383,1.24680373685182,1.22225817796789,1.11204039251054,6,20,0.5,0.075,123
1.25090144496153,1.23878614387086,1.2481181192205,1.10991175447499,6,20,0.5,0.075,124
1.59428245484592,1.59897406389306,1.59480032603055,1.47125062843433,6,20,0.5,0.075,125
1.24422425100636,1.23208443567527,1.24109912258462,1.24839008442087,6,20,0.5,0.075,126
1.24053071561628,1.23941696486726,1.23994734223302,1.22528203172906,6,20,0.5,0.075,127
1.29134144058779,1.28960935925722,1.29176809878863,1.21652375623354,6,20,0.5,0.075,128
1.30551074232668,1.32399368939902,1.30651557879921,1.44018619370865,6,20,0.5,0.075,129
1.3534180771364,1.35269866047584,1.35381808906503,1.22523860675083,6,20,0.5,0.075,130
1.0388585339125,1.03186171068799,1.03885877036176,1.18812655543903,6,20,0.5,0.075,131
1.28032355357552,1.27636222622948,1.2797186166366,1.27725705169632,6,20,0.5,0.075,132
1.23991790003648,1.23576135945834,1.23937016774068,1.17066421875752,6,20,0.5,0.075,133
1.44181736646682,1.43301745131994,1.44632462447684,1.5672592367497,6,20,0.5,0.075,134
1.0253842080706,1.0262791953838,1.02687914996965,1.15257968604609,6,20,0.5,0.075,135
1.23480268969597,1.23688254887127,1.23494441673701,1.14176129374426,6,20,0.5,0.075,136
1.1957951034929,1.19360199153181,1.19751131565734,1.16046844297548,6,20,0.5,0.075,137
1.11108949396248,1.11350562077027,1.11372680208597,1.18931299496601,6,20,0.5,0.075,138
0.943233911086847,0.947767292424441,0.942331864049278,1.09649705224093,6,20,0.5,0.075,139
0.983770300984064,0.988736385907081,0.982342459041679,1.18953925618735,6,20,0.5,0.075,140
1.3701150732845,1.36422315067379,1.37168654383332,1.35446813383421,6,20,0.5,0.075,141
1.664406950684,1.66040383746871,1.66621403833673,1.49843966705688,6,20,0.5,0.075,142
1.8912840094926,1.888278000588,1.89028207187902,1.89407869251208,6,20,0.5,0.075,143
1.25703546957419,1.25343149077359,1.2559464162029,1.28011680229456,6,20,0.5,0.075,144
0.995780566123999,0.998144049592334,0.994675833014765,1.13915622109554,6,20,0.5,0.075,145
1.24578370031217,1.25701047730657,1.24292731571003,1.2115834543588,6,20,0.5,0.075,146
1.35175412696558,1.33438802527682,1.34948549412779,1.44154304171247,6,20,0.5,0.075,147
1.21996192686487,1.22117952383009,1.22400649117783,1.14365638311738,6,20,0.5,0.075,148
1.20031466837433,1.2043717522753,1.20137609856015,1.12822872131991,6,20,0.5,0.075,149
1.34146509135534,1.33525514292561,1.3444577708165,1.32035267781109,6,20,0.5,0.075,150
1.43251724762146,1.44119662057528,1.43389181109124,1.41504962858026,6,20,0.5,0.075,151
1.06210320108489,1.05946230684604,1.06174807423798,1.15607725444665,6,20,0.5,0.075,152
1.35943013282614,1.34202876223923,1.36398324777358,1.19866087724839,6,20,0.5,0.075,153
1.02798783961903,1.04809434076422,1.03015523815985,1.20274474877194,6,20,0.5,0.075,154
1.04644268951858,1.04671428968209,1.045703843168,1.10930078846792,6,20,0.5,0.075,155
1.26917268843463,1.25458624117354,1.26684058775426,1.22361100052201,6,20,0.5,0.075,156
1.26934013477726,1.28455008090843,1.27284792302034,1.22665372715153,6,20,0.5,0.075,157
1.32845157180321,1.32489245645099,1.32877054630324,1.2468718282618,6,20,0.5,0.075,158
1.09574009074345,1.09816269548087,1.09584259387939,1.17264087224933,6,20,0.5,0.075,159
1.12305474971123,1.12603863596781,1.12396181843116,1.11973673324873,6,20,0.5,0.075,160
1.43971744674112,1.43643832948672,1.44801052957605,1.33593914188954,6,20,0.5,0.075,161
1.06080754913535,1.06772853329088,1.06215806714715,1.15664996216971,6,20,0.5,0.075,162
1.1573728208302,1.15154096907224,1.15857044772018,1.18764026966837,6,20,0.5,0.075,163
1.29398691373128,1.29434899557178,1.29393032984727,1.2258200283,6,20,0.5,0.075,164
1.31838622630557,1.33135823659018,1.31858104603648,1.39378209026379,6,20,0.5,0.075,165
1.30748255443481,1.30357019474754,1.30732702357579,1.21046031108512,6,20,0.5,0.075,166
1.16128728933483,1.16026112401166,1.16104241481169,1.21929710855238,6,20,0.5,0.075,167
1.03236389788923,1.04018642562374,1.03473308950462,1.16560871460903,6,20,0.5,0.075,168
1.40141312560958,1.39317708540464,1.40236764239363,1.30651466887179,6,20,0.5,0.075,169
1.22034753252396,1.20169533478716,1.2198300405415,1.10268221703854,6,20,0.5,0.075,170
1.14475442806628,1.15136539263175,1.14554591568555,1.17027123232587,6,20,0.5,0.075,171
1.15458298178612,1.15208611129765,1.15936006006313,1.09686700292429,6,20,0.5,0.075,172
1.39259397677066,1.37714216447244,1.39353397150707,1.26054950790193,6,20,0.5,0.075,173
1.48280395940303,1.46659232762558,1.48543633567899,1.28115776296895,6,20,0.5,0.075,174
1.20100676480241,1.21381823182943,1.2002004151463,1.20225242368342,6,20,0.5,0.075,175
1.24407769902625,1.25194673274985,1.2421865448166,1.25708270525919,6,20,0.5,0.075,176
1.4494900503061,1.43845613065739,1.44392631437055,1.36286667657325,6,20,0.5,0.075,177
1.36775316520539,1.36145814629373,1.36832302003291,1.36795980129489,6,20,0.5,0.075,178
1.05984209131042,1.05531175140619,1.0605392305375,1.18173878717742,6,20,0.5,0.075,179
1.03717784897506,1.04258073740252,1.03574750319483,1.16658847482797,6,20,0.5,0.075,180
1.49817875330829,1.48476607550074,1.49008310566463,1.61523174494701,6,20,0.5,0.075,181
1.19721706762458,1.1987047464576,1.19918734529049,1.25684782997756,6,20,0.5,0.075,182
0.982025935282181,0.9928794677932,0.984168170480067,1.1371320209437,6,20,0.5,0.075,183
1.05079296182933,1.046367347977,1.05094776979666,1.19424495643738,6,20,0.5,0.075,184
1.32972809466963,1.3509511288568,1.32775279293328,1.24818131218106,6,20,0.5,0.075,185
1.2691820726219,1.2769954004545,1.26771483820488,1.29340742726886,6,20,0.5,0.075,186
1.04670637736947,1.03733319569947,1.04511739549053,1.26400683974809,6,20,0.5,0.075,187
1.38149209219942,1.37745313770617,1.37389799114856,1.48381516717343,6,20,0.5,0.075,188
1.3637484327295,1.34238892600533,1.36496826812527,1.39904173804163,6,20,0.5,0.075,189
1.38950680786346,1.3905720056038,1.38878787175094,1.39236128084862,6,20,0.5,0.075,190
1.15174755447445,1.15626693656048,1.14689633425215,1.11996778923291,6,20,0.5,0.075,191
1.28010010880328,1.28769050825203,1.28196176542741,1.34108628922795,6,20,0.5,0.075,192
0.987653146421372,0.990693321100394,0.987402221875535,1.28360811810557,6,20,0.5,0.075,193
1.22607222851207,1.22882856121483,1.22209508125658,1.10289756553901,6,20,0.5,0.075,194
1.27918721563962,1.28246247010338,1.27861155615116,1.27561697034981,6,20,0.5,0.075,195
0.891819835619523,0.887556926906187,0.890459054985748,1.08868475967243,6,20,0.5,0.075,196
1.23040714057597,1.23806459909607,1.2258820856586,1.14555928364003,6,20,0.5,0.075,197
1.48232722945595,1.49213020465868,1.48666337167733,1.15799816410927,6,20,0.5,0.075,198
1.13015421030582,1.11991459877935,1.12677464581771,1.30906385674064,6,20,0.5,0.075,199
1.22119115384518,1.22320276382776,1.22171856710552,1.14968742033328,6,20,0.5,0.075,200
1.26089255175558,1.25980340113057,1.26111737853696,1.49595653495342,7,5,1,0.3,1
1.17946200561217,1.13337313062797,1.18055852564444,1.35423816580523,7,5,1,0.3,2
1.78330442684668,1.77872389401208,1.78237530606464,2.18416669131788,7,5,1,0.3,3
0.980071212027028,0.975276917184838,0.986924782071422,1.11679540101145,7,5,1,0.3,4
2.37146233359545,2.36793421879289,2.36740300540335,2.14414770642256,7,5,1,0.3,5
1.63627787637709,1.63688153344315,1.63432876640768,1.29974829758818,7,5,1,0.3,6
1.54998792102532,1.54890976893007,1.54771758647266,1.28715386158675,7,5,1,0.3,7
2.60054531244925,2.59595634456038,2.59965165628384,2.28426871778081,7,5,1,0.3,8
1.56266141319134,1.57476176443592,1.56131719825102,1.6197253179972,7,5,1,0.3,9
1.57251106215679,1.56717703727547,1.57101952316277,1.41741254479545,7,5,1,0.3,10
2.0063392465783,2.01014462223413,2.00309681886299,1.93177541300243,7,5,1,0.3,11
1.25218395130758,1.24054081349409,1.25113009365638,1.20623374100934,7,5,1,0.3,12
1.33091479408749,1.33291080585212,1.33340540736535,1.19000006655846,7,5,1,0.3,13
1.59767927862545,1.60674844681988,1.59646220562901,1.45712839039289,7,5,1,0.3,14
1.89663944542089,1.91136115788725,1.89837859057239,1.75732850270044,7,5,1,0.3,15
1.2598333257016,1.24790971974784,1.25961718615556,1.50388519843039,7,5,1,0.3,16
1.34579012309006,1.33098782654066,1.34558619845669,1.24313331136667,7,5,1,0.3,17
1.51549075253953,1.52659539524085,1.51132390895787,1.46200306812618,7,5,1,0.3,18
1.66630227961296,1.66367201996462,1.66892345988605,1.56897774386787,7,5,1,0.3,19
1.11527004101427,1.12440713707343,1.11537058750249,1.20235705007178,7,5,1,0.3,20
1.31750346541409,1.31701117808245,1.32200183353772,1.87642574358258,7,5,1,0.3,21
1.41674518329696,1.41212558083846,1.42485834422647,1.61047678357019,7,5,1,0.3,22
1.65570437994099,1.65409947964977,1.65464448080441,1.6841679826347,7,5,1,0.3,23
1.09943656311219,1.09833626382011,1.09960553851438,1.10069639650387,7,5,1,0.3,24
2.21611344506735,2.20984507779159,2.22593921897288,2.17248590203742,7,5,1,0.3,25
1.50776812147367,1.49972197602083,1.50820123702603,1.47213249932621,7,5,1,0.3,26
1.16570268686942,1.1668990303975,1.16461856859684,1.15386051510339,7,5,1,0.3,27
1.26524373556973,1.28274239181816,1.26662156950528,1.53306894722315,7,5,1,0.3,28
2.83008158280525,2.83999572838093,2.82351087150832,2.57718574084651,7,5,1,0.3,29
2.44799851617644,2.44036693988732,2.44841239631144,2.37165228490086,7,5,1,0.3,30
3.03322890892539,3.03049400266895,3.0332936576898,3.02092286881396,7,5,1,0.3,31
2.14283916516459,2.15335857583859,2.1381600192757,2.22371158831881,7,5,1,0.3,32
1.21830837244728,1.22076017917016,1.22085118147866,1.14309237039249,7,5,1,0.3,33
2.25311331174826,2.24731926262371,2.25001206789591,2.21795509330882,7,5,1,0.3,34
1.11751575280248,1.1275731347916,1.11590857846962,1.29792515956426,7,5,1,0.3,35
1.10957495717415,1.11082889181471,1.10855673567032,1.39035270585343,7,5,1,0.3,36
1.29605512091066,1.32663633463153,1.29838737269581,1.28364655405921,7,5,1,0.3,37
1.62842792308148,1.62867029764568,1.62029339932546,1.56762001351944,7,5,1,0.3,38
2.0724892744968,2.05340786181135,2.07798370322241,1.80152982308701,7,5,1,0.3,39
1.81768608298149,1.83457475246231,1.81565580460416,1.92819600000408,7,5,1,0.3,40
1.96584412704615,1.95894297756691,1.96072286732815,1.78763699261267,7,5,1,0.3,41
1.08376545415577,1.09160074269416,1.08163834052898,1.2948879397047,7,5,1,0.3,42
1.69174140122357,1.67589349114492,1.67838767048756,1.47989086430103,7,5,1,0.3,43
1.38686077594504,1.38541868801148,1.38218332428609,1.39154726690385,7,5,1,0.3,44
1.44901643965614,1.44400826372184,1.44758393388656,1.36103941054062,7,5,1,0.3,45
2.48605914665346,2.48622841769118,2.4878605706152,2.48813298293065,7,5,1,0.3,46
1.61355821722546,1.60910979568869,1.61339823390112,1.30889086772267,7,5,1,0.3,47
2.11429296958735,2.11415215271905,2.11409605621778,1.88267582756436,7,5,1,0.3,48
0.976551096197962,0.97072171662623,0.975393209614102,1.09453267132895,7,5,1,0.3,49
1.7726314718968,1.7649046731394,1.7757592246648,1.3485947405322,7,5,1,0.3,50
1.56056724134016,1.54747229630924,1.56549989012381,1.29580242688775,7,5,1,0.3,51
1.52020158348288,1.53482679299655,1.50435500513513,1.66279090156477,7,5,1,0.3,52
1.5363091162474,1.53156511125868,1.55485515424647,1.53286596137078,7,5,1,0.3,53
2.47749782490551,2.5044832590929,2.45109802095043,2.47831948111247,7,5,1,0.3,54
3.61009613682606,3.60572270707905,3.62008384364985,2.70797969718364,7,5,1,0.3,55
1.42508486346692,1.40510432251052,1.4254200631565,1.24673410457558,7,5,1,0.3,56
2.74636906529033,2.74471804454196,2.74720263639543,2.739494549212,7,5,1,0.3,57
1.01386905924998,1.01640914333128,1.01724134946946,1.33150641618908,7,5,1,0.3,58
1.3397105818747,1.34096927087683,1.33516204622219,1.41670630096642,7,5,1,0.3,59
1.38872104360793,1.38278587646386,1.38588132269709,1.27315268435272,7,5,1,0.3,60
1.76774295663538,1.76882694198323,1.75619322768795,1.54132978485372,7,5,1,0.3,61
1.20906518279622,1.2144791639173,1.21134369581949,1.40096198409651,7,5,1,0.3,62
1.66907429798798,1.66692049481697,1.66996736311549,1.59060224365668,7,5,1,0.3,63
1.39563183808669,1.38155497464693,1.41856068165791,1.30977616432356,7,5,1,0.3,64
1.64128258103706,1.63990908604396,1.638156659176,1.57740804290231,7,5,1,0.3,65
1.06200099424027,1.07070032384903,1.06044144955672,1.08764605965548,7,5,1,0.3,66
0.788294168642397,0.786418439066249,0.790395351800282,1.24299625168576,7,5,1,0.3,67
1.34922498064324,1.35088035550833,1.34885763974246,1.33930696097934,7,5,1,0.3,68
1.17752259240697,1.17490929645805,1.18184655442336,1.41935552241683,7,5,1,0.3,69
3.06731079871784,3.06206813161305,3.07594915248566,3.12217472097976,7,5,1,0.3,70
2.7389778745201,2.73585854902251,2.73971728119171,2.36601158130991,7,5,1,0.3,71
1.41339825282611,1.41656986468424,1.41035606269253,1.6462908366959,7,5,1,0.3,72
1.75415821882598,1.75597202042544,1.75494633545223,1.44569875976735,7,5,1,0.3,73
1.06793451458783,1.07112128409413,1.07108432313884,1.35530694051174,7,5,1,0.3,74
1.59667451991128,1.5936487476314,1.59582531367881,1.59561536335946,7,5,1,0.3,75
1.81170245916472,1.79733689497732,1.81178890435172,1.5054823864741,7,5,1,0.3,76
1.47266591415083,1.46798595882316,1.47988144749484,1.54466017392116,7,5,1,0.3,77
1.35544520622227,1.34053825595589,1.34860859233224,1.40773313161943,7,5,1,0.3,78
1.60193094624651,1.62141159715215,1.6034289502476,1.51203640761052,7,5,1,0.3,79
1.50464953662564,1.50002694829438,1.50346583567397,1.20269829451621,7,5,1,0.3,80
1.40875632037062,1.40441168423072,1.39942050478559,1.79348907594835,7,5,1,0.3,81
1.8222443753311,1.81656457672675,1.82337764602843,2.06805765159963,7,5,1,0.3,82
1.48384623175942,1.48037483987419,1.48393277736238,1.27797170428921,7,5,1,0.3,83
0.975572604628061,0.978370937995079,0.974413836119229,1.03111375945059,7,5,1,0.3,84
0.927683195062926,0.927835201586703,0.927591019209614,1.31229274819096,7,5,1,0.3,85
1.9182638795148,1.93318617245421,1.9178068335913,2.03599161342017,7,5,1,0.3,86
1.22611164803555,1.22275233737518,1.2266974172235,1.25163002241093,7,5,1,0.3,87
1.63552631985047,1.62840492988009,1.62750859223282,1.31843347336804,7,5,1,0.3,88
1.06380198616671,1.05970125790237,1.06533528342064,1.24084282760842,7,5,1,0.3,89
1.48218914433481,1.4865737849144,1.47812461639924,1.33609947257509,7,5,1,0.3,90
1.56314063407774,1.5513859986414,1.58382820836072,1.61144748658578,7,5,1,0.3,91
1.23599271115403,1.23099942267547,1.23950830337205,1.45439499256717,7,5,1,0.3,92
1.59575364769127,1.60657676703055,1.60075629821345,1.47018873834389,7,5,1,0.3,93
1.14192347001658,1.12995557865453,1.14009456164543,1.12538708756235,7,5,1,0.3,94
1.26466312525988,1.22940333489174,1.26948134089976,1.50452526835228,7,5,1,0.3,95
1.43475843800259,1.41345530575728,1.43402395587877,1.67716618010544,7,5,1,0.3,96
1.28004910031439,1.2649142778583,1.28015624726768,1.44145359309559,7,5,1,0.3,97
2.68268228787549,2.67816976344913,2.68068802105415,2.2673144233901,7,5,1,0.3,98
0.937490507516409,0.93400345224873,0.939572555385398,1.21964213951347,7,5,1,0.3,99
1.40086152418789,1.39652272460821,1.40317315515586,1.60819149206224,7,5,1,0.3,100
1.6654803096554,1.66291187432395,1.66304027174851,1.67207382557686,7,5,1,0.3,101
1.7631346466563,1.76288114228478,1.76665157588508,1.94467494066227,7,5,1,0.3,102
0.780033391307253,0.781745693236418,0.785247547002018,1.11547708453723,7,5,1,0.3,103
1.69350642777102,1.69758511977239,1.69675166702971,1.55374265053802,7,5,1,0.3,104
2.11826109177521,2.12215391555816,2.10605029740973,2.23390766349722,7,5,1,0.3,105
0.836927037293597,0.84155590081092,0.834627397394924,1.27206204548077,7,5,1,0.3,106
1.53545524231442,1.54041253603035,1.53422003398103,1.53855773294677,7,5,1,0.3,107
2.08387363401491,2.08513768835804,2.0845621846534,1.6554918413091,7,5,1,0.3,108
1.76427517643604,1.77621506215825,1.76461088005884,1.51435065197992,7,5,1,0.3,109
1.15534964302963,1.15844874486707,1.15253722001783,1.18695971610384,7,5,1,0.3,110
1.33869589566663,1.34167385772597,1.3462792488853,1.32011050280204,7,5,1,0.3,111
1.91739621924974,1.92076602907058,1.90862206019813,1.54502391077123,7,5,1,0.3,112
2.68561367470334,2.69016386146566,2.68251289577448,2.69348680618472,7,5,1,0.3,113
1.32297029526767,1.32949562978755,1.32050868570952,1.13079391000833,7,5,1,0.3,114
1.47812463266605,1.47407118744966,1.4766856684526,1.27029781808606,7,5,1,0.3,115
1.23012600498776,1.21463080085601,1.23210527237879,1.70296276022655,7,5,1,0.3,116
1.32438993247204,1.3177145290457,1.32456901430226,1.39798116326833,7,5,1,0.3,117
1.13200560232077,1.13272139044073,1.1287653612794,1.15216588774389,7,5,1,0.3,118
2.46551413477676,2.46436890558957,2.4632314543056,2.12291822348906,7,5,1,0.3,119
1.25236749271928,1.24844107508378,1.25502831366663,1.55728021103395,7,5,1,0.3,120
2.30211964176785,2.30294742404227,2.30517425515426,2.72740216840772,7,5,1,0.3,121
1.02327259905457,1.03896294359962,1.02343170984651,1.20074309504705,7,5,1,0.3,122
1.84559523728141,1.84339642251462,1.84326863105822,2.098287221336,7,5,1,0.3,123
1.29635661956033,1.29066014591675,1.29728730585887,1.29831513718176,7,5,1,0.3,124
1.76697703776325,1.76592535617162,1.76843536073929,1.89806378725641,7,5,1,0.3,125
1.27985193199871,1.2814886799339,1.29020667584572,1.39199553532497,7,5,1,0.3,126
1.30439305737044,1.30666112920282,1.30443615160706,1.4296589756262,7,5,1,0.3,127
3.42173995845406,3.41935616060429,3.41897663811554,3.06478989401367,7,5,1,0.3,128
1.98680320005742,1.98990425227552,1.9838339040963,1.82643020234144,7,5,1,0.3,129
1.6610228008085,1.65393902573078,1.6592990740173,1.41468803074278,7,5,1,0.3,130
1.59291388747912,1.5974318117459,1.5913032774032,1.43976659155164,7,5,1,0.3,131
1.43082672808263,1.43652775460289,1.40848476505941,1.28020970118034,7,5,1,0.3,132
1.44112698095284,1.4512907241308,1.44337205842325,1.52565571640524,7,5,1,0.3,133
1.48667267246073,1.48427492322322,1.49538010038973,1.38983111469425,7,5,1,0.3,134
1.70261619765147,1.693925819808,1.69766044729307,1.41417523380098,7,5,1,0.3,135
1.81763953161064,1.81480497655368,1.81798633372959,1.89161467515144,7,5,1,0.3,136
1.08055880208099,1.07428239549506,1.07960559227136,1.06148118689257,7,5,1,0.3,137
1.10185893839648,1.09778014922371,1.0920926246278,1.22259334767909,7,5,1,0.3,138
1.76839601458886,1.76477326231352,1.76772297275492,1.56568633970981,7,5,1,0.3,139
1.57661686602184,1.55944122775546,1.57222288121744,1.6465225582394,7,5,1,0.3,140
1.51493864123845,1.50914553863687,1.52624014732741,1.59417296779365,7,5,1,0.3,141
0.837057386368927,0.844843670129051,0.839870392656394,1.08152026130914,7,5,1,0.3,142
2.6675213656416,2.66743225331875,2.66783101403998,2.49053691162729,7,5,1,0.3,143
1.16628654110854,1.16474503119055,1.16323384667733,1.11452712822745,7,5,1,0.3,144
2.97630901008973,2.97324120651254,2.97314982513457,2.80528679327911,7,5,1,0.3,145
1.41679166908736,1.41528197693561,1.41608019994675,1.51947445405478,7,5,1,0.3,146
0.933666477551994,0.954804596978047,0.942712192559966,1.22544865062269,7,5,1,0.3,147
1.42912846773246,1.4353849886813,1.42790139852493,1.1100903972813,7,5,1,0.3,148
1.68914493994976,1.692440188923,1.69016278732692,1.71987886700517,7,5,1,0.3,149
1.16708779231824,1.15995492493363,1.1669685433709,1.1750207683344,7,5,1,0.3,150
2.24328397989199,2.24846589025979,2.24360037620083,2.23262694736075,7,5,1,0.3,151
1.40663155477467,1.41332844794501,1.40515226483164,1.18723634253974,7,5,1,0.3,152
1.23631186664382,1.23718465971097,1.23380035176099,1.34959426482246,7,5,1,0.3,153
1.23615614271879,1.22536097478655,1.23506071516263,1.33629339767177,7,5,1,0.3,154
1.26844931216932,1.28625049839104,1.26920397344023,1.41680883404574,7,5,1,0.3,155
2.55724718227144,2.55828086814162,2.5627729051756,2.57628983994991,7,5,1,0.3,156
1.20750494206916,1.22356600517188,1.20641217826578,1.28743586631986,7,5,1,0.3,157
1.8560489282104,1.85767472516493,1.85350529632258,1.60781192854998,7,5,1,0.3,158
1.15502775910632,1.14744233802626,1.16088908113933,1.21439370873285,7,5,1,0.3,159
1.22265389867417,1.2144478387415,1.22257930437032,1.08418199433572,7,5,1,0.3,160
1.88421653570968,1.89173971387051,1.88571636101515,1.81309904015155,7,5,1,0.3,161
1.56716640613415,1.56551678401774,1.56532983104707,1.4700180560894,7,5,1,0.3,162
1.02326556882498,1.02213229537404,1.0203539408537,1.11622358291858,7,5,1,0.3,163
1.65228675733687,1.6478483599919,1.65351123917422,1.43711400314468,7,5,1,0.3,164
1.02982838308236,1.02476943742975,1.03298067202172,1.53290451456733,7,5,1,0.3,165
1.20045744683561,1.19471547033032,1.19762654791754,1.21849617682478,7,5,1,0.3,166
1.81977940501354,1.82550478754078,1.82024089677287,1.83463080005491,7,5,1,0.3,167
1.83680124580633,1.84249100424236,1.85141187336239,1.71435275645307,7,5,1,0.3,168
2.7771611382389,2.77293933998763,2.77759785016459,2.59842486952462,7,5,1,0.3,169
1.87024440237823,1.88411124054972,1.88113980882901,1.44864768775293,7,5,1,0.3,170
1.63824151767238,1.64622720143054,1.6296292244252,1.54754557477797,7,5,1,0.3,171
1.43181731950071,1.41478527754159,1.43904950325883,1.35805134481287,7,5,1,0.3,172
1.06904825257835,1.08280883224378,1.06535192915799,1.04678829784772,7,5,1,0.3,173
1.15075289329183,1.15408020232596,1.15204221089682,1.47813497600984,7,5,1,0.3,174
1.6910860266722,1.69041645310483,1.70710741026611,1.45829344494154,7,5,1,0.3,175
1.33010693718028,1.33342062606726,1.3376050761116,1.35537410528295,7,5,1,0.3,176
1.25161590860931,1.24730805008452,1.24801305870083,1.22172419026334,7,5,1,0.3,177
1.06330554425365,1.05777678566162,1.06219728379882,1.18058379163492,7,5,1,0.3,178
1.68346851733023,1.68066157550125,1.68134762888893,1.83164732456284,7,5,1,0.3,179
1.25464633251995,1.25052390390851,1.25722298080908,1.14341619569922,7,5,1,0.3,180
0.749728033943361,0.771477842698273,0.80681110821321,1.43184056404987,7,5,1,0.3,181
1.73445049146061,1.73486632362521,1.73789556700988,1.79408967014927,7,5,1,0.3,182
1.20932400649339,1.20956657097082,1.2135782108921,1.10144669999596,7,5,1,0.3,183
1.15629413283879,1.15718016423714,1.15346576417845,1.3127611482082,7,5,1,0.3,184
1.99350068641426,2.00106386808546,1.98691082892976,1.98911976536258,7,5,1,0.3,185
1.22803289527812,1.22814357342977,1.22743222167728,1.52957300629188,7,5,1,0.3,186
1.2011173033069,1.20569425355902,1.18505485976954,1.39164590018762,7,5,1,0.3,187
2.94322388864596,2.94149824504072,2.94479951098734,3.48331623962831,7,5,1,0.3,188
1.87146412248674,1.85735783673912,1.8598998837561,1.9671602728639,7,5,1,0.3,189
1.38162935088926,1.38024479735705,1.38201082195943,1.38929813820751,7,5,1,0.3,190
1.68445632889828,1.68182108254724,1.68454123761165,1.56747420965378,7,5,1,0.3,191
1.52495413503351,1.53107042767473,1.52365416054104,1.61796476231165,7,5,1,0.3,192
1.18576084915058,1.18684655851606,1.18582394245463,1.16572510189318,7,5,1,0.3,193
1.02788819457583,1.02503224499827,1.02922997091904,1.20615652807472,7,5,1,0.3,194
1.57330404154739,1.57090236546308,1.56905664552861,1.6046523456402,7,5,1,0.3,195
1.37939379694852,1.37244347606253,1.37893305324954,1.74068677944078,7,5,1,0.3,196
1.11942816359294,1.12268625240988,1.12414288956257,1.36207902316375,7,5,1,0.3,197
2.39832152785685,2.40188207818098,2.39922931351627,2.2192005186485,7,5,1,0.3,198
1.62365163489901,1.62580018644076,1.61998973088152,1.31442570044829,7,5,1,0.3,199
1.63140999471761,1.62345118365668,1.62886545899481,1.71330760963972,7,5,1,0.3,200
1.30460746019377,1.30414923544056,1.30769013372512,1.21254162218034,8,10,1,0.15,1
1.33314063338876,1.3326762642307,1.32621425753096,1.52665580695857,8,10,1,0.15,2
3.22367214920107,3.23239115841318,3.24607326280528,3.08424862435495,8,10,1,0.15,3
1.10833582230133,1.10964099303795,1.10942490703373,1.281767284572,8,10,1,0.15,4
1.09327613671521,1.09039053882962,1.09996685114853,1.18987879285318,8,10,1,0.15,5
1.14457022740089,1.15258988169373,1.14573508208986,1.2184482673133,8,10,1,0.15,6
2.25933400864338,2.26355391133996,2.25606143815463,2.17752741174451,8,10,1,0.15,7
1.53779417716857,1.53901664646517,1.53703751331018,1.27587311338603,8,10,1,0.15,8
1.30987517692401,1.30779371369021,1.30813824300584,1.1849491899375,8,10,1,0.15,9
1.24172005125928,1.23535259610019,1.24194983550554,1.23439676298319,8,10,1,0.15,10
1.61684226701421,1.61031221444581,1.61632718415254,1.42978951147627,8,10,1,0.15,11
1.28511995104336,1.27714571980502,1.28717445861617,1.37880408177034,8,10,1,0.15,12
1.72590117742368,1.73209198694938,1.7252204535981,1.67299627937246,8,10,1,0.15,13
1.18742437755313,1.18224860580421,1.18715907406555,1.2092437937143,8,10,1,0.15,14
1.74899012799161,1.74703735906147,1.74901110608663,1.46457660013597,8,10,1,0.15,15
2.7281985883041,2.72687100481472,2.7259297970982,2.23887904470366,8,10,1,0.15,16
1.53486695590171,1.53253820566166,1.53517507193684,1.52378057865363,8,10,1,0.15,17
1.0847243239935,1.08157526924147,1.09225853719127,1.25258599980044,8,10,1,0.15,18
1.50862961988491,1.49554194076405,1.50497292027184,1.50012074650519,8,10,1,0.15,19
2.11391471489113,2.12349435881828,2.11306818100154,1.84463483018595,8,10,1,0.15,20
1.3348753871844,1.33231778583627,1.33794985851019,1.30515545537811,8,10,1,0.15,21
2.14435450154099,2.14722494387775,2.14649003652527,2.3154627727899,8,10,1,0.15,22
1.61210610871572,1.61138402760791,1.61476075533909,1.60647037970289,8,10,1,0.15,23
1.29162380146921,1.28366105100129,1.29094847673104,1.201816507803,8,10,1,0.15,24
1.9441863952506,1.94197792094594,1.94826388296178,1.77052381856501,8,10,1,0.15,25
1.72367385948987,1.72538869576299,1.72200649798313,1.6726464992028,8,10,1,0.15,26
1.2184825365636,1.19609800366091,1.21931382019019,1.34463991148111,8,10,1,0.15,27
1.82918086844527,1.82074459635533,1.82929042385842,1.91372828584289,8,10,1,0.15,28
1.15484545071558,1.15223298938026,1.16043753376139,1.27713148319544,8,10,1,0.15,29
1.5024701279586,1.50981913986546,1.50505636461891,1.66439236525706,8,10,1,0.15,30
1.35706308088933,1.36534247862707,1.35374115250178,1.42581552529915,8,10,1,0.15,31
2.37812979655859,2.37443495166519,2.37892101772005,2.49676300544832,8,10,1,0.15,32
2.12824655915849,2.10576893387506,2.1325557672894,2.15650915912487,8,10,1,0.15,33
2.33304912945074,2.32970309621663,2.32700334252128,2.42258272358785,8,10,1,0.15,34
1.08822695582961,1.091432583724,1.08686677858962,1.44212214049283,8,10,1,0.15,35
2.71442133895378,2.70822651018151,2.71661366966198,2.78332997595875,8,10,1,0.15,36
1.81098984683363,1.80829816289142,1.81755234732181,1.8868682280893,8,10,1,0.15,37
1.29154323631171,1.28625608474514,1.29320215599287,1.25518964604999,8,10,1,0.15,38
1.4168584685303,1.40924019980814,1.42011890958359,1.59237049645322,8,10,1,0.15,39
1.19785305696148,1.19747055027339,1.19741346584299,1.22081951644319,8,10,1,0.15,40
1.44996034527184,1.45925100566674,1.44941664168814,1.50339529078761,8,10,1,0.15,41
1.17254837979473,1.17435649936591,1.17312745933127,1.29572360744356,8,10,1,0.15,42
1.19135804089304,1.19313899804248,1.19123458371908,1.11343685931153,8,10,1,0.15,43
1.85522686460744,1.85629468426865,1.85257246376751,1.76810691679776,8,10,1,0.15,44
2.21201012007239,2.21231539634136,2.19274138373927,1.8750710546995,8,10,1,0.15,45
1.69694632780338,1.69105980164561,1.69984888737342,1.7948756989152,8,10,1,0.15,46
1.78934095402567,1.78314259602659,1.78589938615951,1.66537627011665,8,10,1,0.15,47
1.31583007841383,1.31991453515514,1.31585619828783,1.15896390317817,8,10,1,0.15,48
1.91790323191038,1.922531707045,1.91804700750988,1.83581992414376,8,10,1,0.15,49
1.13761947002619,1.13735191891397,1.13296201458486,1.28583754143798,8,10,1,0.15,50
1.40834589556274,1.40163304714856,1.4044841002336,1.2686026728234,8,10,1,0.15,51
1.95212691106183,1.94228520578971,1.95153326882703,1.98000239511902,8,10,1,0.15,52
1.84877312757145,1.85853285362261,1.85313911836227,1.81860002097913,8,10,1,0.15,53
1.83336478117945,1.81879184271097,1.83551418553297,1.81979507666509,8,10,1,0.15,54
2.49629150110345,2.48310667192684,2.49671539780203,2.59598323010437,8,10,1,0.15,55
1.47250181975509,1.4757731109575,1.47825319380732,1.44213355846658,8,10,1,0.15,56
1.32726284078736,1.3250841718466,1.32773980856919,1.11635549906391,8,10,1,0.15,57
1.3913744288684,1.39994407904535,1.39143976467405,1.20433933802696,8,10,1,0.15,58
1.53995854100205,1.52975737368955,1.53991797960353,1.80616609743859,8,10,1,0.15,59
4.18131606588345,4.18921469237424,4.17932772259752,4.06598614836841,8,10,1,0.15,60
1.0923664703777,1.08496602667229,1.09828031590988,1.43146310303696,8,10,1,0.15,61
1.91138377204942,1.91198048242037,1.91171654302031,1.99551495386107,8,10,1,0.15,62
1.43266974644272,1.42230409296384,1.42529118611829,1.34958287530841,8,10,1,0.15,63
1.24304996447062,1.24976642966216,1.24495288362302,1.25044104515872,8,10,1,0.15,64
1.45023283838257,1.44041361350247,1.45127544428864,1.29277175530677,8,10,1,0.15,65
1.64625741614071,1.66116969052455,1.64507935397238,1.54227645777067,8,10,1,0.15,66
1.2507731345706,1.25273796185644,1.25040962499364,1.31184890895061,8,10,1,0.15,67
1.47255353831218,1.46077814540046,1.47666490014585,1.37533215924392,8,10,1,0.15,68
1.32585073812752,1.31609385745549,1.32593157142621,1.38824994250185,8,10,1,0.15,69
1.14205794792182,1.12389267464909,1.14270350017942,1.19087624424609,8,10,1,0.15,70
1.4105396043517,1.41901867467115,1.41215593913863,1.28497438400036,8,10,1,0.15,71
2.51146085996315,2.502516668919,2.51211515241715,2.19066501825119,8,10,1,0.15,72
1.24387509859044,1.25381469254617,1.24250642807856,1.13552367318885,8,10,1,0.15,73
1.45217759848819,1.44723258061567,1.45179363528151,1.54929252897914,8,10,1,0.15,74
0.963729459980409,0.959500842404178,0.963529324388302,1.29791217212666,8,10,1,0.15,75
1.61448538236439,1.60749281505148,1.61622328089136,1.37073872692013,8,10,1,0.15,76
0.92453905884043,0.919732828997638,0.927480086452178,1.34860189963387,8,10,1,0.15,77
1.34801695232493,1.34267868031981,1.34630236633009,1.43216397820623,8,10,1,0.15,78
1.92638571073238,1.92007606150878,1.92633198576485,1.74906431342209,8,10,1,0.15,79
1.24476130486474,1.25057063779098,1.24665360700536,1.37539348889657,8,10,1,0.15,80
1.093606447754,1.09978504106573,1.09313892965599,1.23769610610847,8,10,1,0.15,81
1.47053272696936,1.48277337549324,1.47155288758638,1.54420866888063,8,10,1,0.15,82
1.07982807004491,1.07358603972562,1.08586896834221,1.12503222561114,8,10,1,0.15,83
1.27464810672194,1.27469248866795,1.27101445164415,1.37965005994486,8,10,1,0.15,84
1.01257149698095,1.00138622684039,1.01266305379996,1.19475235432255,8,10,1,0.15,85
1.81536466286758,1.83345914607488,1.81306363100638,1.91447920353463,8,10,1,0.15,86
1.14042877641543,1.13259763893552,1.13915652322781,1.28605290966262,8,10,1,0.15,87
1.32468276647476,1.32743907214071,1.32290004602846,1.56573736143628,8,10,1,0.15,88
1.41732454149201,1.42532302407048,1.41486509430257,1.29205801446379,8,10,1,0.15,89
1.35587618332466,1.37032597518058,1.35586381822856,1.4648666447657,8,10,1,0.15,90
1.22439146621424,1.21699652858513,1.23370388228109,1.33483192084119,8,10,1,0.15,91
1.02569659435062,1.0610382574012,1.0248347411425,1.30347208864802,8,10,1,0.15,92
1.00161910066824,1.00107488626136,1.00229912556153,1.23911521292075,8,10,1,0.15,93
1.51577564551669,1.52081411911995,1.51794405058241,1.49054712423741,8,10,1,0.15,94
1.31512337540555,1.31862702260494,1.31339057839319,1.24517153700066,8,10,1,0.15,95
1.32217725455663,1.32854948625773,1.32422176247258,1.35252991961039,8,10,1,0.15,96
1.28674192151787,1.2914212835379,1.28813174471475,1.48798586311938,8,10,1,0.15,97
1.26570746605956,1.25812067361383,1.26568060563828,1.45349989487014,8,10,1,0.15,98
1.18041030312505,1.18227567573438,1.19323870383484,1.29192021232486,8,10,1,0.15,99
2.27144027317751,2.25384249747015,2.27534749564973,1.97968532245267,8,10,1,0.15,100
1.7976621862725,1.79400624728096,1.79552826960008,1.70886469652629,8,10,1,0.15,101
1.6172692742595,1.62453036163984,1.6151898535502,1.61493339678306,8,10,1,0.15,102
1.46416061957677,1.46287951170968,1.46369175886537,1.59261815391338,8,10,1,0.15,103
1.24667196991386,1.25010424121685,1.24583664273022,1.24373157463325,8,10,1,0.15,104
1.3471014976949,1.34797119862534,1.34748550671763,1.40231271170356,8,10,1,0.15,105
1.33503275952161,1.33652259691274,1.33522357345973,1.40513294793027,8,10,1,0.15,106
1.6847738668673,1.67865681409479,1.68836777499417,1.57869626368081,8,10,1,0.15,107
1.40909804453873,1.41302681816594,1.40940237433578,1.27318280090372,8,10,1,0.15,108
1.76713196915139,1.76955886785225,1.76979177064183,1.7287738081298,8,10,1,0.15,109
2.18403027223292,2.1841810030404,2.1838418649319,2.36171748664523,8,10,1,0.15,110
1.76357299448497,1.75971169562786,1.76114223678783,1.72787825586985,8,10,1,0.15,111
2.39235948405571,2.39048386287582,2.38459968553342,2.29285907690829,8,10,1,0.15,112
1.58079882411255,1.56760898805964,1.59638930230622,1.36980735195648,8,10,1,0.15,113
2.3882257726233,2.38989820413428,2.38879817330621,2.18549002075925,8,10,1,0.15,114
1.42911189572834,1.42459605604717,1.42677834739478,1.46979735967519,8,10,1,0.15,115
1.05465519028705,1.05582152727207,1.05406269931063,1.20865100401281,8,10,1,0.15,116
1.09106792437004,1.0901366756207,1.09323044821999,1.23191585446432,8,10,1,0.15,117
2.07034313914266,2.06888381003297,2.0703186302212,2.33993587242701,8,10,1,0.15,118
1.31593038217045,1.32614421107365,1.31784670722905,1.48642811773038,8,10,1,0.15,119
1.35973649950258,1.37251707569039,1.35760211821871,1.53974596023943,8,10,1,0.15,120
1.1751268341004,1.17560743622269,1.17484326751462,1.25786571645521,8,10,1,0.15,121
1.58156616998066,1.57621479411474,1.58123070995942,1.34443190636551,8,10,1,0.15,122
1.24640459904837,1.2307255483594,1.24531476815631,1.08935410487451,8,10,1,0.15,123
1.74021335311448,1.73768395476692,1.74203324007772,1.67484062539733,8,10,1,0.15,124
1.01344291480984,1.01091498678142,1.01292264414844,1.14442995062272,8,10,1,0.15,125
1.23928677440009,1.22879320342357,1.2398691334941,1.30534110786268,8,10,1,0.15,126
1.51549668271793,1.51071719573156,1.51747008571441,1.36990237845583,8,10,1,0.15,127
1.2015756375902,1.20641156989138,1.19805461408875,1.45878437364688,8,10,1,0.15,128
1.45225214311477,1.45289712828612,1.45468666012648,1.7529861594488,8,10,1,0.15,129
1.30214542995748,1.29991701837105,1.30059500831443,1.63209279857588,8,10,1,0.15,130
1.15422574933606,1.14778121435454,1.15328411263337,1.34819954094005,8,10,1,0.15,131
1.9324035399043,1.92122005035974,1.93294696088787,2.0362558509177,8,10,1,0.15,132
1.93522547646,1.92579691487851,1.93776871850634,1.85489823438144,8,10,1,0.15,133
1.71889177761739,1.71644649358181,1.72167779516807,1.55521711685281,8,10,1,0.15,134
1.46587651688609,1.47049874090321,1.46762668450851,1.36206902383961,8,10,1,0.15,135
1.20989145862569,1.20811652957314,1.20575956513197,1.30544319041609,8,10,1,0.15,136
1.52077396644734,1.52474543798808,1.52115636497203,1.46381821409865,8,10,1,0.15,137
1.13708202424058,1.13961466220558,1.13919365703448,1.35993060771547,8,10,1,0.15,138
2.69536158349829,2.69231977328358,2.69380840820865,3.04179091653185,8,10,1,0.15,139
1.06557732203982,1.05908237350322,1.06367609503434,1.11083004318799,8,10,1,0.15,140
1.23048672136077,1.22456062450432,1.23120285872132,1.18616855195644,8,10,1,0.15,141
1.15653875685886,1.15063879506651,1.15846145483827,1.18242156869462,8,10,1,0.15,142
1.83842149496492,1.83573208748742,1.84080377712555,1.60517990897085,8,10,1,0.15,143
1.33022383822694,1.32162417751362,1.32733659859222,1.41005001266796,8,10,1,0.15,144
1.61719115603087,1.62079327841154,1.61915473399236,1.54117620461786,8,10,1,0.15,145
1.90830379026976,1.93745784348093,1.91005366912737,1.77572194438218,8,10,1,0.15,146
1.23813237139577,1.23807539346678,1.25203816952712,1.34009493098578,8,10,1,0.15,147
1.07440077135537,1.06351996444236,1.07471910848195,1.18801008406851,8,10,1,0.15,148
1.92073975268536,1.93259755550576,1.92277914082812,1.79059889878326,8,10,1,0.15,149
1.06999642112153,1.08803782989785,1.07335581103527,1.28400931817664,8,10,1,0.15,150
2.18436866000635,2.18687596467129,2.1975283967108,2.1275784022599,8,10,1,0.15,151
1.64712772187621,1.64310716732689,1.64867322977213,1.57182732814842,8,10,1,0.15,152
1.2717068952779,1.26511615929436,1.2690379560737,1.19988701377108,8,10,1,0.15,153
1.21179160009485,1.2092701316447,1.21909927151742,1.31563925751736,8,10,1,0.15,154
1.58811531661978,1.58179654254612,1.58743430892782,1.42535465861124,8,10,1,0.15,155
0.871256861043682,0.879098906153818,0.873820536139741,1.2095916285504,8,10,1,0.15,156
1.82014527701314,1.81764537321373,1.81806320241858,1.84042242581667,8,10,1,0.15,157
1.48363814078147,1.46815069229338,1.48370335678154,1.2795946531545,8,10,1,0.15,158
1.66235987055851,1.65798775626078,1.65996999056556,1.57362804690014,8,10,1,0.15,159
1.53446811549999,1.53827957192457,1.53494901776542,1.44934770305758,8,10,1,0.15,160
1.22072005240026,1.23386511273927,1.22366460761072,1.32817815954215,8,10,1,0.15,161
1.69655553720339,1.69322363487504,1.70107188222727,1.5497877801407,8,10,1,0.15,162
1.49607419953151,1.49354420355686,1.49422087101271,1.51058510207306,8,10,1,0.15,163
1.28981225845789,1.30304318820509,1.29031778820272,1.31172470266401,8,10,1,0.15,164
0.718721509425276,0.714201726346678,0.719608425216329,1.07767701099759,8,10,1,0.15,165
1.57412729809403,1.56941078510003,1.57420218309682,1.43047622469573,8,10,1,0.15,166
1.11777594867463,1.11597708003877,1.11933259680501,1.21357258684181,8,10,1,0.15,167
1.59132368517646,1.58700290191451,1.59199395642817,1.4385494953585,8,10,1,0.15,168
1.58979225261685,1.59094320700548,1.59013838775671,1.73294024602818,8,10,1,0.15,169
1.39741469192333,1.40283512712871,1.39645508398695,1.31182440249389,8,10,1,0.15,170
1.34424603515884,1.33614470391786,1.34449977355835,1.27345146234197,8,10,1,0.15,171
1.16502353790684,1.16357175352666,1.16548621933564,1.30650341173939,8,10,1,0.15,172
1.23840330509051,1.23237315147316,1.24020317829864,1.28141237125763,8,10,1,0.15,173
1.17831137699783,1.17692891803792,1.18079786944305,1.18776543653969,8,10,1,0.15,174
1.15881866768462,1.1522005917514,1.14895496447137,1.28002915337782,8,10,1,0.15,175
1.25395396700234,1.25973134180123,1.25365728912856,1.43192445213915,8,10,1,0.15,176
1.36944927211906,1.36812144943563,1.36648705084386,1.53686445029981,8,10,1,0.15,177
1.41462101119584,1.42014562334397,1.41237587005882,1.4001639415417,8,10,1,0.15,178
1.87873926102557,1.88385870530402,1.87755091437467,1.6692583733583,8,10,1,0.15,179
1.52347613491604,1.53070881255303,1.52241431799197,1.43257103579028,8,10,1,0.15,180
1.31811437048955,1.32077264243122,1.31619225004611,1.37049688104386,8,10,1,0.15,181
1.09483221965754,1.0920643792495,1.0980631797511,1.20412429203059,8,10,1,0.15,182
1.81562263431965,1.79935434140093,1.81967830331608,1.61522823162936,8,10,1,0.15,183
1.46584859045443,1.46679053435009,1.46569937349453,1.437497928349,8,10,1,0.15,184
1.43570655323905,1.44226296791128,1.43227417135889,1.47140122525915,8,10,1,0.15,185
1.60907039433265,1.62747443578367,1.61655681429246,1.69040491663981,8,10,1,0.15,186
2.46184996851536,2.46547657778859,2.45867399647599,2.425413210466,8,10,1,0.15,187
1.08987241534547,1.08730336636181,1.08799708729686,1.20181996512409,8,10,1,0.15,188
1.04541339907659,1.06602390201208,1.04428940104861,1.23647778496332,8,10,1,0.15,189
1.67175188218166,1.67176461121894,1.67255980343581,1.50142778226255,8,10,1,0.15,190
1.27618696128944,1.26896761470794,1.27855348675113,1.30782246099055,8,10,1,0.15,191
1.50783862848646,1.5130777996363,1.50690751134491,1.51576088688668,8,10,1,0.15,192
2.06998395551307,2.07572016008397,2.07264895401139,1.96784787713837,8,10,1,0.15,193
1.77219923254681,1.76196714221414,1.77209650670937,1.86171070563729,8,10,1,0.15,194
1.39958898887715,1.39385726278073,1.39737004023546,1.37810414248385,8,10,1,0.15,195
2.54530864538154,2.54549106418612,2.54535850514498,2.52390305043156,8,10,1,0.15,196
1.10640922463804,1.11657278438557,1.11373801411023,1.23933188870259,8,10,1,0.15,197
1.75929555694283,1.76236944885738,1.75714749969042,1.73503840157326,8,10,1,0.15,198
1.40840114919384,1.4098499677356,1.41389935025055,1.427036252287,8,10,1,0.15,199
1.0897713263222,1.09764137403859,1.09047680769664,1.12338039718905,8,10,1,0.15,200
1.23593551337906,1.22668897457881,1.23700789872476,1.2882924492273,9,20,1,0.075,1
1.35219538581905,1.34922750075211,1.35429672984413,1.3835748173543,9,20,1,0.075,2
1.34691513494144,1.3485744070825,1.34332169638544,1.26029028344482,9,20,1,0.075,3
1.58919089617687,1.58258722328628,1.59017430932321,1.55584917344753,9,20,1,0.075,4
1.55397792370045,1.54194657533117,1.56127900595403,1.38076508589178,9,20,1,0.075,5
1.3313339926096,1.32941773173891,1.33296136894822,1.33574212172969,9,20,1,0.075,6
1.32969692941787,1.31912002115381,1.3324121635279,1.2887448677157,9,20,1,0.075,7
1.09388400274829,1.09332224386834,1.09471858501779,1.25182059549749,9,20,1,0.075,8
1.67405528043343,1.65998497700571,1.66694225115914,1.45751946751906,9,20,1,0.075,9
1.15451798508397,1.14789960576502,1.15517605646655,1.28673322985075,9,20,1,0.075,10
1.33922181609423,1.32839046540667,1.34114677154815,1.51294370848823,9,20,1,0.075,11
1.38986498141604,1.37675329886888,1.3921660054925,1.39148375310796,9,20,1,0.075,12
1.39319118309956,1.39179413516626,1.39269035189963,1.33790989320029,9,20,1,0.075,13
1.65292209985902,1.65931377403439,1.65148960840098,1.50598656158157,9,20,1,0.075,14
1.32409156179512,1.32088511691567,1.32156570431614,1.31846409492738,9,20,1,0.075,15
1.44512959519422,1.43977215550333,1.44685617315077,1.39299624040483,9,20,1,0.075,16
1.65274474060107,1.64957055513662,1.65256168117235,1.52351813082662,9,20,1,0.075,17
1.66862767775305,1.67565665483414,1.66750559536172,1.56821137334575,9,20,1,0.075,18
1.41534896825737,1.4040531729992,1.41186376779679,1.32550716771344,9,20,1,0.075,19
1.29506592816582,1.29378917498628,1.29569858423394,1.28810392011266,9,20,1,0.075,20
1.66578845238149,1.66303723366224,1.66681079526163,1.57088329087475,9,20,1,0.075,21
1.44761899252994,1.44079297197922,1.44712385907366,1.41995292220411,9,20,1,0.075,22
1.21106672500487,1.1999360042276,1.21266579779409,1.35508242186895,9,20,1,0.075,23
2.36734703768153,2.33996745768106,2.37002949985122,2.15069675214878,9,20,1,0.075,24
1.22006569690144,1.21685969768004,1.21688331367049,1.22651549116855,9,20,1,0.075,25
1.66970920235051,1.66226818064099,1.67415111722942,1.73461077533823,9,20,1,0.075,26
1.70614657948154,1.70079900472336,1.70542142712699,1.84533589804337,9,20,1,0.075,27
1.52423698641731,1.52912864114619,1.52375049806705,1.43154887637799,9,20,1,0.075,28
1.35094348722488,1.35441874894301,1.36533268712911,1.33546479297236,9,20,1,0.075,29
2.11207437189503,2.11188376315992,2.1114006945202,2.18649067232527,9,20,1,0.075,30
1.96292883147066,1.96277468279423,1.95907123016283,2.05788395474226,9,20,1,0.075,31
1.31336896508211,1.30220650169367,1.31481003349011,1.35713672940218,9,20,1,0.075,32
1.40535980963828,1.39297332380428,1.40532300090735,1.36258520834004,9,20,1,0.075,33
1.72553791351741,1.72984046490752,1.72340039683061,1.76724926433023,9,20,1,0.075,34
1.42032148851788,1.41932924510556,1.41941867466143,1.51393284574302,9,20,1,0.075,35
1.30227298831542,1.30623403906467,1.30341057519511,1.31440224481793,9,20,1,0.075,36
1.38970128599822,1.37448607239904,1.39065180856088,1.33836143222871,9,20,1,0.075,37
1.58495279238704,1.57921671143124,1.58130292113323,1.6240149306991,9,20,1,0.075,38
1.55172559811738,1.55154154393768,1.55324514127853,1.45463986434715,9,20,1,0.075,39
1.38624106718566,1.38420971909876,1.38805564457345,1.45600222190091,9,20,1,0.075,40
1.29151016373183,1.30356392176649,1.29233971308144,1.2802073606202,9,20,1,0.075,41
1.89377877786879,1.89284125487911,1.89487089841325,1.79912772382995,9,20,1,0.075,42
1.24283337545788,1.23676110996885,1.24213675443512,1.38263896727676,9,20,1,0.075,43
1.44565598215196,1.44330554554071,1.44570642839623,1.43928174949136,9,20,1,0.075,44
1.36501792981884,1.35567705580029,1.36245257833625,1.31618353964457,9,20,1,0.075,45
1.41789304459609,1.42801982288461,1.42121816049005,1.50767484685002,9,20,1,0.075,46
1.3667480115936,1.35639536142205,1.3642858164334,1.37521640746755,9,20,1,0.075,47
1.49262703181655,1.48675786168717,1.48919986216629,1.43024375619748,9,20,1,0.075,48
2.3124037732735,2.29548886139286,2.30942490756379,2.35389456587041,9,20,1,0.075,49
1.59066961259989,1.60483384893514,1.59004399303208,1.42518215911028,9,20,1,0.075,50
1.22920260727328,1.22868677205698,1.23061765620615,1.44783047375469,9,20,1,0.075,51
1.34338765576546,1.34922537141299,1.34189484386361,1.40675760667855,9,20,1,0.075,52
1.23407729004706,1.22191584030089,1.23057207895051,1.33691103051177,9,20,1,0.075,53
1.69202109043455,1.69118421514841,1.69228347762858,1.55200515995802,9,20,1,0.075,54
1.34906627341103,1.34080084492566,1.33516856203847,1.29371697467223,9,20,1,0.075,55
1.31391508791943,1.31777973197719,1.31439801985428,1.39096341649753,9,20,1,0.075,56
1.29791670903565,1.30003448269916,1.2978485714984,1.43200110778629,9,20,1,0.075,57
1.29950644386482,1.30224933779734,1.29955096992334,1.29850761607882,9,20,1,0.075,58
1.42432583740703,1.42474269646528,1.42778453786948,1.46999197570345,9,20,1,0.075,59
1.50700132028767,1.50423858523785,1.50619524643987,1.30570519350752,9,20,1,0.075,60
1.44392541927395,1.43713825161805,1.44714321354228,1.44475452224587,9,20,1,0.075,61
1.22640262411414,1.22551634798609,1.22528303762541,1.31834435147608,9,20,1,0.075,62
1.53807234348564,1.54141930950818,1.53421987784716,1.52105339338157,9,20,1,0.075,63
1.52684576123506,1.52704116310049,1.52946835616779,1.40907703688995,9,20,1,0.075,64
1.60342042347163,1.6030341006152,1.60479887722212,1.57574733666139,9,20,1,0.075,65
1.40852670868801,1.41131180505657,1.4094920189864,1.38150857409907,9,20,1,0.075,66
1.25160009940584,1.26594591173173,1.24985419177857,1.25806809714236,9,20,1,0.075,67
1.39770611926941,1.41119155375565,1.39951923250413,1.32487538669447,9,20,1,0.075,68
1.08179577263713,1.08155135523938,1.0826059458117,1.17024599525835,9,20,1,0.075,69
1.68022302102637,1.67009284595417,1.68028919839797,1.60215339363683,9,20,1,0.075,70
1.57414619033031,1.57055976606366,1.57386635043481,1.63977440921753,9,20,1,0.075,71
1.57561358022365,1.57829594708709,1.57401585802926,1.51967274637588,9,20,1,0.075,72
1.28292738357829,1.27943271570635,1.28471747518506,1.30866322145641,9,20,1,0.075,73
2.12086097353608,2.11739812622629,2.11984926691732,2.13432282051927,9,20,1,0.075,74
1.6018419734755,1.59418404348798,1.59972104313119,1.58041090918965,9,20,1,0.075,75
1.54148178561088,1.5482008370153,1.54582645044379,1.43781448085804,9,20,1,0.075,76
1.36047444914032,1.36186521129778,1.36271575753366,1.34013977109299,9,20,1,0.075,77
1.3429213495745,1.35590517294317,1.34294678583345,1.33048079410142,9,20,1,0.075,78
1.51741551470769,1.52777084167269,1.51708385834948,1.33843771820265,9,20,1,0.075,79
1.62229305199979,1.62130135402216,1.62219814767958,1.5942737779983,9,20,1,0.075,80
1.54699488634378,1.54240593087774,1.5464831193915,1.57724544509619,9,20,1,0.075,81
1.36789283446625,1.36371635225045,1.36477293522392,1.3518244188184,9,20,1,0.075,82
1.19363039743398,1.18444424716791,1.19263515210651,1.23568798573958,9,20,1,0.075,83
1.25964047335848,1.25532007830902,1.25981436670164,1.28575089811893,9,20,1,0.075,84
1.48427787067293,1.48200483777736,1.48374187889891,1.39341639544728,9,20,1,0.075,85
1.46994695161581,1.47035649585273,1.47171093937116,1.40865421073246,9,20,1,0.075,86
1.71785047144452,1.71779404040412,1.72106492355616,1.63668425904256,9,20,1,0.075,87
1.97508437704977,1.9663754318627,1.97346160455392,1.79149994710308,9,20,1,0.075,88
1.53802614058803,1.54171984853239,1.53903907622929,1.49069232462792,9,20,1,0.075,89
1.20933724018694,1.20703458754966,1.20748198190435,1.22076233358039,9,20,1,0.075,90
1.73015327695993,1.73332397190001,1.7281627018805,1.70449751848919,9,20,1,0.075,91
1.26795076560753,1.26567667623669,1.26928082654756,1.28285943573987,9,20,1,0.075,92
1.18244254504172,1.18365896199439,1.1829508841098,1.28882910050987,9,20,1,0.075,93
1.62334546221474,1.62127732688953,1.63085726943503,1.67208274536915,9,20,1,0.075,94
1.63848949814242,1.64065903799931,1.63856018449934,1.72973887821513,9,20,1,0.075,95
1.31634961368461,1.32249980152898,1.3181292284573,1.26125132519381,9,20,1,0.075,96
1.25686295317513,1.25932527287998,1.25485083250575,1.32508986578284,9,20,1,0.075,97
1.49306962511253,1.49252405106435,1.49541495050602,1.54792770681865,9,20,1,0.075,98
1.53575333848834,1.53219207072202,1.53582706322582,1.57030599803907,9,20,1,0.075,99
1.1904324911511,1.20376141904036,1.19042411016249,1.27573428927943,9,20,1,0.075,100
1.18413368234811,1.18376118694951,1.18277749356436,1.18656478533414,9,20,1,0.075,101
1.40874984978243,1.40703805882553,1.40935016284042,1.45937592965106,9,20,1,0.075,102
1.60518152169369,1.58971455070533,1.60448053509765,1.68119433280626,9,20,1,0.075,103
1.60352880674987,1.60443847849989,1.60782268148261,1.47098014100259,9,20,1,0.075,104
1.61352660273592,1.63490603134476,1.61499200618545,1.49545865113615,9,20,1,0.075,105
1.62419945069717,1.63765462157534,1.62258759440737,1.5138386688417,9,20,1,0.075,106
1.28973133781204,1.27751415052682,1.28960174542669,1.32970252645258,9,20,1,0.075,107
1.51353194931692,1.51031684010998,1.51566111862312,1.51152582331187,9,20,1,0.075,108
1.29661443832129,1.2925044213873,1.29960031064792,1.39555741857158,9,20,1,0.075,109
1.29858976337125,1.30434909237614,1.30007131212784,1.33072300884237,9,20,1,0.075,110
1.94650812526494,1.94756674309856,1.94734085605957,1.97616953829039,9,20,1,0.075,111
1.49186496140089,1.5020425051992,1.49054757405071,1.45760239571549,9,20,1,0.075,112
1.66626072465525,1.64273136949422,1.6700114856784,1.63468444511898,9,20,1,0.075,113
1.3928234048776,1.38913953831964,1.39406464527611,1.36102212835248,9,20,1,0.075,114
1.83141801237033,1.82846045376394,1.82961309395914,1.89308490463017,9,20,1,0.075,115
1.13217247091018,1.11537922341572,1.13469233487096,1.20657946183401,9,20,1,0.075,116
2.6337532609849,2.63941661293014,2.63342503872045,2.54015564209838,9,20,1,0.075,117
1.41516873125016,1.41219932811555,1.41280909163437,1.32108049472247,9,20,1,0.075,118
1.59412445159093,1.5920368857908,1.59289717951546,1.57668753545493,9,20,1,0.075,119
1.50044929491462,1.51018001520627,1.4973436913941,1.27863458564826,9,20,1,0.075,120
2.20319224317608,2.21399150249803,2.20467599310284,2.02628738434799,9,20,1,0.075,121
1.3484431116151,1.3352778394109,1.35009928111687,1.22947839739079,9,20,1,0.075,122
1.33234051260437,1.35884412936236,1.33429857047843,1.22408078502108,9,20,1,0.075,123
1.36081319943652,1.34869789834585,1.35802987369549,1.21982350894998,9,20,1,0.075,124
2.06553308328025,2.07022469232739,2.06605095446488,1.94250125686865,9,20,1,0.075,125
1.49261433542723,1.48047452009614,1.48948920700549,1.49678016884173,9,20,1,0.075,126
1.46581274734533,1.46469899659632,1.46522937396208,1.45056406345811,9,20,1,0.075,127
1.50786519682133,1.50613311549076,1.50829185502218,1.43304751246709,9,20,1,0.075,128
1.74569693603533,1.76417988310767,1.74670177250785,1.88037238741729,9,20,1,0.075,129
1.57865668388723,1.57793726722667,1.57905669581586,1.45047721350166,9,20,1,0.075,130
1.22698508935154,1.21998826612703,1.2269853258008,1.37625311087807,9,20,1,0.075,131
1.55758060527184,1.5536192779258,1.55697566833292,1.55451410339265,9,20,1,0.075,132
1.410582118794,1.40642557821586,1.4100343864982,1.34132843751504,9,20,1,0.075,133
2.00907660321651,2.00027668806964,2.01358386122654,2.1345184734994,9,20,1,0.075,134
1.17796389411669,1.17885888142989,1.17945883601574,1.30515937209218,9,20,1,0.075,135
1.37656398344024,1.37864384261553,1.37670571048127,1.28352258748852,9,20,1,0.075,136
1.35626354646838,1.35407043450729,1.35797975863282,1.32093688595095,9,20,1,0.075,137
1.30040248892849,1.30281861573628,1.30303979705197,1.37862598993201,9,20,1,0.075,138
1.03973096332778,1.04426434466537,1.03882891629021,1.19299410448186,9,20,1,0.075,139
1.17330955717141,1.17827564209443,1.17188171522903,1.3790785123747,9,20,1,0.075,140
1.72458320711871,1.718691284508,1.72615467766754,1.70893626766843,9,20,1,0.075,141
2.16284661774089,2.1588435045256,2.16465370539361,1.99687933411377,9,20,1,0.075,142
2.78536270200467,2.78235669310007,2.7843607643911,2.78815738502415,9,20,1,0.075,143
1.53715227186875,1.53354829306815,1.53606321849746,1.56023360458913,9,20,1,0.075,144
1.13493678721953,1.13730027068787,1.1338320541103,1.27831244219107,9,20,1,0.075,145
1.45736715467096,1.46859393166537,1.45451077006882,1.42316690871759,9,20,1,0.075,146
1.79329716867806,1.77593106698929,1.79102853584027,1.88308608342494,9,20,1,0.075,147
1.36361830998225,1.36483590694747,1.36766287429521,1.28731276623476,9,20,1,0.075,148
1.32854338969423,1.33260047359521,1.32960481988006,1.25645744263982,9,20,1,0.075,149
1.66181776916643,1.6556078207367,1.66481044862759,1.64070535562218,9,20,1,0.075,150
1.84756687620173,1.85624624915554,1.8489414396715,1.83009925716053,9,20,1,0.075,151
1.21818045553154,1.21553956129268,1.21782532868463,1.3121545088933,9,20,1,0.075,152
1.55809101007454,1.54068963948763,1.56264412502198,1.39732175449679,9,20,1,0.075,153
1.23073258839096,1.25083908953616,1.23289998693178,1.40548949754388,9,20,1,0.075,154
1.1557434779865,1.15601507815001,1.15500463163592,1.21860157693584,9,20,1,0.075,155
1.49278368895664,1.47819724169554,1.49045158827627,1.44722200104401,9,20,1,0.075,156
1.49599386192879,1.51120380805996,1.49950165017187,1.45330745430306,9,20,1,0.075,157
1.57532340006502,1.57176428471279,1.57564237456504,1.4937436565236,9,20,1,0.075,158
1.26838096299278,1.27080356773021,1.26848346612872,1.34528174449866,9,20,1,0.075,159
1.24279148295996,1.24577536921655,1.24369855167989,1.23947346649746,9,20,1,0.075,160
1.77565658863065,1.77237747137625,1.78394967146559,1.67187828377908,9,20,1,0.075,161
1.21745751130506,1.22437849546059,1.21880802931686,1.31329992433942,9,20,1,0.075,162
1.34501309049857,1.33918123874061,1.34621071738855,1.37528053933675,9,20,1,0.075,163
1.51980694203127,1.52016902387177,1.51975035814726,1.45164005659999,9,20,1,0.075,164
1.71216831656935,1.72514032685396,1.71236313630027,1.78756418052757,9,20,1,0.075,165
1.51794286551993,1.51403050583266,1.51778733466091,1.42092062217024,9,20,1,0.075,166
1.38058439788721,1.37955823256403,1.38033952336407,1.43859421710475,9,20,1,0.075,167
1.19797261249826,1.20579514023277,1.20034180411365,1.33121742921806,9,20,1,0.075,168
1.70792779448137,1.69969175427643,1.70888231126542,1.61302933774359,9,20,1,0.075,169
1.32302974956249,1.3043775518257,1.32251225758003,1.20536443407707,9,20,1,0.075,170
1.31502566039216,1.32163662495763,1.31581714801142,1.34054246465175,9,20,1,0.075,171
1.25144998471041,1.24895311422194,1.25622706298742,1.19373400584857,9,20,1,0.075,172
1.65314348467259,1.63769167237437,1.654083479409,1.52109901580386,9,20,1,0.075,173
1.76396172237198,1.74775009059454,1.76659409864794,1.56231552593791,9,20,1,0.075,174
1.40325918848583,1.41607065551285,1.40245283882972,1.40450484736684,9,20,1,0.075,175
1.50116040428544,1.50902943800904,1.49926925007579,1.51416541051838,9,20,1,0.075,176
1.81235672687935,1.80132280723064,1.8067929909438,1.7257333531465,9,20,1,0.075,177
1.73571296650029,1.72941794758863,1.7362828213278,1.73591960258979,9,20,1,0.075,178
1.24158087848783,1.23705053858361,1.24227801771492,1.36347757435483,9,20,1,0.075,179
1.20376632380302,1.20916921223049,1.2023359780228,1.33317694965593,9,20,1,0.075,180
2.1134104982553,2.09999782044775,2.10531485061164,2.23046348989402,9,20,1,0.075,181
1.45406489760213,1.45555257643515,1.45603517526804,1.51369565995511,9,20,1,0.075,182
1.11915795622588,1.1300114887369,1.12130019142376,1.27426404188739,9,20,1,0.075,183
1.24503791826671,1.24061230441437,1.24519272623404,1.38848991287475,9,20,1,0.075,184
1.57790940685069,1.59913244103786,1.57593410511434,1.49636262436212,9,20,1,0.075,185
1.56258949989076,1.57040282772336,1.56112226547374,1.58681485453772,9,20,1,0.075,186
1.31071321711756,1.30134003544756,1.30912423523862,1.52801367949618,9,20,1,0.075,187
1.86530725937285,1.8612683048796,1.85771315832199,1.96763033434686,9,20,1,0.075,188
1.76279017077113,1.74143066404697,1.7640100061669,1.79808347608326,9,20,1,0.075,189
1.78186808871208,1.78293328645242,1.78114915259956,1.78472256169724,9,20,1,0.075,190
1.27171534370736,1.27623472579339,1.26686412348506,1.23993557846582,9,20,1,0.075,191
1.62118639803123,1.62877679747998,1.62304805465536,1.68217257845589,9,20,1,0.075,192
1.27126126452695,1.27430143920597,1.27101033998111,1.56721623621115,9,20,1,0.075,193
1.32896979405108,1.33172612675383,1.32499264679559,1.20579513107802,9,20,1,0.075,194
1.55480418598943,1.55807944045319,1.55422852650097,1.55123394069962,9,20,1,0.075,195
0.980504595291956,0.976241686578619,0.979143814658179,1.17736951934486,9,20,1,0.075,196
1.375966424216,1.3836238827361,1.37144136929862,1.29111856728005,9,20,1,0.075,197
1.64032539356522,1.65012836876795,1.6446615357866,1.31599632821854,9,20,1,0.075,198
1.43921806704645,1.42897845551999,1.43583850255834,1.61812771348127,9,20,1,0.075,199
1.37087857417847,1.37289018416105,1.3714059874388,1.29937484066657,9,20,1,0.075,200
0.593059546484284,0.593417040252602,0.592462206816213,1,10,5,0,0.6,1
0.729956727864963,0.670773498103094,0.73902937754674,1,10,5,0,0.6,2
0.442094031709389,0.441077073652847,0.447888712478993,1,10,5,0,0.6,3
0.786442243503551,0.781770552157293,0.791327009490888,1,10,5,0,0.6,4
1.19565318910972,1.19116487197323,1.19212041984317,1,10,5,0,0.6,5
1.45492406364695,1.45403342421812,1.45508212687199,1,10,5,0,0.6,6
1.20554660661394,1.20109973657742,1.19925554514934,1,10,5,0,0.6,7
1.50052329317961,1.50064808651468,1.49649094424108,1,10,5,0,0.6,8
1.08848467531142,1.09827260229566,1.08594189835843,1,10,5,0,0.6,9
1.44763757596815,1.44626642772131,1.44796321306631,1,10,5,0,0.6,10
1.07505144623206,1.0729958829624,1.07044930850155,1,10,5,0,0.6,11
0.982611051788935,0.983330445814074,0.983396943451127,1,10,5,0,0.6,12
1.13547239682297,1.13759306282026,1.13936280720416,1,10,5,0,0.6,13
1.13632200020085,1.15095347193345,1.13486987716018,1,10,5,0,0.6,14
1.03184861328891,1.04703558398827,1.03478842487567,1,10,5,0,0.6,15
0.75010035342385,0.741214765578867,0.74905611314216,1,10,5,0,0.6,16
1.14430695566869,1.13341128270492,1.14845776766949,1,10,5,0,0.6,17
1.13740593942698,1.14653943816635,1.13702368260473,1,10,5,0,0.6,18
1.29377429024992,1.28885465949879,1.28754779565354,1,10,5,0,0.6,19
0.928947807716885,0.934417003746505,0.925201392122613,1,10,5,0,0.6,20
0.273995884669093,0.273506750349183,0.282658236461955,1,10,5,0,0.6,21
0.821860888275465,0.823272895309497,0.829483566159381,1,10,5,0,0.6,22
1.29186895580641,1.2914052653945,1.29412693375432,1,10,5,0,0.6,23
1.01673985357047,1.01385669018959,1.01556493831522,1,10,5,0,0.6,24
1.02851099366084,1.02779221490598,1.05005446598908,1,10,5,0,0.6,25
0.915576317621421,0.916794476384374,0.919414126379747,1,10,5,0,0.6,26
1.00077181275126,1.00004353930412,0.997380069510207,1,10,5,0,0.6,27
0.62195122685227,0.640257285091742,0.618301743290557,1,10,5,0,0.6,28
1.41265131279873,1.41342721209365,1.39769340549211,1,10,5,0,0.6,29
1.02906756020725,1.02897937267697,1.03886034460425,1,10,5,0,0.6,30
1.06484100094931,1.06458326986133,1.06660411943155,1,10,5,0,0.6,31
1.00258517885108,1.00270907355351,0.983212305175373,1,10,5,0,0.6,32
1.1069782223509,1.1074253111425,1.10974940010393,1,10,5,0,0.6,33
0.964850483298363,0.964193477659576,0.9636317029593,1,10,5,0,0.6,34
1.05736110075187,1.05977404439566,1.05502860991653,1,10,5,0,0.6,35
0.598043993054961,0.598224944960201,0.597279595881358,1,10,5,0,0.6,36
1.00146177521997,1.03587496525973,1.00387586517557,1,10,5,0,0.6,37
1.06228770234638,1.06224635610851,1.05676273897801,1,10,5,0,0.6,38
1.47115283196628,1.46721082981542,1.48436806813665,1,10,5,0,0.6,39
0.98799554055003,0.998851470287971,0.980342020058854,1,10,5,0,0.6,40
1.42426638646863,1.42332949503542,1.41899923872632,1,10,5,0,0.6,41
0.544268651569339,0.541979153368878,0.540192214660068,1,10,5,0,0.6,42
0.870675142480219,0.853943535463909,0.851676114708136,1,10,5,0,0.6,43
0.95610041939341,0.954685551736011,0.949311521272239,1,10,5,0,0.6,44
1.06822988843439,1.06778092717243,1.07193827556703,1,10,5,0,0.6,45
0.790076539230578,0.789915616602741,0.788984658507073,1,10,5,0,0.6,46
1.259723514923,1.25407611942282,1.25973102035612,1,10,5,0,0.6,47
1.12094055021834,1.12244488726509,1.12200321569633,1,10,5,0,0.6,48
0.760372039170679,0.752712611814677,0.753929688229942,1,10,5,0,0.6,49
1.46786783313706,1.4633785635798,1.47438809792719,1,10,5,0,0.6,50
1.34125581280146,1.33228696928906,1.35026262165431,1,10,5,0,0.6,51
0.958234647059672,0.957875698330799,0.929853563341414,1,10,5,0,0.6,52
0.944592329162255,0.937996498175263,0.963895167249492,1,10,5,0,0.6,53
1.13985032131211,1.13980034364663,1.09829285253276,1,10,5,0,0.6,54
2.16490007803673,2.16487006888361,2.1769694995374,1,10,5,0,0.6,55
1.28935635748469,1.26935245011177,1.29683047480547,1,10,5,0,0.6,56
1.01428815868329,1.01413562291849,1.01632228313266,1,10,5,0,0.6,57
0.586997785243406,0.58805000779897,0.592852053859155,1,10,5,0,0.6,58
0.930861036541735,0.926275830794276,0.925545933847985,1,10,5,0,0.6,59
1.19808429875903,1.19540555006874,1.19378081187646,1,10,5,0,0.6,60
1.06814772621382,1.06711664310137,1.04374776324749,1,10,5,0,0.6,61
0.62832484555965,0.636623996608901,0.636617540838901,1,10,5,0,0.6,62
0.940301888532815,0.941462448119201,0.943873057453063,1,10,5,0,0.6,63
1.01443234439144,0.981052972086277,1.05291068207347,1,10,5,0,0.6,64
0.817309364911342,0.816594105391592,0.816897848792008,1,10,5,0,0.6,65
0.990648376680939,0.992230453501031,0.971248131406172,1,10,5,0,0.6,66
0.443150258187574,0.441363062504632,0.445302583984048,1,10,5,0,0.6,67
1.00557114725573,1.00887900996224,1.00508629181821,1,10,5,0,0.6,68
0.822108882998489,0.814731568421717,0.824232307829509,1,10,5,0,0.6,69
0.909412316895441,0.909383656499827,0.923229610093708,1,10,5,0,0.6,70
1.30850965783784,1.30854323951771,1.31023092240585,1,10,5,0,0.6,71
0.638114672734207,0.637037992867791,0.635225730575085,1,10,5,0,0.6,72
1.39128115021086,1.39174738303149,1.39166372480258,1,10,5,0,0.6,73
0.646196282990493,0.649612315503094,0.647793086088124,1,10,5,0,0.6,74
1.09722147884172,1.0963688840109,1.10592096575321,1,10,5,0,0.6,75
1.28329096109785,1.27726035209806,1.28711296546151,1,10,5,0,0.6,76
0.941877913657631,0.938628636340794,0.94919640321941,1,10,5,0,0.6,77
0.864863487995266,0.853739936181663,0.86284065822771,1,10,5,0,0.6,78
0.791767169340226,0.799207308466688,0.782623271027329,1,10,5,0,0.6,79
1.21346030433128,1.20936345743228,1.21213987786669,1,10,5,0,0.6,80
0.57462017613517,0.573814990769405,0.564307309991051,1,10,5,0,0.6,81
0.695177676014886,0.695576251410537,0.700204833914594,1,10,5,0,0.6,82
1.49945105681938,1.4953100741188,1.50613630409865,1,10,5,0,0.6,83
0.928970382376318,0.933378573065253,0.927797994228458,1,10,5,0,0.6,84
0.550217328792226,0.549412885949091,0.54872029742608,1,10,5,0,0.6,85
0.924676152004436,0.924974502174387,0.916232437517762,1,10,5,0,0.6,86
0.823106838538986,0.814694023694725,0.824414576959966,1,10,5,0,0.6,87
1.80614260260966,1.80029872432504,1.80357060025818,1,10,5,0,0.6,88
0.719337106237408,0.717047426991644,0.719507201820171,1,10,5,0,0.6,89
1.11277907709898,1.11119683417793,1.10867220094483,1,10,5,0,0.6,90
0.890746111149597,0.88921365867479,0.936009650788881,1,10,5,0,0.6,91
0.646883637227094,0.645790878974109,0.646538646844907,1,10,5,0,0.6,92
1.18852721319296,1.20377071488967,1.193399068277,1,10,5,0,0.6,93
0.985337679016471,0.9730561562557,0.981487351658203,1,10,5,0,0.6,94
0.740041672678973,0.727682186550915,0.766519951733428,1,10,5,0,0.6,95
0.608563657643165,0.588645949320241,0.61700781326984,1,10,5,0,0.6,96
0.713448803782115,0.703710103912198,0.714179181601742,1,10,5,0,0.6,97
1.55345449179792,1.55256961607192,1.55032353579403,1,10,5,0,0.6,98
0.601965730347491,0.601981996724416,0.610017341557731,1,10,5,0,0.6,99
0.690620273969147,0.694391211110253,0.69518243420084,1,10,5,0,0.6,100
0.942393377388415,0.942306282497408,0.949347733401591,1,10,5,0,0.6,101
0.696472989325083,0.696335756140264,0.699680035645112,1,10,5,0,0.6,102
0.7151992979272,0.717783237838147,0.719425285518264,1,10,5,0,0.6,103
1.2320838486285,1.2347302909991,1.23692329317902,1,10,5,0,0.6,104
0.998312366165195,0.998744517499721,0.984188112347174,1,10,5,0,0.6,105
0.592982530240961,0.60325733250112,0.590558709402689,1,10,5,0,0.6,106
1.10009139690105,1.10239596932299,1.09891350716046,1,10,5,0,0.6,107
1.8692863007728,1.8683538441573,1.86375388357867,1,10,5,0,0.6,108
1.10129713714174,1.10480336313266,1.09190448221408,1,10,5,0,0.6,109
0.86563067107732,0.865227744237789,0.858536844223064,1,10,5,0,0.6,110
1.07323682087626,1.07570768024424,1.07985498279316,1,10,5,0,0.6,111
1.2917498159889,1.29195748693125,1.27912415265633,1,10,5,0,0.6,112
0.915141190134421,0.915254664156305,0.915674138138174,1,10,5,0,0.6,113
1.32285989526498,1.33082559573911,1.32214588692164,1,10,5,0,0.6,114
1.39648041554985,1.39547731487117,1.39446139976144,1,10,5,0,0.6,115
0.489915516132188,0.479070186741944,0.493565249741808,1,10,5,0,0.6,116
0.823173937177881,0.817968195450924,0.824347416895517,1,10,5,0,0.6,117
1.02804547460301,1.03400828478668,1.02943645992691,1,10,5,0,0.6,118
1.41529429126977,1.41510359735649,1.41374298153185,1,10,5,0,0.6,119
0.584164058404142,0.58519702923742,0.588200877590262,1,10,5,0,0.6,120
0.420540852412772,0.420835215331643,0.419485560513653,1,10,5,0,0.6,121
0.749791828429898,0.763291309465566,0.748008566880618,1,10,5,0,0.6,122
0.530621347572538,0.530617448440097,0.526052882411784,1,10,5,0,0.6,123
1.19933251252822,1.19834696674395,1.20186329803417,1,10,5,0,0.6,124
0.684283705366037,0.684137744236223,0.679184534779067,1,10,5,0,0.6,125
0.825899811710907,0.825735123857301,0.834531967633417,1,10,5,0,0.6,126
0.832650817745426,0.833117972725514,0.827826094586398,1,10,5,0,0.6,127
1.4098584897116,1.40960219507363,1.40817142196106,1,10,5,0,0.6,128
1.23753409153899,1.23752885159008,1.22512044640642,1,10,5,0,0.6,129
1.3002153271869,1.29102815349063,1.2996904552245,1,10,5,0,0.6,130
1.26828907943798,1.27059808169215,1.26482481474657,1,10,5,0,0.6,131
1.06347774984031,1.02624622327605,1.03160840185033,1,10,5,0,0.6,132
0.842614451906098,0.848692439682167,0.838359669688937,1,10,5,0,0.6,133
1.20814357206809,1.19816053063386,1.21583863315538,1,10,5,0,0.6,134
1.2017054647663,1.19882667144004,1.20293781159564,1,10,5,0,0.6,135
0.964223325010536,0.9639845698712,0.961979194256967,1,10,5,0,0.6,136
1.05411372253012,1.04639232152115,1.05319469136352,1,10,5,0,0.6,137
0.863087794127989,0.857962554524199,0.850581618195716,1,10,5,0,0.6,138
1.13208315043524,1.13030999774572,1.13214453150415,1,10,5,0,0.6,139
0.687300524542186,0.684796221522495,0.685299721820637,1,10,5,0,0.6,140
0.837037986459078,0.835814104336533,0.864162450884827,1,10,5,0,0.6,141
0.678024077338736,0.687870449478634,0.686634895687629,1,10,5,0,0.6,142
1.28714907733315,1.28714465106933,1.28786569328736,1,10,5,0,0.6,143
1.07549794372729,1.0765489534088,1.07335797022185,1,10,5,0,0.6,144
1.17187737977527,1.17162958834029,1.17014489596128,1,10,5,0,0.6,145
0.969383810665489,0.96886840117202,0.969158502344459,1,10,5,0,0.6,146
0.675766896598864,0.697860000806124,0.689437815414844,1,10,5,0,0.6,147
1.22028314599686,1.22844768536805,1.22124306514493,1,10,5,0,0.6,148
0.814795639442806,0.813670879915617,0.820643690674953,1,10,5,0,0.6,149
1.02565089993705,1.01993513632607,1.02503191513187,1,10,5,0,0.6,150
1.14268860520415,1.14279848307983,1.14142606794636,1,10,5,0,0.6,151
1.24501348061731,1.24106406919651,1.23849294011409,1,10,5,0,0.6,152
0.510884547001947,0.506889720875979,0.508253299114828,1,10,5,0,0.6,153
0.705863317510727,0.704334992079154,0.710168674625664,1,10,5,0,0.6,154
0.592272323302001,0.601098966293866,0.589144268826552,1,10,5,0,0.6,155
0.977603120306897,0.977850943275448,0.982877269060219,1,10,5,0,0.6,156
0.999725647085175,1.00784961504789,0.998077553362114,1,10,5,0,0.6,157
1.37028043276869,1.36849852753141,1.36270388305656,1,10,5,0,0.6,158
0.889947240578795,0.88806571217674,0.901198599786277,1,10,5,0,0.6,159
1.21634178937253,1.21035340043109,1.21564238910841,1,10,5,0,0.6,160
1.04259076250302,1.05155355989031,1.04210950474015,1,10,5,0,0.6,161
1.01407688790947,1.01234985164353,1.01408974451562,1,10,5,0,0.6,162
1.05077903504756,1.04977823660462,1.04768751120043,1,10,5,0,0.6,163
1.20414802180246,1.20525813646449,1.20977624137293,1,10,5,0,0.6,164
0.387525431741946,0.383821657830181,0.397629362362273,1,10,5,0,0.6,165
1.02316169402579,1.01014576975085,1.0203804358985,1,10,5,0,0.6,166
0.902517914945933,0.903125592979125,0.896511273971475,1,10,5,0,0.6,167
1.00771256899817,1.00763454520014,1.01927469358373,1,10,5,0,0.6,168
1.25054841505323,1.25046675225454,1.25457089299751,1,10,5,0,0.6,169
1.76200062513841,1.76294930732758,1.7625070096099,1,10,5,0,0.6,170
1.15794487301119,1.16624272973791,1.14241203257702,1,10,5,0,0.6,171
1.08361868328107,1.06974166077866,1.09290892543233,1,10,5,0,0.6,172
0.952144586231252,0.962644441828013,0.950689836831118,1,10,5,0,0.6,173
0.480529472260056,0.487498852191566,0.485593838301598,1,10,5,0,0.6,174
1.23530604662659,1.23484522427228,1.2502698163904,1,10,5,0,0.6,175
0.794337970543023,0.806473836990322,0.802764010475812,1,10,5,0,0.6,176
1.16900957540439,1.16323187440363,1.16222192073051,1,10,5,0,0.6,177
0.888276579491535,0.88554978063585,0.890688738665535,1,10,5,0,0.6,178
0.8328878183121,0.831527016278434,0.831075779790526,1,10,5,0,0.6,179
1.09008165536287,1.08428502583729,1.09748958748413,1,10,5,0,0.6,180
-0.106317598761611,-0.0805861140664407,-0.0468583983052254,1,10,5,0,0.6,181
0.842870168805491,0.843244226794248,0.844017385142868,1,10,5,0,0.6,182
1.06440401862467,1.06213850781812,1.06413577802626,1,10,5,0,0.6,183
0.725103876839335,0.722799787262008,0.722095477546285,1,10,5,0,0.6,184
1.00514214174517,1.00531012357022,0.990764497333176,1,10,5,0,0.6,185
0.509058922238229,0.508694658235267,0.506049488910215,1,10,5,0,0.6,186
0.745458808245449,0.74565538684339,0.716391880372054,1,10,5,0,0.6,187
0.323636449666784,0.32359051583463,0.326239476808908,1,10,5,0,0.6,188
0.792967263768638,0.791791187179342,0.789752179496793,1,10,5,0,0.6,189
1.05314719288084,1.0540139882388,1.05378705774587,1,10,5,0,0.6,190
0.9501341154962,0.950578883813302,0.949132248649292,1,10,5,0,0.6,191
0.738990580157179,0.746658692282261,0.737728688457159,1,10,5,0,0.6,192
1.02176714608933,1.02520506443641,1.02305206827974,1,10,5,0,0.6,193
0.710461294135453,0.709828783198893,0.711128535025451,1,10,5,0,0.6,194
0.870807116032887,0.866622477024491,0.865094862315186,1,10,5,0,0.6,195
0.570559544643177,0.56860969275111,0.578727658170386,1,10,5,0,0.6,196
0.624315560943775,0.627385833624623,0.630440527917889,1,10,5,0,0.6,197
1.2449094287101,1.24775356648038,1.24217771757479,1,10,5,0,0.6,198
1.34164011643969,1.34300251223205,1.3357780194347,1,10,5,0,0.6,199
0.848551885191758,0.842623908166445,0.846147687420966,1,10,5,0,0.6,200
1.06462120681577,1.0652143473047,1.06827414892107,1,11,10,0,0.3,1
0.753557403966623,0.755052441076496,0.740549075807474,1,11,10,0,0.3,2
1.29814013168822,1.30023931385688,1.33140784600987,1,11,10,0,0.3,3
0.776625489541663,0.778923328969906,0.776056584101453,1,11,10,0,0.3,4
0.81005292244927,0.806737950665628,0.816857524695683,1,11,10,0,0.3,5
0.854703300960583,0.860654276103967,0.855069564563371,1,11,10,0,0.3,6
1.2433894174395,1.24295695274401,1.24444729694262,1,11,10,0,0.3,7
1.34335904462805,1.34507336727944,1.34189342156026,1,11,10,0,0.3,8
1.14512719089754,1.1429867708099,1.14371948221808,1,11,10,0,0.3,9
0.927178198384069,0.921306363013194,0.928775147244545,1,11,10,0,0.3,10
1.31384400526931,1.30957502024995,1.31272117769686,1,11,10,0,0.3,11
0.872026068557039,0.867955835417437,0.874854783575865,1,11,10,0,0.3,12
0.974263859576663,0.976558551796171,0.974426913648964,1,11,10,0,0.3,13
0.993353376594946,0.988239315556265,0.992405195652402,1,11,10,0,0.3,14
1.25472689024579,1.25347131547947,1.25508990167097,1,11,10,0,0.3,15
1.56147313509254,1.56040035857365,1.56066149980467,1,11,10,0,0.3,16
1.11542307383841,1.1140974439935,1.11583568205402,1,11,10,0,0.3,17
0.756995881147645,0.754924392852915,0.766101843432963,1,11,10,0,0.3,18
1.05737217448157,1.04485582446805,1.05368902418431,1,11,10,0,0.3,19
1.30488611742562,1.31409798182404,1.30032621721979,1,11,10,0,0.3,20
0.890209926592117,0.890709065686903,0.897721353360515,1,11,10,0,0.3,21
0.757033801796217,0.76167865567629,0.758051400673942,1,11,10,0,0.3,22
0.934252384565727,0.934399781384267,0.936472160887795,1,11,10,0,0.3,23
1.17134549209743,1.16149079320994,1.17029436323831,1,11,10,0,0.3,24
1.18826499992351,1.18880045238038,1.20128385708896,1,11,10,0,0.3,25
1.10640969144149,1.11124047456559,1.10663763946341,1,11,10,0,0.3,26
0.82998226693993,0.807087952829137,0.83043042147008,1,11,10,0,0.3,27
0.928091036603669,0.930765167541671,0.934445899257279,1,11,10,0,0.3,28
0.871785291228863,0.867976659712717,0.876650801596796,1,11,10,0,0.3,29
0.73362663874313,0.737396126539954,0.732063880087557,1,11,10,0,0.3,30
0.857620703516836,0.863492253964894,0.850031312414608,1,11,10,0,0.3,31
0.711687121411849,0.709636472036507,0.709004112775314,1,11,10,0,0.3,32
1.01523032761678,1.00194217263137,1.04035100407086,1,11,10,0,0.3,33
1.0371570241852,1.037577392998,1.03381091891175,1,11,10,0,0.3,34
0.504390282724197,0.506037722812255,0.502553675257888,1,11,10,0,0.3,35
0.963226435986982,0.961931452078715,0.96864026283736,1,11,10,0,0.3,36
0.887093204579174,0.882584842478105,0.890443169769586,1,11,10,0,0.3,37
1.02481490613163,1.01476353031357,1.02791901988496,1,11,10,0,0.3,38
0.71706967043521,0.711288721390782,0.721889364716809,1,11,10,0,0.3,39
1.00279364394661,1.00307381476538,1.00170952480045,1,11,10,0,0.3,40
0.875867597710924,0.893196156964236,0.877422123610099,1,11,10,0,0.3,41
0.904654992506456,0.904715391101651,0.904992073905909,1,11,10,0,0.3,42
1.06191332827572,1.06409020366003,1.06195286695808,1,11,10,0,0.3,43
1.04173606387809,1.04207656316505,1.03921879968498,1,11,10,0,0.3,44
1.57693953101736,1.55752586291384,1.53435635466098,1,11,10,0,0.3,45
0.972236105312761,0.966768192523347,0.976685799790072,1,11,10,0,0.3,46
1.14395482895879,1.13538855379982,1.13822835642938,1,11,10,0,0.3,47
1.15067224457643,1.15352543598197,1.14981407344085,1,11,10,0,0.3,48
1.08433002536326,1.08884513336379,1.08245301090384,1,11,10,0,0.3,49
0.83931323289161,0.836544516088961,0.833032148432605,1,11,10,0,0.3,50
1.16424400596619,1.15784131178499,1.15982861696076,1,11,10,0,0.3,51
1.04784049703014,1.04468797084232,1.05329260631398,1,11,10,0,0.3,52
1.03949963474187,1.04218262516279,1.0440314979967,1,11,10,0,0.3,53
1.07215103964598,1.06552013520223,1.08318637317628,1,11,10,0,0.3,54
0.829975519476507,0.816548640519519,0.83179799995767,1,11,10,0,0.3,55
1.06714226742789,1.06864133786545,1.06721121418196,1,11,10,0,0.3,56
1.23062094045401,1.22834635514449,1.23153360419115,1,11,10,0,0.3,57
1.17961952212178,1.18796163454237,1.18001919368345,1,11,10,0,0.3,58
0.867926115318457,0.861331937264318,0.873438952949113,1,11,10,0,0.3,59
1.1802337707497,1.18022343966249,1.17038882462567,1,11,10,0,0.3,60
0.491617708577943,0.488592136279241,0.503672844044228,1,11,10,0,0.3,61
0.916670636029404,0.916677133942909,0.917265703734267,1,11,10,0,0.3,62
1.02253115596584,1.0030560973351,1.01081792185476,1,11,10,0,0.3,63
0.955886606984289,0.961852445262073,0.958294998435148,1,11,10,0,0.3,64
1.19384034435957,1.18697898846724,1.19605392554214,1,11,10,0,0.3,65
1.14030622161502,1.14324141291583,1.13744900585924,1,11,10,0,0.3,66
0.896965558520147,0.897717574183421,0.896419627529579,1,11,10,0,0.3,67
1.14706986469625,1.13208349402389,1.15432128039062,1,11,10,0,0.3,68
0.861443834672712,0.850736275571311,0.861020635338637,1,11,10,0,0.3,69
0.926784810085191,0.909409220470674,0.927546438189649,1,11,10,0,0.3,70
1.19238016378509,1.20056484380923,1.19588102995754,1,11,10,0,0.3,71
1.62228217316093,1.62253230712572,1.63023514286836,1,11,10,0,0.3,72
1.06133859018485,1.07312563234555,1.06030484663555,1,11,10,0,0.3,73
0.9079180359967,0.905882768321602,0.907742908215371,1,11,10,0,0.3,74
0.639413037709313,0.6344122426129,0.63891177432192,1,11,10,0,0.3,75
1.39144062637769,1.38317961295729,1.39401273434186,1,11,10,0,0.3,76
0.522943723596857,0.513513742863795,0.525959304202644,1,11,10,0,0.3,77
0.778681321658458,0.774894779971696,0.780993047099922,1,11,10,0,0.3,78
1.30670737350812,1.2991958324654,1.3046252411472,1,11,10,0,0.3,79
0.937091625473341,0.949197257044662,0.943229066614532,1,11,10,0,0.3,80
0.753875398297541,0.762665799393135,0.75308288035409,1,11,10,0,0.3,81
0.899558538580866,0.909564176159479,0.899338476257678,1,11,10,0,0.3,82
0.982758822626427,0.975339960570387,0.987693848692633,1,11,10,0,0.3,83
0.894377902765202,0.891976888769519,0.885982623933376,1,11,10,0,0.3,84
0.817885389977794,0.807888694510384,0.820857587280411,1,11,10,0,0.3,85
0.837820990353459,0.848558187839659,0.829131694317236,1,11,10,0,0.3,86
0.89500163810272,0.888169379602167,0.89304142578848,1,11,10,0,0.3,87
0.731098644635483,0.734545351449172,0.727832154618402,1,11,10,0,0.3,88
1.17316746663301,1.17946023127981,1.16915895147527,1,11,10,0,0.3,89
0.898422507712195,0.908317862800048,0.89626898415988,1,11,10,0,0.3,90
0.898380656991164,0.893805617808816,0.907477451792716,1,11,10,0,0.3,91
0.5536848008505,0.585229016194407,0.550265676448256,1,11,10,0,0.3,92
0.690747944724529,0.689943164435239,0.690779273854081,1,11,10,0,0.3,93
0.976848284977599,0.981915819962467,0.978340375554364,1,11,10,0,0.3,94
1.06722721868148,1.071384320066,1.06492424674202,1,11,10,0,0.3,95
1.08055682037094,1.08437843418858,1.08304450131444,1,11,10,0,0.3,96
0.681968786104938,0.691123036115549,0.690711958154615,1,11,10,0,0.3,97
0.791532525236366,0.785425465949478,0.791661493894597,1,11,10,0,0.3,98
0.926454738599359,0.928126796941619,0.937667712373957,1,11,10,0,0.3,99
1.21662172022807,1.20171643872571,1.21940212767678,1,11,10,0,0.3,100
1.18052254315184,1.18631405517266,1.19394738162337,1,11,10,0,0.3,101
1.15016200038371,1.15435833503731,1.14716391499713,1,11,10,0,0.3,102
0.769669902495853,0.76897931807763,0.770286170170829,1,11,10,0,0.3,103
1.09679736102415,1.0995102950905,1.0972955098661,1,11,10,0,0.3,104
0.937629335545188,0.937212136206332,0.937844071436753,1,11,10,0,0.3,105
0.733886332691839,0.736080125311708,0.734150154532673,1,11,10,0,0.3,106
1.15440674358241,1.15512450589877,1.16351309534632,1,11,10,0,0.3,107
1.14160748883598,1.14573674007894,1.13956656788023,1,11,10,0,0.3,108
1.06716242674002,1.07050923445445,1.07044479865529,1,11,10,0,0.3,109
0.861151695444304,0.861369375075812,0.857575684917017,1,11,10,0,0.3,110
1.16549349617647,1.16360827247875,1.16270463460956,1,11,10,0,0.3,111
1.21393488039905,1.21299588641418,1.20780703028976,1,11,10,0,0.3,112
1.19876879676594,1.18910306543248,1.21748038221385,1,11,10,0,0.3,113
1.55512566525131,1.55536196351879,1.55566102061336,1,11,10,0,0.3,114
0.926903003470216,0.924904865282976,0.924748529379442,1,11,10,0,0.3,115
0.824916418757644,0.826028953619911,0.824265439062681,1,11,10,0,0.3,116
0.744729109368081,0.742355310733412,0.748172369300651,1,11,10,0,0.3,117
0.623719175437376,0.625603085538952,0.625112184782323,1,11,10,0,0.3,118
0.818373852581541,0.827330536021324,0.817430214752134,1,11,10,0,0.3,119
0.864238893913342,0.875238436552723,0.862568108921869,1,11,10,0,0.3,120
0.912942660174204,0.912795433355022,0.913230879994925,1,11,10,0,0.3,121
1.27976036511296,1.27467064827056,1.2794182148793,1,11,10,0,0.3,122
1.18073393117226,1.16153072423875,1.17853506907673,1,11,10,0,0.3,123
0.952007023835357,0.950153828552787,0.953502827947181,1,11,10,0,0.3,124
0.840121353576828,0.836884640488641,0.839806784287398,1,11,10,0,0.3,125
0.888886206767373,0.877477443754326,0.890100635193114,1,11,10,0,0.3,126
1.15259575090188,1.14717062126775,1.15503116453677,1,11,10,0,0.3,127
0.638597387913138,0.641525628476069,0.634549755602557,1,11,10,0,0.3,128
0.533549142587436,0.533286150496552,0.535824357853864,1,11,10,0,0.3,129
0.43343575508033,0.44177845270664,0.43132521736844,1,11,10,0,0.3,130
0.672536475634538,0.668112236418869,0.671634219543985,1,11,10,0,0.3,131
1.00212517156931,1.00722332341743,1.02860250461006,1,11,10,0,0.3,132
1.11394040707419,1.10755423355283,1.12508752577057,1,11,10,0,0.3,133
1.25626903054107,1.25490837933372,1.25798236552593,1,11,10,0,0.3,134
1.10005749465895,1.10360191027075,1.10167276832249,1,11,10,0,0.3,135
1.01748016634401,1.0142057552324,1.01176861290844,1,11,10,0,0.3,136
1.01816993642723,1.02156752076929,1.01834515191674,1,11,10,0,0.3,137
0.745568336864731,0.746392538102028,0.747897663075461,1,11,10,0,0.3,138
0.491214888559365,0.490074914634812,0.489894171963985,1,11,10,0,0.3,139
1.01666449264919,1.00711329670925,1.01479037750929,1,11,10,0,0.3,140
1.03280660211861,1.02800405089097,1.03367638863219,1,11,10,0,0.3,141
0.98930200849222,0.984093978919695,0.990678187475704,1,11,10,0,0.3,142
1.29645714273256,1.29172617037305,1.30000343330543,1,11,10,0,0.3,143
1.01918673916466,1.00946108398555,1.01642711432501,1,11,10,0,0.3,144
1.07866994260106,1.08129871270947,1.08047709070206,1,11,10,0,0.3,145
1.28861444631708,1.30562051492527,1.26517118330793,1,11,10,0,0.3,146
0.868725702803431,0.865713444622524,0.882064942094561,1,11,10,0,0.3,147
0.796506020451454,0.784907099919058,0.799374383443391,1,11,10,0,0.3,148
1.29863711126592,1.31017090731963,1.29233975573965,1,11,10,0,0.3,149
0.796445925184455,0.814980870753169,0.799896353936421,1,11,10,0,0.3,150
1.01908934425692,1.0246732259069,1.0368183909029,1,11,10,0,0.3,151
1.10206994595772,1.0969676416244,1.10322220029421,1,11,10,0,0.3,152
1.06839748068506,1.059048729289,1.06437501824865,1,11,10,0,0.3,153
0.80543406007085,0.806042863192269,0.81521160159958,1,11,10,0,0.3,154
1.22774268759819,1.22156253699901,1.22630939669237,1,11,10,0,0.3,155
0.644371397402001,0.653295503604751,0.647361499060615,1,11,10,0,0.3,156
0.874251639748943,0.87261594919094,0.879546344847908,1,11,10,0,0.3,157
1.215505314876,1.20275959005906,1.21619520661253,1,11,10,0,0.3,158
1.03258583135444,1.0285612821534,1.0295993605306,1,11,10,0,0.3,159
0.982045073010293,0.985061986961762,0.982092714145914,1,11,10,0,0.3,160
0.865764627341136,0.878002330431655,0.869432099600306,1,11,10,0,0.3,161
1.10536970404556,1.10658519561047,1.11032764835226,1,11,10,0,0.3,162
1.04452303071474,1.04247837193826,1.04325864250366,1,11,10,0,0.3,163
1.08564694926483,1.09723948205419,1.08848773492885,1,11,10,0,0.3,164
0.64164898385288,0.637366921745735,0.642688147237804,1,11,10,0,0.3,165
1.11264095753428,1.10708590059345,1.11529939851112,1,11,10,0,0.3,166
0.900372134968158,0.898457349727122,0.902319601565172,1,11,10,0,0.3,167
1.12869265057871,1.12563686174991,1.13371321682236,1,11,10,0,0.3,168
0.803661807296277,0.803428563069385,0.800223721820685,1,11,10,0,0.3,169
0.914155334022095,0.917729175661466,0.910774044243504,1,11,10,0,0.3,170
1.07378023175056,1.06538441574256,1.07347875069948,1,11,10,0,0.3,171
0.814535858161509,0.815146204003475,0.815437739049886,1,11,10,0,0.3,172
0.973016284228534,0.966688932415207,0.974628184010455,1,11,10,0,0.3,173
1.01680838146783,1.01550926153379,1.01935342080749,1,11,10,0,0.3,174
0.987214408002881,0.978628029795966,0.978504125450692,1,11,10,0,0.3,175
0.7347181468202,0.739525491839749,0.735186132679985,1,11,10,0,0.3,176
0.782608059306616,0.780996598851741,0.778000772566417,1,11,10,0,0.3,177
1.15249260061351,1.15640575335583,1.14732717123002,1,11,10,0,0.3,178
1.19559666379045,1.20145393976589,1.19384005400686,1,11,10,0,0.3,179
1.0946226755626,1.10054482939092,1.0922038445903,1,11,10,0,0.3,180
1.08717866036865,1.0926245061951,1.08834919817447,1,11,10,0,0.3,181
0.910545914995925,0.906828658955211,0.912964123520089,1,11,10,0,0.3,182
1.44138230174099,1.42276976517708,1.44929954014691,1,11,10,0,0.3,183
1.01582207246992,1.02157998869742,1.02152106554009,1,11,10,0,0.3,184
0.947008248765624,0.95468059549502,0.945091144082431,1,11,10,0,0.3,185
0.849700602360462,0.862226044152822,0.85619506907802,1,11,10,0,0.3,186
1.03378618028701,1.03364468344323,1.0310370854835,1,11,10,0,0.3,187
0.819825322793217,0.817670102471761,0.817355224789719,1,11,10,0,0.3,188
0.721714771627795,0.742891803359237,0.721697267380979,1,11,10,0,0.3,189
1.09240359684281,1.09474480163263,1.0927509213666,1,11,10,0,0.3,190
0.978209545788784,0.97219232633809,0.979186696168965,1,11,10,0,0.3,191
0.968029759056694,0.974479478295056,0.965701764306318,1,11,10,0,0.3,192
1.16071018339534,1.16814293719194,1.16408880597965,1,11,10,0,0.3,193
0.928580998312862,0.924998393189043,0.926868546345658,1,11,10,0,0.3,194
1.00334934726108,0.997835127138529,1.00087548401696,1,11,10,0,0.3,195
0.842296028586951,0.843316501586248,0.846809772334671,1,11,10,0,0.3,196
0.840416855055557,0.852135687684551,0.850422607820575,1,11,10,0,0.3,197
0.955694266565128,0.957812014505184,0.950090289307417,1,11,10,0,0.3,198
0.9818478381289,0.982658856047906,0.988482355119498,1,11,10,0,0.3,199
0.962615984397754,0.97193592437856,0.963614468215012,1,11,10,0,0.3,200
0.933237067448582,0.924161218797477,0.934781186350537,1,12,20,0,0.15,1
1.01528044645057,1.01359699782074,1.0189701745125,1,12,20,0,0.15,2
1.13453274965024,1.13388461520177,1.13008137493552,1,12,20,0,0.15,3
1.09314648980687,1.08996217730659,1.09663784280004,1,12,20,0,0.15,4
1.22150872444647,1.21072408028415,1.22736792023579,1,12,20,0,0.15,5
0.990926291747148,0.988435025879171,0.99354279728275,1,12,20,0,0.15,6
1.06364036210719,1.05287754600613,1.06654685761897,1,12,20,0,0.15,7
0.797936116165209,0.796898152941639,0.798584134703505,1,12,20,0,0.15,8
1.26705387915992,1.25125213490437,1.25776551003645,1,12,20,0,0.15,9
0.883738187337312,0.878339392241946,0.885468609278805,1,12,20,0,0.15,10
0.787242376328013,0.777718438701971,0.788519159441736,1,12,20,0,0.15,11
0.991944315605811,0.978345685261815,0.996194579146467,1,12,20,0,0.15,12
1.06657241077847,1.0652868758075,1.06685646244037,1,12,20,0,0.15,13
1.08216379941532,1.09045095796557,1.08137253321608,1,12,20,0,0.15,14
0.971969486350014,0.968484120631274,0.969320042705688,1,12,20,0,0.15,15
1.08417796993533,1.07802863199509,1.08636840004199,1,12,20,0,0.15,16
1.19596796202403,1.19782980189791,1.19595519237028,1,12,20,0,0.15,17
1.13440833989091,1.14048813328391,1.1313033401516,1,12,20,0,0.15,18
1.14871789919975,1.14040166032739,1.14431665326382,1,12,20,0,0.15,19
0.993759986709401,0.991605454946616,0.994111929964701,1,12,20,0,0.15,20
1.08721667120911,1.08455821876703,1.0894890215773,1,12,20,0,0.15,21
1.0463340952714,1.04126234965502,1.0463551140238,1,12,20,0,0.15,22
0.74374228597747,0.730397365962304,0.743796423781627,1,12,20,0,0.15,23
1.274780558609,1.25441248082115,1.2976229225491,1,12,20,0,0.15,24
1.02042018099335,1.01814350661055,1.01814364472517,1,12,20,0,0.15,25
0.866415605358905,0.860880168604942,0.879260341282931,1,12,20,0,0.15,26
0.778218786621949,0.774214080244516,0.77593200127739,1,12,20,0,0.15,27
1.14849772721269,1.15309030311911,1.14871915088305,1,12,20,0,0.15,28
0.993214247941389,0.998998813596548,1.01067494366431,1,12,20,0,0.15,29
0.91776359893934,0.916786636434297,0.914907382034752,1,12,20,0,0.15,30
0.802776445670601,0.802643827786378,0.79901865876642,1,12,20,0,0.15,31
0.988586588441307,0.97634574348135,0.990491531513046,1,12,20,0,0.15,32
0.986483677510787,0.9752438500566,0.987093501755764,1,12,20,0,0.15,33
1.00170934822739,1.00867518664895,1.00073610253643,1,12,20,0,0.15,34
0.921533956977764,0.918770919185003,0.920897413369023,1,12,20,0,0.15,35
1.00506106935386,1.00543377865278,1.0052575667453,1,12,20,0,0.15,36
1.05057099614886,1.03545644528187,1.05182689489269,1,12,20,0,0.15,37
0.977668622398215,0.97082559237639,0.97503346164436,1,12,20,0,0.15,38
1.16358568471188,1.16428829424618,1.16632203414514,1,12,20,0,0.15,39
0.925413825773409,0.921334951937486,0.92588594870874,1,12,20,0,0.15,40
1.03213288314166,1.04322694747871,1.03320186525578,1,12,20,0,0.15,41
1.21170195907572,1.2147929817401,1.21549606980213,1,12,20,0,0.15,42
0.848888622974478,0.842308534132244,0.847213734317713,1,12,20,0,0.15,43
0.918016248472437,0.92020919300963,0.922195017168948,1,12,20,0,0.15,44
1.01039173975853,0.997789892378459,1.00429794036739,1,12,20,0,0.15,45
1.00716105693761,1.01372486886805,1.00940550383298,1,12,20,0,0.15,46
0.973713906005888,0.962365364171364,0.972362543989135,1,12,20,0,0.15,47
1.06611234053478,1.06109153332436,1.06356779448418,1,12,20,0,0.15,48
0.900281221804149,0.887251044795133,0.908842236648161,1,12,20,0,0.15,49
1.26825202565378,1.2788487061764,1.26586228015888,1,12,20,0,0.15,50
0.742360019065367,0.743371075751188,0.744939435808997,1,12,20,0,0.15,51
0.95828211295496,0.963500883100975,0.956275459335368,1,12,20,0,0.15,52
0.845783236955564,0.832540268134374,0.842236762995439,1,12,20,0,0.15,53
1.14737260566729,1.1528404131484,1.16009903271661,1,12,20,0,0.15,54
0.983692438789007,0.975518198199775,0.964136047823762,1,12,20,0,0.15,55
0.924470651637322,0.928489490716355,0.925574285403699,1,12,20,0,0.15,56
0.851605570449415,0.853300039017295,0.850304268555662,1,12,20,0,0.15,57
0.971555581482705,0.975716086052829,0.971736626354551,1,12,20,0,0.15,58
0.874573701577152,0.87748847789092,0.880347211165494,1,12,20,0,0.15,59
1.23693731866314,1.23376759120357,1.23606327209258,1,12,20,0,0.15,60
0.991555555428875,0.98400835875704,0.992790580472395,1,12,20,0,0.15,61
0.897946471950442,0.897304160850878,0.896839723810902,1,12,20,0,0.15,62
1.05096138918199,1.04839365767211,1.04520959414008,1,12,20,0,0.15,63
1.17228240926981,1.17250020078599,1.17570533589612,1,12,20,0,0.15,64
1.0916636898078,1.08962586631871,1.09301271900934,1,12,20,0,0.15,65
0.983121466351162,0.982213784043162,0.982608916510263,1,12,20,0,0.15,66
0.989487301200207,1.00256653178092,0.988306639595165,1,12,20,0,0.15,67
1.06413282657722,1.07584563024353,1.0663125167215,1,12,20,0,0.15,68
0.894459601614608,0.89224283987071,0.895208699395252,1,12,20,0,0.15,69
1.07695221144944,1.06814526869145,1.07761703420005,1,12,20,0,0.15,70
1.01592523370197,1.01494913670819,1.01767965292076,1,12,20,0,0.15,71
1.08383138966353,1.08832679733857,1.0828155674081,1,12,20,0,0.15,72
0.948137621779329,0.945687503274799,0.951667902006969,1,12,20,0,0.15,73
0.964053247709305,0.960448236133764,0.963956509549737,1,12,20,0,0.15,74
1.01487446443765,1.00658370267945,1.0103460240904,1,12,20,0,0.15,75
1.18572206444038,1.19498137111928,1.20009497677902,1,12,20,0,0.15,76
0.952702698896487,0.956089858419015,0.955782597062351,1,12,20,0,0.15,77
1.08183752277238,1.09087519324652,1.08212618218416,1,12,20,0,0.15,78
1.20932933675989,1.21846384401034,1.20904462320109,1,12,20,0,0.15,79
1.01413687699984,1.01167717173499,1.0141747548972,1,12,20,0,0.15,80
0.867015621928321,0.862069899828625,0.864870183160744,1,12,20,0,0.15,81
1.08873491661243,1.08426749740478,1.08342945511147,1,12,20,0,0.15,82
0.926571847850296,0.918642949254992,0.925417487126736,1,12,20,0,0.15,83
0.918226837787839,0.913807217826541,0.919038452876146,1,12,20,0,0.15,84
1.16307242445238,1.16246919222416,1.16221777378721,1,12,20,0,0.15,85
1.09763949389968,1.09933222800902,1.10028149815321,1,12,20,0,0.15,86
1.10220498933559,1.10106519253462,1.10734020485757,1,12,20,0,0.15,87
1.26285069218267,1.25759637486697,1.26018847851547,1,12,20,0,0.15,88
0.999259883930695,1.00237428691463,1.00151075341214,1,12,20,0,0.15,89
0.995444576599897,0.992938152907678,0.993785562165908,1,12,20,0,0.15,90
1.00102073374827,1.00134555898015,0.995771774220042,1,12,20,0,0.15,91
1.02104082609457,1.01999594806689,1.0226176906287,1,12,20,0,0.15,92
0.845091550245352,0.84545979097211,0.84564197765199,1,12,20,0,0.15,93
0.964307471777315,0.96017209879488,0.971247317533765,1,12,20,0,0.15,94
0.894540098060538,0.895487218295467,0.894435829516054,1,12,20,0,0.15,95
1.10477612654815,1.11073368678407,1.10604111394942,1,12,20,0,0.15,96
0.931684060253434,0.93509133813813,0.929172145147527,1,12,20,0,0.15,97
0.949823768120213,0.950868164783859,0.951435916754635,1,12,20,0,0.15,98
1.04412202196129,1.03988874402652,1.04271510818908,1,12,20,0,0.15,99
0.896560015929761,0.907191416982886,0.896502308122133,1,12,20,0,0.15,100
1.05143523579311,1.05141705358565,1.04910932667828,1,12,20,0,0.15,101
0.912778364012978,0.911484597949222,0.914388544222808,1,12,20,0,0.15,102
0.922871073049155,0.91088059757057,0.92720621379147,1,12,20,0,0.15,103
1.13501031172028,1.13416177410739,1.13954975657284,1,12,20,0,0.15,104
1.21398829526878,1.23768615459328,1.21509516293985,1,12,20,0,0.15,105
1.13796006003872,1.15769931341094,1.13730773758419,1,12,20,0,0.15,106
0.939494957673695,0.925985866452167,0.938930914745001,1,12,20,0,0.15,107
1.03404235430018,1.02934105342325,1.03662083739485,1,12,20,0,0.15,108
0.971900425084119,0.968761069438931,0.974702054687247,1,12,20,0,0.15,109
0.946397504329562,0.953548901641544,0.948025750285984,1,12,20,0,0.15,110
1.00072024645847,0.998742042227877,1.00035283601946,1,12,20,0,0.15,111
1.00959464007042,1.01901189497481,1.00713868306341,1,12,20,0,0.15,112
1.05802850614157,1.03409120101043,1.05942887878153,1,12,20,0,0.15,113
1.02586392216975,1.02237516529203,1.02743561403193,1,12,20,0,0.15,114
1.03372452342524,1.02906284842953,1.03051066103113,1,12,20,0,0.15,115
0.89758493829609,0.882107137902243,0.901333553761212,1,12,20,0,0.15,116
1.19308059607659,1.19913578642932,1.19307254384037,1,12,20,0,0.15,117
1.16229442734621,1.16097840753964,1.15975550211204,1,12,20,0,0.15,118
0.981622023871091,0.977011236602138,0.981680392418485,1,12,20,0,0.15,119
1.28465342918902,1.29249456442562,1.28062990392413,1,12,20,0,0.15,120
1.23913872037446,1.25616753746246,1.23818981104609,1,12,20,0,0.15,121
1.09651308132207,1.08109508887519,1.09624292222819,1,12,20,0,0.15,122
1.11787072391446,1.14881347435932,1.11990341193891,1,12,20,0,0.15,123
1.22185765607246,1.20803743862131,1.22058843235592,1,12,20,0,0.15,124
1.19016291334616,1.20572888080834,1.18935665766785,1,12,20,0,0.15,125
0.97199015721826,0.960332091234155,0.968657998056402,1,12,20,0,0.15,126
1.01076544078712,1.00895969032934,1.01010022063188,1,12,20,0,0.15,127
1.08729296802688,1.08243030167011,1.08718376837333,1,12,20,0,0.15,128
0.786029274331475,0.803466295677584,0.786842650503168,1,12,20,0,0.15,129
1.11913694914577,1.11753221670686,1.11936084901989,1,12,20,0,0.15,130
0.818240383552506,0.810882665355873,0.817868247901134,1,12,20,0,0.15,131
0.97588392465729,0.97290691127206,0.975746902215044,1,12,20,0,0.15,132
1.1235843482737,1.12112273973733,1.12324703352946,1,12,20,0,0.15,133
0.856868122141176,0.849889931372187,0.870680546979561,1,12,20,0,0.15,134
0.846373643381661,0.848671260720301,0.846287471402492,1,12,20,0,0.15,135
1.171944167692,1.17274141584339,1.17157802680836,1,12,20,0,0.15,136
1.09135989585224,1.0880187831227,1.09320972946342,1,12,20,0,0.15,137
0.921882807010335,0.921842210435496,0.922594691761445,1,12,20,0,0.15,138
0.839336466163934,0.842594513352395,0.837569781101517,1,12,20,0,0.15,139
0.74246767529165,0.746756173857003,0.739899382013461,1,12,20,0,0.15,140
1.01987841076481,1.01450897231993,1.0210546017417,1,12,20,0,0.15,141
1.24990091764096,1.24868119629033,1.25159232882209,1,12,20,0,0.15,142
1.09073891218341,1.09045616689786,1.08880518333351,1,12,20,0,0.15,143
1.0181856497603,1.00970381749917,1.01395921144386,1,12,20,0,0.15,144
0.773964567902509,0.777054088942317,0.772206289119911,1,12,20,0,0.15,145
1.05084458454666,1.06084809006241,1.04749263081057,1,12,20,0,0.15,146
0.716081279864125,0.698206992442408,0.715597603377914,1,12,20,0,0.15,147
1.09177865363263,1.0925388849563,1.09551140219349,1,12,20,0,0.15,148
1.10415258693518,1.10790373487138,1.1051195032614,1,12,20,0,0.15,149
1.10051045924157,1.09416641007074,1.10212884426917,1,12,20,0,0.15,150
1.08580575788443,1.09184192945178,1.08227176951248,1,12,20,0,0.15,151
0.821112099575802,0.818624784369646,0.819832034260583,1,12,20,0,0.15,152
1.13780777059245,1.12246022791569,1.14479156667219,1,12,20,0,0.15,153
0.812832633373286,0.831016855682721,0.814635886397817,1,12,20,0,0.15,154
0.920170323542645,0.922115435192211,0.920375644229118,1,12,20,0,0.15,155
1.04682317100833,1.02943271781613,1.05339487579266,1,12,20,0,0.15,156
1.00720989370404,1.02640080757385,1.01008539950573,1,12,20,0,0.15,157
1.15893815999906,1.15454774062117,1.15936026540266,1,12,20,0,0.15,158
0.912717448210879,0.914164544271024,0.912692534368633,1,12,20,0,0.15,159
1.08198470192089,1.08483083752618,1.08321064400011,1,12,20,0,0.15,160
1.12991052053636,1.12736921425324,1.13833232470852,1,12,20,0,0.15,161
0.923308764136282,0.934160187148802,0.923538973390456,1,12,20,0,0.15,162
0.940098609448743,0.936014035987828,0.941068653535145,1,12,20,0,0.15,163
1.06905888523756,1.06969025521675,1.06915605632131,1,12,20,0,0.15,164
0.899942876433493,0.911691888718796,0.901642240750347,1,12,20,0,0.15,165
1.07139747553106,1.06634882397869,1.071044861443,1,12,20,0,0.15,166
0.888413159212568,0.886270939842675,0.888144778453929,1,12,20,0,0.15,167
0.777734712315355,0.785053417381376,0.780819362087433,1,12,20,0,0.15,168
1.12519847437168,1.11688866444838,1.12600405437677,1,12,20,0,0.15,169
1.13159053931935,1.11126226200066,1.13182768260167,1,12,20,0,0.15,170
1.00793246330047,1.0134134718296,1.00747204734934,1,12,20,0,0.15,171
1.07578374604655,1.07129934844638,1.08115112597429,1,12,20,0,0.15,172
1.12577098592347,1.10830266983842,1.12807433664323,1,12,20,0,0.15,173
1.26736384818872,1.25105307452302,1.27139976984684,1,12,20,0,0.15,174
1.03143938765563,1.04126061705909,1.02681908458337,1,12,20,0,0.15,175
1.05748835150527,1.06263640732893,1.05539026285332,1,12,20,0,0.15,176
1.09860085226618,1.08506852751028,1.07885458923331,1,12,20,0,0.15,177
1.04740294440103,1.03845357631529,1.04688180485803,1,12,20,0,0.15,178
0.837020804425487,0.831269701825423,0.837635474515557,1,12,20,0,0.15,179
0.870298256524956,0.878116648064057,0.869554260544678,1,12,20,0,0.15,180
0.773905162365342,0.754239339679542,0.764374715606828,1,12,20,0,0.15,181
0.860078346787626,0.8637769950389,0.863431351888169,1,12,20,0,0.15,182
0.842958492732905,0.851346764442819,0.842259948857965,1,12,20,0,0.15,183
0.889175506342506,0.884007611303948,0.888897519458562,1,12,20,0,0.15,184
1.0793793265595,1.10450602338483,1.07128806630616,1,12,20,0,0.15,185
1.00419539812853,1.01178374095472,1.00031211627103,1,12,20,0,0.15,186
0.774657506722869,0.770340163029933,0.774785669671455,1,12,20,0,0.15,187
0.820572030416736,0.818366510340396,0.816304930301149,1,12,20,0,0.15,188
0.827770247484588,0.802421308931829,0.829058018564963,1,12,20,0,0.15,189
1.00726132402155,1.00894756566762,1.00526677354028,1,12,20,0,0.15,190
1.06377812668547,1.06806847660251,1.05831098466988,1,12,20,0,0.15,191
0.943344576421277,0.949295062015107,0.94367150531426,1,12,20,0,0.15,192
0.659090408251667,0.661161515108429,0.658756803407728,1,12,20,0,0.15,193
1.13517156547872,1.13643173907283,1.12990608354763,1,12,20,0,0.15,194
1.03199022614932,1.03571778302128,1.02998675668798,1,12,20,0,0.15,195
0.822562204156024,0.816765024533798,0.820710917854822,1,12,20,0,0.15,196
1.07683092710909,1.08455098427395,1.07180691102619,1,12,20,0,0.15,197
1.31844143829972,1.32787084821694,1.32300493896571,1,12,20,0,0.15,198
0.760879757990478,0.74954723719814,0.758388361189349,1,12,20,0,0.15,199
1.14078335163494,1.14399795850691,1.14252927250139,1,12,20,0,0.15,200
1.64098258835575,1.64134008212407,1.64038524868768,2.04792304187146,13,5,0.5,0.6,1
1.58900210164732,1.52981887188546,1.5980747513291,1.85904537378236,13,5,0.5,0.6,2
2.31513329711088,2.31411633905434,2.32092797788048,2.87303926540149,13,5,0.5,0.6,3
1.28817863885263,1.28350694750637,1.29306340483996,1.50173639534907,13,5,0.5,0.6,4
2.51010501790802,2.50561670077152,2.50657224864147,2.3144518287983,13,5,0.5,0.6,5
2.45501348453839,2.45412284510957,2.45517154776344,2.00008942089145,13,5,0.5,0.6,6
1.86702228905785,1.86257541902133,1.86073122759326,1.66147568244391,13,5,0.5,0.6,7
3.44186267879846,3.44198747213352,3.43783032985992,2.94133938561884,13,5,0.5,0.6,8
1.83923252936743,1.84902045635167,1.83668975241444,1.75074785405601,13,5,0.5,0.6,9
2.65063695551519,2.64926580726834,2.65096259261334,2.20299937954704,13,5,0.5,0.6,10
1.82180809175807,1.81975252848841,1.81720595402756,1.74675664552602,13,5,0.5,0.6,11
1.83169207071068,1.83241146473581,1.83247796237287,1.84908101892174,13,5,0.5,0.6,12
1.69690845393138,1.69902911992867,1.70079886431258,1.56143605710841,13,5,0.5,0.6,13
2.19258826393255,2.20721973566515,2.19113614089188,2.0562662637317,13,5,0.5,0.6,14
1.95593388750843,1.97112085820778,1.95887369909519,1.92408527421952,13,5,0.5,0.6,15
1.44870545005331,1.43981986220833,1.44766120977163,1.69860509662947,13,5,0.5,0.6,16
1.92410356930836,1.91320789634459,1.92825438130916,1.77979661363967,13,5,0.5,0.6,17
1.85092665008645,1.86006014882582,1.8505443932642,1.71352071065947,13,5,0.5,0.6,18
2.49833703662815,2.49341740587702,2.49211054203177,2.20456274637823,13,5,0.5,0.6,19
1.48625626074618,1.49172545677581,1.48250984515191,1.5573084530293,13,5,0.5,0.6,20
2.04529877223427,2.04480963791436,2.05396112402713,2.77130288756518,13,5,0.5,0.6,21
1.92765869129448,1.92907069832851,1.9352813691784,2.10579780301902,13,5,0.5,0.6,22
2.89240919270584,2.89194550229392,2.89466717065374,2.60054023689943,13,5,0.5,0.6,23
1.330727554681,1.32784439130012,1.32955263942575,1.31398770111053,13,5,0.5,0.6,24
2.87072316714956,2.8700043883947,2.89226663947779,2.84221217348872,13,5,0.5,0.6,25
1.88769656100192,1.88891471976487,1.89153436976024,1.97212024338049,13,5,0.5,0.6,26
1.39621035606728,1.39548208262014,1.39281861282623,1.39543854331602,13,5,0.5,0.6,27
1.61151344610015,1.62981950433962,1.60786396253844,1.98956221924788,13,5,0.5,0.6,28
3.38720550878993,3.38798140808485,3.37224760148331,2.9745541959912,13,5,0.5,0.6,29
2.98483073167752,2.98474254414724,2.99462351607452,2.95576317147027,13,5,0.5,0.6,30
2.9971991086912,2.99694137760323,2.99896222717344,2.93235810774189,13,5,0.5,0.6,31
2.9491782021504,2.94930209685283,2.92980532847469,2.94659302329932,13,5,0.5,0.6,32
1.33096064309446,1.33140773188606,1.3337318208475,1.22398242074357,13,5,0.5,0.6,33
2.89742467710425,2.89676767146546,2.89620589676519,2.93257419380589,13,5,0.5,0.6,34
1.93728602803534,1.93969897167912,1.93495353719999,1.87992492728346,13,5,0.5,0.6,35
2.01247012750286,2.0126510794081,2.01170573032925,2.41442613444789,13,5,0.5,0.6,36
1.65416721582456,1.68858040586432,1.65658130578016,1.65270544060459,13,5,0.5,0.6,37
2.37540803995516,2.3753666937173,2.36988307658679,2.31312033760878,13,5,0.5,0.6,38
3.08787949069289,3.08393748854203,3.10109472686326,2.61672665872661,13,5,0.5,0.6,39
2.66735167388359,2.67820760362153,2.65969815339241,2.67935613333356,13,5,0.5,0.6,40
3.20104772035745,3.20011082892424,3.19578057261514,2.77678133388882,13,5,0.5,0.6,41
1.43870442355735,1.43641492535689,1.43462798664807,1.89443577198801,13,5,0.5,0.6,42
2.26828015391208,2.25154854689577,2.24928112614,2.39760501143186,13,5,0.5,0.6,43
2.30390707663564,2.30249220897824,2.29711817851446,2.34780665724222,13,5,0.5,0.6,44
2.41251959932686,2.41207063806491,2.4162279864595,2.34428971089247,13,5,0.5,0.6,45
2.71639022639444,2.7162293037666,2.71529834567093,2.92631368716386,13,5,0.5,0.6,46
1.68864837941327,1.68300098391309,1.68865588484639,1.42892486449027,13,5,0.5,0.6,47
2.42155607899066,2.42306041603741,2.42261874446866,2.30061552877233,13,5,0.5,0.6,48
1.18283807132897,1.17517864397296,1.17639572038823,1.42246603215829,13,5,0.5,0.6,49
2.25160214293215,2.24711287337488,2.25812240772227,1.78373430979508,13,5,0.5,0.6,50
1.64575145779248,1.63678261428007,1.65475826664533,1.30449564499101,13,5,0.5,0.6,51
2.53096324669884,2.53060429796997,2.50258216298058,2.57272859963917,13,5,0.5,0.6,52
2.10154109864904,2.09494526766205,2.12084393673627,2.15694876948678,13,5,0.5,0.6,53
3.07877455787315,3.07872458020768,3.03721708909381,2.93892423656105,13,5,0.5,0.6,54
4.14322916022378,4.14319915107066,4.15529858172444,2.97832908218704,13,5,0.5,0.6,55
1.81119145331134,1.79118754593842,1.81866557063212,1.52183509582665,13,5,0.5,0.6,56
2.97332668011732,2.97317414435252,2.97536080456669,2.95903852143403,13,5,0.5,0.6,57
1.82666869895463,1.82772092151019,1.83252296757038,2.23967091371122,13,5,0.5,0.6,58
1.62006136804565,1.61547616229819,1.6147462653519,1.68920033150391,13,5,0.5,0.6,59
2.06187224380144,2.05919349511115,2.05756875691886,1.8637879450424,13,5,0.5,0.6,60
2.26779554969347,2.26676446658101,2.24339558672714,2.19964782347965,13,5,0.5,0.6,61
1.48549673003614,1.49379588108539,1.49378942531539,1.85717188447649,13,5,0.5,0.6,62
1.86706457633742,1.86822513592381,1.87063574525767,1.92676268780461,13,5,0.5,0.6,63
2.07617514152376,2.0427957692186,2.11465347920579,2.06174279713232,13,5,0.5,0.6,64
2.08097017095032,2.08025491143057,2.08055865483098,2.26366080603897,13,5,0.5,0.6,65
1.34552085495729,1.34710293177738,1.32612060968253,1.35487247827635,13,5,0.5,0.6,66
1.03706743370005,1.03528023801711,1.03921975949653,1.59391717551248,13,5,0.5,0.6,67
1.57004560146566,1.57335346417217,1.56956074602814,1.56447445420993,13,5,0.5,0.6,68
1.43326855855746,1.42589124398068,1.43539198338848,1.61115967555897,13,5,0.5,0.6,69
2.89819754143692,2.89816888104131,2.91201483463519,2.98878522454148,13,5,0.5,0.6,70
3.27471681985995,3.27475040153981,3.27643808442796,2.96620716202211,13,5,0.5,0.6,71
2.11517524191534,2.11409856204892,2.11228629975622,2.47706056918113,13,5,0.5,0.6,72
2.33199738068679,2.33246361350743,2.33237995527852,1.94071623047594,13,5,0.5,0.6,73
1.23905556584685,1.24247159835945,1.24065236894449,1.59285928285636,13,5,0.5,0.6,74
2.56402277428941,2.56317017945858,2.5727222612009,2.46680129544768,13,5,0.5,0.6,75
2.53049422111296,2.52446361211318,2.53431622547662,2.24720326001511,13,5,0.5,0.6,76
2.52984722868561,2.52659795136877,2.53716571824739,2.58796931502798,13,5,0.5,0.6,77
1.60229921636249,1.59117566454889,1.60027638659494,1.73743572836723,13,5,0.5,0.6,78
2.33143260200821,2.33887274113467,2.32228870369531,2.53966543266798,13,5,0.5,0.6,79
1.83029365701935,1.82619681012035,1.82897323055475,1.61683335268806,13,5,0.5,0.6,80
1.73516516088828,1.73435997552251,1.72485229474416,2.16054498475311,13,5,0.5,0.6,81
1.45613561944016,1.45653419483581,1.46116277733987,1.76095794342528,13,5,0.5,0.6,82
2.59688046897028,2.59273948626969,2.60356571624955,2.09742941215089,13,5,0.5,0.6,83
1.08910884530552,1.09351703599445,1.08793645715766,1.1601384629292,13,5,0.5,0.6,84
1.19169657442174,1.1908921315786,1.19019954305559,1.64147924562951,13,5,0.5,0.6,85
2.84171336221825,2.8420117123882,2.83326964773158,2.91703721021382,13,5,0.5,0.6,86
1.74118325837893,1.73277044353467,1.74249099679991,1.91807641983995,13,5,0.5,0.6,87
3.088960592765,3.08311671448037,3.08638859041351,2.28281799015533,13,5,0.5,0.6,88
1.09223130517141,1.08994162592565,1.09240140075418,1.372894198934,13,5,0.5,0.6,89
1.69322367365116,1.69164143073012,1.68911679749702,1.58044459655219,13,5,0.5,0.6,90
2.63534833100529,2.63381587853049,2.68061187064458,2.7446022198557,13,5,0.5,0.6,91
1.74583997501281,1.74474721675983,1.74549498463063,2.09895633778572,13,5,0.5,0.6,92
1.7372466583715,1.75249016006821,1.74211851345553,1.54871944517853,13,5,0.5,0.6,93
1.57450808822116,1.56222656546039,1.57065776086289,1.58917040920469,13,5,0.5,0.6,94
2.00116881437916,1.9888093282511,2.02764709343362,2.26112714170019,13,5,0.5,0.6,95
1.72930372698126,1.70938601865833,1.73774788260793,2.12074006933809,13,5,0.5,0.6,96
1.28297470889614,1.27323600902622,1.28370508671576,1.56952590511402,13,5,0.5,0.6,97
3.50614818926849,3.50526331354249,3.50301723326459,2.95269369747057,13,5,0.5,0.6,98
1.61705854060634,1.61707480698327,1.62511015181658,2.01509281025885,13,5,0.5,0.6,99
2.30782976646527,2.31160070360637,2.31239192669696,2.61720949249612,13,5,0.5,0.6,100
2.45072443464992,2.45063733975891,2.45767879066309,2.5083310572615,13,5,0.5,0.6,101
2.47144300560674,2.47130577242192,2.47465005192677,2.77497001628166,13,5,0.5,0.6,102
1.06120075024993,1.06378469016088,1.06542673784099,1.34600145232273,13,5,0.5,0.6,103
2.57854988287835,2.58119632524896,2.58338932742887,2.34646603424985,13,5,0.5,0.6,104
2.8041456460575,2.80457779739203,2.79002139223948,2.80583327989231,13,5,0.5,0.6,105
1.04776643762443,1.05804123988459,1.04534261678616,1.45478390738347,13,5,0.5,0.6,106
1.78041142937458,1.78271600179652,1.77923353963399,1.68032003247353,13,5,0.5,0.6,107
3.34313760178058,3.34220514516508,3.33760518458645,2.47385130100777,13,5,0.5,0.6,108
2.30650487770597,2.31001110369688,2.2971122227783,2.20520774056422,13,5,0.5,0.6,109
1.62446830188953,1.62406537505,1.61737447503527,1.75883763081221,13,5,0.5,0.6,110
1.83086404387081,1.83333490323878,1.8374822057877,1.75762722299454,13,5,0.5,0.6,111
2.92166515971819,2.92187283066055,2.90903949638563,2.6299153437293,13,5,0.5,0.6,112
2.8957901231736,2.89590359719548,2.89632307117735,2.98064893303918,13,5,0.5,0.6,113
1.70797429304356,1.71593999351769,1.70726028470022,1.38511439777858,13,5,0.5,0.6,114
2.54464290509672,2.54363980441804,2.5426238893083,2.14816248954686,13,5,0.5,0.6,115
1.25183997919975,1.2409946498095,1.25548971280937,1.76192446306756,13,5,0.5,0.6,116
1.25893138867906,1.2537256469521,1.2601048683967,1.43575745150118,13,5,0.5,0.6,117
1.96380926027668,1.96977207046036,1.96520024560059,1.93576378567368,13,5,0.5,0.6,118
3.21780684687417,3.2176161529609,3.21625553713626,2.80251255560441,13,5,0.5,0.6,119
1.26286470481716,1.26389767565044,1.26690152400328,1.67870064641302,13,5,0.5,0.6,120
2.39515045029963,2.39544481321851,2.39409515840052,2.97460959788686,13,5,0.5,0.6,121
1.49617122304223,1.5096707040779,1.49438796149295,1.74637939461233,13,5,0.5,0.6,122
2.45316587682501,2.45316197769257,2.44859741166425,2.92254452925247,13,5,0.5,0.6,123
2.49699004691131,2.49600450112704,2.49952083241726,2.29765753438309,13,5,0.5,0.6,124
2.51554694321651,2.51540098208669,2.51044777262954,2.83126323785047,13,5,0.5,0.6,125
1.47824298897858,1.47807830112497,1.48687514490109,1.65234317726767,13,5,0.5,0.6,126
2.27647789738116,2.27694505236125,2.27165317422213,2.44382707963573,13,5,0.5,0.6,127
3.4003374742859,3.40008117964793,3.39865040653536,2.9904789845743,13,5,0.5,0.6,128
3.09713880404286,3.09713356409395,3.0847251589103,2.85960471250388,13,5,0.5,0.6,129
2.45652713235415,2.44733995865788,2.45600226039175,2.15631180516725,13,5,0.5,0.6,130
2.75746902467061,2.75977802692479,2.75400475997921,2.48917994523263,13,5,0.5,0.6,131
1.65783057850352,1.62059905193927,1.62596123051354,1.59435282866321,13,5,0.5,0.6,132
2.48722452763342,2.49330251540949,2.48296974541626,2.64461007572732,13,5,0.5,0.6,133
2.24202548372949,2.23204244229527,2.24972054481679,2.0338819116614,13,5,0.5,0.6,134
2.6991389509945,2.69626015766823,2.70037129782384,2.4974334862282,13,5,0.5,0.6,135
2.86348594048142,2.86324718534208,2.86124180972785,2.89926261547088,13,5,0.5,0.6,136
1.19646967635671,1.18874827534774,1.19555064519011,1.14235595382659,13,5,0.5,0.6,137
1.36224345869732,1.35711821909353,1.34973728276505,1.49915566456933,13,5,0.5,0.6,138
2.24525647785609,2.24348332516656,2.245317858925,2.11317332742085,13,5,0.5,0.6,139
2.44217877396794,2.43967447094825,2.44017797124639,2.75487824942576,13,5,0.5,0.6,140
2.41084229119127,2.40961840906873,2.43796675561702,2.57380430473219,13,5,0.5,0.6,141
0.905994386154781,0.915840758294679,0.914605204503674,1.22797030881605,13,5,0.5,0.6,142
3.25912414668813,3.25911972042431,3.25984076264233,2.97197506935498,13,5,0.5,0.6,143
1.64157000644729,1.6426210161288,1.63943003294184,1.56607206272,13,5,0.5,0.6,144
3.15580333027383,3.15555553883885,3.15407084645984,2.98392595049856,13,5,0.5,0.6,145
1.97997182500201,1.97945641550854,1.97974651668098,2.01058801433652,13,5,0.5,0.6,146
1.60077908192693,1.62287218613419,1.61445000074291,1.92501218532807,13,5,0.5,0.6,147
1.75679387576414,1.76495841513533,1.75775379491221,1.53651072976728,13,5,0.5,0.6,148
2.6371116537796,2.63598689425241,2.64295970501175,2.8223160143368,13,5,0.5,0.6,149
1.24287349524112,1.23715773163014,1.24225451043593,1.21722259530407,13,5,0.5,0.6,150
3.06964803142661,3.06975790930229,3.06838549416882,2.92695942622246,13,5,0.5,0.6,151
1.71709920114741,1.71314978972661,1.71057866064419,1.47208572053011,13,5,0.5,0.6,152
1.74313332034957,1.7391384942236,1.74050207246245,2.23224877334763,13,5,0.5,0.6,153
1.69337017204394,1.69184184661237,1.69767552915888,1.98750685453321,13,5,0.5,0.6,154
1.63966617095493,1.64849281394679,1.63653811647948,2.04739384765293,13,5,0.5,0.6,155
2.95122089151914,2.95146871448769,2.95649504027246,2.97361777121224,13,5,0.5,0.6,156
1.92527358418381,1.93339755214653,1.92362549046075,1.92554793709863,13,5,0.5,0.6,157
2.57425850886106,2.57247660362379,2.56668195914894,2.20397807609238,13,5,0.5,0.6,158
1.23534316205581,1.23346163365375,1.24659452126329,1.34539592147701,13,5,0.5,0.6,159
1.44614628820065,1.44015789925921,1.44544688793653,1.22980449882812,13,5,0.5,0.6,160
2.03151530214385,2.04047809953114,2.03103404438098,1.98892453964083,13,5,0.5,0.6,161
2.2309806611421,2.22925362487616,2.23099351774825,2.21690377323263,13,5,0.5,0.6,162
1.66840521267386,1.66740441423092,1.66531368882672,1.61762617762629,13,5,0.5,0.6,163
2.12571306972959,2.12682318439162,2.13134128930006,1.92156504792713,13,5,0.5,0.6,164
1.24034681062665,1.23664303671489,1.25045074124698,1.85282137888471,13,5,0.5,0.6,165
2.05575126116713,2.04273533689219,2.05297000303983,2.03258956714134,13,5,0.5,0.6,166
2.7690504909497,2.7696581689829,2.76304384997525,2.86653257600377,13,5,0.5,0.6,167
2.38038920761637,2.38031118381834,2.39195133220192,2.37267663861819,13,5,0.5,0.6,168
3.22908834565727,3.22900668285859,3.23311082360155,2.97853993060404,13,5,0.5,0.6,169
3.3294945061525,3.33044318834167,3.330000890624,2.5674938810141,13,5,0.5,0.6,170
2.1377887622387,2.14608661896542,2.12225592180452,1.97984388922751,13,5,0.5,0.6,171
1.78362562184865,1.76974859934624,1.79291586399991,1.70000693856758,13,5,0.5,0.6,172
1.19078729387986,1.20128714947662,1.18933254447972,1.23864270764861,13,5,0.5,0.6,173
1.09696280917124,1.10393218910275,1.10202717521278,1.61643333691118,13,5,0.5,0.6,174
1.60718422421101,1.60672340185671,1.62214799397483,1.37187817758443,13,5,0.5,0.6,175
1.67037713569388,1.68251300214117,1.67880317562666,1.87603916515085,13,5,0.5,0.6,176
1.50466555520101,1.49888785420026,1.49787790052713,1.33565597979663,13,5,0.5,0.6,177
1.38609228126451,1.38336548240883,1.38850444043851,1.49781570177298,13,5,0.5,0.6,178
1.60766901442477,1.60630821239111,1.6058569759032,1.77478119611267,13,5,0.5,0.6,179
1.43419554941587,1.42839891989029,1.44160348153713,1.344113894053,13,5,0.5,0.6,180
0.88522645693744,0.910957941632609,0.944685657393825,1.99154405569905,13,5,0.5,0.6,181
2.63456177082464,2.63493582881339,2.63570898716201,2.79169160201915,13,5,0.5,0.6,182
1.64011494240282,1.63784943159627,1.63984670180441,1.57571092377816,13,5,0.5,0.6,183
1.43118117604314,1.42887708646581,1.42817277675009,1.7060772992038,13,5,0.5,0.6,184
2.88323924569885,2.8834072275239,2.86886160128685,2.87809710395368,13,5,0.5,0.6,185
1.94562456770752,1.94526030370456,1.94261513437951,2.43656564546929,13,5,0.5,0.6,186
1.93090075969545,1.93109733829339,1.90183383182206,2.18544195145,13,5,0.5,0.6,187
2.31811847382524,2.31807253999309,2.32072150096737,2.99448202415846,13,5,0.5,0.6,188
2.45156975453681,2.45039367794752,2.44835467026497,2.65860249076817,13,5,0.5,0.6,189
2.5859776201159,2.58684441547387,2.58661748498093,2.53283042723507,13,5,0.5,0.6,190
2.33050252258808,2.33094729090518,2.32950065574117,2.38036840709188,13,5,0.5,0.6,191
1.74899542841567,1.75666354054076,1.74773353671566,2.0100048482585,13,5,0.5,0.6,192
1.22539506299821,1.22883298134529,1.22667998518861,1.20362791690888,13,5,0.5,0.6,193
1.22300208495673,1.22236957402017,1.22366932584672,1.51254079082127,13,5,0.5,0.6,194
1.94181813665431,1.93763349764591,1.93610588293661,2.07101102062142,13,5,0.5,0.6,195
2.27044568444239,2.26849583255033,2.2786137979696,2.69988613979922,13,5,0.5,0.6,196
1.35831278717283,1.36138305985368,1.36443775414695,1.73399722622906,13,5,0.5,0.6,197
3.02859188020958,3.03143601797986,3.02586016907428,2.78368245149948,13,5,0.5,0.6,198
2.47948751945257,2.48084991524494,2.47362542244758,2.13784740301288,13,5,0.5,0.6,199
1.87295723058682,1.86702925356151,1.87055303281603,2.02440534539506,13,5,0.5,0.6,200
1.37751049248852,1.37810363297745,1.38116343459383,1.31288928567276,14,10,0.5,0.3,1
1.54414030459574,1.54563534170562,1.5311319764366,1.79058290062912,14,10,0.5,0.3,2
5.09331987674337,5.09541905891202,5.12658759106502,4.79517974505514,14,10,0.5,0.3,3
1.2799272726486,1.28222511207684,1.27935836720839,1.50330178310694,14,10,0.5,0.3,4
1.2041971626801,1.20088219089646,1.21100176492652,1.39414424023083,14,10,0.5,0.3,5
1.59158705219576,1.59753802733914,1.59195331579855,1.73688375123518,14,10,0.5,0.3,6
3.54477997884941,3.54434751415392,3.54583785835254,3.30139056140991,14,10,0.5,0.3,7
1.90385082111047,1.90556514376186,1.90238519804268,1.56049177648242,14,10,0.5,0.3,8
1.43293160350695,1.4307911834193,1.43152389482748,1.2878044126094,14,10,0.5,0.3,9
1.41732064664193,1.41144881127105,1.4189175955024,1.49014244825786,14,10,0.5,0.3,10
2.245284713089,2.24101572806964,2.24416188551655,1.93144070781969,14,10,0.5,0.3,11
1.91410503221217,1.91003479907257,1.916933747231,2.04207896365513,14,10,0.5,0.3,12
2.82774407598417,2.83003876820368,2.82790713005647,2.85348021640751,14,10,0.5,0.3,13
1.33717288585617,1.33205882481749,1.33622470491362,1.34381950926122,14,10,0.5,0.3,14
2.01527062322449,2.01401504845818,2.01563363464967,1.7605437329787,14,10,0.5,0.3,15
4.26011211858205,4.25903934206317,4.25930048329418,3.69863898348951,14,10,0.5,0.3,16
2.85578829026848,2.85446266042357,2.85620089848409,2.74036521643007,14,10,0.5,0.3,17
1.12334503060596,1.12127354231124,1.13245099289128,1.36634914945832,14,10,0.5,0.3,18
1.75832057124979,1.74580422123626,1.75463742095252,1.70094839676821,14,10,0.5,0.3,19
3.55529635445188,3.5645082188503,3.55073645424605,3.25041023702626,14,10,0.5,0.3,20
1.69594593092043,1.69644507001521,1.70345735768883,1.80573600432831,14,10,0.5,0.3,21
3.60385437176407,3.60849922564414,3.60487197064179,3.84682056996785,14,10,0.5,0.3,22
2.23465958998059,2.23480698679913,2.23687936630266,2.30040720541486,14,10,0.5,0.3,23
1.64079261108768,1.63093791220018,1.63974148222855,1.46944711899025,14,10,0.5,0.3,24
3.07403578561976,3.07457123807662,3.0870546427852,2.88577078569625,14,10,0.5,0.3,25
2.62441732145291,2.62924810457701,2.62464526947483,2.51800763001142,14,10,0.5,0.3,26
1.47132429138595,1.44842997727516,1.4717724459161,1.64134202444602,14,10,0.5,0.3,27
2.38770156674653,2.39037569768454,2.39405642940014,2.45961053014286,14,10,0.5,0.3,28
1.68938638738543,1.68557775586929,1.69425189775337,1.81760109615657,14,10,0.5,0.3,29
2.42193177875244,2.42570126654927,2.42036902009687,2.68830514000931,14,10,0.5,0.3,30
2.09247087220881,2.09834242265687,2.08488148110658,2.23485016869198,14,10,0.5,0.3,31
3.92456185618685,3.92251120681151,3.92187884755032,4.21287473477501,14,10,0.5,0.3,32
3.11184278612309,3.09855463113768,3.13696346257717,3.09661245850631,14,10,0.5,0.3,33
4.41154841274255,4.41196878155535,4.4082023074691,4.37439138855735,14,10,0.5,0.3,34
1.5189505541694,1.52059799425746,1.51711394670309,2.0145602714452,14,10,0.5,0.3,35
3.87245857091276,3.87116358700449,3.87787239776313,3.90923213492577,14,10,0.5,0.3,36
2.5306821290449,2.52617376694383,2.53403209423532,2.64358892446573,14,10,0.5,0.3,37
1.80541348388518,1.79536210806712,1.80851759763851,1.78059857775355,14,10,0.5,0.3,38
1.56710024386498,1.56131929482055,1.57191993814658,1.85003057342977,14,10,0.5,0.3,39
1.44872210127926,1.44900227209803,1.4476379821331,1.44592845733265,14,10,0.5,0.3,40
1.91320713168465,1.93053569093796,1.91476165758383,2.03733953397373,14,10,0.5,0.3,41
1.31084931751953,1.31090971611472,1.31118639891898,1.40619432501307,14,10,0.5,0.3,42
1.23157576447095,1.23375263985525,1.2316153031533,1.16966243619523,14,10,0.5,0.3,43
2.69827844253078,2.69861894181774,2.69576117833767,2.65654237865269,14,10,0.5,0.3,44
3.48494588977719,3.46553222167367,3.44236271342081,2.90800635875983,14,10,0.5,0.3,45
2.33310030603513,2.32763239324571,2.33755000051244,2.36086420072237,14,10,0.5,0.3,46
2.5246242731036,2.51605799794463,2.5188978005742,2.38066944414481,14,10,0.5,0.3,47
1.4770381029406,1.47989129434614,1.47617993180502,1.32636585836417,14,10,0.5,0.3,48
2.49126582261388,2.4957809306144,2.48938880815446,2.40693579725062,14,10,0.5,0.3,49
1.4491358036249,1.44636708682225,1.4428547191659,1.60982257073329,14,10,0.5,0.3,50
1.64063944281105,1.63423674862984,1.63622405380561,1.47639543684485,14,10,0.5,0.3,51
3.47657235325836,3.47341982707054,3.48202446254221,3.42873185622823,14,10,0.5,0.3,52
2.79420050676176,2.79688349718267,2.79873237001658,2.75470087201989,14,10,0.5,0.3,53
3.08322093000512,3.07659002556137,3.09425626353542,3.01106989035914,14,10,0.5,0.3,54
2.99047440289176,2.97704752393477,2.99229688337292,3.16049888341525,14,10,0.5,0.3,55
2.42010147989115,2.42160055032871,2.42017042664521,2.35295921246325,14,10,0.5,0.3,56
1.45068570189137,1.44841111658185,1.45159836562852,1.22006476143736,14,10,0.5,0.3,57
1.38237531666156,1.39071742908214,1.38277498822322,1.20275579453977,14,10,0.5,0.3,58
2.32373157229242,2.31713739423828,2.32924440992308,2.45580545697396,14,10,0.5,0.3,59
5.40166742091271,5.4016570898255,5.39182247478869,5.22143365016301,14,10,0.5,0.3,60
1.16511517489554,1.16208960259684,1.17717031036183,1.6734974663176,14,10,0.5,0.3,61
2.18867962368029,2.18868612159379,2.18927469138515,2.27200898765088,14,10,0.5,0.3,62
1.70923219042139,1.68975713179065,1.69751895631031,1.68670103445555,14,10,0.5,0.3,63
1.4110621249087,1.41702796318649,1.41347051635956,1.45517551792441,14,10,0.5,0.3,64
1.71138557650952,1.7045242206172,1.7135991576921,1.51754523214996,14,10,0.5,0.3,65
2.53852903417318,2.54146422547399,2.5356718184174,2.39822281255816,14,10,0.5,0.3,66
1.4399829970041,1.44073501266738,1.43943706601354,1.54301743848396,14,10,0.5,0.3,67
1.6398670110284,1.62488064035605,1.64711842672277,1.49279714633215,14,10,0.5,0.3,68
1.7754706784186,1.7647631193172,1.77504747908453,1.91402684374589,14,10,0.5,0.3,69
1.23617527595586,1.21879968634134,1.23693690406031,1.30939046587066,14,10,0.5,0.3,70
1.65510297417731,1.66328765420145,1.65860384034976,1.46272281039222,14,10,0.5,0.3,71
4.44173360313188,4.44198373709667,4.44968657283931,3.81945142997095,14,10,0.5,0.3,72
1.44711238311953,1.45889942528023,1.44607863957022,1.38577379293468,14,10,0.5,0.3,73
1.94296963055556,1.94093436288046,1.94279450277423,2.03505159455886,14,10,0.5,0.3,74
1.16768030899558,1.16267951389916,1.16717904560818,1.52826727128626,14,10,0.5,0.3,75
2.14791110034904,2.13965008692864,2.15048320831321,1.75647047397135,14,10,0.5,0.3,76
1.07569151390142,1.06626153316836,1.0787070945072,1.55274779030456,14,10,0.5,0.3,77
1.39695252507104,1.39316598338427,1.3992642505125,1.61827120341258,14,10,0.5,0.3,78
3.31242146343953,3.30490992239682,3.31033933107862,3.00571408993141,14,10,0.5,0.3,79
1.58554207376338,1.5976477053347,1.59167951490457,1.64845044829004,14,10,0.5,0.3,80
1.06904651845012,1.07783691954571,1.06825400050666,1.31517112015257,14,10,0.5,0.3,81
2.10850071723677,2.11850635481538,2.10828065491358,2.2089421786559,14,10,0.5,0.3,82
1.19368724557952,1.18626838352348,1.19862227164573,1.21092842295309,14,10,0.5,0.3,83
1.41483688039382,1.41243586639814,1.406441601562,1.52045897762862,14,10,0.5,0.3,84
1.21622419194585,1.20622749647844,1.21919638924847,1.39833880196805,14,10,0.5,0.3,85
2.67363930535571,2.6843765028419,2.66495000931948,2.83581831500224,14,10,0.5,0.3,86
1.49550579284435,1.4886735343438,1.49354558053011,1.60050415474163,14,10,0.5,0.3,87
1.81186117441468,1.81530788122837,1.8085946843976,2.0807625297792,14,10,0.5,0.3,88
2.12656893071557,2.13286169536237,2.12256041555783,1.95340146408256,14,10,0.5,0.3,89
2.2450006161034,2.25489597119125,2.24284709255108,2.3465781083912,14,10,0.5,0.3,90
1.52008582498473,1.51551078580239,1.52918261978629,1.62170516799357,14,10,0.5,0.3,91
1.52556809386392,1.55711230920783,1.52214896946168,1.97188329301342,14,10,0.5,0.3,92
1.09906474948611,1.09825996919682,1.09909607861566,1.40831680476158,14,10,0.5,0.3,93
1.72030637420361,1.72537390918847,1.72179846478037,1.74345808922601,14,10,0.5,0.3,94
1.43044925241313,1.43460635379764,1.42814628047366,1.36322203373164,14,10,0.5,0.3,95
2.11824370990748,2.12206532372512,2.12073139085098,2.03768688953654,14,10,0.5,0.3,96
2.06092036751307,2.07007461752368,2.06966353956275,2.37895158140813,14,10,0.5,0.3,97
1.64972849594804,1.64362143666116,1.64985746460628,1.85819597071168,14,10,0.5,0.3,98
1.36449939405014,1.3661714523924,1.37571236782474,1.43804465545078,14,10,0.5,0.3,99
3.00367857193803,2.98877329043568,3.00645897938674,2.78705685170996,14,10,0.5,0.3,100
3.07828001966088,3.0840715316817,3.09170485813241,2.89775747650905,14,10,0.5,0.3,101
2.81257810795839,2.81677444261198,2.8095800225718,2.66241610757468,14,10,0.5,0.3,102
1.82572245316483,1.82503186874661,1.82633872083981,2.05605255066898,14,10,0.5,0.3,103
1.94038429471255,1.9430972287789,1.94088244355451,1.84358693368841,14,10,0.5,0.3,104
1.59941072789236,1.5989935285535,1.59962546378392,1.66178139234717,14,10,0.5,0.3,105
1.50238043708674,1.50457422970661,1.50264425892757,1.7684941043949,14,10,0.5,0.3,106
2.21669193401651,2.21740969633287,2.22579828578041,2.0622851904341,14,10,0.5,0.3,107
1.65881317545996,1.66294242670292,1.65677225450421,1.51720568662398,14,10,0.5,0.3,108
2.41048725532628,2.41383406304072,2.41376962724155,2.34332482858626,14,10,0.5,0.3,109
3.54581688772972,3.54603456736122,3.54224087720243,3.68466519228541,14,10,0.5,0.3,110
3.12414525291462,3.1222600292169,3.12135639134771,2.95865175673815,14,10,0.5,0.3,111
3.35524015246317,3.3543011584783,3.34911230235388,3.14130527206412,14,10,0.5,0.3,112
1.74279978914342,1.73313405780996,1.76151137459134,1.54403099237749,14,10,0.5,0.3,113
4.08265658200251,4.08289288026998,4.08319193736456,3.5275309167512,14,10,0.5,0.3,114
1.88224103360515,1.88024289541791,1.88008655951438,1.95533803013493,14,10,0.5,0.3,115
1.0918108526964,1.09292338755867,1.09115987300144,1.26689443393876,14,10,0.5,0.3,116
1.30833908505409,1.30596528641942,1.31178234498666,1.56360997568601,14,10,0.5,0.3,117
3.21984565560097,3.22172956570254,3.22123866494592,3.59612648016359,14,10,0.5,0.3,118
1.58176591613115,1.59072259957094,1.58082227830175,1.76339206354961,14,10,0.5,0.3,119
1.91758472225437,1.92858426489375,1.9159139372629,2.05334582834103,14,10,0.5,0.3,120
1.45667900917684,1.45653178235766,1.45696722899756,1.54373634900264,14,10,0.5,0.3,121
1.74151166580462,1.73642194896222,1.74116951557096,1.46175130069166,14,10,0.5,0.3,122
1.3394712481856,1.32026804125209,1.33727238609007,1.15873731701334,14,10,0.5,0.3,123
2.6486635761202,2.64681038083763,2.65015938023202,2.69665655228484,14,10,0.5,0.3,124
1.11207994270032,1.10884322961213,1.11176537341089,1.27195858912349,14,10,0.5,0.3,125
1.32530317530328,1.31389441229023,1.32651760372902,1.43641696853591,14,10,0.5,0.3,126
1.76062707572913,1.755201946095,1.76306248936402,1.60803132482725,14,10,0.5,0.3,127
1.7381438401342,1.74107208069714,1.73409620782362,2.09954645222107,14,10,0.5,0.3,128
2.75983683965767,2.75957384756678,2.76211205492409,3.22628769707023,14,10,0.5,0.3,129
1.82991145460045,1.83825415222676,1.82780091688856,2.39647569952012,14,10,0.5,0.3,130
1.59373081330035,1.58930657408468,1.5928285572098,1.92119433766581,14,10,0.5,0.3,131
2.90777723169627,2.91287538354438,2.93425456473702,2.90565206012696,14,10,0.5,0.3,132
2.87590787242427,2.86952169890292,2.88705499112065,2.76196746535008,14,10,0.5,0.3,133
2.46303611857398,2.46167546736663,2.46474945355885,2.20676708803292,14,10,0.5,0.3,134
1.66135706389384,1.66490147950565,1.66297233755738,1.56129956923489,14,10,0.5,0.3,135
1.69855454407565,1.69528013296404,1.69284299064008,1.68107437773164,14,10,0.5,0.3,136
1.77954583449356,1.78294341883562,1.77972104998307,1.76137589806633,14,10,0.5,0.3,137
1.44103588704356,1.44186008828086,1.44336521325429,1.69546755017883,14,10,0.5,0.3,138
4.07960284953502,4.07846287561047,4.07828213293964,4.58838796097566,14,10,0.5,0.3,139
1.25452274882019,1.24497155288025,1.25264863368029,1.237858256171,14,10,0.5,0.3,140
1.24821127391908,1.24340872269143,1.24908106043265,1.21540467180046,14,10,0.5,0.3,141
1.32391171120656,1.31870368163403,1.32528789019004,1.33460970271434,14,10,0.5,0.3,142
2.50227107108462,2.49754009872511,2.50581736165749,2.20581392835205,14,10,0.5,0.3,143
1.84759451687842,1.83786886169931,1.84483489203878,1.82840777771376,14,10,0.5,0.3,144
2.74669672556347,2.74932549567189,2.74850387366447,2.66802678296241,14,10,0.5,0.3,145
3.40039889170863,3.41740496031682,3.37695562869949,3.11178444539155,14,10,0.5,0.3,146
1.34315310466976,1.34014084648886,1.35649234396089,1.47442740186633,14,10,0.5,0.3,147
1.13731246878256,1.12571354825017,1.1401808317745,1.34080644833111,14,10,0.5,0.3,148
2.91195656478668,2.92349036084039,2.90565920926041,2.61331945352076,14,10,0.5,0.3,149
1.18877685222373,1.20731179779245,1.1922272809757,1.39233092703928,14,10,0.5,0.3,150
2.98324984791834,2.98883372956832,3.00097889456432,2.96416050366142,14,10,0.5,0.3,151
1.85633315663423,1.85123085230091,1.85748541097071,1.75426321067651,14,10,0.5,0.3,152
1.43952305850444,1.43017430710838,1.43550059606803,1.37112557781938,14,10,0.5,0.3,153
1.35739094486178,1.35799974798319,1.36716848639051,1.55195688479093,14,10,0.5,0.3,154
1.98539470341921,1.97921455282002,1.98396141251339,1.75765201582102,14,10,0.5,0.3,155
0.902320856910852,0.911244963113602,0.905310958569466,1.25794945950885,14,10,0.5,0.3,156
3.29282744762923,3.29119175707123,3.2981221527282,3.41857580788029,14,10,0.5,0.3,157
1.78797611357567,1.77523038875872,1.78866600531219,1.57247079869967,14,10,0.5,0.3,158
2.35765608140625,2.35363153220521,2.35466961058241,2.32507025005181,14,10,0.5,0.3,159
1.61407355148655,1.61709046543802,1.61412119262217,1.63202847847626,14,10,0.5,0.3,160
1.51316192559161,1.52539962868212,1.51682939785078,1.64739729825047,14,10,0.5,0.3,161
2.33526232115519,2.3364778127201,2.34022026546189,2.22989261710963,14,10,0.5,0.3,162
2.14110413920146,2.13905948042498,2.13983975099038,2.09658110848672,14,10,0.5,0.3,163
1.65615149713317,1.66774402992253,1.65899228279718,1.57050454786834,14,10,0.5,0.3,164
0.75702070282906,0.752738640721915,0.758059866213984,1.11537171897618,14,10,0.5,0.3,165
2.2169885628878,2.21143350594697,2.21964700386464,2.10434760535352,14,10,0.5,0.3,166
1.31219240985668,1.31027762461564,1.31413987645369,1.41182027488852,14,10,0.5,0.3,167
1.81364691466228,1.81059112583348,1.81866748090593,1.68495426408357,14,10,0.5,0.3,168
2.38666151621063,2.38642827198374,2.38322343073504,2.58299970891435,14,10,0.5,0.3,169
1.54782101709537,1.55139485873474,1.54443972731678,1.63366568307328,14,10,0.5,0.3,170
1.47869775846291,1.47030194245491,1.47839627741183,1.40491752671235,14,10,0.5,0.3,171
1.22794694888804,1.22855729473,1.22884882977641,1.41341109072653,14,10,0.5,0.3,172
1.46813159594522,1.46180424413189,1.46974349572714,1.49511531171668,14,10,0.5,0.3,173
1.28124762283909,1.27994850290505,1.28379266217875,1.26443924137126,14,10,0.5,0.3,174
2.06922233949638,2.06063596128947,2.0605120569442,2.0820079314935,14,10,0.5,0.3,175
2.18350882057733,2.18831616559688,2.18397680643712,2.44879067375713,14,10,0.5,0.3,176
1.75903706177344,1.75742560131857,1.75442977503324,1.97642900246683,14,10,0.5,0.3,177
2.0587248877427,2.06263804048503,2.05355945835921,1.90623228712919,14,10,0.5,0.3,178
2.38963951502522,2.39549679100066,2.38788290524164,2.19404285123478,14,10,0.5,0.3,179
1.97818049392699,1.98410264775532,1.9757616629547,1.8835578183644,14,10,0.5,0.3,180
1.76179328490314,1.76723913072959,1.76296382270897,1.67461462453449,14,10,0.5,0.3,181
1.19690697408284,1.19318971804213,1.19932518260701,1.28636105908692,14,10,0.5,0.3,182
3.46749754039479,3.44888500383087,3.47541477880071,3.0261152386538,14,10,0.5,0.3,183
2.36131361332321,2.36707152955071,2.36701260639339,2.34549154085329,14,10,0.5,0.3,184
1.72238965449572,1.73006200122511,1.72047254981253,1.77538140573009,14,10,0.5,0.3,185
2.1024431145001,2.11496855629246,2.10893758121766,2.25274251213963,14,10,0.5,0.3,186
4.23959514253269,4.2394536456889,4.23684604772917,4.20580896224567,14,10,0.5,0.3,187
1.16826520503316,1.1661099847117,1.16579510702966,1.34843988223994,14,10,0.5,0.3,188
1.06325117903607,1.08442821076751,1.06323367478925,1.34153640740827,14,10,0.5,0.3,189
1.97217843053761,1.97451963532742,1.97252575506139,1.87977483369479,14,10,0.5,0.3,190
1.69068248184215,1.68466526239145,1.69165963222233,1.71247293605336,14,10,0.5,0.3,191
1.74166675437421,1.74811647361258,1.73933875962384,1.77363699531752,14,10,0.5,0.3,192
2.64863548472799,2.65606823852459,2.65201410731229,2.48792530133264,14,10,0.5,0.3,193
3.32202942723192,3.3184468221081,3.32031697526471,3.39344842891905,14,10,0.5,0.3,194
1.9813689269838,1.97585470686125,1.97889506373968,1.97801957972272,14,10,0.5,0.3,195
4.18517622667218,4.18619669967148,4.1896899704199,4.34288019808523,14,10,0.5,0.3,196
1.23899352427004,1.25071235689904,1.24899927703506,1.39857666921449,14,10,0.5,0.3,197
2.89165849089899,2.89377623883905,2.88605451364128,2.93596422433386,14,10,0.5,0.3,198
2.09144506975613,2.09225608767513,2.09807958674673,2.10959723162723,14,10,0.5,0.3,199
1.12072401621141,1.13004395619221,1.12172250002867,1.15810803181366,14,10,0.5,0.3,200
1.41487302726143,1.40579717861032,1.41641714616339,1.48163595981285,15,20,0.5,0.15,1
1.60004168297567,1.59835823434585,1.6037314110376,1.5847612365251,15,20,0.5,0.15,2
1.48065466012752,1.48000652567905,1.4762032854128,1.34612191047728,15,20,0.5,0.15,3
2.28117780725363,2.27799349475335,2.2846691602468,2.18803131744676,15,20,0.5,0.15,4
1.84351890235006,1.83273425818774,1.84937809813938,1.62201017790359,15,20,0.5,0.15,5
1.50823200211109,1.50574073624311,1.51084850764669,1.51730571036394,15,20,0.5,0.15,6
1.45200878946571,1.44124597336465,1.45491528497748,1.38836842735852,15,20,0.5,0.15,7
1.11291021769545,1.11187225447188,1.11355823623374,1.31497410153024,15,20,0.5,0.15,8
1.99259525252386,1.97679350826832,1.9833068834004,1.72554137336394,15,20,0.5,0.15,9
1.39474174117836,1.389342946083,1.39647216311986,1.51100355384105,15,20,0.5,0.15,10
1.94534160641929,1.93581766879325,1.94661838953301,2.15809923009128,15,20,0.5,0.15,11
1.64676836991387,1.63316973956987,1.65101863345453,1.65482405430806,15,20,0.5,0.15,12
1.55583249163243,1.55454695666146,1.55611654329433,1.48926008085396,15,20,0.5,0.15,13
2.1290373253842,2.13732448393446,2.12824605918496,2.04687352596888,15,20,0.5,0.15,14
1.49945768459698,1.49597231887824,1.49680824095265,1.52748819824696,15,20,0.5,0.15,15
1.75939989308212,1.75325055514189,1.76159032318878,1.6752219231468,15,20,0.5,0.15,16
2.33952342699494,2.34138526686882,2.33951065734119,2.14355546497091,15,20,0.5,0.15,17
2.27162757708543,2.27770737047842,2.26852257734611,2.13721923719452,15,20,0.5,0.15,18
1.66202989148617,1.65371365261382,1.65762864555024,1.51331199228642,15,20,0.5,0.15,19
1.51265560997201,1.51050107820922,1.51300755322731,1.51889562326261,15,20,0.5,0.15,20
2.26177782763975,2.25911937519768,2.26405017800795,2.17456115643065,15,20,0.5,0.15,21
1.88978341309427,1.88471166747789,1.88980443184667,1.84344931782287,15,20,0.5,0.15,22
1.52614364434249,1.51279872432732,1.52619778214664,1.78240135836502,15,20,0.5,0.15,23
4.27073733385877,4.25036925607092,4.29357969779888,3.99595677524978,15,20,0.5,0.15,24
1.37271116719633,1.37043449281352,1.37043463092815,1.35229098620298,15,20,0.5,0.15,25
2.33104865699669,2.32551322024273,2.34389339292072,2.46463305163778,15,20,0.5,0.15,26
2.72075592116471,2.71675121478728,2.71846913582015,2.94253713454276,15,20,0.5,0.15,27
2.08032456753664,2.08491714344305,2.08054599120699,1.93182684032394,15,20,0.5,0.15,28
1.55324544279978,1.55903000845494,1.5707061385227,1.56003119485839,15,20,0.5,0.15,29
4.06906074509657,4.06808378259153,4.06620452819198,4.15129714615723,15,20,0.5,0.15,30
3.44918465693206,3.44905203904783,3.44542687002787,3.64640821126145,15,20,0.5,0.15,31
1.68047620110981,1.66823535614985,1.68238114418154,1.6918896126685,15,20,0.5,0.15,32
1.48265294464782,1.47141311719363,1.4832627688928,1.49616926713703,15,20,0.5,0.15,33
2.05934978343558,2.06631562185714,2.05837653774462,2.05764043520819,15,20,0.5,0.15,34
2.3105682687779,2.30780523098514,2.30993172516916,2.38903431180014,15,20,0.5,0.15,35
1.45309123311388,1.4534639424128,1.45328773050532,1.44803016376002,15,20,0.5,0.15,36
1.63832700013339,1.62321244926641,1.63958289887723,1.58775600398453,15,20,0.5,0.15,37
2.30193642695309,2.29509339693127,2.29930126619924,2.32426780455488,15,20,0.5,0.15,38
1.98037519319167,1.98107780272598,1.98311154262494,1.81678950847979,15,20,0.5,0.15,39
1.67764123450221,1.67356236066628,1.67811335743754,1.7522274087288,15,20,0.5,0.15,40
1.41285560251358,1.42394966685063,1.4139245846277,1.38072271937192,15,20,0.5,0.15,41
3.58067850879825,3.58376953146264,3.58447261952466,3.36897654972253,15,20,0.5,0.15,42
1.62371515578335,1.61713506694112,1.62204026712659,1.77482653280887,15,20,0.5,0.15,43
1.68901556163621,1.6912085061734,1.69319433033272,1.77099931316377,15,20,0.5,0.15,44
1.39115057970222,1.37854873232215,1.38505678031107,1.38075883994369,15,20,0.5,0.15,45
1.8501961914172,1.85676000334764,1.85244063831256,1.84303513447959,15,20,0.5,0.15,46
1.7786539769603,1.76730543512578,1.77730261494355,1.80494007095441,15,20,0.5,0.15,47
1.67198175222622,1.6669609450158,1.66943720617562,1.60586941169144,15,20,0.5,0.15,48
5.40433237164569,5.39130219463667,5.4128933864897,5.50405114984154,15,20,0.5,0.15,49
2.15004790402354,2.16064458454616,2.14765815852864,1.88179587836976,15,20,0.5,0.15,50
1.54294807619403,1.54395913287986,1.54552749293766,1.80058805712867,15,20,0.5,0.15,51
1.51853356073922,1.52375233088523,1.51652690711963,1.56025144778426,15,20,0.5,0.15,52
1.33588991721596,1.32264694839477,1.33234344325584,1.4901066802604,15,20,0.5,0.15,53
2.14349216390281,2.14895997138392,2.15621859095213,1.99611955823552,15,20,0.5,0.15,54
1.50235317543511,1.49417893484588,1.48279678446986,1.5186607366461,15,20,0.5,0.15,55
1.59839941678544,1.60241825586447,1.59950305055181,1.67392876514812,15,20,0.5,0.15,56
1.49234479731815,1.49403926588603,1.4910434954244,1.64073922686874,15,20,0.5,0.15,57
1.59535588978055,1.59951639435068,1.5955369346524,1.62380030829785,15,20,0.5,0.15,58
1.79004283060759,1.79295760692136,1.79581634019593,1.91546912903044,15,20,0.5,0.15,59
1.91735941815682,1.91418969069724,1.91648537158626,1.68042209949367,15,20,0.5,0.15,60
1.70070397022751,1.69315677355568,1.70193899527103,1.70914841479864,15,20,0.5,0.15,61
1.48359654867092,1.48295423757136,1.48248980053138,1.58565007672048,15,20,0.5,0.15,62
2.48082078640251,2.47825305489263,2.47506899136059,2.42985939722051,15,20,0.5,0.15,63
1.88686696690161,1.88708475841778,1.89028989352791,1.71458455763179,15,20,0.5,0.15,64
2.12936540753116,2.12732758404208,2.13071443673271,2.03770171772337,15,20,0.5,0.15,65
1.78959481118502,1.78868712887702,1.78908226134412,1.80647334483386,15,20,0.5,0.15,66
1.4012023140826,1.41428154466331,1.40002165247756,1.41171501288239,15,20,0.5,0.15,67
1.60318853155903,1.61490133522535,1.60536822170332,1.53905570498182,15,20,0.5,0.15,68
1.25880771145215,1.25659094970825,1.2595568092328,1.36434810983754,15,20,0.5,0.15,69
2.29995566233818,2.29114871958019,2.30062048508879,2.22300345088874,15,20,0.5,0.15,70
2.77658198845699,2.77560589146321,2.77833640767578,2.76065675475502,15,20,0.5,0.15,71
1.81503201482637,1.81952742250141,1.81401619257094,1.73120062516284,15,20,0.5,0.15,72
1.56942895992593,1.5669788414214,1.57295924015357,1.6212913381466,15,20,0.5,0.15,73
3.46246118427699,3.45885617270145,3.46236444611742,3.49840793656769,15,20,0.5,0.15,74
2.08465181726941,2.07636105551121,2.08012337692217,2.06977735283176,15,20,0.5,0.15,75
2.30688068138845,2.31613998806735,2.3212535937271,2.12115861694808,15,20,0.5,0.15,76
1.56492698907375,1.56831414859628,1.56800688723961,1.61222429017726,15,20,0.5,0.15,77
1.71462838749028,1.72366605796443,1.71491704690206,1.63279086471791,15,20,0.5,0.15,78
1.73164553867366,1.74078004592411,1.73136082511486,1.52231620191377,15,20,0.5,0.15,79
2.09096155455604,2.08850184929119,2.0909994324534,2.0768246775562,15,20,0.5,0.15,80
2.45139215440481,2.44644643230511,2.44924671563723,2.58437653247649,15,20,0.5,0.15,81
1.83378127394051,1.82931385473286,1.82847581243955,1.74504635732808,15,20,0.5,0.15,82
1.26510953102258,1.25718063242728,1.26395517029902,1.33853768317229,15,20,0.5,0.15,83
1.42090892087622,1.41648930091492,1.42172053596452,1.50268208308838,15,20,0.5,0.15,84
1.78723263868359,1.78662940645536,1.78637798801841,1.62416021423121,15,20,0.5,0.15,85
1.91616965253323,1.91786238664257,1.91881165678677,1.81853015863355,15,20,0.5,0.15,86
2.0505691332675,2.04942933646652,2.05570434878947,1.9483641439319,15,20,0.5,0.15,87
3.64477970616517,3.63952538884947,3.64211749249797,3.3819290139825,15,20,0.5,0.15,88
1.70234432083869,1.70545872382263,1.70459519032014,1.703084436908,15,20,0.5,0.15,89
1.28827893401699,1.28577251032478,1.28661991958301,1.2928343574171,15,20,0.5,0.15,90
2.81052454839045,2.81084937362232,2.80527558886222,2.80950381464218,15,20,0.5,0.15,91
1.44448045300648,1.4434355749788,1.44605731754061,1.42343962691191,15,20,0.5,0.15,92
1.33224818068144,1.3326164214082,1.33279860808808,1.48715663043609,15,20,0.5,0.15,93
2.11850786373631,2.11437249075387,2.12544770949276,2.15420039195899,15,20,0.5,0.15,94
2.58747085281155,2.58841797304648,2.58736658426707,2.69293075475101,15,20,0.5,0.15,95
1.54331542407992,1.54927298431583,1.54458041148118,1.43853929753176,15,20,0.5,0.15,96
1.44805863451377,1.45146591239847,1.44554671940786,1.51637457426034,15,20,0.5,0.15,97
2.36866662729411,2.36971102395776,2.37027877592853,2.4188428591739,15,20,0.5,0.15,98
2.24701449870346,2.24278122076869,2.24560758493125,2.20289247674217,15,20,0.5,0.15,99
1.28552147909948,1.2961528801526,1.28546377129185,1.38896146316972,15,20,0.5,0.15,100
1.30692912642449,1.30691094421703,1.30460321730967,1.25549389063138,15,20,0.5,0.15,101
1.78184673010526,1.78055296404151,1.78345691031509,1.86906836609228,15,20,0.5,0.15,102
2.36144890097852,2.34945842549994,2.36578404172084,2.43857782792937,15,20,0.5,0.15,103
1.94814877864159,1.94730024102871,1.95268822349416,1.81313846692132,15,20,0.5,0.15,104
2.07808439485086,2.10178225417536,2.07919126252194,1.86409609958209,15,20,0.5,0.15,105
2.18922464868524,2.20896390205746,2.18857232623072,2.05126458864652,15,20,0.5,0.15,106
1.43487942178484,1.42137033056331,1.43431537885615,1.49538446411115,15,20,0.5,0.15,107
2.16390133716868,2.15920003629175,2.16647982026335,2.1298589828685,15,20,0.5,0.15,108
1.66307192099776,1.65993256535257,1.66587355060088,1.69117149591364,15,20,0.5,0.15,109
1.56358415752792,1.5707355548399,1.56521240348434,1.61718665319836,15,20,0.5,0.15,110
3.07823500015505,3.07625679592445,3.07786758971603,3.07751475369657,15,20,0.5,0.15,111
1.87173149339916,1.88114874830356,1.86927553639215,1.86213685332874,15,20,0.5,0.15,112
2.62269125814303,2.59875395301189,2.62409163078299,2.56466275200146,15,20,0.5,0.15,113
1.56714855574998,1.56365979887226,1.56872024761216,1.54128463358022,15,20,0.5,0.15,114
2.60161783283685,2.59695615784113,2.59840397044273,2.5678933094116,15,20,0.5,0.15,115
1.20132812326286,1.18585032286901,1.20507673872798,1.30374318496677,15,20,0.5,0.15,116
4.11790725578642,4.12396244613914,4.11789920355019,3.92482665970982,15,20,0.5,0.15,117
1.69015047292037,1.6888344531138,1.6876115476862,1.52785604557416,15,20,0.5,0.15,118
2.22304461461643,2.21843382734747,2.22310298316382,2.24142259074534,15,20,0.5,0.15,119
1.68438445664351,1.69222559188011,1.68036093137862,1.39973102745449,15,20,0.5,0.15,120
3.55946002147249,3.57648883856049,3.55851111214413,3.32032130109803,15,20,0.5,0.15,121
1.51277648266302,1.49735849021614,1.51250632356914,1.41626340134095,15,20,0.5,0.15,122
1.41298563025684,1.4439283807017,1.41501831828129,1.29511490634238,15,20,0.5,0.15,123
1.62856657075858,1.61474635330743,1.62729734704204,1.40670891468612,15,20,0.5,0.15,124
3.58966385167635,3.60522981913853,3.58885759599803,3.39950093833018,15,20,0.5,0.15,125
1.6549428390297,1.64328477304559,1.65161067986784,1.68295268181144,15,20,0.5,0.15,126
1.72114101932436,1.71933526886657,1.72047579916911,1.71037557853723,15,20,0.5,0.15,127
1.99403589119666,1.98917322483989,1.99392669154311,1.90674292316978,15,20,0.5,0.15,128
2.2327527889958,2.2501898103419,2.23356616516749,2.44672351466432,15,20,0.5,0.15,129
1.84793575076066,1.84633101832175,1.84815965063478,1.72879880161489,15,20,0.5,0.15,130
1.43752276300704,1.43016504481041,1.43715062735567,1.61928237945454,15,20,0.5,0.15,131
1.78630644699374,1.78332943360851,1.7861694245515,1.81042252233645,15,20,0.5,0.15,132
1.57221342582098,1.56975181728461,1.57187611107674,1.44862907754728,15,20,0.5,0.15,133
3.04830990051697,3.04133170974798,3.06212232535536,3.19144177837579,15,20,0.5,0.15,134
1.40222487014564,1.40452248748428,1.40213869816647,1.55585122676398,15,20,0.5,0.15,135
1.58600173892424,1.58679898707564,1.58563559804061,1.41405757123225,15,20,0.5,0.15,136
1.53742573784702,1.53408462511748,1.5392755714582,1.44606584199478,15,20,0.5,0.15,137
1.84397629141888,1.84393569484404,1.84468817616999,1.92209348440854,15,20,0.5,0.15,138
1.15250495567549,1.15576300286395,1.15073827061307,1.31316848951156,15,20,0.5,0.15,139
1.30197162356067,1.30626012212602,1.29940333028248,1.55950394826902,15,20,0.5,0.15,140
2.042835284376,2.03746584593113,2.04401147535289,2.02295687361119,15,20,0.5,0.15,141
2.97865439343091,2.97743467208028,2.98034580461204,2.72875347578994,15,20,0.5,0.15,142
5.22876728590384,5.22848454061829,5.22683355705394,5.13802837372043,15,20,0.5,0.15,143
2.09214922843784,2.08366739617671,2.0879227901214,2.07396357867754,15,20,0.5,0.15,144
1.36146426751739,1.36455378855719,1.35970598873479,1.58749969961488,15,20,0.5,0.15,145
1.6584316384398,1.66843514395555,1.6550796847037,1.60758705389314,15,20,0.5,0.15,146
2.93463937868564,2.91676509126393,2.93415570219943,3.21855809882152,15,20,0.5,0.15,147
1.61481000349802,1.61557023482169,1.61854275205888,1.5230313498654,15,20,0.5,0.15,148
1.51249683366115,1.51624798159736,1.51346374998737,1.40834424672597,15,20,0.5,0.15,149
2.28168986751018,2.27534581833935,2.28330825253778,2.1811794082686,15,20,0.5,0.15,150
3.19243898194967,3.19847515351703,3.18890499357773,3.10663322406525,15,20,0.5,0.15,151
1.41637297997386,1.4138856647677,1.41509291465864,1.59526088039805,15,20,0.5,0.15,152
1.99245532150286,1.9771077788261,1.9994391175826,1.85464755091041,15,20,0.5,0.15,153
1.45435046372593,1.47253468603536,1.45615371675046,1.64151783035264,15,20,0.5,0.15,154
1.31381486806776,1.31575997971733,1.31402018875423,1.39364454452512,15,20,0.5,0.15,155
2.04088396268624,2.02349350949404,2.04745566747056,1.99406079167791,15,20,0.5,0.15,156
1.70942513151508,1.72861604538489,1.71230063731676,1.70221523781104,15,20,0.5,0.15,157
1.92294759561283,1.91855717623494,1.92336970101644,1.76400943561377,15,20,0.5,0.15,158
1.56206496310418,1.56351205916433,1.56204004926194,1.6493475148933,15,20,0.5,0.15,159
1.43997785933653,1.44282399494182,1.44120380141574,1.35799315741564,15,20,0.5,0.15,160
2.32733055309234,2.32478924680921,2.33575235726449,2.19742003255597,15,20,0.5,0.15,161
1.40424195063506,1.41509337364758,1.40447215988923,1.48093318649878,15,20,0.5,0.15,162
1.68095071966287,1.67686614620196,1.68192076374928,1.74085211021413,15,20,0.5,0.15,163
1.7576708847494,1.75830225472859,1.75776805583314,1.68861199951184,15,20,0.5,0.15,164
2.46397761307892,2.47572662536423,2.46567697739578,2.56403473664543,15,20,0.5,0.15,165
1.90037755584869,1.89532890429632,1.90002494176062,1.82898008031762,15,20,0.5,0.15,166
1.63052580086615,1.62838358149626,1.63025742010751,1.74211264165358,15,20,0.5,0.15,167
1.55019141513562,1.55751012020164,1.5532760649077,1.77245670282026,15,20,0.5,0.15,168
3.04543468470657,3.03712487478327,3.04624026471166,2.92023621033489,15,20,0.5,0.15,169
1.43072174152741,1.41039346420872,1.43095888480973,1.29913120220806,15,20,0.5,0.15,170
1.63530541530668,1.64078642383581,1.63484499935555,1.62737295200621,15,20,0.5,0.15,171
1.387517225719,1.38303282811883,1.39288460564673,1.31173347967245,15,20,0.5,0.15,172
1.93915898137172,1.92169066528667,1.94146233209148,1.81338799544825,15,20,0.5,0.15,173
2.34332244177002,2.32701166810431,2.34735836342814,2.0759585935813,15,20,0.5,0.15,174
1.80504944181232,1.81487067121579,1.80042913874006,1.77361005415669,15,20,0.5,0.15,175
2.32229907797265,2.32744713379631,2.32020098932069,2.26481072646737,15,20,0.5,0.15,176
2.7892373628594,2.7757050381035,2.76949109982653,2.69063651059322,15,20,0.5,0.15,177
2.65202668119632,2.64307731311057,2.65150554165332,2.60462373679529,15,20,0.5,0.15,178
1.33383930054482,1.32808819794475,1.33445397063489,1.49681849611933,15,20,0.5,0.15,179
1.39465965559284,1.40247804713195,1.39391565961257,1.52436139906789,15,20,0.5,0.15,180
3.44832972973495,3.42866390704915,3.43879928297643,3.6744245673696,15,20,0.5,0.15,181
1.77077806079476,1.77447670904603,1.7741310658953,1.91069971400713,15,20,0.5,0.15,182
1.18276605931417,1.19115433102408,1.18206751543923,1.33980756658126,15,20,0.5,0.15,183
1.49212923492616,1.48696133988761,1.49185124804222,1.60295372858366,15,20,0.5,0.15,184
2.17363649084437,2.1987631876697,2.16554523059103,2.09425716428487,15,20,0.5,0.15,185
2.01880183837689,2.02639018120307,2.01491855651939,2.01460644024835,15,20,0.5,0.15,186
1.66999805897459,1.66568071528165,1.67012622192317,1.89534055225172,15,20,0.5,0.15,187
3.24766858382879,3.24546306375245,3.2434014837132,3.42709655341205,15,20,0.5,0.15,188
3.02339806591284,2.99804912736008,3.02468583699321,3.19562781842825,15,20,0.5,0.15,189
2.6106830751619,2.61236931680798,2.60868852468064,2.60342175114036,15,20,0.5,0.15,190
1.53971658515697,1.54400693507401,1.53424944314138,1.4759384584715,15,20,0.5,0.15,191
2.56332139618743,2.56927188178126,2.56364832508041,2.61997681976615,15,20,0.5,0.15,192
1.66510096663985,1.66717207349661,1.66476736179591,2.00601055838818,15,20,0.5,0.15,193
1.4929477798914,1.49420795348551,1.48768229796031,1.35777621441268,15,20,0.5,0.15,194
1.94256173964538,1.94628929651734,1.94055827018403,1.91057151349606,15,20,0.5,0.15,195
1.08023823294436,1.07444105332214,1.07838694664316,1.25767602878834,15,20,0.5,0.15,196
1.4454043327794,1.45312438994426,1.4403803166965,1.36857340567031,15,20,0.5,0.15,197
1.87587012338878,1.88529953330599,1.88043362405477,1.55742868508906,15,20,0.5,0.15,198
1.80050787960054,1.7891753588082,1.79801648279941,2.03962812161006,15,20,0.5,0.15,199
1.58262443331959,1.58583904019155,1.58437035418603,1.44184108168465,15,20,0.5,0.15,200
2.68890563022721,2.68926312399553,2.68830829055914,3.09584608374293,16,5,1,0.6,1
2.44804747542969,2.38886424566782,2.45712012511146,2.71809074756472,16,5,1,0.6,2
4.18817256251237,4.18715560445583,4.19396724328198,4.74607853080298,16,5,1,0.6,3
1.7899150342017,1.78524334285544,1.79479980018904,2.00347279069815,16,5,1,0.6,4
3.82455684670632,3.82006852956982,3.82102407743977,3.6289036575966,16,5,1,0.6,5
3.45510290542985,3.45421226600102,3.45526096865489,3.0001788417829,16,5,1,0.6,6
2.52849797150177,2.52405110146525,2.52220691003717,2.32295136488783,16,5,1,0.6,7
5.3832020644173,5.38332685775236,5.37916971547876,4.88267877123768,16,5,1,0.6,8
2.58998038342345,2.59976831040768,2.58743760647046,2.50149570811202,16,5,1,0.6,9
3.85363633506222,3.85226518681538,3.85396197216038,3.40599875909407,16,5,1,0.6,10
2.56856473728409,2.56650917401443,2.56396259955358,2.49351329105203,16,5,1,0.6,11
2.68077308963241,2.68149248365755,2.68155898129461,2.69816203784348,16,5,1,0.6,12
2.2583445110398,2.26046517703709,2.26223492142099,2.12287211421683,16,5,1,0.6,13
3.24885452766425,3.26348599939684,3.24740240462358,3.1125325274634,16,5,1,0.6,14
2.88001916172795,2.8952061324273,2.88295897331471,2.84817054843903,16,5,1,0.6,15
2.14731054668278,2.1384249588378,2.14626630640109,2.39721019325893,16,5,1,0.6,16
2.70390018294802,2.69300450998426,2.70805099494883,2.55959322727933,16,5,1,0.6,17
2.56444736074592,2.57358085948529,2.56406510392367,2.42704142131894,16,5,1,0.6,18
3.70289978300638,3.69798015225525,3.69667328841,3.40912549275645,16,5,1,0.6,19
2.04356471377548,2.0490339098051,2.03981829818121,2.1146169060586,16,5,1,0.6,20
3.81660165979945,3.81611252547954,3.82526401159231,4.54260577513036,16,5,1,0.6,21
3.0334564943135,3.03486850134753,3.04107917219741,3.21159560603803,16,5,1,0.6,22
4.49294942960527,4.49248573919335,4.49520740755317,4.20108047379885,16,5,1,0.6,23
1.64471525579153,1.64183209241065,1.64354034053628,1.62797540222106,16,5,1,0.6,24
4.71293534063828,4.71221656188342,4.73447881296651,4.68442434697743,16,5,1,0.6,25
2.85981680438241,2.86103496314536,2.86365461314073,2.94424048676099,16,5,1,0.6,26
1.7916488993833,1.79092062593616,1.78825715614225,1.79087708663204,16,5,1,0.6,27
2.60107566534803,2.6193817235875,2.59742618178632,2.97912443849576,16,5,1,0.6,28
5.36175970478114,5.36253560407606,5.34680179747451,4.94910839198241,16,5,1,0.6,29
4.94059390314779,4.94050571561751,4.95038668754479,4.91152634294054,16,5,1,0.6,30
4.9295572164331,4.92929948534512,4.93132033491533,4.86471621548379,16,5,1,0.6,31
4.89577122544972,4.89589512015215,4.87639835177401,4.89318604659864,16,5,1,0.6,32
1.55494306383803,1.55539015262963,1.55771424159106,1.44796484148713,16,5,1,0.6,33
4.82999887091014,4.82934186527135,4.82878009057108,4.86514838761178,16,5,1,0.6,34
2.8172109553188,2.81962389896258,2.81487846448345,2.75984985456692,16,5,1,0.6,35
3.42689626195075,3.42707721385599,3.42613186477715,3.82885226889579,16,5,1,0.6,36
2.30687265642915,2.34128584646891,2.30928674638475,2.30541088120918,16,5,1,0.6,37
3.68852837756394,3.68848703132608,3.68300341419558,3.62624067521757,16,5,1,0.6,38
4.7046061494195,4.70066414726863,4.71782138558987,4.23345331745322,16,5,1,0.6,39
4.34670780721715,4.35756373695509,4.33905428672597,4.35871226666712,16,5,1,0.6,40
4.97782905424627,4.97689216281305,4.97256190650396,4.55356266777764,16,5,1,0.6,41
2.33314019554535,2.33085069734489,2.32906375863608,2.78887154397601,16,5,1,0.6,42
3.66588516534394,3.64915355832763,3.64688613757186,3.79521002286372,16,5,1,0.6,43
3.65171373387786,3.65029886622046,3.64492483575669,3.69561331448445,16,5,1,0.6,44
3.75680931021933,3.75636034895738,3.76051769735197,3.68857942178494,16,5,1,0.6,45
4.64270391355829,4.64254299093046,4.64161203283479,4.85262737432772,16,5,1,0.6,46
2.11757324390355,2.11192584840336,2.11758074933667,1.85784972898054,16,5,1,0.6,47
3.72217160776299,3.72367594480974,3.72323427324098,3.60123105754465,16,5,1,0.6,48
1.60530410348725,1.59764467613125,1.59886175254652,1.84493206431657,16,5,1,0.6,49
3.03533645272723,3.03084718316996,3.04185671751735,2.56746861959017,16,5,1,0.6,50
1.95024710278349,1.94127825927109,1.95925391163634,1.60899128998203,16,5,1,0.6,51
4.10369184633801,4.10333289760914,4.07531076261975,4.14545719927834,16,5,1,0.6,52
3.25848986813582,3.25189403714883,3.27779270622306,3.31389753897357,16,5,1,0.6,53
5.0176987944342,5.01764881676872,4.97614132565486,4.8778484731221,16,5,1,0.6,54
6.12155824241082,6.1215282332577,6.13362766391148,4.95665816437408,16,5,1,0.6,55
2.33302654913798,2.31302264176506,2.34050066645877,2.04367019165329,16,5,1,0.6,56
4.93236520155135,4.93221266578654,4.93439932600072,4.91807704286805,16,5,1,0.6,57
3.06633961266585,3.06739183522141,3.0721938812816,3.47934182742245,16,5,1,0.6,58
2.30926169954956,2.3046764938021,2.30394659685581,2.37840066300782,16,5,1,0.6,59
2.92566018884384,2.92298144015355,2.92135670196126,2.7275758900848,16,5,1,0.6,60
3.46744337317312,3.46641229006066,3.44304341020678,3.3992956469593,16,5,1,0.6,61
2.34266861451262,2.35096776556188,2.35096130979188,2.71434376895298,16,5,1,0.6,62
2.79382726414202,2.79498782372841,2.79739843306227,2.85352537560921,16,5,1,0.6,63
3.13791793865608,3.10453856635092,3.17639627633812,3.12348559426464,16,5,1,0.6,64
3.34463097698929,3.34391571746954,3.34421946086996,3.52732161207795,16,5,1,0.6,65
1.70039333323364,1.70197541005374,1.68099308795888,1.70974495655271,16,5,1,0.6,66
1.63098460921253,1.62919741352959,1.633136935009,2.18783435102496,16,5,1,0.6,67
2.13452005567559,2.1378279183821,2.13403520023807,2.12894890841986,16,5,1,0.6,68
2.04442823411642,2.03705091953965,2.04655165894744,2.22231935111793,16,5,1,0.6,69
4.88698276597841,4.88695410558279,4.90080005917668,4.97757044908297,16,5,1,0.6,70
5.24092398188206,5.24095756356192,5.24264524645006,4.93241432404422,16,5,1,0.6,71
3.59223581109647,3.59115913123005,3.58934686893735,3.95412113836226,16,5,1,0.6,72
3.27271361116273,3.27317984398337,3.27309618575445,2.88143246095187,16,5,1,0.6,73
1.83191484870322,1.83533088121582,1.83351165180085,2.18571856571272,16,5,1,0.6,74
4.03082406973709,4.02997147490626,4.03952355664858,3.93360259089536,16,5,1,0.6,75
3.77769748112807,3.77166687212829,3.78151948549173,3.49440652003023,16,5,1,0.6,76
4.11781654371358,4.11456726639675,4.12513503327537,4.17593863005595,16,5,1,0.6,77
2.33973494472972,2.32861139291612,2.33771211496216,2.47487145673445,16,5,1,0.6,78
3.87109803467618,3.87853817380265,3.86195413636329,4.07933086533596,16,5,1,0.6,79
2.44712700970741,2.44303016280841,2.44580658324281,2.23366670537613,16,5,1,0.6,80
2.89571014564138,2.89490496027562,2.88539727949727,3.32108996950622,16,5,1,0.6,81
2.21709356286544,2.21749213826109,2.22212072076515,2.52191588685055,16,5,1,0.6,82
3.69430988112117,3.69016889842058,3.70099512840044,3.19485882430179,16,5,1,0.6,83
1.24924730823472,1.25365549892366,1.24807492008686,1.3202769258584,16,5,1,0.6,84
1.83317582005125,1.83237137720812,1.83167878868511,2.28295849125903,16,5,1,0.6,85
4.75875057243207,4.75904892260202,4.75030685794539,4.83407442042763,16,5,1,0.6,86
2.65925967821888,2.65084686337462,2.66056741663986,2.8361528396799,16,5,1,0.6,87
4.37177858292033,4.36593470463571,4.36920658056885,3.56563598031067,16,5,1,0.6,88
1.46512550410542,1.46283582485965,1.46529559968818,1.74578839786801,16,5,1,0.6,89
2.27366827020335,2.2720860272823,2.26956139404921,2.16088919310438,16,5,1,0.6,90
4.37995055086099,4.37841809838619,4.42521409050028,4.4892044397114,16,5,1,0.6,91
2.84479631279853,2.84370355454555,2.84445132241634,3.19791267557144,16,5,1,0.6,92
2.28596610355003,2.30120960524674,2.29083795863406,2.09743889035707,16,5,1,0.6,93
2.16367849742585,2.15139697466508,2.15982817006758,2.17834081840938,16,5,1,0.6,94
3.26229595607935,3.24993646995129,3.2887742351338,3.52225428340038,16,5,1,0.6,95
2.85004379631934,2.83012608799642,2.85848795194602,3.24148013867618,16,5,1,0.6,96
1.85250061401016,1.84276191414024,1.85323099182979,2.13905181022804,16,5,1,0.6,97
5.45884188673905,5.45795701101305,5.45571093073516,4.90538739494113,16,5,1,0.6,98
2.6321513508652,2.63216761724212,2.64020296207544,3.03018562051771,16,5,1,0.6,99
3.92503925896139,3.9288101961025,3.92960141919308,4.23441898499224,16,5,1,0.6,100
3.95905549191141,3.95896839702041,3.96600984792459,4.016662114523,16,5,1,0.6,101
4.24641302188839,4.24627578870358,4.24962006820842,4.54994003256331,16,5,1,0.6,102
1.40720220257266,1.40978614248361,1.41142819016372,1.69200290464546,16,5,1,0.6,103
3.92501591712821,3.92766235949881,3.92985536167873,3.69293206849971,16,5,1,0.6,104
4.60997892594981,4.61041107728434,4.59585467213179,4.61166655978462,16,5,1,0.6,105
1.50255034500789,1.51282514726805,1.50012652416962,1.90956781476693,16,5,1,0.6,106
2.4607314618481,2.46303603427004,2.45955357210751,2.36064006494705,16,5,1,0.6,107
4.81698890278835,4.81605644617285,4.81145648559422,3.94770260201555,16,5,1,0.6,108
3.51171261827019,3.51521884426111,3.50231996334253,3.41041548112845,16,5,1,0.6,109
2.38330593270173,2.3829030058622,2.37621210584748,2.51767526162441,16,5,1,0.6,110
2.58849126686535,2.59096212623333,2.59510942878225,2.51525444598909,16,5,1,0.6,111
4.5515805034475,4.55178817438986,4.53895484011493,4.2598306874586,16,5,1,0.6,112
4.87643905621278,4.87655253023466,4.87697200421653,4.96129786607836,16,5,1,0.6,113
2.09308869082214,2.10105439129627,2.0923746824788,1.77022879555716,16,5,1,0.6,114
3.69280539464358,3.6918022939649,3.69078637885517,3.29632497909373,16,5,1,0.6,115
2.01376444226731,2.00291911287706,2.01741417587693,2.52384892613512,16,5,1,0.6,116
1.69468884018024,1.68948309845328,1.69586231989788,1.87151490300236,16,5,1,0.6,117
2.89957304595036,2.90553585613404,2.90096403127427,2.87152757134736,16,5,1,0.6,118
5.02031940247858,5.0201287085653,5.01876809274066,4.60502511120881,16,5,1,0.6,119
1.94156535123018,1.94259832206346,1.9456021704163,2.35740129282604,16,5,1,0.6,120
4.3697600481865,4.37005441110537,4.36870475628738,4.94921919577372,16,5,1,0.6,121
2.24255061765457,2.25605009869023,2.24076735610529,2.49275878922467,16,5,1,0.6,122
4.37571040607748,4.37570650694504,4.37114194091672,4.84508905850494,16,5,1,0.6,123
3.7946475812944,3.79366203551013,3.79717836680035,3.59531506876618,16,5,1,0.6,124
4.34681018106698,4.34666421993717,4.34171101048001,4.66252647570094,16,5,1,0.6,125
2.13058616624625,2.13042147839265,2.13921832216876,2.30468635453535,16,5,1,0.6,126
3.72030497701689,3.72077213199698,3.71548025385787,3.88765415927147,16,5,1,0.6,127
5.3908164588602,5.39056016422223,5.38912939110967,4.9809579691486,16,5,1,0.6,128
4.95674351654674,4.95673827659783,4.94432987141417,4.71920942500775,16,5,1,0.6,129
3.6128389375214,3.60365176382513,3.612314065559,3.3126236103345,16,5,1,0.6,130
4.24664896990325,4.24895797215742,4.24318470521184,3.97835989046527,16,5,1,0.6,131
2.25218340716674,2.21495188060248,2.22031405917676,2.18870565732643,16,5,1,0.6,132
4.13183460336074,4.13791259113681,4.12757982114358,4.28922015145465,16,5,1,0.6,133
3.2759073953909,3.26592435395667,3.28360245647819,3.06776382332281,16,5,1,0.6,134
4.1965724372227,4.19369364389644,4.19780478405204,3.9948669724564,16,5,1,0.6,135
4.7627485559523,4.76250980081296,4.76050442519873,4.79852523094176,16,5,1,0.6,136
1.33882563018329,1.33110422917432,1.3379065990167,1.28471190765318,16,5,1,0.6,137
1.86139912326665,1.85627388366286,1.84889294733438,1.99831132913866,16,5,1,0.6,138
3.35842980527693,3.35665665258741,3.35849118634585,3.22634665484169,16,5,1,0.6,139
4.1970570233937,4.19455272037401,4.19505622067215,4.50975649885151,16,5,1,0.6,140
3.98464659592347,3.98342271380092,4.01177106034921,4.14760860946439,16,5,1,0.6,141
1.13396469497083,1.14381106711073,1.14257551331972,1.45594061763209,16,5,1,0.6,142
5.23109921604311,5.23109478977929,5.23181583199731,4.94395013870995,16,5,1,0.6,143
2.20764206916729,2.2086930788488,2.20550209566184,2.13214412544,16,5,1,0.6,144
5.1397292807724,5.13948148933741,5.1379967969584,4.96785190099712,16,5,1,0.6,145
2.99055983933853,2.99004442984506,2.9903345310175,3.02117602867304,16,5,1,0.6,146
2.525791267255,2.54788437146226,2.53946218607098,2.85002437065613,16,5,1,0.6,147
2.29330460553142,2.30146914490261,2.29426452467949,2.07302145953456,16,5,1,0.6,148
4.4594276681164,4.45830290858921,4.46527571934854,4.64463202867359,16,5,1,0.6,149
1.46009609054518,1.45438032693421,1.45947710574,1.43444519060813,16,5,1,0.6,150
4.99660745764907,4.99671733552475,4.99534492039128,4.85391885244492,16,5,1,0.6,151
2.18918492167752,2.18523551025672,2.1826643811743,1.94417144106021,16,5,1,0.6,152
2.9753820936972,2.97138726757123,2.97275084581008,3.46449754669525,16,5,1,0.6,153
2.68087702657715,2.67934870114558,2.68518238369209,2.97501370906642,16,5,1,0.6,154
2.68706001860786,2.69588666159973,2.68393196413241,3.09478769530586,16,5,1,0.6,155
4.92483866273137,4.92508648569993,4.93011281148469,4.94723554242448,16,5,1,0.6,156
2.85082152128245,2.85894548924516,2.84917342755938,2.85109587419727,16,5,1,0.6,157
3.77823658495344,3.77645467971617,3.77066003524131,3.40795615218476,16,5,1,0.6,158
1.58073908353282,1.57885755513076,1.5919904427403,1.69079184295402,16,5,1,0.6,159
1.67595078702877,1.66996239808733,1.67525138676465,1.45960899765624,16,5,1,0.6,160
3.02043984178468,3.02940263917196,3.01995858402181,2.97784907928166,16,5,1,0.6,161
3.44788443437473,3.44615739810879,3.44789729098088,3.43380754646526,16,5,1,0.6,162
2.28603139030015,2.28503059185721,2.28293986645301,2.23525235525259,16,5,1,0.6,163
3.04727811765672,3.04838823231875,3.05290633722719,2.84313009585426,16,5,1,0.6,164
2.09316818951136,2.0894644155996,2.10327212013169,2.70564275776942,16,5,1,0.6,165
3.08834082830846,3.07532490403352,3.08555957018117,3.06517913428267,16,5,1,0.6,166
4.63558306695348,4.63619074498667,4.62957642597902,4.73306515200754,16,5,1,0.6,167
3.75306584623456,3.75298782243653,3.76462797082012,3.74535327723639,16,5,1,0.6,168
5.20762827626131,5.20754661346263,5.21165075420559,4.95707986120809,16,5,1,0.6,169
4.8969883871666,4.89793706935577,4.8974947716381,4.13498776202819,16,5,1,0.6,170
3.1176326514662,3.12593050819292,3.10209981103203,2.95968777845501,16,5,1,0.6,171
2.48363256041623,2.46975553791382,2.49292280256749,2.40001387713516,16,5,1,0.6,172
1.42943000152846,1.43992985712522,1.42797525212833,1.47728541529721,16,5,1,0.6,173
1.71339614608242,1.72036552601393,1.71846051212396,2.23286667382237,16,5,1,0.6,174
1.97906240179544,1.97860157944114,1.99402617155926,1.74375635516885,16,5,1,0.6,175
2.54641630084473,2.55855216729203,2.55484234077752,2.7520783303017,16,5,1,0.6,176
1.84032153499764,1.83454383399689,1.83353388032376,1.67131195959325,16,5,1,0.6,177
1.88390798303749,1.8811811841818,1.88632014221149,1.99563140354595,16,5,1,0.6,178
2.38245021053744,2.38108940850378,2.38063817201587,2.54956239222534,16,5,1,0.6,179
1.77830944346887,1.77251281394329,1.78571737559013,1.688227788106,16,5,1,0.6,180
1.87677051263649,1.90250199733166,1.93622971309287,2.9830881113981,16,5,1,0.6,181
4.42625337284379,4.42662743083254,4.42740058918116,4.58338320403829,16,5,1,0.6,182
2.21582586618098,2.21356035537443,2.21555762558257,2.15142184755631,16,5,1,0.6,183
2.13725847524694,2.13495438566961,2.13425007595389,2.41215459840761,16,5,1,0.6,184
4.76133634965252,4.76150433147757,4.74695870524053,4.75619420790735,16,5,1,0.6,185
3.38219021317681,3.38182594917385,3.3791807798488,3.87313129093858,16,5,1,0.6,186
3.11634271114545,3.1165392897434,3.08727578327206,3.37088390290001,16,5,1,0.6,187
4.3126004979837,4.31255456415155,4.31520352512583,4.98896404831692,16,5,1,0.6,188
4.11017224530498,4.10899616871569,4.10695716103314,4.31720498153635,16,5,1,0.6,189
4.11880804735097,4.11967484270894,4.119447912216,4.06566085447014,16,5,1,0.6,190
3.71087092967995,3.71131569799705,3.70986906283304,3.76073681418375,16,5,1,0.6,191
2.75900027667417,2.76666838879925,2.75773838497415,3.02000969651699,16,5,1,0.6,192
1.42902297990709,1.43246089825416,1.43030790209749,1.40725583381775,16,5,1,0.6,193
1.735542875778,1.73491036484144,1.736210116668,2.02508158164255,16,5,1,0.6,194
3.01282915727573,3.00864451826734,3.00711690355803,3.14202204124285,16,5,1,0.6,195
3.97033182424161,3.96838197234955,3.97849993776882,4.39977227959844,16,5,1,0.6,196
2.09231001340189,2.09538028608274,2.09843498037601,2.46799445245812,16,5,1,0.6,197
4.81227433170906,4.81511846947934,4.80954262057376,4.56736490299896,16,5,1,0.6,198
3.61733492246545,3.61869731825782,3.61147282546046,3.27569480602576,16,5,1,0.6,199
2.89736257598188,2.89143459895657,2.89495837821109,3.04881069079012,16,5,1,0.6,200
1.69039977816128,1.69099291865021,1.69405272026659,1.62577857134551,17,10,1,0.3,1
2.33472320522487,2.33621824233474,2.32171487706572,2.58116580125825,17,10,1,0.3,2
8.88849962179851,8.89059880396716,8.92176733612016,8.59035949011029,17,10,1,0.3,3
1.78322905575553,1.78552689518378,1.78266015031532,2.00660356621387,17,10,1,0.3,4
1.59834140291094,1.59502643112729,1.60514600515735,1.78828848046167,17,10,1,0.3,5
2.32847080343094,2.33442177857432,2.32883706703372,2.47376750247035,17,10,1,0.3,6
5.84617054025932,5.84573807556383,5.84722841976245,5.60278112281982,17,10,1,0.3,7
2.46434259759289,2.46605692024428,2.4628769745251,2.12098355296484,17,10,1,0.3,8
1.72073601611635,1.71859559602871,1.71932830743688,1.57560882521881,17,10,1,0.3,9
1.90746309489979,1.90159125952891,1.90906004376026,1.98028489651572,17,10,1,0.3,10
3.17672542090868,3.17245643588933,3.17560259333624,2.86288141563938,17,10,1,0.3,11
2.95618399586731,2.9521137627277,2.95901271088613,3.08415792731027,17,10,1,0.3,12
4.68122429239167,4.68351898461118,4.68138734646397,4.70696043281501,17,10,1,0.3,13
1.68099239511739,1.67587833407871,1.68004421417485,1.68763901852245,17,10,1,0.3,14
2.7758143562032,2.77455878143688,2.77617736762837,2.52108746595741,17,10,1,0.3,15
6.95875110207157,6.95767832555268,6.95793946678369,6.39727796697902,17,10,1,0.3,16
4.59615350669855,4.59482787685364,4.59656611491416,4.48073043286014,17,10,1,0.3,17
1.48969418006429,1.48762269176956,1.4988001423496,1.73269829891664,17,10,1,0.3,18
2.459268968018,2.44675261800447,2.45558581772074,2.40189679353642,17,10,1,0.3,19
5.80570659147814,5.81491845587656,5.80114669127231,5.50082047405252,17,10,1,0.3,20
2.50168193524874,2.50218107434353,2.50919336201714,2.61147200865662,17,10,1,0.3,21
6.45067494173192,6.45531979561199,6.45169254060964,6.6936411399357,17,10,1,0.3,22
3.53506679539545,3.53521419221399,3.53728657171752,3.60081441082972,17,10,1,0.3,23
2.11023973007792,2.10038503119043,2.1091886012188,1.93889423798049,17,10,1,0.3,24
4.95980657131601,4.96034202377287,4.97282542848145,4.7715415713925,17,10,1,0.3,25
4.14242495146433,4.14725573458843,4.14265289948625,4.03601526002284,17,10,1,0.3,26
2.11266631583197,2.08977200172118,2.11311447036212,2.28268404889204,17,10,1,0.3,27
3.8473120968894,3.8499862278274,3.85366695954301,3.91922106028573,17,10,1,0.3,28
2.50698748354201,2.50317885202586,2.51185299390994,2.63520219231314,17,10,1,0.3,29
4.11023691876176,4.11400640655858,4.10867416010618,4.37661028001863,17,10,1,0.3,30
3.32732104090079,3.33319259134885,3.31973164979856,3.46970033738395,17,10,1,0.3,31
7.13743659096186,7.13538594158652,7.13475358232532,7.42574946955001,17,10,1,0.3,32
5.20845524462939,5.19516708964399,5.23357592108347,5.19322491701261,17,10,1,0.3,33
7.7859398012999,7.7863601701127,7.78259369602646,7.74878277711471,17,10,1,0.3,34
2.5335108256146,2.53515826570266,2.5316742181483,3.02912054289041,17,10,1,0.3,35
6.78169070583853,6.78039572193026,6.78710453268891,6.81846426985155,17,10,1,0.3,36
4.17427105351063,4.16976269140956,4.17762101870105,4.28717784893146,17,10,1,0.3,37
2.58601206163873,2.57596068582067,2.58911617539206,2.5611971555071,17,10,1,0.3,38
2.41713081729475,2.41134986825032,2.42195051157635,2.70006114685954,17,10,1,0.3,39
1.8946505586119,1.89493072943068,1.89356643946574,1.89185691466529,17,10,1,0.3,40
2.95054666565838,2.96787522491169,2.95210119155756,3.07467906794745,17,10,1,0.3,41
1.7170436425326,1.71710404112779,1.71738072393205,1.81238865002614,17,10,1,0.3,42
1.40123820066617,1.40341507605048,1.40127773934853,1.33932487239045,17,10,1,0.3,43
4.35482082118347,4.35516132047043,4.35230355699036,4.31308475730538,17,10,1,0.3,44
5.39295224853702,5.3735385804335,5.35036907218064,4.81601271751966,17,10,1,0.3,45
3.6939645067575,3.68849659396808,3.69841420123481,3.72172840144473,17,10,1,0.3,46
3.90529371724841,3.89672744208944,3.89956724471901,3.76133888828963,17,10,1,0.3,47
1.80340396130478,1.80625715271032,1.8025457901692,1.65273171672835,17,10,1,0.3,48
3.89820161986449,3.90271672786502,3.89632460540507,3.81387159450123,17,10,1,0.3,49
2.0589583743582,2.05618965755555,2.05267728989919,2.21964514146659,17,10,1,0.3,50
2.1170348796559,2.11063218547469,2.11261949065046,1.95279087368971,17,10,1,0.3,51
5.90530420948659,5.90215168329877,5.91075631877043,5.85746371245646,17,10,1,0.3,52
4.54890137878165,4.55158436920256,4.55343324203647,4.50940174403977,17,10,1,0.3,53
5.09429082036426,5.08765991592051,5.10532615389456,5.02213978071828,17,10,1,0.3,54
5.15097328630702,5.13754640735003,5.15279576678818,5.32099776683051,17,10,1,0.3,55
3.7730606923544,3.77455976279196,3.77312963910846,3.70591842492651,17,10,1,0.3,56
1.67075046332873,1.66847587801921,1.67166312706588,1.44012952287472,17,10,1,0.3,57
1.58513111120133,1.59347322362191,1.58553078276299,1.40551158907954,17,10,1,0.3,58
3.77953702926638,3.77294285121224,3.78504986689704,3.91161091394792,17,10,1,0.3,59
9.62310107107572,9.62309073998851,9.61325612495169,9.44286730032602,17,10,1,0.3,60
1.83861264121315,1.83558706891444,1.85066777667943,2.3469949326352,17,10,1,0.3,61
3.46068861133117,3.46069510924467,3.46128367903603,3.54401797530177,17,10,1,0.3,62
2.39593322487694,2.3764581662462,2.38421999076586,2.3734020689111,17,10,1,0.3,63
1.86623764283311,1.8722034811109,1.86864603428397,1.91035103584883,17,10,1,0.3,64
2.22893080865948,2.22206945276715,2.23114438984205,2.03509046429991,17,10,1,0.3,65
3.93675184673133,3.93968703803214,3.93389463097556,3.79644562511632,17,10,1,0.3,66
1.98300043548806,1.98375245115133,1.98245450449749,2.08603487696791,17,10,1,0.3,67
2.13266415736056,2.1176777866882,2.13991557305493,1.98559429266431,17,10,1,0.3,68
2.68949752216449,2.67878996306309,2.68907432283042,2.82805368749178,17,10,1,0.3,69
1.54556574182652,1.528190152212,1.54632736993098,1.61878093174133,17,10,1,0.3,70
2.11782578456953,2.12601046459367,2.12132665074198,1.92544562078444,17,10,1,0.3,71
7.26118503310283,7.26143516706762,7.26913800281026,6.6389028599419,17,10,1,0.3,72
1.83288617605421,1.84467321821491,1.8318524325049,1.77154758586936,17,10,1,0.3,73
2.97802122511442,2.97598595743932,2.97784609733309,3.07010318911772,17,10,1,0.3,74
1.69594758028184,1.69094678518543,1.69544631689445,2.05653454257253,17,10,1,0.3,75
2.9043815743204,2.8961205609,2.90695368228457,2.51294094794271,17,10,1,0.3,76
1.62843930420598,1.61900932347292,1.63145488481177,2.10549558060912,17,10,1,0.3,77
2.01522372848361,2.01143718679685,2.01753545392508,2.23654240682516,17,10,1,0.3,78
5.31813555337095,5.31062401232823,5.31605342101003,5.01142817986283,17,10,1,0.3,79
2.23399252205341,2.24609815362473,2.2401299631946,2.29690089658007,17,10,1,0.3,80
1.38421763860269,1.39300803969828,1.38342512065924,1.63034224030515,17,10,1,0.3,81
3.31744289589267,3.32744853347128,3.31722283356948,3.4178843573118,17,10,1,0.3,82
1.40461566853262,1.39719680647658,1.40955069459882,1.42185684590619,17,10,1,0.3,83
1.93529585802245,1.93289484402676,1.92690057919062,2.04091795525724,17,10,1,0.3,84
1.6145629939139,1.60456629844649,1.61753519121652,1.79667760393611,17,10,1,0.3,85
4.50945762035795,4.52019481784415,4.50076832432173,4.67163663000449,17,10,1,0.3,86
2.09600994758598,2.08917768908542,2.09404973527174,2.20100830948326,17,10,1,0.3,87
2.89262370419387,2.89607041100756,2.88935721417679,3.16152505955839,17,10,1,0.3,88
3.07997039479813,3.08626315944493,3.07596187964039,2.90680292816512,17,10,1,0.3,89
3.5915787244946,3.60147407958245,3.58942520094228,3.6931562167824,17,10,1,0.3,90
2.1417909929783,2.13721595379596,2.15088778777986,2.24341033598714,17,10,1,0.3,91
2.49745138687734,2.52899560222125,2.4940322624751,2.94376658602684,17,10,1,0.3,92
1.5073815542477,1.50657677395841,1.50741288337725,1.81663360952317,17,10,1,0.3,93
2.46376446342961,2.46883199841448,2.46525655400638,2.48691617845201,17,10,1,0.3,94
1.79367128614477,1.79782838752929,1.79136831420531,1.72644406746329,17,10,1,0.3,95
3.15593059944402,3.15975221326166,3.15841828038752,3.07537377907308,17,10,1,0.3,96
3.43987194892121,3.44902619893182,3.44861512097089,3.75790316281627,17,10,1,0.3,97
2.50792446665972,2.50181740737283,2.50805343531795,2.71639194142336,17,10,1,0.3,98
1.80254404950093,1.80421610784319,1.81375702327552,1.87608931090157,17,10,1,0.3,99
4.79073542364799,4.77583014214564,4.7935158310967,4.57411370341992,17,10,1,0.3,100
4.97603749616993,4.98182900819075,4.98946233464146,4.79551495301809,17,10,1,0.3,101
4.47499421553307,4.47919055018666,4.47199613014648,4.32483221514936,17,10,1,0.3,102
2.88177500383381,2.88108441941559,2.88239127150879,3.11210510133796,17,10,1,0.3,103
2.78397122840096,2.78668416246731,2.78446937724292,2.68717386737681,17,10,1,0.3,104
2.26119212023953,2.26077492090067,2.26140685613109,2.32356278469434,17,10,1,0.3,105
2.27087454148164,2.27306833410151,2.27113836332247,2.5369882087898,17,10,1,0.3,106
3.27897712445061,3.27969488676697,3.28808347621451,3.12457038086819,17,10,1,0.3,107
2.17601886208394,2.18014811332691,2.1739779411282,2.03441137324796,17,10,1,0.3,108
3.75381208391255,3.75715889162698,3.75709445582781,3.68664965717253,17,10,1,0.3,109
6.23048208001513,6.23069975964664,6.22690606948784,6.36933038457082,17,10,1,0.3,110
5.08279700965277,5.08091178595505,5.08000814808586,4.9173035134763,17,10,1,0.3,111
5.49654542452728,5.49560643054241,5.49041757441799,5.28261054412823,17,10,1,0.3,112
2.28683078152091,2.27716505018745,2.30554236696883,2.08806198475498,17,10,1,0.3,113
6.6101874987537,6.61042379702118,6.61072285411575,6.05506183350239,17,10,1,0.3,114
2.83757906374009,2.83558092555284,2.83542458964931,2.91067606026987,17,10,1,0.3,115
1.35870528663516,1.35981782149743,1.3580543069402,1.53378886787752,17,10,1,0.3,116
1.8719490607401,1.86957526210543,1.87539232067267,2.12721995137202,17,10,1,0.3,117
5.81597213576456,5.81785604586614,5.81736514510951,6.19225296032718,17,10,1,0.3,118
2.34515797968076,2.35411466312055,2.34421434185136,2.52678412709922,17,10,1,0.3,119
2.9709305505954,2.98193009323478,2.96925976560393,3.10669165668206,17,10,1,0.3,120
2.00041535817948,2.0002681313603,2.0007035780002,2.08747269800527,17,10,1,0.3,121
2.20326296649627,2.19817324965388,2.20292081626261,1.92350260138332,17,10,1,0.3,122
1.49820856519894,1.47900535826543,1.49600970310341,1.31747463402668,17,10,1,0.3,123
4.34532012840504,4.34346693312247,4.34681593251686,4.39331310456968,17,10,1,0.3,124
1.38403853182381,1.38080181873563,1.38372396253438,1.54391717824698,17,10,1,0.3,125
1.76172014383918,1.75031138082614,1.76293457226493,1.87283393707181,17,10,1,0.3,126
2.36865840055638,2.36323327092225,2.37109381419127,2.2160626496545,17,10,1,0.3,127
2.83769029235527,2.8406185329182,2.83364266004469,3.19909290444213,17,10,1,0.3,128
4.9861245367279,4.98586154463701,4.98839975199432,5.45257539414046,17,10,1,0.3,129
3.22638715412057,3.23472985174688,3.22427661640868,3.79295139904024,17,10,1,0.3,130
2.51492515096616,2.5105009117505,2.51402289487561,2.84238867533163,17,10,1,0.3,131
4.81342929182322,4.81852744367134,4.83990662486397,4.81130412025391,17,10,1,0.3,132
4.63787533777435,4.631489164253,4.64902245647073,4.52393493070016,17,10,1,0.3,133
3.6698032066069,3.66844255539955,3.67151654159176,3.41353417606583,17,10,1,0.3,134
2.22265663312873,2.22620104874054,2.22427190679227,2.12259913846978,17,10,1,0.3,135
2.37962892180729,2.37635451069567,2.37391736837172,2.36214875546328,17,10,1,0.3,136
2.54092173255989,2.54431931690196,2.54109694804941,2.52275179613266,17,10,1,0.3,137
2.13650343722239,2.13732763845969,2.13883276343312,2.39093510035766,17,10,1,0.3,138
7.66799081051068,7.66685083658613,7.6666700939153,8.17677592195132,17,10,1,0.3,139
1.49238100499119,1.48282980905125,1.49050688985129,1.475716512342,17,10,1,0.3,140
1.46361594571954,1.45881339449189,1.46448573223312,1.43080934360093,17,10,1,0.3,141
1.6585214139209,1.65331338434837,1.65989759290438,1.66921940542868,17,10,1,0.3,142
3.70808499943667,3.70335402707716,3.71163129000954,3.41162785670411,17,10,1,0.3,143
2.67600229459218,2.66627663941307,2.67324266975254,2.65681555542753,17,10,1,0.3,144
4.41472350852588,4.4173522786343,4.41653065662689,4.33605356592482,17,10,1,0.3,145
5.51218333710019,5.52918940570838,5.48874007409104,5.22356889078311,17,10,1,0.3,146
1.8175805065361,1.81456824835519,1.83091974582723,1.94885480373266,17,10,1,0.3,147
1.47811891711367,1.46651999658128,1.48098728010561,1.68161289666222,17,10,1,0.3,148
4.52527601830744,4.53680981436115,4.51897866278117,4.22663890704152,17,10,1,0.3,149
1.58110777926301,1.59964272483172,1.58455820801497,1.78466185407855,17,10,1,0.3,150
4.94741035157976,4.95299423322973,4.96513939822574,4.92832100732284,17,10,1,0.3,151
2.61059636731073,2.60549406297741,2.61174862164722,2.50852642135301,17,10,1,0.3,152
1.81064863632382,1.80129988492776,1.80662617388741,1.74225115563876,17,10,1,0.3,153
1.9093478296527,1.90995663277412,1.91912537118143,2.10391376958185,17,10,1,0.3,154
2.74304671924022,2.73686656864104,2.7416134283344,2.51530403164203,17,10,1,0.3,155
1.1602703164197,1.16919442262245,1.16326041807832,1.5158989190177,17,10,1,0.3,156
5.71140325550952,5.70976756495151,5.71669796060848,5.83715161576058,17,10,1,0.3,157
2.36044691227534,2.34770118745839,2.36113680401186,2.14494159739933,17,10,1,0.3,158
3.68272633145806,3.67870178225701,3.67973986063421,3.65014050010362,17,10,1,0.3,159
2.24610202996281,2.24911894391428,2.24614967109843,2.26405695695252,17,10,1,0.3,160
2.16055922384208,2.1727969269326,2.16422669610125,2.29479459650094,17,10,1,0.3,161
3.56515493826482,3.56637042982972,3.57011288257152,3.45978523421926,17,10,1,0.3,162
3.23768524768818,3.2356405889117,3.23642085947711,3.19316221697344,17,10,1,0.3,163
2.2266560450015,2.23824857779086,2.22949683066552,2.14100909573667,17,10,1,0.3,164
0.872392421805239,0.868110359698094,0.873431585190163,1.23074343795236,17,10,1,0.3,165
3.32133616824133,3.3157811113005,3.32399460921816,3.20869521070705,17,10,1,0.3,166
1.7240126847452,1.72209789950417,1.72596015134222,1.82364054977704,17,10,1,0.3,167
2.49860117874585,2.49554538991705,2.5036217449895,2.36990852816714,17,10,1,0.3,168
3.96966122512498,3.96942798089809,3.96622313964939,4.1659994178287,17,10,1,0.3,169
2.18148670016865,2.18506054180802,2.17810541039006,2.26733136614655,17,10,1,0.3,170
1.88361528517526,1.87521946916726,1.88331380412418,1.8098350534247,17,10,1,0.3,171
1.64135803961456,1.64196838545653,1.64225992050294,1.82682218145305,17,10,1,0.3,172
1.9632469076619,1.95691955584858,1.96485880744382,1.99023062343337,17,10,1,0.3,173
1.54568686421035,1.54438774427631,1.54823190355001,1.52887848274252,17,10,1,0.3,174
3.15123027098989,3.14264389278298,3.1425199884377,3.16401586298701,17,10,1,0.3,175
3.63229949433447,3.63710683935402,3.63276748019425,3.89758134751427,17,10,1,0.3,176
2.73546606424027,2.7338546037854,2.73085877750007,2.95285800493365,17,10,1,0.3,177
2.96495717487189,2.96887032761422,2.95979174548841,2.81246457425838,17,10,1,0.3,178
3.58368236626,3.58953964223544,3.58192575647641,3.38808570246955,17,10,1,0.3,179
2.86173831229139,2.86766046611971,2.85931948131909,2.76711563672879,17,10,1,0.3,180
2.43640790943764,2.44185375526409,2.43757844724346,2.34922924906899,17,10,1,0.3,181
1.48326803316976,1.47955077712904,1.48568624169392,1.57272211817383,17,10,1,0.3,182
5.49361277904859,5.47500024248467,5.50153001745451,5.05223047730759,17,10,1,0.3,183
3.70680515417651,3.71256307040401,3.71250414724668,3.69098308170658,17,10,1,0.3,184
2.49777106022581,2.50544340695521,2.49585395554262,2.55076281146019,17,10,1,0.3,185
3.35518562663973,3.36771106843209,3.36168009335729,3.50548502427927,17,10,1,0.3,186
7.44540410477836,7.44526260793457,7.44265500997484,7.41161792449135,17,10,1,0.3,187
1.5167050872731,1.51454986695164,1.5142349892696,1.69687976447988,17,10,1,0.3,188
1.40478758644434,1.42596461817579,1.40477008219753,1.68307281481655,17,10,1,0.3,189
2.8519532642324,2.85429446902222,2.85230058875618,2.75954966738958,17,10,1,0.3,190
2.40315541789551,2.39713819844482,2.40413256827569,2.42494587210673,17,10,1,0.3,191
2.51530374969173,2.5217534689301,2.51297575494136,2.54727399063504,17,10,1,0.3,192
4.13656078606063,4.14399353985723,4.13993940864493,3.97585060266529,17,10,1,0.3,193
5.71547785615097,5.71189525102715,5.71376540418377,5.78689685783811,17,10,1,0.3,194
2.95938850670652,2.95387428658397,2.9569146434624,2.95603915944544,17,10,1,0.3,195
7.52805642475741,7.52907689775671,7.53257016850513,7.68576039617046,17,10,1,0.3,196
1.63757019348453,1.64928902611352,1.64757594624955,1.79715333842897,17,10,1,0.3,197
4.82762271523286,4.82974046317291,4.82201873797515,4.87192844866773,17,10,1,0.3,198
3.20104230138335,3.20185331930236,3.20767681837395,3.21919446325446,17,10,1,0.3,199
1.27883204802506,1.28815198800587,1.27983053184232,1.31621606362731,17,10,1,0.3,200
1.89650898707428,1.88743313842317,1.89805310597623,1.9632719196257,18,20,1,0.15,1
2.18480291950077,2.18311947087095,2.1884926475627,2.1695224730502,18,20,1,0.15,2
1.8267765706048,1.82612843615633,1.82232519589009,1.69224382095457,18,20,1,0.15,3
3.46920912470039,3.46602481220011,3.47270047769356,3.37606263489352,18,20,1,0.15,4
2.46552908025366,2.45474443609133,2.47138827604298,2.24402035580718,18,20,1,0.15,5
2.02553771247503,2.02304644660705,2.02815421801063,2.03461142072788,18,20,1,0.15,6
1.84037721682423,1.82961440072317,1.843283712336,1.77673685471704,18,20,1,0.15,7
1.42788431922568,1.42684635600211,1.42853233776398,1.62994820306047,18,20,1,0.15,8
2.7181366258878,2.70233488163226,2.70884825676434,2.45108274672788,18,20,1,0.15,9
1.90574529501941,1.90034649992405,1.90747571696091,2.0220071076821,18,20,1,0.15,10
3.10344083651057,3.09391689888453,3.10471761962429,3.31619846018256,18,20,1,0.15,11
2.30159242422193,2.28799379387793,2.30584268776259,2.30964810861612,18,20,1,0.15,12
2.04509257248639,2.04380703751542,2.04537662414829,1.97852016170792,18,20,1,0.15,13
3.17591085135308,3.18419800990334,3.17511958515384,3.09374705193776,18,20,1,0.15,14
2.02694588284394,2.0234605171252,2.02429643919961,2.05497639649393,18,20,1,0.15,15
2.43462181622892,2.42847247828869,2.43681224633558,2.35044384629359,18,20,1,0.15,16
3.48307889196585,3.48494073183973,3.4830661223121,3.28711092994182,18,20,1,0.15,17
3.40884681427994,3.41492660767294,3.40574181454063,3.27443847438904,18,20,1,0.15,18
2.1753418837726,2.16702564490024,2.17094063783667,2.02662398457285,18,20,1,0.15,19
2.03155123323462,2.02939670147183,2.03190317648992,2.03779124652522,18,20,1,0.15,20
3.4363389840704,3.43368053162832,3.43861133443859,3.34912231286129,18,20,1,0.15,21
2.73323273091715,2.72816098530076,2.73325374966954,2.68689863564574,18,20,1,0.15,22
2.3085450027075,2.29520008269234,2.30859914051166,2.56480271673003,18,20,1,0.15,23
7.26669410910856,7.2463260313207,7.28953647304866,6.99191355049956,18,20,1,0.15,24
1.7250021533993,1.7227254790165,1.72272561713112,1.70458197240595,18,20,1,0.15,25
3.79568170863447,3.79014627188051,3.8085264445585,3.92926610327557,18,20,1,0.15,26
4.66329305570747,4.65928834933004,4.66100627036291,4.88507426908552,18,20,1,0.15,27
3.01215140786058,3.01674398376699,3.01237283153094,2.86365368064789,18,20,1,0.15,28
2.11327663765817,2.11906120331333,2.1307373333811,2.12006238971678,18,20,1,0.15,29
7.2203578912538,7.21938092874875,7.21750167434921,7.30259429231446,18,20,1,0.15,30
6.09559286819351,6.09546025030929,6.09183508128933,6.29281642252291,18,20,1,0.15,31
2.3723658137783,2.36012496881835,2.37427075685004,2.383779225337,18,20,1,0.15,32
1.97882221178485,1.96758238433066,1.97943203602983,1.99233853427406,18,20,1,0.15,33
3.11699021864377,3.12395605706533,3.11601697295281,3.11528087041638,18,20,1,0.15,34
3.69960258057804,3.69683954278528,3.6989660369693,3.77806862360027,18,20,1,0.15,35
1.90112139687389,1.90149410617282,1.90131789426534,1.89606032752004,18,20,1,0.15,36
2.22608300411793,2.21096845325094,2.22733890286176,2.17551200796907,18,20,1,0.15,37
3.62620423150797,3.61936120148615,3.62356907075412,3.64853560910976,18,20,1,0.15,38
2.79716470167147,2.79786731120577,2.79990105110473,2.63357901695959,18,20,1,0.15,39
2.42986864323101,2.42578976939508,2.43034076616634,2.5044548174576,18,20,1,0.15,40
1.7935783218855,1.80467238622255,1.79464730399962,1.76144543874384,18,20,1,0.15,41
5.94965505852079,5.95274608118517,5.9534491692472,5.73795309944507,18,20,1,0.15,42
2.39854168859223,2.39196159974999,2.39686679993546,2.54965306561775,18,20,1,0.15,43
2.46001487479998,2.46220781933717,2.46419364349649,2.54199862632754,18,20,1,0.15,44
1.7719094196459,1.75930757226584,1.76581562025476,1.76151767988738,18,20,1,0.15,45
2.69323132589678,2.69979513782722,2.69547577279215,2.68607026895917,18,20,1,0.15,46
2.58359404791472,2.57224550608019,2.58224268589796,2.60988014190883,18,20,1,0.15,47
2.27785116391766,2.27283035670724,2.27530661786705,2.21173882338287,18,20,1,0.15,48
9.90838352148723,9.89535334447821,9.91694453633124,10.0081022996831,18,20,1,0.15,49
3.0318437823933,3.04244046291593,3.0294540368984,2.76359175673953,18,20,1,0.15,50
2.3435361333227,2.34454719000852,2.34611555006633,2.60117611425733,18,20,1,0.15,51
2.07878500852347,2.08400377866949,2.07677835490388,2.12050289556852,18,20,1,0.15,52
1.82599659747637,1.81275362865518,1.82245012351624,1.9802133605208,18,20,1,0.15,53
3.13961172213833,3.14507952961944,3.15233814918765,2.99223911647104,18,20,1,0.15,54
2.02101391208121,2.01283967149198,2.00145752111597,2.0373214732922,18,20,1,0.15,55
2.27232818193355,2.27634702101259,2.27343181569993,2.34785753029623,18,20,1,0.15,56
2.13308402418688,2.13477849275477,2.13178272229313,2.28147845373747,18,20,1,0.15,57
2.2191561980784,2.22331670264852,2.21933724295025,2.24760061659569,18,20,1,0.15,58
2.70551195963803,2.70842673595179,2.71128546922637,2.83093825806087,18,20,1,0.15,59
2.59778151765049,2.59461179019092,2.59690747107993,2.36084419898735,18,20,1,0.15,60
2.40985238502615,2.40230518835431,2.41108741006967,2.41829682959727,18,20,1,0.15,61
2.0692466253914,2.06860431429183,2.06813987725186,2.17130015344095,18,20,1,0.15,62
3.91068018362302,3.90811245211314,3.90492838858111,3.85971879444103,18,20,1,0.15,63
2.6014515245334,2.60166931604957,2.60487445115971,2.42916911526358,18,20,1,0.15,64
3.16706712525453,3.16502930176544,3.16841615445608,3.07540343544673,18,20,1,0.15,65
2.59606815601888,2.59516047371088,2.59555560617799,2.61294668966772,18,20,1,0.15,66
1.812917326965,1.82599655754571,1.81173666535995,1.82343002576479,18,20,1,0.15,67
2.14224423654085,2.15395704020717,2.14442392668513,2.07811140996364,18,20,1,0.15,68
1.62315582128969,1.6209390595458,1.62390491907034,1.72869621967509,18,20,1,0.15,69
3.52295911322692,3.51415217046893,3.52362393597753,3.44600690177748,18,20,1,0.15,70
4.53723874321201,4.53626264621823,4.5389931624308,4.52131350951004,18,20,1,0.15,71
2.54623263998921,2.55072804766425,2.54521681773378,2.46240125032568,18,20,1,0.15,72
2.19072029807254,2.18827017956801,2.19425057830018,2.24258267629321,18,20,1,0.15,73
5.96086912084467,5.95726410926913,5.96077238268511,5.99681587313537,18,20,1,0.15,74
3.15442917010117,3.14613840834297,3.14990072975393,3.13955470566352,18,20,1,0.15,75
3.42803929833653,3.43729860501543,3.44241221067518,3.24231723389616,18,20,1,0.15,76
2.17715127925101,2.18053843877354,2.18023117741687,2.22444858035452,18,20,1,0.15,77
2.34741925220819,2.35645692268233,2.34770791161997,2.26558172943582,18,20,1,0.15,78
2.25396174058743,2.26309624783788,2.25367702702862,2.04463240382754,18,20,1,0.15,79
3.16778623211224,3.16532652684738,3.1678241100096,3.1536493551124,18,20,1,0.15,80
4.0357686868813,4.03082296478161,4.03362324811372,4.16875306495298,18,20,1,0.15,81
2.57882763126859,2.57436021206094,2.57352216976762,2.49009271465616,18,20,1,0.15,82
1.60364721419487,1.59571831559957,1.60249285347131,1.67707536634458,18,20,1,0.15,83
1.9235910039646,1.9191713840033,1.9244026190529,2.00536416617676,18,20,1,0.15,84
2.41139285291479,2.41078962068657,2.41053820224962,2.24832042846241,18,20,1,0.15,85
2.73469981116678,2.73639254527612,2.73734181542032,2.63706031726711,18,20,1,0.15,86
2.9989332771994,2.99779348039843,3.00406849272138,2.89672828786381,18,20,1,0.15,87
6.02670872014767,6.02145440283198,6.02404650648047,5.763858027965,18,20,1,0.15,88
2.40542875774669,2.40854316073063,2.40767962722813,2.40616887381599,18,20,1,0.15,89
1.58111329143409,1.57860686774187,1.5794542770001,1.5856687148342,18,20,1,0.15,90
4.62002836303262,4.6203531882645,4.61477940350439,4.61900762928435,18,20,1,0.15,91
1.86792007991839,1.86687520189072,1.86949694445252,1.84687925382382,18,20,1,0.15,92
1.81940481111754,1.8197730518443,1.81995523852418,1.97431326087218,18,20,1,0.15,93
3.2727082556953,3.26857288271286,3.27964810145175,3.30840078391798,18,20,1,0.15,94
4.28040160756256,4.28134872779749,4.28029733901808,4.38586150950202,18,20,1,0.15,95
1.98185472161168,1.9878122818476,1.98311970901295,1.87707859506353,18,20,1,0.15,96
1.96443320877411,1.96784048665881,1.9619212936682,2.03274914852068,18,20,1,0.15,97
3.78750948646801,3.78855388313165,3.78912163510243,3.83768571834779,18,20,1,0.15,98
3.44990697544563,3.44567369751086,3.44850006167342,3.40578495348434,18,20,1,0.15,99
1.6744829422692,1.68511434332232,1.67442523446157,1.77792292633944,18,20,1,0.15,100
1.56242301705587,1.56240483484841,1.56009710794105,1.51098778126277,18,20,1,0.15,101
2.65091509619755,2.64962133013379,2.65252527640738,2.73813673218457,18,20,1,0.15,102
3.80002672890789,3.7880362534293,3.8043618696502,3.87715565585873,18,20,1,0.15,103
2.76128724556291,2.76043870795003,2.76582669041548,2.62627693384264,18,20,1,0.15,104
2.94218049443295,2.96587835375745,2.94328736210402,2.72819219916417,18,20,1,0.15,105
3.24048923733177,3.26022849070399,3.23983691487724,3.10252917729305,18,20,1,0.15,106
1.93026388589599,1.91675479467446,1.92969984296729,1.99076892822229,18,20,1,0.15,107
3.29376032003718,3.28905901916025,3.29633880313185,3.259717965737,18,20,1,0.15,108
2.35424341691139,2.35110406126621,2.35704504651452,2.38234299182727,18,20,1,0.15,109
2.18077081072628,2.18792220803826,2.1823990566827,2.23437330639671,18,20,1,0.15,110
5.15574975385162,5.15377154962102,5.15538234341261,5.15502950739315,18,20,1,0.15,111
2.7338683467279,2.7432856016323,2.73141238972089,2.72427370665749,18,20,1,0.15,112
4.18735401014449,4.16341670501335,4.18875438278445,4.12932550400292,18,20,1,0.15,113
2.1084331893302,2.10494443245248,2.11000488119238,2.08256926716045,18,20,1,0.15,114
4.16951114224845,4.16484946725273,4.16629727985434,4.1357866188232,18,20,1,0.15,115
1.50507130822962,1.48959350783578,1.50881992369475,1.60748636993353,18,20,1,0.15,116
7.04273391549625,7.04878910584897,7.04272586326002,6.84965331941965,18,20,1,0.15,117
2.21800651849453,2.21669049868796,2.21546759326036,2.05571209114832,18,20,1,0.15,118
3.46446720536176,3.45985641809281,3.46452557390916,3.48284518149067,18,20,1,0.15,119
2.084115484098,2.0919566193346,2.08009195883311,1.79946205490898,18,20,1,0.15,120
5.87978132257052,5.89681013965852,5.87883241324216,5.64064260219606,18,20,1,0.15,121
1.92903988400398,1.9136218915571,1.92876972491009,1.8325268026819,18,20,1,0.15,122
1.70810053659922,1.73904328704407,1.71013322462366,1.59022981268476,18,20,1,0.15,123
2.0352754854447,2.02145526799355,2.03400626172816,1.81341782937224,18,20,1,0.15,124
5.98916479000653,6.00473075746871,5.98835853432822,5.79900187666037,18,20,1,0.15,125
2.33789552084114,2.32623745485703,2.33456336167928,2.36590536362288,18,20,1,0.15,126
2.43151659786159,2.4297108474038,2.43085137770635,2.42075115707447,18,20,1,0.15,127
2.90077881436644,2.89591614800967,2.90066961471289,2.81348584633956,18,20,1,0.15,128
3.67947630366011,3.69691332500622,3.68028967983181,3.89344702932864,18,20,1,0.15,129
2.57673455237556,2.57512981993665,2.57695845224968,2.45759760322979,18,20,1,0.15,130
2.05680514246158,2.04944742426495,2.05643300681021,2.23856475890907,18,20,1,0.15,131
2.5967289693302,2.59375195594497,2.59659194688795,2.62084504467291,18,20,1,0.15,132
2.02084250336826,2.01838089483189,2.02050518862402,1.89725815509457,18,20,1,0.15,133
5.23975167889277,5.23277348812378,5.25356410373115,5.38288355675159,18,20,1,0.15,134
1.95807609690962,1.96037371424825,1.95798992493044,2.11170245352795,18,20,1,0.15,135
2.00005931015649,2.00085655830789,1.99969316927286,1.8281151424645,18,20,1,0.15,136
1.9834915798418,1.98015046711226,1.98534141345298,1.89213168398956,18,20,1,0.15,137
2.76606977582742,2.76602917925258,2.76678166057853,2.84418696881708,18,20,1,0.15,138
1.46567344518704,1.46893149237551,1.46390676012463,1.62633697902311,18,20,1,0.15,139
1.86147557182969,1.86576407039504,1.8589072785515,2.11900789653804,18,20,1,0.15,140
3.06579215798719,3.06042271954232,3.06696834896409,3.04591374722238,18,20,1,0.15,141
4.70740786922085,4.70618814787022,4.70909928040198,4.45750695157989,18,20,1,0.15,142
9.36679565962427,9.36651291433872,9.36486193077437,9.27605674744086,18,20,1,0.15,143
3.16611280711538,3.15763097485425,3.16188636879894,3.14792715735508,18,20,1,0.15,144
1.94896396713226,1.95205348817207,1.94720568834966,2.17499939922975,18,20,1,0.15,145
2.26601869233294,2.27602219784869,2.26266673859684,2.21517410778627,18,20,1,0.15,146
5.15319747750716,5.13532319008544,5.15271380102095,5.43711619764304,18,20,1,0.15,147
2.13784135336342,2.13860158468709,2.14157410192428,2.04606269973079,18,20,1,0.15,148
1.92084108038713,1.92459222832333,1.92180799671335,1.81668849345194,18,20,1,0.15,149
3.46286927577878,3.45652522660795,3.46448766080638,3.36235881653721,18,20,1,0.15,150
5.29907220601492,5.30510837758227,5.29553821764298,5.21326644813049,18,20,1,0.15,151
2.01163386037191,2.00914654516575,2.01035379505669,2.19052176079611,18,20,1,0.15,152
2.84710287241327,2.83175532973651,2.85408666849302,2.70929510182082,18,20,1,0.15,153
2.09586829407857,2.11405251638801,2.0976715471031,2.28303566070529,18,20,1,0.15,154
1.70745941259288,1.70940452424244,1.70766473327935,1.78728908905023,18,20,1,0.15,155
3.03494475436415,3.01755430117195,3.04151645914848,2.98812158335582,18,20,1,0.15,156
2.41164036932612,2.43083128319592,2.4145158751278,2.40443047562207,18,20,1,0.15,157
2.6869570312266,2.68256661184872,2.68737913663021,2.52801887122754,18,20,1,0.15,158
2.21141247799748,2.21285957405763,2.21138756415524,2.29869502978661,18,20,1,0.15,159
1.79797101675217,1.80081715235746,1.79919695883138,1.71598631483128,18,20,1,0.15,160
3.52475058564831,3.52220927936518,3.53317238982046,3.39484006511195,18,20,1,0.15,161
1.88517513713383,1.89602656014635,1.88540534638801,1.96186637299755,18,20,1,0.15,162
2.42180282987701,2.41771825641609,2.42277287396341,2.48170422042826,18,20,1,0.15,163
2.44628288426124,2.44691425424043,2.44638005534498,2.37722399902368,18,20,1,0.15,164
4.02801234972435,4.03976136200966,4.02971171404121,4.12806947329086,18,20,1,0.15,165
2.72935763616631,2.72430898461394,2.72900502207824,2.65796016063524,18,20,1,0.15,166
2.37263844251974,2.37049622314984,2.3723700617611,2.48422528330717,18,20,1,0.15,167
2.32264811795588,2.3299668230219,2.32573276772796,2.54491340564053,18,20,1,0.15,168
4.96567089504146,4.95736108511816,4.96647647504655,4.84047242066978,18,20,1,0.15,169
1.72985294373547,1.70952466641678,1.73009008701779,1.59826240441612,18,20,1,0.15,170
2.26267836731289,2.26815937584202,2.26221795136176,2.25474590401242,18,20,1,0.15,171
1.69925070539145,1.69476630779128,1.70461808531918,1.6234669593449,18,20,1,0.15,172
2.75254697681996,2.73507866073491,2.75485032753973,2.62677599089649,18,20,1,0.15,173
3.41928103535132,3.40297026168561,3.42331695700943,3.1519171871626,18,20,1,0.15,174
2.57865949596901,2.58848072537248,2.57403919289675,2.54722010831339,18,20,1,0.15,175
3.58710980444002,3.59225786026368,3.58501171578807,3.52962145293475,18,20,1,0.15,176
4.47987387345262,4.46634154869672,4.46012761041975,4.38127302118644,18,20,1,0.15,177
4.25665041799161,4.24770104990586,4.25612927844861,4.20924747359058,18,20,1,0.15,178
1.83065779666415,1.82490669406408,1.83127246675422,1.99363699223866,18,20,1,0.15,179
1.91902105466073,1.92683944619983,1.91827705868045,2.04872279813578,18,20,1,0.15,180
6.12275429710455,6.10308847441875,6.11322385034604,6.34884913473921,18,20,1,0.15,181
2.68147777480189,2.68517642305316,2.68483077990243,2.82139942801426,18,20,1,0.15,182
1.52257362589544,1.53096189760535,1.5218750820205,1.67961513316253,18,20,1,0.15,183
2.09508296350982,2.08991506847127,2.09480497662588,2.20590745716732,18,20,1,0.15,184
3.26789365512924,3.29302035195457,3.2598023948759,3.18851432856974,18,20,1,0.15,185
3.03340827862524,3.04099662145143,3.02952499676774,3.02921288049671,18,20,1,0.15,186
2.5653386112263,2.56102126753337,2.56546677417489,2.79068110450344,18,20,1,0.15,187
5.67476513724084,5.67255961716449,5.67049803712525,5.8541931068241,18,20,1,0.15,188
5.21902588434108,5.19367694578833,5.22031365542146,5.3912556368565,18,20,1,0.15,189
4.21410482630226,4.21579106794834,4.212110275821,4.20684350228071,18,20,1,0.15,190
2.01565504362847,2.01994539354552,2.01018790161288,1.95187691694301,18,20,1,0.15,191
4.18329821595358,4.18924870154741,4.18362514484656,4.2399536395323,18,20,1,0.15,192
2.67111152502803,2.6731826318848,2.6707779201841,3.01202111677637,18,20,1,0.15,193
1.85072399430409,1.85198416789819,1.845458512373,1.71555242882536,18,20,1,0.15,194
2.85313325314144,2.85686081001339,2.85112978368009,2.82114302699211,18,20,1,0.15,195
1.3379142617327,1.33211708211048,1.3360629754315,1.51535205757668,18,20,1,0.15,196
1.81397773844971,1.82169779561457,1.80895372236681,1.73714681134062,18,20,1,0.15,197
2.43329880847784,2.44272821839505,2.43786230914383,2.11485737017812,18,20,1,0.15,198
2.8401360012106,2.82880348041826,2.83764460440947,3.07925624322012,18,20,1,0.15,199
2.02446551500424,2.0276801218762,2.02621143587068,1.8836821633693,18,20,1,0.15,200
